选项,指标,20260331,20251231,20250930,20250630,20250331,20241231,20240930,20240630,20240331,20231231,20230930,20230630,20230331,20221231,20220930,20220630,20220331,20211231,20210930,20210630,20210331,20201231,20200930,20200630,20200331,20191231,20190930,20190630,20190331,20181231,20180930,20180630,20180331,20171231,20170930,20170630,20170331,20161231,20160930,20160630,20160331,20151231,20150930,20150630,20150331,20141231,20140930,20140630,20140331,20131231,20130930,20130630,20130331,20121231,20120930,20120630,20120331,20111231,20110930,20110630,20110331,20101231,20100930,20100630,20100331,20091231,20090930,20090630,20090331,20081231,20071231
常用指标,归母净利润,85489667.75,285409060.42,234339385.28,150392321.57,89502578.69,294881740.83,227831866.18,143617967.89,83694808.6,268866553.16,201566445.48,125396883.85,75969470.17,227551171.01,179033861.01,104175098.26,73798630.36,253397358.39,213108756.47,124191691.17,66094589.18,216033544.3,161689811.03,94070699.75,41105118.74,172032390.12,130988791.82,91780227.53,50575418.81,103344154.91,61518848.5,40235438.62,22419931.27,62399567.82,38058318.11,25854374.95,15017016.32,51588889.99,32203237.22,24348322.91,14587449.33,16576339.6,21004280.35,17169027.13,10097550.26,53816510.82,40933799.05,29484394.87,12895373.17,65894561.23,46766707.14,31649697.07,11979615.65,65004509.05,44521888.79,29506512.17,8363885.07,50866660.84,36900646.12,23884533.91,6474598.35,44102730.21,32092864.47,20874582.35,5554141.81,41011235.14,28846545.96,16145625.65,4465773.59,33647772.37,31321407.43
常用指标,营业总收入,521167718.16,2129279041.23,1637530862.36,1068343601.77,577472364.87,2143223834.89,1633888376.52,1052299393.98,570566604.49,2133035602.25,1543309421.53,999492281.74,497091458.19,1955053960.31,1447467343.66,923059473.01,511362155.88,1909723752.5,1503382204.07,918896259.8,471944252.53,1585551655.22,1136111727.6,666712975.68,317327389.96,1348220649.74,1070897578.31,783734667.37,414127140.46,1087464010.13,870085852.29,507837335.0,247514357.24,755661421.21,519492385.36,320990798.61,153188756.2,600482796.93,428444323.99,291962846.83,136713185.88,427522273.61,280189023.27,200327355.12,104613002.8,465606404.42,336101594.82,225202979.26,107366230.09,511119180.9,352452563.59,229787724.61,94926326.2,445780050.13,314996619.26,206238198.6,75940186.14,377715528.25,254483640.22,161197478.21,60628641.14,301705549.37,214445795.84,137843186.6,48035519.23,286371728.93,203021259.9,134199686.74,47395624.74,288116595.17,214997062.85
常用指标,营业成本,408947507.95,1762953526.31,1360734305.01,897555067.06,464919844.62,1809973737.18,1383265715.04,897625519.38,471059941.42,1823308758.38,1317128042.92,858303895.65,409462061.75,1693436101.72,1232392641.5,806584699.83,427471249.74,1610611274.84,1247659660.33,783561571.54,401320441.92,1350693617.66,959189410.13,563897437.5,268215266.89,1162583225.09,933681210.95,685726505.38,352602485.68,990656908.35,792633881.51,469105538.31,224549894.09,701904286.77,484846642.16,294505352.1,136925657.14,550122830.49,397411483.84,266747194.2,120734520.16,415281315.93,262391006.66,185563576.03,95483206.97,410732486.74,295748350.87,195166512.28,93733924.11,438161966.5,301125879.22,194290992.94,81421064.91,371886497.25,264167324.48,173740199.16,66385809.02,321078377.76,215520946.48,136828744.07,55483218.63,252551035.74,179884237.01,116042592.85,43200610.24,240625753.0,171441315.78,117247071.24,43775677.35,253047086.18,184671074.33
常用指标,净利润,84841271.47,283578401.78,231045082.6,148300447.48,89006624.3,294182405.16,227380079.59,143308788.49,83694624.75,268866557.05,201560518.96,125396914.53,75969470.17,227551171.01,179033861.01,104175098.26,73798630.36,253397358.39,213108756.47,124191691.17,66094589.18,216033544.3,161689811.03,94070699.75,41105118.74,172032390.12,130988791.82,91780227.53,50575418.81,103344154.91,61518848.5,40235438.62,22419931.27,62399567.82,38058318.11,25854374.95,15017016.32,51588889.99,32203237.22,24348322.91,14587449.33,16576339.6,21004280.35,17169027.13,10097550.26,53816510.82,40933799.05,29484394.87,12895373.17,65894561.23,46766707.14,31649697.07,11979615.65,65004509.05,44521888.79,29506512.17,8363885.07,50866660.84,36900646.12,23884533.91,6474598.35,44102730.21,32092864.47,20874582.35,5554141.81,41011235.14,28846545.96,16145625.65,4465773.59,33647772.37,31311384.48
常用指标,扣非净利润,79826637.84,272373994.09,220638300.01,137754718.3,90108546.28,275616568.44,205989078.28,126918987.75,80474775.05,243810638.63,178301994.84,116360715.49,71439637.32,197939722.61,162269039.3,90429249.05,66909397.69,230665194.91,197979957.11,110944926.83,57409774.38,192129888.54,143580652.3,84190613.38,39018340.29,140996549.88,110902910.23,79572098.35,44107750.48,73736982.32,44351655.41,28939438.51,19361877.79,45550805.95,30005956.41,22600640.24,13936426.86,40883861.4,26846518.63,21539473.56,13175324.94,10544984.68,15666891.46,13342445.25,7866056.61,47624207.92,36644210.85,26480552.49,11804994.04,62620736.08,43941969.83,29931114.2,11296464.73,62937014.23,43209331.93,27951994.49,7924211.48,47786047.33,33588560.8,21154855.84,4295531.57,40652766.5,30137801.59,18608779.83,4166251.17,38663150.87,,,,32789868.2,27735437.05
常用指标,股东权益合计(净资产),3804827673.13,3719976401.66,3678700771.47,3595331136.35,3623583048.85,3514576424.55,3433872099.93,3349800808.83,3361392638.85,3277698014.1,3126856976.57,3051850535.8,3029411964.12,2953443350.55,2905560505.13,2831266793.3,2827250474.05,2389599864.48,2348751163.42,2261910850.7,2228101556.51,2162006967.33,2107663234.06,2040044122.78,2011366364.55,1970261245.81,1929217647.51,1894044818.01,1849726922.15,1803301990.38,1776870124.55,1753385555.25,1743715953.31,1692945897.04,1696518628.91,1683708460.75,1685924663.92,1218622178.72,1197500325.95,1187909211.64,1187390715.06,1131882265.73,948347958.53,944512705.31,947841228.44,937743678.18,924860966.41,913411562.23,907222540.54,894327167.36,875199313.27,860082303.2,850812221.77,838832606.13,818349985.87,803334609.25,792591982.15,784228097.08,770262082.35,757245970.15,750236034.59,743761436.24,727991570.5,716773288.38,168719847.84,170965706.03,,,,137754470.89,104106698.52
常用指标,商誉,232594367.47,232594367.47,232594367.47,232594367.47,232594367.47,232594367.47,232594367.47,232594367.47,232594367.47,232594367.47,232594367.47,232594367.47,232594367.47,232594367.47,232594367.47,232594367.47,232594367.47,232594367.47,232594367.47,232594367.47,232594367.47,232594367.47,232594367.47,232594367.47,232594367.47,232594367.47,232594367.47,232594367.47,232594367.47,232594367.47,232594367.47,232594367.47,232594367.47,232594367.47,212951961.47,16724941.93,16724941.93,16724941.93,16724941.93,16724941.93,16724941.93,16724941.93,,,,,,,,,,,,,,,,,,,,,,,,,,,,,
常用指标,经营现金流量净额,-11908373.01,420380301.38,53744846.31,-35957610.47,-36594639.74,397801144.44,5679973.82,-61101662.55,-97410048.26,185285067.25,7244640.35,-37522632.25,-94888134.01,246841159.81,67650270.66,260687.99,-5956863.81,198593743.63,182018404.25,165935197.45,31719053.54,150397002.52,30114619.3,32098511.91,-14705463.76,114083241.09,-8963685.05,-50261405.82,-53102061.81,144190968.67,-26631769.73,2953272.65,-51160915.56,153279705.56,49612934.98,16985256.99,-17028777.65,11098906.1,2174050.81,-37451897.24,10547670.84,-38716405.11,-49866964.3,-31462847.33,-41823587.53,44281087.71,-204854.44,-28197681.48,-36549239.94,29897899.71,-22375267.59,-17800878.77,-25828617.65,-42011184.66,-82443061.91,-62843058.3,-35321595.74,33873123.64,4443132.58,-23354707.95,-9950318.84,-34178310.95,-46765279.6,-10200243.0,-9149041.15,35984352.96,-26034217.56,10725442.3,-11681827.07,24037295.63,29919299.63
常用指标,基本每股收益,0.1684,0.5623,0.4617,0.2963,0.1763,0.581,0.4489,0.283,0.1649,0.5297,0.4,0.2471,0.1497,0.4483,0.35,0.2067,0.1454,0.5217,0.44,0.2557,0.1302,0.4447,0.33,0.1937,0.0846,0.3542,0.26966,0.1889,0.1041,0.2142,0.126646,0.082831,0.0464,0.1318,0.078346,0.053223,0.03,0.1176,0.07,0.05,0.07,0.08,0.1,0.08,0.05,0.26,0.2,0.14,0.06,0.32,0.23,0.152,0.058,0.313,0.21,0.14,0.04,0.245,0.18,0.11,0.06,0.48,0.37,0.27,0.07,0.53,,,,0.43,0.4
常用指标,每股净资产,7.499176,7.330716,7.23193,7.06653,7.126477,6.92267,6.746893,6.580966,6.6229,6.457996,6.160812,6.013015,5.968844,5.819163,5.724819,5.578439,5.570525,4.91934,4.835247,4.656473,4.586872,4.450807,4.338932,4.199728,4.140691,4.05607,3.971576,3.899167,3.807807,3.712238,3.657826,3.609481,3.588792,3.484301,3.491654,3.465289,6.935847,5.55,5.453804,5.410123,5.407762,5.237975,4.559365,4.540926,4.556928,4.508383,4.446446,4.391401,4.361646,4.299649,4.207689,4.135011,4.090443,4.032849,3.934374,3.862185,7.621076,7.540654,7.406366,7.281211,7.213808,7.151552,6.999918,6.89205,2.163074,2.191868,,,,1.766082,1.334701
常用指标,每股现金流,-0.023463,0.828274,0.105893,-0.070847,-0.072102,0.783786,0.011191,-0.120388,-0.191926,0.365066,0.014274,-0.07393,-0.186957,0.48635,0.133291,0.000513,-0.011736,0.408834,0.374711,0.341601,0.065298,0.309614,0.061995,0.066079,-0.030273,0.234857,-0.018453,-0.10347,-0.109314,0.296828,-0.054823,0.006079,-0.105295,0.315469,0.102109,0.034957,-0.070055,0.050548,0.009901,-0.170568,0.048037,-0.179166,-0.239745,-0.151263,-0.201074,0.212889,-0.000984,-0.135565,-0.175717,0.143739,-0.107573,-0.085581,-0.124176,-0.201976,-0.39636,-0.30213,-0.33963,0.325703,0.042722,-0.224564,-0.095676,-0.328637,-0.449666,-0.098079,-0.117295,0.461337,,,,0.30817,0.38358
常用指标,净资产收益率(ROE),2.27,7.9,6.51,4.19,2.52,8.61,6.77,4.29,2.52,8.64,6.62,4.16,2.54,9.06,6.98,4.14,2.76,11.13,9.43,5.58,3.01,10.48,7.91,4.66,2.06,9.12,7.01,4.96,2.77,5.91,3.51,2.31,1.32,3.93,2.4,1.69,0.92,4.32,2.73,2.07,1.28,1.76,2.22,1.81,1.07,5.87,4.5,3.24,1.31,7.6,5.45,3.7,1.42,8.02,5.33,3.7,1.06,6.66,4.86,3.16,0.87,9.7,8.95,11.93,3.29,26.91,,,,27.82,35.0
常用指标,总资产报酬率(ROA),1.757026,5.869202,4.686175,3.044982,1.816818,5.959428,4.702743,2.995894,1.769164,5.578409,4.495826,2.772901,1.642306,5.502626,4.659451,2.892219,2.021824,7.728067,7.009237,4.076497,2.302148,7.68246,5.848837,3.477567,1.527183,6.333794,5.058445,3.56501,1.918616,4.395365,2.868513,1.906562,1.017108,3.501061,2.152997,1.659364,0.952022,3.966138,2.414855,1.84735,1.031588,1.385983,1.796578,1.545533,0.783869,4.999441,3.447971,2.815709,0.936589,6.476983,4.392018,3.195559,1.240788,6.79485,4.147154,3.16435,0.685259,6.064341,3.949236,2.961903,0.819725,8.453575,5.999265,3.846463,1.839804,14.726842,,,,14.415505,14.464576
常用指标,毛利率,36.579841,35.20925,34.545302,32.33204,33.27035,33.528405,32.176609,31.578031,30.307235,31.689087,30.462032,30.477103,30.449539,29.85403,29.511564,28.327718,28.520659,31.227979,30.908238,28.611983,27.191172,32.13511,34.408274,35.366509,34.764794,35.954753,33.649481,33.060426,31.281482,32.125711,31.0647,32.013529,30.766541,36.568712,35.36769,35.35205,33.07704,40.769204,38.643334,39.447889,39.555638,33.521136,36.300358,35.298299,30.930394,36.75037,38.086979,36.458665,36.761901,38.371549,38.240245,39.077302,42.683487,40.607795,40.123115,39.415555,39.335859,39.1823,39.497645,40.02697,36.933926,42.213339,42.841028,42.574341,40.926497,39.944105,38.228225,37.170033,35.37979,36.958433,39.112423
常用指标,销售净利率,16.279072,13.318047,14.109357,13.881343,15.41314,13.726163,13.9165,13.618632,14.668686,12.604879,13.060279,12.546061,15.282795,11.639124,12.368766,11.285848,14.431773,13.268796,14.175287,13.515311,14.004745,13.625134,14.231858,14.109624,12.953536,12.759958,12.231682,11.710624,12.212534,9.503225,7.070434,7.922898,9.058032,8.257609,7.326058,8.054553,9.802949,8.591235,7.516317,8.339527,10.670111,3.877304,7.496467,8.570485,9.652289,11.558369,12.178995,13.092364,12.010641,12.89221,13.268936,13.773449,12.619908,14.582193,14.134084,14.307006,11.01378,13.466923,14.500203,14.81694,10.679108,14.617805,14.96549,15.143717,11.562572,14.320978,14.208633,12.031045,9.422332,11.678526,14.563633
常用指标,期间费用率,14.50972,17.327198,17.029904,15.718796,13.285232,17.341051,16.346826,16.2745,12.43822,16.470441,15.181683,15.748143,12.338115,15.635688,13.844991,14.869691,11.299667,14.786999,13.240414,12.983184,11.326666,16.347275,17.921636,18.957228,18.241986,21.205484,19.818316,19.382641,15.264193,22.241885,21.17955,23.349455,20.30732,25.098767,25.607277,24.814364,20.585082,28.576127,28.877819,27.764445,26.212963,27.293814,28.76541,27.056418,20.963039,22.66348,24.400143,21.895695,20.918328,22.343108,22.377236,22.446231,30.113394,21.760941,21.707736,22.372464,26.177559,22.365346,22.84846,23.884422,27.396513,24.225552,25.527014,24.217745,30.49838,23.040102,21.156443,22.532792,27.022722,24.180427,24.160658
常用指标,资产负债率,38.84391,40.173851,39.060334,40.369226,40.373974,42.212199,40.798656,41.747942,41.300998,43.931766,44.064534,46.813259,46.103826,49.080233,47.847418,44.769182,41.962823,45.51756,42.921598,41.160611,36.415317,39.782101,39.251572,40.237442,41.16661,41.335077,40.193552,42.598416,45.275699,45.29491,43.668337,42.62952,41.124263,41.74154,39.061485,29.375953,26.756577,37.431553,37.394,36.096789,34.559164,35.460111,26.543708,26.556113,26.040874,25.795807,24.010059,25.052685,26.003415,28.152851,27.432614,28.183919,27.214721,27.826222,26.265096,26.014379,26.755229,28.445887,26.238887,21.055139,19.44118,18.276304,15.628,22.345694,51.755231,54.603986,,,,54.973909,57.156577
每股指标,基本每股收益,0.1684,0.5623,0.4617,0.2963,0.1763,0.581,0.4489,0.283,0.1649,0.5297,0.4,0.2471,0.1497,0.4483,0.35,0.2067,0.1454,0.5217,0.44,0.2557,0.1302,0.4447,0.33,0.1937,0.0846,0.3542,0.26966,0.1889,0.1041,0.2142,0.126646,0.082831,0.0464,0.1318,0.078346,0.053223,0.03,0.1176,0.07,0.05,0.07,0.08,0.1,0.08,0.05,0.26,0.2,0.14,0.06,0.32,0.23,0.152,0.058,0.313,0.21,0.14,0.04,0.245,0.18,0.11,0.06,0.48,0.37,0.27,0.07,0.53,,,,0.43,0.4
每股指标,稀释每股收益,0.1684,0.5623,0.4617,0.2963,0.1763,0.581,0.4489,0.283,0.1649,0.5297,0.4,0.2471,0.1497,0.4483,0.35,0.2067,0.1454,0.5217,0.44,0.2557,0.1302,0.4447,0.33,0.1937,0.0846,0.3542,0.26966,0.1889,0.1041,0.2131,0.126646,0.082831,0.0464,0.1314,0.078346,0.053223,0.03,0.11,0.07,0.05,0.07,0.08,0.1,0.08,0.05,0.26,0.2,0.14,0.06,0.32,0.23,0.152,0.058,0.313,0.21,0.14,0.04,0.245,0.18,0.11,0.06,0.48,0.37,0.27,0.07,0.53,,,,,
每股指标,摊薄每股收益_最新股数,0.16844,0.56234,0.461718,0.296317,0.176346,0.581004,0.448896,0.28297,0.164903,0.529747,0.397145,0.247069,0.149682,0.448343,0.35275,0.205255,0.145405,0.499268,0.419887,0.244694,0.130226,0.42565,0.318577,0.185347,0.080989,0.338955,0.258086,0.180834,0.099648,0.203618,0.12121,0.079275,0.044173,0.122945,0.074986,0.05094,0.029587,0.101645,0.063449,0.047973,0.028741,0.03266,0.041384,0.033828,0.019895,0.106034,0.080651,0.058093,0.025407,0.129831,0.092144,0.062359,0.023603,0.128078,0.087721,0.058136,0.016479,0.100222,0.072705,0.047059,0.012756,0.086895,0.063232,0.041129,0.010943,0.080804,0.056836,0.031811,0.008798,0.066296,0.061712
每股指标,摊薄每股净资产_期末股数,7.499176,7.330716,7.23193,7.06653,7.126477,6.92267,6.746893,6.580966,6.6229,6.457996,6.160812,6.013015,5.968844,5.819163,5.724819,5.578439,5.570525,4.91934,4.835247,4.656473,4.586872,4.450807,4.338932,4.199728,4.140691,4.05607,3.971576,3.899167,3.807807,3.712238,3.657826,3.609481,3.588792,3.484301,3.491654,3.465289,6.935847,5.55,5.453804,5.410123,5.407762,5.237975,4.559365,4.540926,4.556928,4.508383,4.446446,4.391401,4.361646,4.299649,4.207689,4.135011,4.090443,4.032849,3.934374,3.862185,7.621076,7.540654,7.406366,7.281211,7.213808,7.151552,6.999918,6.89205,2.163074,2.191868,,,,1.766082,1.334701
每股指标,调整每股净资产_期末股数,6.727364,6.551498,6.439798,6.266153,6.324477,6.12421,5.942173,5.777544,5.832025,5.660794,5.366077,5.214927,5.1594,5.012198,4.895855,4.760721,4.747958,4.067769,4.016123,3.845286,3.765361,3.624976,3.553801,3.408638,3.344289,3.253114,3.17348,3.101088,3.003827,2.907142,2.841866,2.796961,2.769673,2.662659,2.726675,3.10227,6.200244,4.740424,4.641337,4.595024,4.592903,4.414014,4.187138,4.170581,4.188011,4.135697,4.074401,4.019784,3.985483,3.921113,3.840392,3.765093,3.721333,3.662795,3.582155,3.510886,6.918331,7.246645,7.148508,7.028721,6.960774,6.897523,6.781383,6.676643,1.886266,1.913911,,,,1.500878,1.136325
每股指标,每股净资产_最新股数,7.499176,7.330716,7.23193,7.06653,7.126477,6.92267,6.746893,6.580966,6.6229,6.457996,6.160812,6.013015,5.968844,5.819163,5.724819,5.578439,5.570525,4.708223,4.627739,4.456638,4.390023,4.259797,4.152724,4.019494,3.96299,3.882001,3.801133,3.731832,3.644513,3.553042,3.500963,3.454691,3.435639,3.335607,3.342647,3.317407,3.321773,2.401048,2.359432,2.340535,2.339513,2.230145,1.868528,1.860971,1.867529,1.847634,1.822251,1.799692,1.787498,1.76209,1.724403,1.694618,1.676353,1.65275,1.612393,1.582808,1.561642,1.545162,1.517645,1.492,1.478188,1.465431,1.43436,1.412256,0.332428,0.336853,,,,0.271417,0.205121
每股指标,每股经营现金流,-0.023463,0.828274,0.105893,-0.070847,-0.072102,0.783786,0.011191,-0.120388,-0.191926,0.365066,0.014274,-0.07393,-0.186957,0.48635,0.133291,0.000513,-0.011736,0.408834,0.374711,0.341601,0.065298,0.309614,0.061995,0.066079,-0.030273,0.234857,-0.018453,-0.10347,-0.109314,0.296828,-0.054823,0.006079,-0.105295,0.315469,0.102109,0.034957,-0.070055,0.050548,0.009901,-0.170568,0.048037,-0.179166,-0.239745,-0.151263,-0.201074,0.212889,-0.000984,-0.135565,-0.175717,0.143739,-0.107573,-0.085581,-0.124176,-0.201976,-0.39636,-0.30213,-0.33963,0.325703,0.042722,-0.224564,-0.095676,-0.328637,-0.449666,-0.098079,-0.117295,0.461337,,,,0.30817,0.38358
每股指标,每股现金流量净额,-0.362069,0.38742,-0.651112,-0.40784,-0.217275,-0.264417,-0.633726,-0.607544,-0.693907,-0.333074,-0.557004,-0.519126,-0.713712,0.681807,-0.019488,0.182738,-0.265424,0.388102,-0.024285,0.237457,-0.029232,0.063644,-0.151264,-0.119754,-0.038215,0.057009,-0.004134,-0.159463,-0.068402,0.03776,0.052257,0.002448,-0.171702,0.18747,0.05147,0.340917,0.900755,-0.058718,-0.099313,-0.081541,0.045152,-0.258824,-0.349916,-0.239789,-0.170617,-0.691137,-0.797135,-0.762927,-0.207926,-0.061283,-0.175745,-0.149338,-0.071241,-0.451747,-0.603115,-0.51768,-0.634965,-0.797363,-1.010402,-0.750517,-0.192766,4.185445,4.088167,4.780731,-0.480171,0.206477,,,,0.21013,0.225746
每股指标,每股企业自由现金流量,,0.818115,,0.383136,,0.266809,,0.214753,,0.859179,,0.435919,,-1.232401,,-1.050915,,0.193982,,0.139058,,0.238734,,0.056351,,-0.013072,,-0.056617,,0.139607,,-0.034725,,-0.128292,,-0.841358,,0.406404,,0.245148,,-0.257635,,-0.111546,,0.061736,,-0.055571,,-0.022285,,0.046385,,0.14431,,0.155058,,-0.142475,,0.092295,,-5.139594,,-4.989865,,0.255167,,,,0.104912,-0.885528
每股指标,每股股东自由现金流量,,0.399963,,0.238741,,0.330303,,0.153575,,0.40569,,0.542071,,-0.161565,,-0.770588,,1.04943,,0.433548,,0.182198,,0.148037,,-0.058362,,0.031903,,0.406012,,0.147046,,-0.133915,,-0.936649,,0.994823,,0.814439,,0.18662,,0.032684,,0.061736,,-0.007494,,-0.041516,,0.133333,,0.14431,,0.155058,,-0.142475,,0.188449,,-5.524979,,-5.12525,,0.307474,,,,0.156194,-0.736862
每股指标,每股未分配利润,3.742502,3.574062,3.483727,3.318326,3.373355,3.197009,3.082487,2.916561,2.958494,2.793591,2.660806,2.510729,2.463342,2.313661,2.254047,2.106553,2.096702,2.038793,2.003666,1.824893,1.755291,1.619226,1.535707,1.396503,1.337466,1.252845,1.191244,1.110528,1.05067,0.946556,0.870014,0.826201,0.814354,0.768211,0.725809,0.700692,1.405991,1.488093,1.415761,1.379988,1.390788,1.340341,1.422033,1.403594,1.419597,1.371051,1.334805,1.27976,1.250005,1.188008,1.128122,1.055444,1.010877,0.953282,0.88282,0.81063,1.517967,1.437545,1.351867,1.226712,1.159309,1.097053,1.023983,0.916115,1.02507,1.053863,,,,0.680627,0.292383
每股指标,每股资本公积金,2.345303,2.345303,2.385853,2.385853,2.390771,2.36331,2.347033,2.347033,2.347033,2.347033,2.277557,2.277557,2.277557,2.277557,2.277557,2.277598,2.277598,1.675523,1.675523,1.675523,1.675523,1.675523,1.675523,1.675523,1.675523,1.675523,1.675523,1.675523,1.675618,1.675618,1.675733,1.675384,1.675669,1.67532,1.678317,1.67707,4.354898,2.868222,2.860315,2.852408,2.836875,2.717045,1.957979,1.957979,1.957979,1.957979,1.957979,1.957979,1.957979,1.957979,1.957979,1.957979,1.957979,1.957979,1.957979,1.957979,4.915959,4.915959,4.915959,4.915959,4.915959,4.915959,4.879805,4.879805,0.00983,0.00983,,,,0.00983,0.00983
每股指标,每股盈余公积金,0.293871,0.293871,0.283583,0.283583,0.283583,0.283583,0.265997,0.265997,0.265997,0.265997,0.235192,0.235192,0.235192,0.235192,0.199213,0.199213,0.199213,0.208145,0.156057,0.156057,0.156057,0.156057,0.127701,0.127701,0.127701,0.127701,0.104808,0.104808,0.104804,0.104804,0.095243,0.095243,0.095222,0.095222,0.087527,0.087527,0.174957,0.193684,0.177727,0.177727,0.180098,0.180589,0.179352,0.179352,0.179352,0.179352,0.153661,0.153661,0.153661,0.153661,0.121586,0.121586,0.121586,0.121586,0.093575,0.093575,0.18715,0.18715,0.138539,0.138539,0.138539,0.138539,0.09613,0.09613,0.128173,0.128173,,,,0.075625,0.032487
每股指标,每股留存收益,4.036374,3.867933,3.767311,3.60191,3.656939,3.480593,3.348484,3.182558,3.224491,3.059588,2.895998,2.745921,2.698534,2.548854,2.45326,2.305766,2.295915,2.246939,2.159724,1.98095,1.911349,1.775283,1.663409,1.524205,1.465168,1.380547,1.296053,1.215336,1.155474,1.051361,0.965258,0.921444,0.909577,0.863433,0.813336,0.788219,1.580948,1.681777,1.593489,1.557715,1.570886,1.52093,1.601385,1.582946,1.598949,1.550403,1.488467,1.433422,1.403667,1.34167,1.249709,1.177031,1.132463,1.074869,0.976395,0.904205,1.705117,1.624695,1.490406,1.365251,1.297848,1.235592,1.120113,1.012245,1.153244,1.182037,,,,0.756252,0.32487
每股指标,每股营业收入,1.026855,4.195314,3.226423,2.104955,1.137792,4.222789,3.219246,2.073343,1.124186,4.202715,3.040779,1.969297,0.979418,3.852038,2.851941,1.818702,1.007535,3.931445,3.094931,1.891682,0.971566,3.264089,2.338851,1.372526,0.653264,2.775509,2.204599,1.613432,0.852513,2.238629,1.791139,1.045422,0.509416,1.555248,1.069182,0.66064,0.630214,2.734793,1.951274,1.329693,0.622636,1.978431,1.347062,0.963112,0.502947,2.238492,1.615873,1.082706,0.516183,2.457303,1.694483,1.104748,0.456376,2.143173,1.514406,0.991529,0.730194,3.63188,2.446958,1.549975,0.582967,2.901014,2.061978,1.325415,0.615839,3.671432,,,,3.693802,2.756372
每股指标,每股营业总收入,1.026855,4.195314,3.226423,2.104955,1.137792,4.222789,3.219246,2.073343,1.124186,4.202715,3.040779,1.969297,0.979418,3.852038,2.851941,1.818702,1.007535,3.931445,3.094931,1.891682,0.971566,3.264089,2.338851,1.372526,0.653264,2.775509,2.204599,1.613432,0.852513,2.238629,1.791139,1.045422,0.509416,1.555248,1.069182,0.66064,0.630214,2.734793,1.951274,1.329693,0.622636,1.978431,1.347062,0.963112,0.502947,2.238492,1.615873,1.082706,0.516183,2.457303,1.694483,1.104748,0.456376,2.143173,1.514406,0.991529,0.730194,3.63188,2.446958,1.549975,0.582967,2.901014,2.061978,1.325415,0.615839,3.671432,,,,3.693802,2.756372
每股指标,每股息税前利润,0.215319,0.711181,0.55946,0.363306,0.217627,0.70027,0.539558,0.342257,0.201694,0.640018,0.504483,0.31519,0.184782,0.552183,0.457063,0.271029,0.184389,0.634489,0.555916,0.311954,0.168114,0.549493,0.411068,0.242409,0.106536,0.433867,0.339594,0.242044,0.131848,0.280599,0.178929,0.117001,0.061414,0.174865,0.104833,0.073967,0.083217,0.334296,0.201623,0.151975,0.08382,0.096769,0.110332,0.094729,0.047961,0.301468,0.204047,0.166742,0.055627,0.374762,0.250037,0.181275,0.069531,0.368854,0.219903,0.16596,0.071758,0.584884,0.371068,0.266187,0.072568,0.522944,0.357488,0.240337,0.08566,0.644349,,,,0.507256,0.450615
盈利能力,净资产收益率(ROE),2.27,7.9,6.51,4.19,2.52,8.61,6.77,4.29,2.52,8.64,6.62,4.16,2.54,9.06,6.98,4.14,2.76,11.13,9.43,5.58,3.01,10.48,7.91,4.66,2.06,9.12,7.01,4.96,2.77,5.91,3.51,2.31,1.32,3.93,2.4,1.69,0.92,4.32,2.73,2.07,1.28,1.76,2.22,1.81,1.07,5.87,4.5,3.24,1.31,7.6,5.45,3.7,1.42,8.02,5.33,3.7,1.06,6.66,4.86,3.16,0.87,9.7,8.95,11.93,3.29,26.91,,,,27.82,35.0
盈利能力,摊薄净资产收益率,2.246114,7.671021,6.384441,4.193255,2.474528,8.392785,6.653383,4.299826,2.489901,8.202965,6.446324,4.108907,2.507729,7.704605,6.161766,3.679451,2.610261,10.604175,9.073279,5.490565,2.966408,9.992268,7.67152,4.611209,2.043641,8.73145,6.789736,4.845726,2.73421,5.730829,3.462202,2.294728,1.285755,3.685857,2.243318,1.535561,0.890728,4.233378,2.689204,2.049678,1.228529,1.464493,2.214828,1.817765,1.06532,5.738936,4.42594,3.227941,1.421412,7.368059,5.343549,3.679845,1.408021,7.749401,5.440445,3.7,1.055257,6.486207,4.790661,3.154131,0.863008,5.929687,4.408411,2.912299,3.29,23.987989,,,,24.425902,30.085871
盈利能力,净资产收益率_平均,2.271629,7.890628,6.523933,4.236377,2.510426,8.684244,6.798945,4.340378,2.52129,8.6298,6.630163,4.176225,2.539572,8.517661,6.762169,3.99072,2.82924,11.134413,9.44891,5.614556,3.011068,10.45593,7.930005,4.691448,2.064739,9.117769,7.018786,4.964653,2.768958,5.911717,3.545942,2.334972,1.30475,4.28632,2.611079,1.781628,1.034035,4.389601,2.764959,2.099182,1.257932,1.601868,2.227281,1.824302,1.071025,5.874937,4.500227,3.262019,1.431586,7.603979,5.456923,3.725871,1.418004,8.010114,5.556283,3.717209,1.060854,6.657985,4.874514,3.182467,0.866748,9.642816,7.140019,4.702864,3.270166,26.568548,,,,27.824038,30.085871
盈利能力,净资产收益率_平均_扣除非经常损益,2.121151,7.530251,6.142499,3.88039,2.527422,8.116886,6.147114,3.835707,2.424287,7.825581,5.864921,3.875284,2.388145,7.40925,6.128956,3.464147,2.565126,10.13555,8.778123,5.015686,2.615414,9.299003,7.041849,4.198713,1.959919,7.47286,5.942522,4.304281,2.414859,4.218063,2.556426,1.679434,1.126783,3.128953,2.058628,1.557413,0.959628,3.47873,2.305032,1.857018,1.136159,1.019023,1.661307,1.417707,0.834335,5.198948,4.028633,2.929688,1.310537,7.226193,5.127322,3.523556,1.33714,7.755349,5.392477,3.521372,1.005087,6.254761,4.436993,2.818754,0.575038,8.888501,6.705057,4.192398,2.453004,25.047375,,,,27.114619,26.641356
盈利能力,摊薄净资产收益率_扣除非经常损益,2.097327,7.320674,6.011163,3.840892,2.491282,7.844469,6.015507,3.79987,2.394106,7.438523,5.702301,3.812817,2.358201,6.702027,5.584775,3.19395,2.366588,9.652879,8.429158,4.90492,2.576622,8.886645,6.812314,4.126901,1.939892,7.156236,5.748595,4.201172,2.384554,4.088997,2.496054,1.650489,1.11038,2.690623,1.768678,1.342313,0.826634,3.354925,2.241879,1.813225,1.109603,0.931632,1.652019,1.412627,0.829891,5.078595,3.962131,2.899082,1.301223,7.001994,5.020795,3.480029,1.327727,7.502928,5.280055,3.51,0.999784,6.093386,4.360666,2.793657,0.572557,5.465834,4.139855,2.596187,2.47,22.614565,,,,23.803124,26.641356
盈利能力,息税前利润率,20.968771,16.951812,17.339943,17.259595,19.127141,16.58313,16.760405,16.507518,17.941361,15.228698,16.590594,16.005244,18.866559,14.334846,16.026412,14.902344,18.301053,16.138835,17.962171,16.49087,17.303408,16.834496,17.575659,17.66155,16.308245,15.632012,15.403932,15.001867,15.465808,12.534438,9.989722,11.191829,12.055858,11.243593,9.804977,11.196393,13.20461,12.22383,10.332888,11.429376,13.46225,4.891221,8.190627,9.835774,9.536048,13.467478,12.627697,15.400562,10.776771,15.250966,14.755995,16.40877,15.235467,17.210681,14.520772,16.737813,9.827259,16.104168,15.164478,17.173626,12.448149,18.026243,17.337153,18.132995,13.909474,17.550358,16.930532,14.553009,11.811922,13.732644,16.348116
盈利能力,总资产报酬率,1.757026,5.869202,4.686175,3.044982,1.816818,5.959428,4.702743,2.995894,1.769164,5.578409,4.495826,2.772901,1.642306,5.502626,4.659451,2.892219,2.021824,7.728067,7.009237,4.076497,2.302148,7.68246,5.848837,3.477567,1.527183,6.333794,5.058445,3.56501,1.918616,4.395365,2.868513,1.906562,1.017108,3.501061,2.152997,1.659364,0.952022,3.966138,2.414855,1.84735,1.031588,1.385983,1.796578,1.545533,0.783869,4.999441,3.447971,2.815709,0.936589,6.476983,4.392018,3.195559,1.240788,6.79485,4.147154,3.16435,0.685259,6.064341,3.949236,2.961903,0.819725,8.453575,5.999265,3.846463,1.839804,14.726842,,,,14.415505,14.464576
盈利能力,总资本回报率,2.313673,7.71758,6.165395,3.987455,2.37791,7.91471,6.127594,3.924738,2.34227,7.541236,6.035483,3.688658,2.204958,7.560539,6.497397,3.993107,2.706737,10.887003,9.963093,5.760688,3.209302,10.998534,8.247135,4.902478,2.177241,9.276745,7.335026,5.188986,2.828112,6.556089,4.168133,2.794883,1.493306,4.929941,2.783172,2.1178,1.202169,5.320326,3.238311,2.449686,1.382316,1.892895,2.395421,2.060785,1.041556,6.845307,4.666025,3.816007,1.277427,8.97449,5.973688,4.371633,1.685731,9.407593,5.679941,4.32697,0.94179,7.920359,5.071027,3.644939,1.004947,11.297418,7.884905,5.197464,3.269105,25.590246,,,,24.895163,25.086573
盈利能力,投入资本回报率,1.952214,6.65626,5.471447,3.504302,2.074197,7.250622,5.678638,3.613703,2.109297,6.941428,5.387688,3.31239,1.944615,6.794873,5.607346,3.42471,2.327264,9.338647,8.295431,4.984878,2.729068,9.623271,7.198045,4.266,1.899105,8.457771,6.499668,4.49596,2.45118,5.839883,3.51623,2.339632,1.292633,4.276515,2.449139,1.855044,1.052559,4.579824,2.862505,2.143115,1.152907,1.642107,2.073713,1.84086,0.868217,5.931369,3.971529,3.281225,1.006744,7.712552,5.06287,3.690662,1.414224,8.018648,4.704938,3.722753,0.726276,6.697077,4.288041,3.15836,0.840575,9.404918,6.873541,4.450616,2.82211,21.772939,,,,23.407414,24.045087
盈利能力,息前税后总资产报酬率_平均,1.472105,5.032304,4.104353,2.641482,1.576611,5.447673,4.350424,2.753138,1.593192,5.134719,4.013181,2.490046,1.448396,4.945367,4.021173,2.480527,1.738373,6.628977,5.836003,3.527502,1.957659,6.721841,5.104826,3.026082,1.33209,5.774631,4.482358,3.088877,1.662902,3.915202,2.419872,1.596008,0.764192,3.037022,1.608671,1.453487,0.70677,3.414117,1.756606,1.616159,0.817631,1.202355,1.644317,1.380595,0.793424,4.331951,3.325454,2.42111,1.043823,5.566229,3.949406,2.697786,1.027775,5.791652,4.036715,2.722481,0.767995,5.127717,3.776241,2.566505,0.703232,7.037465,5.178586,3.293747,1.52938,12.530034,,,,13.554026,13.859945
盈利能力,毛利率,36.579841,35.20925,34.545302,32.33204,33.27035,33.528405,32.176609,31.578031,30.307235,31.689087,30.462032,30.477103,30.449539,29.85403,29.511564,28.327718,28.520659,31.227979,30.908238,28.611983,27.191172,32.13511,34.408274,35.366509,34.764794,35.954753,33.649481,33.060426,31.281482,32.125711,31.0647,32.013529,30.766541,36.568712,35.36769,35.35205,33.07704,40.769204,38.643334,39.447889,39.555638,33.521136,36.300358,35.298299,30.930394,36.75037,38.086979,36.458665,36.761901,38.371549,38.240245,39.077302,42.683487,40.607795,40.123115,39.415555,39.335859,39.1823,39.497645,40.02697,36.933926,42.213339,42.841028,42.574341,40.926497,39.944105,38.228225,37.170033,35.37979,36.958433,39.112423
盈利能力,销售净利率,16.279072,13.318047,14.109357,13.881343,15.41314,13.726163,13.9165,13.618632,14.668686,12.604879,13.060279,12.546061,15.282795,11.639124,12.368766,11.285848,14.431773,13.268796,14.175287,13.515311,14.004745,13.625134,14.231858,14.109624,12.953536,12.759958,12.231682,11.710624,12.212534,9.503225,7.070434,7.922898,9.058032,8.257609,7.326058,8.054553,9.802949,8.591235,7.516317,8.339527,10.670111,3.877304,7.496467,8.570485,9.652289,11.558369,12.178995,13.092364,12.010641,12.89221,13.268936,13.773449,12.619908,14.582193,14.134084,14.307006,11.01378,13.466923,14.500203,14.81694,10.679108,14.617805,14.96549,15.143717,11.562572,14.320978,14.208633,12.031045,9.422332,11.678526,14.563633
盈利能力,成本费用利润率,25.252677,19.161745,19.715479,19.389726,22.423325,18.076281,18.025559,17.658623,20.032935,16.296181,17.518187,16.627805,21.383203,15.260644,17.269732,15.492039,20.533591,18.626439,20.868958,18.651138,19.72294,18.679164,19.71852,19.622497,18.013144,16.586357,16.230901,15.887257,16.996145,12.065007,9.579824,10.670394,11.925428,11.010793,9.422515,10.556051,13.080235,11.721843,9.658668,11.062346,14.891185,4.825858,9.297006,10.484249,12.483592,15.546468,16.287801,17.850136,16.985277,17.906906,18.444689,19.586974,17.240967,21.099852,20.379674,20.063754,15.272151,19.179601,20.205751,20.403104,14.055714,21.505934,20.788594,21.740067,15.032012,20.384823,19.696108,16.555777,12.095965,14.330327,17.927472
盈利能力,营业利润率,19.671496,15.994921,16.322067,16.210607,17.957779,15.259612,15.214706,14.970816,16.471307,13.911467,14.935454,14.228383,17.58146,13.152552,14.488713,13.284026,17.006957,15.728066,17.290642,15.918191,16.971411,15.575674,16.446347,16.485274,15.161175,14.195835,13.291905,13.125984,13.652565,8.922187,7.161078,8.324768,9.813787,8.597894,7.064835,8.305987,10.53046,8.366899,7.212552,8.970254,12.14931,3.756593,7.425192,8.484754,9.70698,12.444986,12.556782,13.681058,12.697014,14.274012,14.562721,15.447618,14.227097,16.576235,16.136457,15.757507,12.58145,14.994657,15.31049,15.117317,8.486785,16.292213,16.116687,15.815503,10.065278,15.974333,15.554993,12.63238,7.637724,12.171985,14.105303
盈利能力,总资产净利率_平均,1.374489,4.640856,3.867467,2.483527,1.472196,4.944455,3.91254,2.476932,1.446455,4.61728,3.539263,2.173598,1.330344,4.467836,3.596043,2.190336,1.594362,6.353751,5.531512,3.340947,1.863274,6.21786,4.736085,2.778191,1.213032,5.170092,4.016721,2.782886,1.51503,3.33243,2.03025,1.34969,0.764192,2.571277,1.608671,1.193726,0.70677,2.787508,1.756606,1.347932,0.817631,1.098678,1.644317,1.346713,0.793424,4.290736,3.325454,2.393697,1.043823,5.475235,3.949406,2.682338,1.027775,5.757112,4.036715,2.704796,0.767995,5.071234,3.776241,2.55545,0.703232,6.855156,5.178586,3.212362,1.52938,12.017008,,,,12.259245,12.889816
盈利能力,总资产净利率_平均(含少数股东损益),1.364064,4.611089,3.813099,2.448982,1.464039,4.932729,3.904781,2.4716,1.446452,4.61728,3.539159,2.173599,1.330344,4.467836,3.596043,2.190336,1.594362,6.353751,5.531512,3.340947,1.863274,6.21786,4.736085,2.778191,1.213032,5.170092,4.016721,2.782886,1.51503,3.33243,2.03025,1.34969,0.764192,2.571277,1.608671,1.193726,0.70677,2.787508,1.756606,1.347932,0.817631,1.098678,1.644317,1.346713,0.793424,4.290736,3.325454,2.393697,1.043823,5.475235,3.949406,2.682338,1.027775,5.757112,4.036715,2.704796,0.767995,5.071234,3.776241,2.55545,0.703232,6.855156,5.178586,3.212362,1.52938,12.017008,,,,12.259245,12.885692
成长能力,归母净利润,85489667.75,285409060.42,234339385.28,150392321.57,89502578.69,294881740.83,227831866.18,143617967.89,83694808.6,268866553.16,201566445.48,125396883.85,75969470.17,227551171.01,179033861.01,104175098.26,73798630.36,253397358.39,213108756.47,124191691.17,66094589.18,216033544.3,161689811.03,94070699.75,41105118.74,172032390.12,130988791.82,91780227.53,50575418.81,103344154.91,61518848.5,40235438.62,22419931.27,62399567.82,38058318.11,25854374.95,15017016.32,51588889.99,32203237.22,24348322.91,14587449.33,16576339.6,21004280.35,17169027.13,10097550.26,53816510.82,40933799.05,29484394.87,12895373.17,65894561.23,46766707.14,31649697.07,11979615.65,65004509.05,44521888.79,29506512.17,8363885.07,50866660.84,36900646.12,23884533.91,6474598.35,44102730.21,32092864.47,20874582.35,5554141.81,41011235.14,28846545.96,16145625.65,4465773.59,33647772.37,31321407.43
成长能力,营业总收入,521167718.16,2129279041.23,1637530862.36,1068343601.77,577472364.87,2143223834.89,1633888376.52,1052299393.98,570566604.49,2133035602.25,1543309421.53,999492281.74,497091458.19,1955053960.31,1447467343.66,923059473.01,511362155.88,1909723752.5,1503382204.07,918896259.8,471944252.53,1585551655.22,1136111727.6,666712975.68,317327389.96,1348220649.74,1070897578.31,783734667.37,414127140.46,1087464010.13,870085852.29,507837335.0,247514357.24,755661421.21,519492385.36,320990798.61,153188756.2,600482796.93,428444323.99,291962846.83,136713185.88,427522273.61,280189023.27,200327355.12,104613002.8,465606404.42,336101594.82,225202979.26,107366230.09,511119180.9,352452563.59,229787724.61,94926326.2,445780050.13,314996619.26,206238198.6,75940186.14,377715528.25,254483640.22,161197478.21,60628641.14,301705549.37,214445795.84,137843186.6,48035519.23,286371728.93,203021259.9,134199686.74,47395624.74,288116595.17,214997062.85
成长能力,净利润,84841271.47,283578401.78,231045082.6,148300447.48,89006624.3,294182405.16,227380079.59,143308788.49,83694624.75,268866557.05,201560518.96,125396914.53,75969470.17,227551171.01,179033861.01,104175098.26,73798630.36,253397358.39,213108756.47,124191691.17,66094589.18,216033544.3,161689811.03,94070699.75,41105118.74,172032390.12,130988791.82,91780227.53,50575418.81,103344154.91,61518848.5,40235438.62,22419931.27,62399567.82,38058318.11,25854374.95,15017016.32,51588889.99,32203237.22,24348322.91,14587449.33,16576339.6,21004280.35,17169027.13,10097550.26,53816510.82,40933799.05,29484394.87,12895373.17,65894561.23,46766707.14,31649697.07,11979615.65,65004509.05,44521888.79,29506512.17,8363885.07,50866660.84,36900646.12,23884533.91,6474598.35,44102730.21,32092864.47,20874582.35,5554141.81,41011235.14,28846545.96,16145625.65,4465773.59,33647772.37,31311384.48
成长能力,扣非净利润,79826637.84,272373994.09,220638300.01,137754718.3,90108546.28,275616568.44,205989078.28,126918987.75,80474775.05,243810638.63,178301994.84,116360715.49,71439637.32,197939722.61,162269039.3,90429249.05,66909397.69,230665194.91,197979957.11,110944926.83,57409774.38,192129888.54,143580652.3,84190613.38,39018340.29,140996549.88,110902910.23,79572098.35,44107750.48,73736982.32,44351655.41,28939438.51,19361877.79,45550805.95,30005956.41,22600640.24,13936426.86,40883861.4,26846518.63,21539473.56,13175324.94,10544984.68,15666891.46,13342445.25,7866056.61,47624207.92,36644210.85,26480552.49,11804994.04,62620736.08,43941969.83,29931114.2,11296464.73,62937014.23,43209331.93,27951994.49,7924211.48,47786047.33,33588560.8,21154855.84,4295531.57,40652766.5,30137801.59,18608779.83,4166251.17,38663150.87,,,,32789868.2,27735437.05
成长能力,营业总收入增长率,-9.750188,-0.650645,0.222933,1.52468,1.210333,0.47764,5.869137,5.283393,14.781011,9.103669,6.621363,8.280377,-2.790722,2.373652,-3.719271,0.453066,8.352237,20.445382,32.326968,37.824865,48.724713,17.603276,6.089671,-14.931289,-23.374403,23.978415,23.07953,54.327894,67.314391,43.908896,67.4877,58.209312,61.574754,25.842309,21.25085,9.942344,12.051193,40.456494,52.912601,45.742875,30.684697,-8.179468,-16.635616,-11.045868,-2.564332,-8.904533,-4.639197,-1.995208,13.104798,14.657257,11.890903,11.418605,25.001439,18.020048,23.77873,27.94133,25.254639,25.19343,18.670379,16.942652,26.216271,5.354516,5.62726,2.714983,1.350112,-0.605611,,,,34.009549,
成长能力,归属母公司净利润增长率,-4.48357,-3.212365,2.856281,4.716926,6.939223,9.675873,13.030651,14.530731,10.169003,18.156523,12.585655,20.371265,2.941571,-10.199864,-15.989439,-16.117497,11.656084,17.295376,31.80098,32.019525,60.794059,25.577249,23.437897,2.495605,-18.725104,66.465525,112.924648,128.107933,125.582398,65.616779,61.643634,55.623327,49.296842,20.955437,18.181653,6.185444,2.944771,211.220035,53.317498,41.81539,44.465231,-69.198412,-48.687195,-41.769104,-21.696331,-18.329358,-12.472351,-6.841462,7.644298,1.369216,5.042055,7.26343,43.230275,27.793938,20.653412,23.538153,29.179983,15.336761,14.980843,14.419218,16.572434,7.538166,11.253751,29.289398,24.371325,21.883953,,,,7.427395,
收益质量,经营活动净现金/销售收入,-0.022849,0.197428,0.03282,-0.033657,-0.06337,0.185608,0.003476,-0.058064,-0.170725,0.086864,0.004694,-0.037541,-0.190886,0.126257,0.046736,0.000282,-0.011649,0.10399,0.121072,0.18058,0.067209,0.094854,0.026506,0.048144,-0.046341,0.084617,-0.00837,-0.06413,-0.128226,0.132593,-0.030608,0.005815,-0.206698,0.202841,0.095502,0.052915,-0.111162,0.018483,0.005074,-0.128276,0.077151,-0.090559,-0.177976,-0.157057,-0.399793,0.095104,-0.000609,-0.12521,-0.340416,0.058494,-0.063484,-0.077466,-0.272091,-0.094241,-0.261726,-0.304711,-0.465123,0.089678,0.017459,-0.144882,-0.164119,-0.113283,-0.218075,-0.073998,-0.190464,0.125656,-0.128233,0.079921,-0.246474,0.083429,0.139161
收益质量,经营性现金净流量/营业总收入,-0.022849,0.197428,0.03282,-0.033657,-0.06337,0.185608,0.003476,-0.058064,-0.170725,0.086864,0.004694,-0.037541,-0.190886,0.126257,0.046736,0.000282,-0.011649,0.10399,0.121072,0.18058,0.067209,0.094854,0.026506,0.048144,-0.046341,0.084617,-0.00837,-0.06413,-0.128226,0.132593,-0.030608,0.005815,-0.206698,0.202841,0.095502,0.052915,-0.111162,0.018483,0.005074,-0.128276,0.077151,-0.090559,-0.177976,-0.157057,-0.399793,0.095104,-0.000609,-0.12521,-0.340416,0.058494,-0.063484,-0.077466,-0.272091,-0.094241,-0.261726,-0.304711,-0.465123,0.089678,0.017459,-0.144882,-0.164119,-0.113283,-0.218075,-0.073998,-0.190464,0.125656,-0.128233,0.079921,-0.246474,0.083429,0.139161
收益质量,成本费用率,77.929879,82.117948,82.484602,83.386755,80.014881,83.812645,84.170216,84.696469,82.130984,84.781353,84.719651,85.271039,81.888575,85.781658,84.333426,86.541972,82.779007,83.559019,82.332175,84.3712,84.135494,84.212165,83.513362,83.590719,83.477192,85.250731,86.168835,86.322215,83.982711,90.116173,90.114849,91.335926,89.540778,88.530054,90.239586,89.462313,87.508041,87.806923,90.234485,88.316555,86.657325,93.772678,92.465052,91.758119,90.032645,85.91311,86.313163,85.437029,84.156427,83.971558,84.136991,83.368928,87.429906,81.153145,81.58462,82.956909,86.8417,83.183045,83.350815,83.857451,90.462587,82.012212,82.685985,81.643404,89.571883,83.095996,82.928217,85.362759,91.642931,87.221994,85.048235
收益质量,期间费用率,14.50972,17.327198,17.029904,15.718796,13.285232,17.341051,16.346826,16.2745,12.43822,16.470441,15.181683,15.748143,12.338115,15.635688,13.844991,14.869691,11.299667,14.786999,13.240414,12.983184,11.326666,16.347275,17.921636,18.957228,18.241986,21.205484,19.818316,19.382641,15.264193,22.241885,21.17955,23.349455,20.30732,25.098767,25.607277,24.814364,20.585082,28.576127,28.877819,27.764445,26.212963,27.293814,28.76541,27.056418,20.963039,22.66348,24.400143,21.895695,20.918328,22.343108,22.377236,22.446231,30.113394,21.760941,21.707736,22.372464,26.177559,22.365346,22.84846,23.884422,27.396513,24.225552,25.527014,24.217745,30.49838,23.040102,21.156443,22.532792,27.022722,24.180427,24.160658
收益质量,销售成本率,63.420158,64.790749,65.454697,67.667959,66.729649,66.471594,67.82339,68.421968,69.692764,68.310912,69.537967,69.522896,69.55046,70.145969,70.488435,71.672281,71.47934,68.77202,69.091761,71.388016,72.808827,67.864889,65.591725,64.63349,65.235205,64.045246,66.350518,66.939573,68.718517,67.874288,68.935299,67.98647,69.233458,63.431287,64.632309,64.647949,66.922959,59.230795,61.356665,60.55211,60.444361,66.478863,63.699641,64.7017,69.069605,63.249629,61.91302,63.541334,63.238098,61.62845,61.759754,60.922697,57.316512,59.392204,59.876884,60.584444,60.66414,60.817699,60.502354,59.973029,63.066073,57.78666,57.158971,57.425658,59.073502,60.055894,61.771774,62.829966,64.620209,63.041566,60.887576
收益质量,经营活动净现金/归属母公司的净利润,-0.139296,1.472904,0.229346,-0.239092,-0.408866,1.349019,0.02493,-0.425445,-1.163872,0.689133,0.035941,-0.29923,-1.249029,1.084772,0.377862,0.002502,-0.080717,0.783724,0.85411,1.336121,0.479903,0.696174,0.186249,0.341216,-0.357752,0.663149,-0.06843,-0.547627,-1.049957,1.39525,-0.432904,0.073399,-2.281939,2.456422,1.303602,0.656958,-1.133965,0.215141,0.06751,-1.538171,0.723064,-2.335642,-2.374133,-1.832535,-4.141953,0.822816,-0.005004,-0.956359,-2.83429,0.453723,-0.478444,-0.562434,-2.156047,-0.646281,-1.851742,-2.129803,-4.223108,0.665919,0.120407,-0.977817,-1.536824,-0.77497,-1.457186,-0.488644,-1.647246,0.877426,-0.902507,0.664294,-2.615857,0.71438,0.955234
收益质量,所得税/利润总额,17.278535,15.361605,13.238509,14.145563,14.094626,9.399515,8.27603,8.943416,10.846255,8.766892,12.00072,11.514743,12.721614,11.089505,15.073926,15.82195,15.09474,14.747258,17.498561,14.113189,15.603529,13.381926,13.576604,13.979268,13.854821,9.759785,12.543249,14.609695,14.441048,12.594113,18.098442,18.705345,15.17204,15.287993,13.839851,14.709663,14.356734,16.529901,13.758693,14.640453,17.313539,14.320096,12.796091,10.911105,14.120251,13.462289,13.36927,14.151953,15.975436,14.26175,14.497703,15.652705,16.278969,14.839523,14.991538,14.042455,16.956077,15.58998,13.902755,13.399456,16.012806,17.120842,12.936942,14.680068,14.125217,15.455443,13.009959,14.869466,15.0,6.565787,4.481964
财务风险,流动比率,1.692006,1.542095,1.57149,1.511921,1.568912,1.526573,1.572377,1.518421,1.625908,1.435802,1.450988,1.455683,1.557651,1.54375,1.522281,1.69709,1.67593,1.472613,1.492446,1.631686,1.921012,1.795409,1.815073,1.754656,1.750441,1.735624,1.752646,1.663065,1.571783,1.529302,1.614958,1.634126,1.68367,1.64887,2.335078,2.705103,2.987274,1.980478,2.073825,2.153178,2.694932,2.328065,3.543144,3.606372,3.759002,3.436663,3.87199,3.808534,3.63817,3.319366,3.311733,3.204197,3.384345,3.308621,3.617787,3.529709,3.416378,3.365897,3.741831,4.832243,5.694722,6.199468,6.960913,4.57813,1.65158,1.627282,,,,1.790574,1.807164
财务风险,速动比率,1.252135,1.151019,1.166871,1.101888,1.1646,1.137951,1.172188,1.104472,1.205517,1.052924,1.02424,1.039743,1.10658,1.144867,1.120758,1.234125,1.258147,1.020505,1.066685,1.129244,1.317331,1.221638,1.235835,1.170821,1.1949,1.160365,1.173614,1.142188,1.080339,0.971117,1.071335,1.058505,1.138186,1.135644,1.6234,1.964878,2.239587,1.369178,1.464548,1.566201,1.95508,1.672539,2.424983,2.628781,2.893909,2.624244,2.979064,2.968465,2.810276,2.558232,2.466076,2.352303,2.498839,2.515078,2.741058,2.781199,2.661264,2.762582,3.082408,4.06146,4.879677,5.485482,6.288507,4.212107,1.265272,1.326804,,,,1.167387,1.372526
财务风险,保守速动比率,1.097382,0.997245,0.965033,0.903623,0.929546,0.905792,0.998553,0.926596,1.029188,0.953149,0.957267,0.927452,0.974254,1.072002,1.016151,1.113438,1.131898,0.898233,0.899298,0.972831,1.059982,0.96846,1.019596,0.895801,0.925418,0.967849,0.867875,0.749116,0.670334,0.620034,0.769028,0.747414,0.722441,0.758275,1.070389,1.482908,1.842587,1.246487,1.288419,1.451047,1.781617,1.474918,1.96618,2.104774,2.318287,2.111749,2.318714,2.34549,2.638956,2.444342,2.365241,2.254919,2.347146,2.415859,2.625731,2.679703,2.565631,2.59728,2.867557,3.90915,4.679623,5.385589,6.178025,4.140233,1.153071,1.277836,,,,1.111254,1.268471
财务风险,资产负债率,38.84391,40.173851,39.060334,40.369226,40.373974,42.212199,40.798656,41.747942,41.300998,43.931766,44.064534,46.813259,46.103826,49.080233,47.847418,44.769182,41.962823,45.51756,42.921598,41.160611,36.415317,39.782101,39.251572,40.237442,41.16661,41.335077,40.193552,42.598416,45.275699,45.29491,43.668337,42.62952,41.124263,41.74154,39.061485,29.375953,26.756577,37.431553,37.394,36.096789,34.559164,35.460111,26.543708,26.556113,26.040874,25.795807,24.010059,25.052685,26.003415,28.152851,27.432614,28.183919,27.214721,27.826222,26.265096,26.014379,26.755229,28.445887,26.238887,21.055139,19.44118,18.276304,15.628,22.345694,51.755231,54.603986,,,,54.973909,57.156577
财务风险,权益乘数,1.652707,1.700252,1.686874,1.70579,1.705224,1.75636,1.737731,1.752319,1.743081,1.869022,1.873317,1.921341,1.908958,1.906439,1.880447,1.821966,1.774528,1.752415,1.708196,1.680528,1.616008,1.681596,1.674379,1.688669,1.70213,1.76356,1.747391,1.783994,1.827658,1.773995,1.746554,1.730005,1.707357,1.667,1.623128,1.492492,1.463041,1.57474,1.574034,1.557334,1.538508,1.457995,1.354531,1.354633,1.349877,1.369214,1.353266,1.362753,1.371484,1.388795,1.381707,1.389038,1.379683,1.391342,1.376436,1.374302,1.381328,1.312892,1.290837,1.245364,1.23252,1.406651,1.378758,1.463989,2.13823,2.210912,,,,2.269637,2.33408
财务风险,权益乘数(含少数股权的净资产),1.63516,1.671509,1.640967,1.676986,1.67712,1.730469,1.68915,1.716677,1.703606,1.783541,1.787774,1.880167,1.855419,1.963873,1.91745,1.810583,1.723033,1.835453,1.751976,1.699541,1.572705,1.660635,1.646133,1.673288,1.699715,1.704596,1.67206,1.742112,1.827341,1.827983,1.7752,1.743056,1.698492,1.716488,1.640998,1.415948,1.36531,1.598249,1.597291,1.564866,1.528097,1.549429,1.361353,1.361583,1.352098,1.347632,1.315963,1.33427,1.351413,1.391843,1.378029,1.392445,1.373904,1.385544,1.356209,1.351613,1.365285,1.397543,1.355727,1.266706,1.241329,1.223635,1.185227,1.287758,2.072763,2.202836,,,,2.220934,2.33408
财务风险,产权比率,63.494564,67.139495,64.24036,67.864798,67.836092,73.068985,69.107705,71.876179,70.361121,78.354656,78.777805,88.017364,85.541927,96.38739,91.745063,81.058338,72.303352,83.54538,75.197619,69.954181,57.27058,66.063582,64.613315,67.328849,69.971508,70.459613,67.206053,74.211221,82.734176,82.798347,77.520058,74.305672,69.849254,71.648891,64.099832,41.594831,36.53103,59.824968,59.7291,56.486659,52.809783,54.942939,36.135377,36.158372,35.209819,34.763274,31.596364,33.427062,35.141372,39.184368,37.802953,39.244579,37.39042,38.554476,35.620981,35.161399,36.528519,39.75437,35.572792,26.670689,24.132901,22.363532,18.522733,28.775859,107.276358,120.283658,,,,122.093456,133.408057
财务风险,现金比率,0.346001,0.358479,0.180981,0.204289,0.232861,0.296228,0.235233,0.230549,0.30088,0.3943,0.355649,0.405861,0.409117,0.566189,0.484968,0.557172,0.553527,0.425133,0.382439,0.447853,0.327448,0.302479,0.26886,0.260699,0.299553,0.38716,0.178153,0.111798,0.136313,0.168286,0.187965,0.173336,0.113926,0.197162,0.196205,0.45708,0.633336,0.179556,0.179861,0.201709,0.306687,0.246312,0.400819,0.491636,0.566143,0.645949,0.629589,0.62348,1.032291,1.079386,1.026648,1.02372,1.160913,1.201509,1.252428,1.342094,1.464867,1.60701,1.776543,2.595468,3.380243,3.936135,4.514154,3.141966,0.214966,0.418973,,,,0.360587,0.284539
营运能力,应收账款周转率,0.426825,1.945071,1.401878,0.947939,0.523067,2.091313,1.352852,0.92632,0.527347,2.344839,1.667079,1.109338,0.564185,2.675957,1.813748,1.20976,0.683352,3.012487,2.199586,1.459941,0.72827,2.637724,1.675034,1.067121,0.492514,2.532671,1.927908,1.363622,0.751212,2.175871,1.494804,0.945386,0.465409,1.451327,0.95768,0.597559,0.287419,1.1422,0.804872,0.537196,0.255902,0.978361,0.824447,0.575859,0.295576,1.3762,0.999379,0.644654,0.306075,1.65568,1.177949,0.771007,0.336758,1.758763,1.263804,0.836204,0.335055,1.960422,1.330813,0.917784,0.373899,2.068991,1.451817,0.914345,0.359022,2.56436,,,,3.208573,2.493559
营运能力,应收账款周转天数,210.859177,185.083142,192.598784,189.88559,172.062072,172.140603,199.578267,194.317156,170.665475,153.528611,161.959879,162.25884,159.521861,134.531265,148.862951,148.789733,131.703532,119.502561,122.750322,123.292618,123.58043,136.481253,161.19074,168.678099,182.735823,142.142405,140.048116,132.001332,119.806385,165.450933,180.625626,190.39841,193.378125,248.048746,281.931309,301.225429,313.131657,315.180984,335.456705,335.073061,351.696602,367.961966,327.491974,312.576255,304.489906,261.58988,270.167538,279.219442,294.045433,217.433205,229.211937,233.460716,267.253645,204.689281,213.640644,215.258312,268.612451,183.633915,202.883472,196.124441,240.706467,173.997838,185.973794,196.862232,250.680807,140.385882,,,,112.199388,144.371959
营运能力,存货周转率,0.35859,1.557951,1.229916,0.810118,0.440415,1.660061,1.337782,0.850062,0.48243,1.717144,1.242207,0.796063,0.400981,1.642472,1.224737,0.7963,0.46881,1.649303,1.382819,0.851736,0.459577,1.412602,0.988154,0.566445,0.278412,1.131225,0.965672,0.720095,0.384998,1.104056,0.960139,0.553926,0.29519,1.030263,0.754229,0.508707,0.271155,1.040765,0.80474,0.575633,0.26411,1.076496,0.729691,0.569722,0.344274,1.35248,0.965048,0.66675,0.310888,1.437306,0.954606,0.604862,0.23928,1.407024,1.025776,0.743395,0.268864,1.831049,1.281004,0.886171,0.367485,2.429137,1.949654,1.338883,0.506498,2.605368,,,,2.989256,3.144331
营运能力,存货周转天数,250.982539,231.072695,219.52718,222.189825,204.352302,216.859496,201.826483,211.74906,186.55539,209.650366,217.354959,226.112586,224.449265,219.181686,220.455326,226.045426,191.975253,218.274015,195.253195,211.332884,195.831837,254.848753,273.236537,317.77097,323.261099,318.238943,279.598034,249.966954,233.766921,326.070178,281.209036,324.95258,304.887833,349.425229,357.981293,353.83783,331.912419,345.899188,335.511916,312.699029,340.766057,334.418324,370.019207,315.943161,261.419417,266.177508,279.778602,269.965928,289.492899,250.468456,282.839089,297.588146,376.128301,255.858996,263.215178,242.132193,334.741074,196.608565,210.772126,203.120881,244.907392,148.200725,138.486062,134.440341,177.69052,138.176209,,,,120.431302,114.491757
营运能力,总资产周转率,0.083792,0.346228,0.270253,0.176422,0.094986,0.359366,0.280586,0.181486,0.098608,0.366309,0.270986,0.173249,0.087048,0.383863,0.290735,0.194078,0.110475,0.478849,0.390222,0.247197,0.133045,0.456352,0.33278,0.1969,0.093644,0.40518,0.328386,0.237637,0.124055,0.350663,0.287146,0.170353,0.084366,0.311382,0.219582,0.148205,0.072097,0.324459,0.233705,0.161631,0.076628,0.283361,0.219345,0.157133,0.0822,0.371223,0.273048,0.182831,0.086908,0.424693,0.297643,0.194747,0.08144,0.394804,0.285601,0.189054,0.06973,0.376569,0.260426,0.172468,0.065851,0.468959,0.346035,0.212125,0.132269,0.839119,,,,1.049725,0.884785
营运能力,总资产周转天数,1074.081493,1039.775307,999.063072,1020.277431,947.503733,1001.761664,962.270151,991.808354,912.703215,982.776801,996.359655,1038.963848,1033.906088,937.833085,928.678163,927.461397,814.657738,751.802529,691.913481,728.163421,676.45797,788.864279,811.345548,914.167575,961.077534,888.491858,822.201519,757.455375,725.482584,1026.626379,940.286759,1056.628893,1066.776553,1156.133344,1229.608607,1214.53201,1248.304915,1109.537445,1155.299004,1113.642376,1174.5022,1270.462538,1230.933685,1145.520286,1094.881893,969.766701,988.835977,984.512574,1035.575593,847.670542,907.126992,924.275787,1105.097622,911.844237,945.373285,952.108881,1290.6845,955.998411,1036.7598,1043.670987,1366.71731,767.657109,780.267466,848.555853,680.426996,429.021302,,,,342.94684,406.878265
营运能力,流动资产周转率,0.145208,0.610948,0.481066,0.314666,0.16905,0.650317,0.513985,0.334957,0.181819,0.659729,0.491922,0.311138,0.157573,0.656012,0.492415,0.320718,0.18143,0.750602,0.604331,0.374236,0.200082,0.677138,0.489828,0.291047,0.138414,0.61412,0.506147,0.364468,0.189429,0.553604,0.452298,0.270941,0.135461,0.50387,0.357528,0.226987,0.111736,0.519405,0.37746,0.263442,0.121481,0.423178,0.315302,0.223285,0.116281,0.497661,0.358406,0.236089,0.112303,0.546663,0.382916,0.251194,0.104691,0.496983,0.360171,0.239408,0.088371,0.448702,0.31052,0.202954,0.075362,0.560756,0.410679,0.248534,0.178408,1.118924,,,,1.431098,1.242022
营运能力,流动资产周转天数,619.797398,589.247751,561.253037,572.035055,532.385669,553.575542,525.306405,537.382067,494.99651,545.678141,548.867063,578.520294,571.160267,548.769769,548.317462,561.240049,496.057758,479.61494,446.774791,480.979263,449.814287,531.648787,551.212898,618.456212,650.221075,586.20447,533.441005,493.869878,475.111677,650.283626,596.950892,664.351004,664.396818,714.469629,755.18505,792.994369,805.467333,693.099579,715.305905,683.261393,740.851397,850.704914,856.321793,806.144117,773.984638,723.383311,753.335126,762.423191,801.397109,658.540403,705.113766,716.577364,859.666418,724.36942,749.642936,751.851741,1018.426474,802.313786,869.506753,886.896681,1194.23412,641.989407,657.446927,724.246855,504.460325,321.737603,,,,251.555093,289.849843
营运能力,应付账款周转率,0.532064,1.942083,1.588842,1.101209,0.586871,2.087921,1.611879,1.040659,0.52257,2.046793,1.621976,1.059167,0.53537,2.244158,1.736178,1.21824,0.559449,2.755558,2.059518,1.380055,0.647576,2.634529,2.034911,1.255554,0.548193,2.144117,1.617,1.119558,,2.622439,,1.406845,0.678832,2.501246,1.818206,1.16764,0.545461,1.896147,1.325446,0.794843,0.408997,2.127424,1.517641,0.961663,0.428597,1.739627,1.21246,0.800849,0.381993,1.923985,1.463577,1.043024,0.508026,2.2171,1.713118,1.082084,0.54416,2.7833,2.058113,1.501711,0.77892,2.875259,2.006631,1.215101,0.560623,2.217196,,,,4.276638,4.343353
