选项,指标,20260331,20251231,20250930,20250630,20250331,20241231,20240930,20240630,20240331,20231231,20230930,20230630,20230331,20221231,20220930,20220630,20220331,20211231,20210930,20210630,20210331,20201231,20200930,20200630,20200331,20191231,20190930,20190630,20190331,20181231,20180930,20180630,20180331,20171231,20170930,20170630,20170331,20161231,20160930,20160630,20160331,20151231,20150930,20150630,20150331,20141231,20140930,20140630,20140331,20131231,20130930,20130630,20130331,20121231,20120930,20120630,20120331,20111231,20110930,20110630,20110331,20101231,20100930,20100630,20100331,20091231,20090930,20090630,20090331,20081231,20080930,20080630,20080331,20071231,20070930,20070630,20070331,20061231,20051231
常用指标,归母净利润,103490493.68,416857430.13,319687821.07,191414546.61,73748906.36,377249771.46,240962327.36,127580961.76,45419615.41,340295962.21,234274744.15,158419160.38,36038595.8,336675024.13,199555947.44,143371545.56,32632637.98,329599084.0,188064618.8,119369482.55,75222499.25,789979468.86,666778662.5,557839436.93,35000425.05,-1844478909.62,70302791.54,144961535.82,65136635.36,-160357084.28,125837689.57,98683794.1,30692056.34,97104399.33,72592333.06,46288960.87,20658946.8,75352579.39,51400800.5,28634957.94,13947109.38,84804685.95,66491104.78,52035110.01,11695714.17,63503347.88,50632963.13,46417569.75,13244732.87,102593677.36,93563481.43,84579051.05,25694156.39,151449727.71,113898999.69,77087752.0,23999570.88,139706686.76,100530953.92,63563579.71,22102595.38,126133691.91,98267880.29,57566365.67,21079904.4,107937542.57,84096383.0,44522548.71,11994359.18,74658001.85,45194080.12,31809196.61,10196422.05,57039703.37,35137778.0,24214915.54,9356884.23,34200581.86,24956166.44
常用指标,营业总收入,498507224.31,2322227263.96,1684842417.66,1031828125.32,466891117.16,2788686090.26,1778592381.69,1152078084.01,465376644.65,2795215872.67,1772813000.01,1259721423.03,440425003.71,2364807791.16,1711014964.96,1046104255.61,436283778.91,2532790959.24,1438391112.31,985057963.26,352930447.31,2025109933.68,1300113501.58,843903303.65,207952588.96,2059678676.41,1814296130.05,1046020340.26,395665107.86,1950903081.84,1377930676.09,1102538808.14,459453270.15,1171553611.2,789243358.66,461987265.08,190435539.56,1065508630.29,642892191.7,434171955.66,195139315.86,1498813791.52,987780056.91,660051095.59,271933755.7,1404153163.12,947982230.08,661277699.75,251714467.29,1481028649.92,967987555.15,659277842.67,255107152.24,1402749727.46,957638336.93,649067152.32,266397835.92,1372790206.42,863403020.65,559801141.03,259787148.83,1049053839.91,764161478.56,489968992.66,221337851.73,979420179.37,746992648.26,465592672.61,184587552.2,752622891.07,587569639.3,344753301.63,163840707.1,660936125.23,507536847.15,335308357.22,156956338.2,499710281.45,399750690.64
常用指标,营业成本,376427553.46,1863922176.65,1348420798.01,832164079.93,386124708.95,2358749115.16,1525163145.53,1016470207.85,417252039.21,2360761651.1,1495715914.16,1076227948.34,400870976.45,2004260003.09,1509538226.0,916826997.21,385885725.27,2136284903.86,1207799434.49,836702308.12,296384430.3,1647736880.08,1100863233.07,714226357.28,187986210.79,2058632828.08,1624965400.49,925202061.27,338258462.38,1710292910.89,1193515701.33,956662866.56,421857026.45,1104691252.13,718956547.84,411634944.61,170165379.04,980856161.34,584215503.87,398252279.66,183143503.66,1405137944.6,927023872.88,597923060.51,256992795.5,1333533408.94,894640818.39,611107718.85,236853218.56,1375489375.17,863406443.78,561135016.48,224195117.61,1220055667.93,822454349.81,550840556.81,235598938.81,1197554996.18,740388648.0,479088737.11,233720635.07,906856333.06,636601479.76,413679407.21,192639029.86,832402823.61,636926466.04,399166570.69,167525611.27,660651548.52,525119211.18,302620358.32,147050998.64,562905183.6,446180074.75,295651345.64,141038495.93,443783673.09,359591794.48
常用指标,净利润,103794379.7,418989903.64,319663445.21,191364490.66,73768842.45,379275326.46,232136533.19,124570349.58,42969607.58,348536154.78,237912078.67,159945947.49,34941220.27,349513573.49,208152527.24,146136669.44,34297331.65,343758995.6,192753386.17,123983883.18,78245188.35,794448096.76,667343699.09,556450527.84,33540778.5,-2097259264.26,59263413.11,153728175.57,72180097.86,-145100767.87,147960991.41,113122913.31,33740252.79,102179145.07,80039317.54,50976947.97,20585135.92,82875363.84,61083058.41,37155229.22,12916328.94,104585432.75,72253340.72,56542243.69,13108498.26,65652140.23,52518561.19,49623707.82,13548981.22,103338774.74,94107584.98,88200014.3,26776818.46,164706499.38,125741859.76,87263560.25,26217577.38,153057262.58,109337333.6,71107681.33,22838579.82,141825861.85,114726239.56,69635271.76,25751028.48,121937260.42,104795119.45,58362773.77,14498477.06,88465932.38,56555958.31,40006717.26,14089341.25,70071540.74,43921759.28,28604642.69,11640089.17,40249668.88,33571461.24
常用指标,扣非净利润,102096944.47,379212290.78,309185913.29,184439167.81,67288244.02,360772357.92,229186590.33,118007123.67,42755018.4,332472558.54,220113931.52,152217747.92,31628424.62,311309052.9,180112881.43,129030040.02,28495914.89,310872753.05,168832170.81,106460165.17,40033001.53,208101555.4,124305230.78,83708511.19,18145945.38,-1550038573.39,42515679.31,103684189.76,36987344.17,-750980812.53,110628005.49,93047942.74,26944210.28,53455928.24,61011854.43,44180382.64,16426389.14,64655906.27,38132040.85,24610138.23,10039286.77,65420730.69,50145017.28,50363085.81,10820580.96,55827679.62,41617095.41,39156333.06,12935978.99,92048791.24,86976412.4,80564989.6,25191684.15,142607519.4,106376177.51,75076170.28,23616753.89,139331642.23,95981714.72,60870723.64,21011557.2,108588139.21,93300857.19,52643938.34,18710948.77,100036925.51,78541660.63,42736770.04,11250494.44,73095272.29,43911540.81,31306862.13,13320335.21,51453393.12,,,,33963244.48,25138387.14
常用指标,股东权益合计(净资产),4513695169.69,4410324021.18,4322186568.34,4268756539.66,4145997125.93,4072222938.29,3933306154.32,3873684194.32,3791894900.1,3752578751.92,3645532413.23,3570265591.07,3442452457.35,3403478707.26,3262546520.85,3199401658.46,3086925997.38,3054203430.61,2898349075.11,2827921600.28,2750500712.28,2876633382.0,2608241954.19,2525882069.37,1686814439.42,1802411789.58,3976742829.38,4070934040.1,4054231231.46,3989473818.4,4280181684.52,4289617556.56,3466215643.18,3435016097.1,2513800354.21,2485471032.6,2458477989.07,2439003874.66,2390996889.11,2366377878.94,2363405533.96,2349565319.24,1686589726.82,1664277192.16,1681794669.75,1670068750.92,1658396722.71,1656216537.86,1633146177.24,1617421982.35,1635759700.14,1601484311.55,1562750665.72,1535040897.26,1490310009.03,1447051809.52,1389506026.65,1366014449.27,1338198549.55,1299968897.27,1277485161.7,1254681215.94,1226351992.84,1181261025.04,1163196984.26,1112071405.12,1080060661.49,590611555.3,569854085.55,555288781.53,524031932.46,506076441.41,211582015.4,197492674.15,,,,124247805.74,90072375.81
常用指标,商誉,62482378.54,62482378.54,62482378.54,62497545.59,62497545.59,62497545.59,62497545.59,62497545.59,62497545.59,62497545.59,62497545.59,62497545.59,62497545.59,62497545.59,62497545.59,62497545.59,62497545.59,62497545.59,62497545.59,62497545.59,62497545.59,62497545.59,62497545.59,62497545.59,62497545.59,62497545.59,520976498.96,520976498.96,520976498.96,520976498.96,1418463298.96,1418463298.96,1418463298.96,1418463298.96,517895654.76,517895654.76,517895654.76,517895654.76,517895654.76,517895654.76,517895654.76,517895654.76,26854437.95,26854437.95,26854437.95,26854437.95,26854437.95,26854437.95,26854437.95,26854437.95,37135659.35,,,,,,,,,,,,,,,,,,,,,,,,,,,,
常用指标,经营现金流量净额,87523433.32,429447796.91,378907822.35,141467494.74,31448145.03,683707343.42,490683780.0,226124719.55,-31240963.14,322772604.78,192525085.72,49031104.63,-109153374.87,498009072.67,277233753.25,135046509.11,4563332.01,155824003.2,53412703.32,-25040385.75,-65826010.92,379974331.94,316791028.04,217468067.54,51629278.59,-169643444.53,-373934888.75,-334946954.63,-413185773.77,227618394.41,-224925681.64,-69225555.01,-268468648.54,251322781.09,169422314.44,61406045.23,27334842.33,53083966.17,-13362524.82,-42772166.73,-19240298.87,98246385.9,48766672.52,35715763.37,20211246.43,-5009305.61,-7514713.22,-4615124.48,-54875226.29,-6690517.81,27700496.14,31426183.32,5863048.39,3321390.77,40353911.86,29436249.99,26376475.92,-63362526.53,498355.78,4410279.24,-7695203.81,60315053.69,52230889.33,-2182795.21,-41122429.48,131953071.47,109529908.35,2512023.68,-11622371.28,19970551.49,6802457.42,25850788.04,57642617.7,150454362.82,12162573.81,16253373.98,10964171.27,44098075.86,24791813.07
常用指标,基本每股收益,0.1246,0.502,0.3848,0.2304,0.0888,0.449,0.2861,0.1515,0.0539,0.404,0.2781,0.1881,0.0428,0.4,0.2369,0.1702,0.0387,0.391,0.2233,0.1417,0.0893,0.938,0.7444,0.6623,0.0416,-2.1899,0.0835,0.1721,0.0773,-0.2002,0.1571,0.1265,0.043,0.157,0.117,0.0746,0.033,0.121,0.083,0.046,0.023,0.159,0.1288,0.101,0.0453,0.123,0.1961,0.18,0.05,0.397,0.36,0.33,0.1,0.59,0.44,0.3,0.19,0.54,0.78,0.49,0.17,0.98,0.761,0.4459,0.16,0.94,0.76,0.402,0.108,0.75,0.41,0.383,0.115,0.69,,,,5.9,4.3
常用指标,每股净资产,5.560752,5.436707,5.328229,5.223447,5.078661,4.989898,4.769338,4.692854,4.595193,4.543266,4.42453,4.336104,4.189105,4.146359,3.984879,3.91749,3.785628,3.74716,3.572174,3.489805,3.399843,3.348823,3.216512,3.147029,2.277381,2.246293,4.530528,4.619002,4.523722,4.446782,4.786463,4.763298,4.455815,4.413259,3.843298,3.801519,3.759759,3.726218,3.686608,3.649597,3.655749,3.632517,3.110045,3.07725,6.042456,5.996656,5.949725,5.933455,5.854985,5.803646,5.824277,5.760718,5.620534,5.508898,5.348614,5.187532,9.989798,9.803899,9.475619,9.189272,9.068118,8.896913,8.683033,8.367762,8.28514,8.121856,7.888948,4.782813,4.693326,4.580622,4.314462,4.19355,2.079879,1.95703,,,,17.754834,12.116139
常用指标,每股现金流,0.105338,0.516858,0.456031,0.170262,0.037849,0.82287,0.582572,0.26847,-0.037091,0.383217,0.228578,0.058212,-0.129594,0.591269,0.32915,0.160336,0.005417,0.185004,0.063415,-0.029729,-0.078153,0.45113,0.376115,0.258192,0.061297,-0.201411,-0.44396,-0.397671,-0.490561,0.270243,-0.267046,-0.082189,-0.373836,0.349961,0.272982,0.09894,0.044043,0.085531,-0.02153,-0.068916,-0.031001,0.158299,0.094435,0.069162,0.078277,-0.0194,-0.029104,-0.017874,-0.212529,-0.025912,0.107283,0.121712,0.022707,0.012863,0.156289,0.114005,0.20431,-0.490801,0.00386,0.034161,-0.059606,0.467196,0.404576,-0.016907,-0.318531,1.022099,0.848411,0.022692,-0.104989,0.180402,0.061449,0.233521,0.694489,1.812703,,,,7.603116,4.27445
常用指标,净资产收益率(ROE),2.34,9.92,7.67,4.66,1.82,9.79,6.33,3.4,1.23,9.67,6.75,4.62,1.07,10.58,6.41,4.74,1.08,11.58,6.78,4.36,2.6,33.57,29.97,26.14,1.8,-65.56,1.86,3.8,1.72,-5.06,3.45,2.85,0.96,4.11,3.09,1.98,0.89,3.3,2.26,1.26,0.62,5.02,4.22,3.31,0.75,4.28,3.34,3.05,0.88,7.04,6.42,6.46,1.79,11.91,8.65,5.76,1.88,11.61,8.39,5.4,1.91,11.5,9.05,5.38,1.99,16.34,,7.77,,22.3,,17.84,,45.0,,,,39.75,43.31
常用指标,总资产报酬率(ROA),1.99077,7.179212,5.366756,3.162711,1.183691,6.538659,4.084661,2.262658,0.794778,6.462795,4.464896,3.13774,0.635854,6.417833,4.067128,2.900735,0.637716,6.743083,3.703935,2.451972,0.932068,17.931008,15.436521,14.2707,0.633227,-35.819998,1.601135,2.669639,1.309135,0.419899,2.892785,2.274302,0.730483,2.53641,2.628057,1.741516,0.729907,2.998428,2.247794,1.303546,0.522894,3.624851,2.850991,2.181975,0.606112,2.856777,2.11589,2.06647,0.56121,4.694566,4.270616,4.126077,1.27389,8.450372,6.098572,4.242935,1.433243,8.428377,5.96068,4.039824,1.3339,8.008469,6.459015,4.239807,1.533959,9.509862,7.776345,5.095269,1.332945,9.706793,7.528327,4.897558,2.494678,16.874488,,,,12.290276,9.909248
常用指标,毛利率,33.049112,30.043633,30.528506,30.320068,29.167929,25.291837,25.55845,23.580238,24.715381,25.492924,27.2293,25.286542,22.731553,25.273884,23.354898,22.911544,21.706576,25.062208,24.959602,24.614412,27.122453,29.342013,27.174443,28.77675,29.28898,13.671945,19.315914,21.317983,26.519689,25.269651,24.504319,22.353091,19.099996,24.162956,23.186573,28.883535,26.951071,27.297565,29.962714,29.508083,25.401921,19.216541,18.109679,21.407863,18.208482,19.764336,20.759831,23.429467,25.350991,22.363844,24.738496,26.966096,27.757234,25.443891,24.83549,24.667762,24.458503,23.375895,24.175188,24.005438,21.352948,26.043153,26.805107,26.199018,23.863445,23.909701,22.711829,22.304694,19.089985,23.352137,20.836108,23.270527,21.900288,23.304413,20.914516,20.189789,20.327178,21.560829,22.028959
常用指标,销售净利率,20.821038,18.042588,18.972898,18.546159,15.800009,13.600502,13.051699,10.812665,9.233296,12.469024,13.420032,12.69693,7.933523,14.776194,12.165441,13.969608,7.861243,13.572339,13.400624,12.586455,13.226082,37.726798,48.265787,67.184549,11.792029,-101.824584,3.266468,14.69648,18.242725,-7.43762,10.737912,10.26022,7.343565,8.721678,10.141272,11.034275,10.809503,7.778009,9.501291,8.557722,6.619029,6.97788,7.314719,8.566343,4.820474,4.675568,5.540036,7.504216,5.382678,6.9775,9.721982,13.378276,10.496302,11.741688,13.130412,13.444457,9.841512,11.149355,12.663533,12.70231,8.791266,13.519407,15.01335,14.212179,11.634263,12.886192,14.028935,12.535157,7.854525,11.75435,9.625405,11.604447,8.599414,10.601862,8.653905,8.530846,7.416131,8.0546,8.398099
常用指标,期间费用率,7.416551,9.144503,9.362721,9.903556,10.97328,9.123967,10.418163,10.712434,12.883882,9.163944,10.65395,9.824004,12.754167,9.29137,10.88089,9.740552,9.389056,8.608517,8.147846,8.731286,10.204718,9.975735,11.119972,12.685026,18.7373,12.809571,8.209955,8.957019,10.885869,11.99777,10.492197,8.525161,10.364973,13.938281,12.972981,15.517278,14.559261,14.166736,15.624845,16.147348,16.077962,10.664107,11.322143,11.411397,13.843621,13.467309,14.886519,15.521041,18.876784,13.445405,13.43556,11.488419,14.974325,11.014124,10.08125,8.879123,12.23314,8.816903,9.471561,9.076671,10.955958,10.383214,9.264751,9.645703,9.904085,7.82207,7.783368,7.854759,9.679569,10.909706,10.079357,10.897306,11.466875,8.169433,8.586847,8.043517,9.881062,9.51783,10.840265
常用指标,资产负债率,30.05347,31.238473,34.247636,36.870552,40.134881,41.188574,42.400618,40.635505,39.848133,41.682262,43.043219,40.994678,42.418435,43.324958,41.077519,41.22235,41.163765,43.591077,45.905852,44.198284,43.248093,44.280974,43.556892,44.889302,64.525993,63.283318,47.429665,46.033454,46.335098,47.37205,41.940116,42.192223,51.905234,48.650241,34.728734,33.274481,33.199239,33.908379,31.535161,34.282891,33.64213,35.846235,42.643023,45.268087,47.170136,48.379866,49.645236,48.866303,46.666682,43.600542,42.140752,38.986527,38.670629,39.267697,38.075463,37.215468,38.628871,39.521314,38.557517,39.274913,39.437745,41.901113,41.175563,39.942483,39.941954,44.136268,44.352714,56.5971,59.17107,60.423835,57.609208,60.870637,77.428203,72.618861,,,,76.169157,79.332806
每股指标,基本每股收益,0.1246,0.502,0.3848,0.2304,0.0888,0.449,0.2861,0.1515,0.0539,0.404,0.2781,0.1881,0.0428,0.4,0.2369,0.1702,0.0387,0.391,0.2233,0.1417,0.0893,0.938,0.7444,0.6623,0.0416,-2.1899,0.0835,0.1721,0.0773,-0.2002,0.1571,0.1265,0.043,0.157,0.117,0.0746,0.033,0.121,0.083,0.046,0.023,0.159,0.1288,0.101,0.0453,0.123,0.1961,0.18,0.05,0.397,0.36,0.33,0.1,0.59,0.44,0.3,0.19,0.54,0.78,0.49,0.17,0.98,0.761,0.4459,0.16,0.94,0.76,0.402,0.108,0.75,0.41,0.383,0.115,0.69,,,,5.9,4.3
每股指标,稀释每股收益,0.1246,0.502,0.3848,0.2304,0.0888,0.449,0.2861,0.1515,0.0539,0.404,0.2781,0.1881,0.0428,0.4,0.2369,0.1702,0.0387,0.391,0.2233,0.1417,0.0893,0.938,0.7444,0.6623,0.0416,-2.1899,0.0835,0.1721,0.0773,-0.2002,0.1571,0.1265,0.043,0.157,0.117,0.0746,0.033,0.121,0.083,0.046,0.023,0.159,0.1288,0.101,0.0453,0.123,0.1961,0.18,0.05,0.397,0.36,0.33,0.1,0.59,0.44,0.3,0.19,0.54,0.78,0.49,0.17,0.98,0.761,0.4459,0.16,0.94,0.76,0.402,0.108,0.75,0.41,0.383,0.0862,0.69,,,,5.9,4.3
每股指标,摊薄每股收益_最新股数,0.124555,0.501705,0.384757,0.230375,0.088759,0.454035,0.290008,0.153549,0.054664,0.40956,0.281959,0.190664,0.043373,0.405095,0.240173,0.172553,0.039274,0.396686,0.226343,0.143666,0.052542,0.914138,0.754554,0.684046,0.031269,-2.219907,0.084612,0.174467,0.078394,-0.192996,0.15145,0.11877,0.036939,0.116869,0.087367,0.05571,0.024863,0.090689,0.061863,0.034463,0.016785,0.102065,0.080024,0.062626,0.014076,0.076428,0.060938,0.055865,0.01594,0.123475,0.112607,0.101794,0.030923,0.182276,0.137082,0.092778,0.028884,0.168142,0.120993,0.076501,0.026601,0.151807,0.118269,0.069283,0.02537,0.131529,0.101213,0.053584,0.014435,0.089854,0.054392,0.038283,0.012271,0.068649,0.042289,0.029143,0.011261,0.041161,0.030035
每股指标,摊薄每股净资产_期末股数,5.560752,5.436707,5.328229,5.223447,5.078661,4.989898,4.769338,4.692854,4.595193,4.543266,4.42453,4.336104,4.189105,4.146359,3.984879,3.91749,3.785628,3.74716,3.572174,3.489805,3.399843,3.348823,3.216512,3.147029,2.277381,2.246293,4.530528,4.619002,4.523722,4.446782,4.786463,4.763298,4.455815,4.413259,3.843298,3.801519,3.759759,3.726218,3.686608,3.649597,3.655749,3.632517,3.110045,3.07725,6.042456,5.996656,5.949725,5.933455,5.854985,5.803646,5.824277,5.760718,5.620534,5.508898,5.348614,5.187532,9.989798,9.803899,9.475619,9.189272,9.068118,8.896913,8.683033,8.367762,8.28514,8.121856,7.888948,4.782813,4.693326,4.580622,4.314462,4.19355,2.079879,1.95703,,,,17.754834,12.116139
每股指标,调整每股净资产_期末股数,5.165977,5.076668,4.965335,4.858195,4.710881,4.632454,4.413216,4.320772,4.213471,4.15367,4.029062,3.931605,3.757126,3.71679,3.556728,3.492365,3.35125,3.3144,3.140519,3.060136,2.971751,2.918992,2.776528,2.710921,1.744607,1.712754,3.621376,3.70596,3.640895,3.583676,2.876732,2.82444,2.184701,2.139997,2.69476,2.651124,2.607742,2.571658,2.543802,2.505817,2.514234,2.489032,2.780806,2.6669,5.22321,5.166974,5.117764,5.096114,5.013203,4.959423,4.949011,5.02928,4.909531,4.794094,4.642651,4.47777,8.562673,8.369174,8.051139,7.754745,7.745931,7.767259,7.58166,7.541776,7.335769,7.167794,7.163457,4.198535,4.105982,3.990001,3.723354,3.612402,1.287088,1.186519,,,,13.532985,10.041898
每股指标,每股净资产_最新股数,5.560752,5.436707,5.328229,5.223447,5.078661,4.989898,4.834717,4.757186,4.658185,4.605546,4.485183,4.395545,4.246531,4.203198,4.039505,3.971192,3.837522,3.798527,3.621143,3.537644,3.446449,3.39473,3.260605,3.19017,2.3086,2.277086,4.592634,4.682321,4.585734,4.50774,4.852077,4.828595,3.851234,3.814452,2.870788,2.839581,2.808388,2.783334,2.753747,2.726101,2.730696,2.713343,1.93292,1.912538,1.87772,1.863487,1.848903,1.843847,1.819462,1.803509,1.80992,1.790168,1.746606,1.711914,1.662105,1.612049,1.552187,1.523302,1.472295,1.427803,1.408979,1.382377,1.349145,1.300159,1.287322,1.261951,1.225762,0.637224,0.625301,0.610285,0.574824,0.558715,0.207767,0.195495,,,,0.123938,0.084577
每股指标,每股经营现金流,0.105338,0.516858,0.456031,0.170262,0.037849,0.82287,0.582572,0.26847,-0.037091,0.383217,0.228578,0.058212,-0.129594,0.591269,0.32915,0.160336,0.005417,0.185004,0.063415,-0.029729,-0.078153,0.45113,0.376115,0.258192,0.061297,-0.201411,-0.44396,-0.397671,-0.490561,0.270243,-0.267046,-0.082189,-0.373836,0.349961,0.272982,0.09894,0.044043,0.085531,-0.02153,-0.068916,-0.031001,0.158299,0.094435,0.069162,0.078277,-0.0194,-0.029104,-0.017874,-0.212529,-0.025912,0.107283,0.121712,0.022707,0.012863,0.156289,0.114005,0.20431,-0.490801,0.00386,0.034161,-0.059606,0.467196,0.404576,-0.016907,-0.318531,1.022099,0.848411,0.022692,-0.104989,0.180402,0.061449,0.233521,0.694489,1.812703,,,,7.603116,4.27445
每股指标,每股现金流量净额,0.064424,0.37771,0.340978,0.155982,-0.001439,1.116519,-0.166713,-0.045362,-0.073681,-0.070485,0.187459,0.050099,-0.1328,0.412294,0.221005,0.121824,-0.115748,0.141648,0.057432,-0.042924,-0.088935,0.059989,-0.040225,-0.027466,-0.08463,-0.360921,-0.365748,-0.384494,-0.446291,0.226982,-0.090697,0.105919,-0.167266,0.158794,0.023124,-0.078948,-0.023066,-0.015299,-0.049813,-0.10157,-0.047743,0.254612,0.018988,0.030105,0.059717,-0.537659,-0.277816,-0.114846,-0.248546,-0.372374,-0.363094,-0.308204,-0.163633,-0.373468,-0.335294,-0.268503,-0.127308,-1.871957,-1.329489,-1.055126,-0.458187,-0.539903,-0.423559,-0.029054,-0.16342,3.592966,3.604955,-0.542303,-0.239337,1.868221,1.687107,3.137529,1.897329,0.272492,,,,-1.075037,2.493187
每股指标,每股企业自由现金流量,,0.128692,,-0.080251,,0.054585,,0.014896,,0.002532,,-0.0305,,0.048053,,-0.065037,,0.263099,,0.213635,,0.065702,,-0.308113,,0.441202,,0.388914,,-1.509854,,-0.899255,,-0.063695,,-0.005728,,-0.034011,,0.070336,,-0.078647,,0.169928,,0.115389,,0.173272,,0.339438,,-0.086297,,0.570992,,-0.11983,,0.169285,,-0.105693,,0.204416,,-0.023528,,-3.249609,,0.188657,,-2.57453,,-3.618095,,0.208654,,,,-5.823321,3.972693
每股指标,每股股东自由现金流量,,0.116657,,-0.092286,,0.060603,,0.014777,,0.008468,,-0.030381,,0.048053,,-0.065037,,0.216677,,0.213516,,-0.391751,,-0.505199,,0.2903,,0.364338,,-0.809367,,-0.583442,,-0.088759,,-0.005728,,-0.005009,,0.070336,,-0.097982,,0.18542,,0.115389,,0.173272,,0.336587,,-0.128899,,0.59423,,-0.100465,,0.347442,,-0.136677,,0.204416,,0.09266,,-3.275171,,0.158846,,-2.823853,,-2.918908,,0.833955,,,,-5.426769,3.541659
每股指标,每股未分配利润,1.622668,1.498113,1.409828,1.304011,1.162395,1.073635,0.897307,0.762693,0.665146,0.61122,0.485253,0.395192,0.249894,0.207106,0.044415,-0.02229,-0.153766,-0.19251,-0.360549,-0.442108,-0.532,-0.583832,-0.698415,-0.767969,-1.411918,-1.442765,0.860793,0.949433,0.85466,0.777325,1.117114,1.084875,1.177713,1.134975,1.29193,1.249549,1.208252,1.174966,1.140621,1.10394,1.110274,1.087801,1.298317,1.270323,2.434414,2.389117,2.36175,2.345424,2.266902,2.215651,2.230728,2.183551,2.055492,1.955979,1.86232,1.719751,3.128285,2.942386,2.738953,2.452606,2.331452,2.160247,2.046989,1.731718,1.649096,1.485813,1.356502,1.224486,1.134999,1.022295,0.786028,0.665117,0.626695,0.503847,,,,12.686172,7.788629
每股指标,每股资本公积金,2.770106,2.770106,2.771373,2.771373,2.771373,2.771373,2.779761,2.779761,2.779761,2.77991,2.77991,2.77991,2.77991,2.77991,2.77991,2.77991,2.77991,2.77991,2.77991,2.77991,2.77991,2.77991,2.77991,2.77991,2.55433,2.55433,2.551129,2.551129,2.551129,2.551129,2.551129,2.560529,2.139927,2.139927,1.408998,1.408998,1.408998,1.408998,1.407816,1.407816,1.407816,1.407816,0.673235,0.668091,2.331966,2.331966,2.331966,2.331966,2.331966,2.331966,2.371044,2.35892,2.346796,2.334672,2.31982,2.301308,5.528567,5.528567,5.503739,5.503739,5.503739,5.503739,5.490754,5.490754,5.490754,5.490754,5.457469,2.470887,2.470887,2.470887,2.470887,2.470887,0.376433,0.376433,,,,1.685495,1.62484
每股指标,每股盈余公积金,0.148324,0.148324,0.119642,0.119642,0.119642,0.119642,0.118024,0.118024,0.118024,0.118024,0.118024,0.118024,0.118024,0.118024,0.118024,0.118024,0.118024,0.118024,0.118024,0.118024,0.118024,0.118024,0.118024,0.118024,0.118024,0.118024,0.118024,0.118024,0.118024,0.118024,0.118024,0.118024,0.138424,0.138424,0.142041,0.142041,0.142041,0.142041,0.137793,0.137793,0.137793,0.137793,0.139198,0.139198,0.278397,0.278397,0.255916,0.255916,0.255916,0.255916,0.218246,0.218246,0.218246,0.218246,0.166472,0.166472,0.332945,0.332945,0.232926,0.232926,0.232926,0.232926,0.145288,0.145288,0.145288,0.145288,,0.087438,0.087438,0.087438,0.057545,0.057545,0.07675,0.07675,,,,2.383165,1.702669
每股指标,每股留存收益,1.770993,1.646438,1.529471,1.423653,1.282038,1.193278,1.015332,0.880718,0.783171,0.729245,0.603277,0.513217,0.367918,0.325131,0.16244,0.095734,-0.035741,-0.074485,-0.242524,-0.324083,-0.413975,-0.465807,-0.58039,-0.649944,-1.293894,-1.32474,0.978818,1.067458,0.972684,0.89535,1.235139,1.2029,1.316138,1.2734,1.433972,1.39159,1.350294,1.317007,1.278415,1.241733,1.248067,1.225595,1.437515,1.409522,2.712811,2.667514,2.617667,2.601341,2.522819,2.471567,2.448974,2.401797,2.273738,2.174225,2.028793,1.886224,3.461231,3.275332,2.971879,2.685532,2.564378,2.393173,2.192278,1.877007,1.794385,1.631102,1.356502,1.311925,1.222438,1.109734,0.843574,0.722662,0.703446,0.580597,,,,15.069338,9.491299
每股指标,每股营业收入,0.599974,2.794897,2.027778,1.241848,0.561922,3.3563,2.111662,1.367823,0.552525,3.318665,2.104801,1.495624,0.522901,2.807656,2.03143,1.242004,0.517985,3.007097,1.707753,1.169526,0.419022,2.404344,1.54358,1.001937,0.246895,2.445386,2.154052,1.241904,0.469759,2.316241,1.63597,1.309007,0.639778,1.631362,1.271671,0.744378,0.30684,1.716805,1.035862,0.699561,0.314419,2.41497,1.912819,1.278177,1.05319,5.438238,3.671503,2.561106,0.974881,5.735974,3.748983,2.553361,0.988021,5.432802,3.708901,2.513815,2.063499,10.633541,6.687862,4.336182,2.012293,8.125901,5.919143,3.795267,1.714468,7.586523,5.786155,4.205895,1.667457,6.798761,5.307765,3.114302,1.973984,7.963085,,,,86.156945,68.922532
每股指标,每股营业总收入,0.599974,2.794897,2.027778,1.241848,0.561922,3.3563,2.111662,1.367823,0.552525,3.318665,2.104801,1.495624,0.522901,2.807656,2.03143,1.242004,0.517985,3.007097,1.707753,1.169526,0.419022,2.404344,1.54358,1.001937,0.246895,2.445386,2.154052,1.241904,0.469759,2.316241,1.63597,1.309007,0.639778,1.631362,1.271671,0.744378,0.30684,1.716805,1.035862,0.699561,0.314419,2.41497,1.912819,1.278177,1.05319,5.438238,3.671503,2.561106,0.974881,5.735974,3.748983,2.553361,0.988021,5.432802,3.708901,2.513815,2.063499,10.633541,6.687862,4.336182,2.012293,8.125901,5.919143,3.795267,1.714468,7.586523,5.786155,4.205895,1.667457,6.798761,5.307765,3.114302,1.973984,7.963085,,,,86.156945,68.922532
每股指标,每股息税前利润,0.154145,0.576239,0.435913,0.260477,0.098653,0.525643,0.32161,0.174076,0.060101,0.477454,0.328948,0.224656,0.045252,0.435064,0.264408,0.186965,0.040359,0.418154,0.228449,0.147007,0.054657,1.039321,0.873292,0.804142,0.036327,-2.655758,0.143952,0.239682,0.117622,0.03557,0.24147,0.190498,0.070676,0.183301,0.159674,0.104037,0.043341,0.177613,0.129563,0.076276,0.030431,0.201432,0.17048,0.132593,0.075338,0.337629,0.252449,0.244374,0.064445,0.490488,0.442831,0.411677,0.12521,0.783217,0.550964,0.374951,0.251054,1.442235,1.001341,0.67283,0.220539,1.287351,1.019568,0.649904,0.233347,1.250079,1.007128,0.636069,0.168502,0.931379,0.665602,0.44565,0.249264,1.263194,,,,10.141564,7.445996
盈利能力,净资产收益率(ROE),2.34,9.92,7.67,4.66,1.82,9.79,6.33,3.4,1.23,9.67,6.75,4.62,1.07,10.58,6.41,4.74,1.08,11.58,6.78,4.36,2.6,33.57,29.97,26.14,1.8,-65.56,1.86,3.8,1.72,-5.06,3.45,2.85,0.96,4.11,3.09,1.98,0.89,3.3,2.26,1.26,0.62,5.02,4.22,3.31,0.75,4.28,3.34,3.05,0.88,7.04,6.42,6.46,1.79,11.91,8.65,5.76,1.88,11.61,8.39,5.4,1.91,11.5,9.05,5.38,1.99,16.34,,7.77,,22.3,,17.84,,45.0,,,,39.75,43.31
盈利能力,摊薄净资产收益率,2.239896,9.228109,7.221115,4.410409,1.747702,9.099098,5.998451,3.227727,1.173512,8.892763,6.286463,4.337665,1.021397,9.637779,5.945626,4.345134,1.023439,10.443158,6.250611,4.061068,1.524526,26.928167,23.141542,21.44233,1.354491,-97.488915,1.842348,3.726084,1.709533,-4.281444,3.121362,2.459722,0.959151,3.063852,3.043341,1.961933,0.885344,3.25832,2.246502,1.264199,0.614712,3.76163,4.140097,3.274517,0.749647,4.101391,3.295946,3.029831,0.876115,6.846417,6.221685,5.686302,1.770518,10.647496,8.247501,5.76,1.860889,11.038043,8.217996,5.357978,1.88799,10.981597,8.76625,5.328846,1.970799,10.422682,8.26,8.41,2.31,14.72,9.46,6.85,5.91,35.12,,,,33.21,35.51
盈利能力,净资产收益率_平均,2.265161,9.623559,7.457895,4.511261,1.763109,9.463569,6.144069,3.280004,1.18018,9.298849,6.490422,4.434647,1.026623,10.125191,6.128422,4.441695,1.028666,10.973503,6.418811,4.123,1.52787,32.234419,27.251582,25.023401,1.363799,-65.437397,1.859535,3.796867,1.724195,-4.638114,3.495075,2.748337,0.963753,3.542678,3.090413,1.981558,0.88931,3.299809,2.263104,1.267164,0.616671,4.460115,4.215816,3.317054,0.752499,4.168475,3.33691,3.06334,0.879973,7.024801,6.394822,5.813362,1.788278,11.268241,8.606883,5.918208,1.878366,11.573386,8.47685,5.444589,1.905983,11.482161,9.059345,5.408532,1.990493,14.050485,11.025143,8.590672,2.336655,22.302333,14.122167,10.151985,6.086261,42.982071,,,,39.480815,35.512856
盈利能力,净资产收益率_平均_扣除非经常损益,2.23466,8.754484,7.212899,4.346866,1.608655,9.050222,5.843811,3.033868,1.110944,9.085069,6.098107,4.26105,0.900992,9.364814,5.53132,3.99739,0.898266,10.350038,5.762391,3.677115,1.401066,8.831698,5.403208,3.685456,0.952502,-54.991406,1.124555,2.715721,0.979071,-21.721118,3.072634,2.591379,0.846068,1.950242,2.597407,1.891293,0.70711,2.831385,1.6789,1.089056,0.443887,3.440658,3.179405,3.210468,0.696193,3.66463,2.742729,2.584133,0.859459,6.302771,5.944613,5.537464,1.753306,10.610358,8.038414,5.763774,1.848404,11.542317,8.093255,5.21393,1.811899,9.88496,8.601434,4.946055,1.766802,12.861468,10.296912,8.246104,2.191741,21.835504,13.721402,9.991663,7.95093,38.772526,,,,39.206835,35.772158
盈利能力,摊薄净资产收益率_扣除非经常损益,2.209735,8.394747,6.983897,4.249688,1.594597,8.701671,5.705309,2.985514,1.104667,8.688318,5.906475,4.167865,0.896405,8.914006,5.366333,3.910488,0.893702,9.849825,5.611392,3.62188,1.398,7.377873,4.588304,3.158034,0.946001,-81.926433,1.114162,2.665093,0.970745,-20.05077,2.74409,2.319247,0.842028,1.686649,2.557844,1.872562,0.703956,2.795785,1.666583,1.086508,0.442476,2.901828,3.122301,3.169298,0.693554,3.605655,2.709059,2.555866,0.855691,6.142722,5.783665,5.416434,1.735894,10.025855,7.702769,5.61,1.831206,11.008411,7.846114,5.130989,1.794794,9.454026,8.323153,4.873183,1.749321,9.540667,7.71,7.45,2.17,14.42,9.19,6.74,5.53,31.68,,,,32.98,35.77
盈利能力,息税前利润率,25.691966,20.617572,21.497122,20.975019,17.556399,15.661391,15.230211,12.726561,10.877587,14.386948,15.628504,15.020901,8.654172,15.495635,13.015901,15.053521,7.791625,13.905591,13.377177,12.569858,13.044112,43.226791,56.575747,80.258724,14.713781,-108.602791,6.682873,19.299589,25.038956,1.535685,14.760101,14.552891,11.047008,11.236105,12.556262,13.976351,14.125242,10.345599,12.50776,10.903498,9.678711,8.340976,8.912515,10.373639,7.153336,6.20844,6.875906,9.541753,6.610562,8.551092,11.812043,16.122963,12.672835,14.41646,14.855205,14.915614,12.166464,13.56308,14.972519,15.516654,10.959616,15.842571,17.224929,17.124088,13.610473,16.477632,17.405825,15.123286,10.105364,13.69925,12.540166,14.309787,12.627473,15.863126,13.093053,12.831756,11.158083,11.771035,10.803428
盈利能力,总资产报酬率,1.99077,7.179212,5.366756,3.162711,1.183691,6.538659,4.084661,2.262658,0.794778,6.462795,4.464896,3.13774,0.635854,6.417833,4.067128,2.900735,0.637716,6.743083,3.703935,2.451972,0.932068,17.931008,15.436521,14.2707,0.633227,-35.819998,1.601135,2.669639,1.309135,0.419899,2.892785,2.274302,0.730483,2.53641,2.628057,1.741516,0.729907,2.998428,2.247794,1.303546,0.522894,3.624851,2.850991,2.181975,0.606112,2.856777,2.11589,2.06647,0.56121,4.694566,4.270616,4.126077,1.27389,8.450372,6.098572,4.242935,1.433243,8.428377,5.96068,4.039824,1.3339,8.008469,6.459015,4.239807,1.533959,9.509862,7.776345,5.095269,1.332945,9.706793,7.528327,4.897558,2.494678,16.874488,,,,12.290276,9.909248
盈利能力,总资本回报率,2.782516,10.951181,8.370519,5.051755,1.940427,10.83116,6.829295,3.726275,1.300724,10.860982,7.589419,5.235156,1.072886,10.8856,6.757672,4.816018,1.057051,11.625225,6.472487,4.213103,1.586504,31.591976,26.792982,24.227636,1.155796,-61.736269,2.609239,4.363436,2.145984,0.751647,5.114097,4.050089,1.445773,3.863317,4.163927,2.727896,1.142699,4.780922,3.520025,2.082735,0.830958,6.444435,5.44866,4.184457,1.19861,5.491582,4.134842,3.995118,1.060341,8.292974,7.477479,7.000434,2.147684,14.341919,10.242961,7.076656,2.422029,14.79319,10.489147,7.146444,2.351781,14.597111,11.728724,7.545854,2.722383,19.694259,16.163247,12.575617,3.348197,26.311748,19.934462,11.664693,6.998213,59.015877,,,,56.301135,49.655037
盈利能力,投入资本回报率,2.261273,9.595459,7.435407,4.500489,1.763155,9.427228,6.129766,3.283241,1.176602,9.270802,6.48012,4.424678,1.041276,10.101636,6.134773,4.438574,1.025209,10.991604,6.365395,4.121071,1.519957,28.570334,23.94339,21.339226,1.172832,-49.087567,2.237791,3.6406,1.569465,-3.116295,3.603566,2.893738,1.069527,3.479591,3.045272,2.018444,0.867532,3.317671,2.301917,1.299,0.624508,4.607756,4.412138,3.399023,0.891224,4.431901,3.277292,3.205996,0.943097,7.244239,6.232014,5.794844,1.759954,11.380957,7.971794,5.255425,1.885321,11.729678,8.260822,5.449251,1.934238,11.429743,8.598522,5.345786,1.819858,13.680222,10.263986,8.296238,2.254287,21.341804,14.918831,9.074983,4.507854,34.209437,,,,34.748571,31.165751
盈利能力,息前税后总资产报酬率_平均,1.622567,6.322423,4.766848,2.816853,1.07584,5.721445,3.533182,1.94718,0.68047,5.649047,3.870947,2.677319,0.598819,6.180558,3.849229,2.724331,0.649736,6.678686,3.751556,2.502209,0.958853,16.307514,13.806613,12.540088,0.612353,-32.528982,1.227419,2.343323,1.050509,-1.527057,2.104489,1.829626,0.485593,2.015275,2.122594,1.415036,0.55857,2.285353,1.707495,1.047633,0.357594,3.165306,2.339878,1.916041,0.408445,2.375936,1.704809,1.763299,0.456968,4.128508,3.51496,3.556054,1.055102,7.259706,5.390485,3.824446,1.159358,7.28729,5.041454,3.431279,1.069989,7.026659,5.629715,3.613405,1.311232,7.603155,6.267663,4.362907,1.036049,9.173268,5.778488,4.624043,1.698896,11.878982,,,,8.849368,8.19628
盈利能力,毛利率,33.049112,30.043633,30.528506,30.320068,29.167929,25.291837,25.55845,23.580238,24.715381,25.492924,27.2293,25.286542,22.731553,25.273884,23.354898,22.911544,21.706576,25.062208,24.959602,24.614412,27.122453,29.342013,27.174443,28.77675,29.28898,13.671945,19.315914,21.317983,26.519689,25.269651,24.504319,22.353091,19.099996,24.162956,23.186573,28.883535,26.951071,27.297565,29.962714,29.508083,25.401921,19.216541,18.109679,21.407863,18.208482,19.764336,20.759831,23.429467,25.350991,22.363844,24.738496,26.966096,27.757234,25.443891,24.83549,24.667762,24.458503,23.375895,24.175188,24.005438,21.352948,26.043153,26.805107,26.199018,23.863445,23.909701,22.711829,22.304694,19.089985,23.352137,20.836108,23.270527,21.900288,23.304413,20.914516,20.189789,20.327178,21.560829,22.028959
盈利能力,销售净利率,20.821038,18.042588,18.972898,18.546159,15.800009,13.600502,13.051699,10.812665,9.233296,12.469024,13.420032,12.69693,7.933523,14.776194,12.165441,13.969608,7.861243,13.572339,13.400624,12.586455,13.226082,37.726798,48.265787,67.184549,11.792029,-101.824584,3.266468,14.69648,18.242725,-7.43762,10.737912,10.26022,7.343565,8.721678,10.141272,11.034275,10.809503,7.778009,9.501291,8.557722,6.619029,6.97788,7.314719,8.566343,4.820474,4.675568,5.540036,7.504216,5.382678,6.9775,9.721982,13.378276,10.496302,11.741688,13.130412,13.444457,9.841512,11.149355,12.663533,12.70231,8.791266,13.519407,15.01335,14.212179,11.634263,12.886192,14.028935,12.535157,7.854525,11.75435,9.625405,11.604447,8.599414,10.601862,8.653905,8.530846,7.416131,8.0546,8.398099
盈利能力,成本费用利润率,34.387224,25.920259,27.114997,26.186183,21.269563,18.558389,17.803456,14.445985,12.246721,17.067466,18.578487,17.62656,9.372722,18.268918,14.69595,17.142966,8.798094,16.404241,15.902047,14.656895,15.468071,51.641672,64.612724,91.668608,13.725311,-112.775171,5.429272,19.461085,27.486471,-0.365587,15.690585,15.20867,10.469495,12.286522,14.001005,15.761069,16.265242,11.785954,14.386246,12.348096,10.53411,8.786803,9.040457,10.922521,6.415452,6.104978,7.189422,9.668723,6.40759,8.792742,13.115667,18.463388,14.171288,16.09553,17.816224,18.661787,13.335222,15.198335,17.379812,17.678933,11.666762,18.332508,21.170477,20.063284,16.313639,19.293844,20.70113,17.193304,10.817479,14.284678,12.154285,14.155044,11.965335,18.026232,14.187495,14.047305,11.886435,12.904187,11.558933
盈利能力,营业利润率,25.979745,20.789895,21.651784,21.182391,17.776611,15.826941,15.572097,13.081151,11.730842,14.722201,15.783982,15.118809,8.616498,15.663812,13.267073,15.32408,8.111056,13.924848,13.387918,12.680895,13.329411,41.948802,54.624902,77.176743,13.44345,-111.643702,5.178366,17.317412,23.27017,-1.154196,13.689185,13.323387,9.558579,11.110977,10.27553,12.384337,11.301152,8.325831,9.703549,8.821808,7.102013,6.539322,6.388929,9.451834,5.55877,5.150626,5.626836,7.586824,5.968739,7.195337,10.803972,14.886413,12.117274,13.051379,14.261247,15.347223,11.561241,12.851433,14.297453,14.47547,10.033796,13.504099,16.692806,15.570288,12.96607,15.4469,16.732283,14.266998,9.243278,12.220109,10.6286,12.221186,10.24758,14.832135,12.084139,11.827027,10.141573,11.34812,10.310269
盈利能力,总资产净利率_平均,1.608618,6.250605,4.736945,2.797208,1.064984,5.647909,3.63348,1.968847,0.713103,5.468814,3.775344,2.626965,0.601212,5.894934,3.644387,2.640937,0.612184,6.310382,3.62017,2.363833,0.883872,15.55801,13.157315,11.975261,0.537693,-29.536483,0.928387,1.916978,0.860728,-2.247475,1.789823,1.398784,0.441723,1.871028,1.925104,1.248479,0.560573,2.049647,1.43684,0.788488,0.386132,2.458925,2.153272,1.658202,0.364425,2.081018,1.643601,1.520195,0.446706,3.80304,3.494637,3.28312,1.012441,6.328569,4.882788,3.378477,1.061276,6.324098,4.635399,2.956235,1.035508,6.07795,4.822089,2.908967,1.07338,6.439786,5.029697,3.221772,0.857107,7.028747,4.617611,3.157844,1.229487,9.180357,,,,7.145986,5.726216
盈利能力,总资产净利率_平均(含少数股东损益),1.613341,6.282581,4.736584,2.796476,1.065271,5.678234,3.500396,1.922386,0.674637,5.60124,3.83396,2.652282,0.582905,6.119861,3.801382,2.691871,0.643414,6.581482,3.710427,2.45521,0.945071,15.649543,13.169173,11.945997,0.507485,-33.584371,0.782606,2.032908,0.953801,-2.033651,2.104489,1.60345,0.485593,1.96881,2.122594,1.37492,0.55857,2.254273,1.707495,1.023101,0.357594,3.032471,2.339878,1.801831,0.408445,2.151435,1.704809,1.625197,0.456968,3.83066,3.51496,3.423676,1.055102,6.882524,5.390485,3.824446,1.159358,6.928438,5.041454,3.307098,1.069989,6.834102,5.629715,3.518839,1.311232,7.437106,6.267663,4.223289,1.036049,8.328707,5.778488,3.971649,1.698896,11.27779,,,,8.409903,7.703004
成长能力,归母净利润,103490493.68,416857430.13,319687821.07,191414546.61,73748906.36,377249771.46,240962327.36,127580961.76,45419615.41,340295962.21,234274744.15,158419160.38,36038595.8,336675024.13,199555947.44,143371545.56,32632637.98,329599084.0,188064618.8,119369482.55,75222499.25,789979468.86,666778662.5,557839436.93,35000425.05,-1844478909.62,70302791.54,144961535.82,65136635.36,-160357084.28,125837689.57,98683794.1,30692056.34,97104399.33,72592333.06,46288960.87,20658946.8,75352579.39,51400800.5,28634957.94,13947109.38,84804685.95,66491104.78,52035110.01,11695714.17,63503347.88,50632963.13,46417569.75,13244732.87,102593677.36,93563481.43,84579051.05,25694156.39,151449727.71,113898999.69,77087752.0,23999570.88,139706686.76,100530953.92,63563579.71,22102595.38,126133691.91,98267880.29,57566365.67,21079904.4,107937542.57,84096383.0,44522548.71,11994359.18,74658001.85,45194080.12,31809196.61,10196422.05,57039703.37,35137778.0,24214915.54,9356884.23,34200581.86,24956166.44
成长能力,营业总收入,498507224.31,2322227263.96,1684842417.66,1031828125.32,466891117.16,2788686090.26,1778592381.69,1152078084.01,465376644.65,2795215872.67,1772813000.01,1259721423.03,440425003.71,2364807791.16,1711014964.96,1046104255.61,436283778.91,2532790959.24,1438391112.31,985057963.26,352930447.31,2025109933.68,1300113501.58,843903303.65,207952588.96,2059678676.41,1814296130.05,1046020340.26,395665107.86,1950903081.84,1377930676.09,1102538808.14,459453270.15,1171553611.2,789243358.66,461987265.08,190435539.56,1065508630.29,642892191.7,434171955.66,195139315.86,1498813791.52,987780056.91,660051095.59,271933755.7,1404153163.12,947982230.08,661277699.75,251714467.29,1481028649.92,967987555.15,659277842.67,255107152.24,1402749727.46,957638336.93,649067152.32,266397835.92,1372790206.42,863403020.65,559801141.03,259787148.83,1049053839.91,764161478.56,489968992.66,221337851.73,979420179.37,746992648.26,465592672.61,184587552.2,752622891.07,587569639.3,344753301.63,163840707.1,660936125.23,507536847.15,335308357.22,156956338.2,499710281.45,399750690.64
成长能力,净利润,103794379.7,418989903.64,319663445.21,191364490.66,73768842.45,379275326.46,232136533.19,124570349.58,42969607.58,348536154.78,237912078.67,159945947.49,34941220.27,349513573.49,208152527.24,146136669.44,34297331.65,343758995.6,192753386.17,123983883.18,78245188.35,794448096.76,667343699.09,556450527.84,33540778.5,-2097259264.26,59263413.11,153728175.57,72180097.86,-145100767.87,147960991.41,113122913.31,33740252.79,102179145.07,80039317.54,50976947.97,20585135.92,82875363.84,61083058.41,37155229.22,12916328.94,104585432.75,72253340.72,56542243.69,13108498.26,65652140.23,52518561.19,49623707.82,13548981.22,103338774.74,94107584.98,88200014.3,26776818.46,164706499.38,125741859.76,87263560.25,26217577.38,153057262.58,109337333.6,71107681.33,22838579.82,141825861.85,114726239.56,69635271.76,25751028.48,121937260.42,104795119.45,58362773.77,14498477.06,88465932.38,56555958.31,40006717.26,14089341.25,70071540.74,43921759.28,28604642.69,11640089.17,40249668.88,33571461.24
成长能力,扣非净利润,102096944.47,379212290.78,309185913.29,184439167.81,67288244.02,360772357.92,229186590.33,118007123.67,42755018.4,332472558.54,220113931.52,152217747.92,31628424.62,311309052.9,180112881.43,129030040.02,28495914.89,310872753.05,168832170.81,106460165.17,40033001.53,208101555.4,124305230.78,83708511.19,18145945.38,-1550038573.39,42515679.31,103684189.76,36987344.17,-750980812.53,110628005.49,93047942.74,26944210.28,53455928.24,61011854.43,44180382.64,16426389.14,64655906.27,38132040.85,24610138.23,10039286.77,65420730.69,50145017.28,50363085.81,10820580.96,55827679.62,41617095.41,39156333.06,12935978.99,92048791.24,86976412.4,80564989.6,25191684.15,142607519.4,106376177.51,75076170.28,23616753.89,139331642.23,95981714.72,60870723.64,21011557.2,108588139.21,93300857.19,52643938.34,18710948.77,100036925.51,78541660.63,42736770.04,11250494.44,73095272.29,43911540.81,31306862.13,13320335.21,51453393.12,,,,33963244.48,25138387.14
成长能力,营业总收入增长率,6.771623,-16.726831,-5.27102,-10.437656,0.325429,-0.233605,0.326,-8.545011,5.665355,18.200552,3.611776,20.420256,0.949204,-6.632334,18.953388,6.197228,23.617495,25.069306,10.63581,16.726402,69.716784,-1.678356,-28.340612,-19.322476,-47.442272,5.575653,31.668171,-5.126211,-13.883492,66.522732,74.588821,138.651342,141.264456,9.952522,22.764495,6.406519,-2.41047,-28.909872,-34.915451,-34.221462,-28.240127,6.741474,4.198161,-0.18549,8.032628,-5.190681,-2.066692,0.30334,-1.329905,5.580391,1.080702,1.573133,-4.238279,2.182381,10.914406,15.946021,2.544655,30.859842,12.986985,14.25236,17.371315,7.109682,2.298393,5.235546,19.909413,30.134253,27.132615,35.050968,12.662814,13.872258,15.768863,2.816793,4.386168,32.263863,,,,25.005482,
成长能力,归属母公司净利润增长率,40.328174,10.499054,32.671287,50.033785,62.37237,10.859314,2.854589,-19.466205,26.03048,1.075499,17.398026,10.495537,10.437273,2.119759,6.110308,20.107369,-56.618514,-58.277512,-71.795045,-78.601462,24.730438,141.179138,791.778213,292.077483,-60.112342,-1050.232256,-44.132165,46.894976,112.226364,-265.138845,73.348457,113.190774,48.565445,28.866722,41.22802,61.651925,48.123501,-11.145736,-22.695222,-44.969929,19.249745,33.543645,31.319797,12.102185,-11.695356,-38.102084,-45.88384,-45.119306,-48.452353,-32.258922,-17.853991,9.717884,7.060899,8.405496,13.297442,21.276605,8.582591,10.7608,2.302963,10.417913,4.851497,16.858035,16.851494,29.297103,75.748483,46.381008,86.078315,39.967535,17.633019,30.88778,28.61963,31.361996,8.972407,66.77992,,,,37.04261,
收益质量,经营活动净现金/销售收入,0.175571,0.184929,0.224892,0.137103,0.067356,0.245171,0.275883,0.196275,-0.06713,0.115473,0.108598,0.038922,-0.247836,0.210591,0.162028,0.129094,0.010459,0.061522,0.037133,-0.02542,-0.186512,0.187631,0.243664,0.257693,0.248274,-0.082364,-0.206104,-0.32021,-1.044281,0.116673,-0.163234,-0.062787,-0.584321,0.21452,0.214664,0.132917,0.143538,0.04982,-0.020785,-0.098514,-0.098597,0.065549,0.049369,0.05411,0.074324,-0.003567,-0.007927,-0.006979,-0.218005,-0.004517,0.028616,0.047667,0.022982,0.002367,0.042138,0.045351,0.099011,-0.046156,0.000577,0.007878,-0.029621,0.057494,0.06835,-0.004454,-0.18579,0.134725,0.146627,0.005395,-0.062964,0.026534,0.011577,0.074983,0.351821,0.227638,0.023963,0.048472,0.069854,0.088247,0.062018
收益质量,经营性现金净流量/营业总收入,0.175571,0.184929,0.224892,0.137103,0.067356,0.245171,0.275883,0.196275,-0.06713,0.115473,0.108598,0.038922,-0.247836,0.210591,0.162028,0.129094,0.010459,0.061522,0.037133,-0.02542,-0.186512,0.187631,0.243664,0.257693,0.248274,-0.082364,-0.206104,-0.32021,-1.044281,0.116673,-0.163234,-0.062787,-0.584321,0.21452,0.214664,0.132917,0.143538,0.04982,-0.020785,-0.098514,-0.098597,0.065549,0.049369,0.05411,0.074324,-0.003567,-0.007927,-0.006979,-0.218005,-0.004517,0.028616,0.047667,0.022982,0.002367,0.042138,0.045351,0.099011,-0.046156,0.000577,0.007878,-0.029621,0.057494,0.06835,-0.004454,-0.18579,0.134725,0.146627,0.005395,-0.062964,0.026534,0.011577,0.074983,0.351821,0.227638,0.023963,0.048472,0.069854,0.088247,0.062018
收益质量,成本费用率,74.367439,79.100869,78.834214,79.583488,81.805351,83.83213,84.859713,87.132195,88.1685,83.67102,83.42465,84.537462,90.022614,84.017486,87.525991,86.829008,87.68248,83.546309,83.188243,84.116873,83.082265,80.633721,83.945529,83.908275,89.44832,99.137625,88.894041,87.639035,84.36618,86.728118,85.987878,86.17207,91.264976,89.775324,89.786407,86.633742,87.60819,86.86917,85.662131,86.639264,90.67604,91.447565,93.212464,90.003534,95.635139,93.702972,94.126687,92.091573,93.525792,91.081561,88.697064,84.522322,87.21709,85.570232,85.24576,84.21136,87.774636,85.441008,85.296373,85.071232,89.60301,84.34006,82.459644,83.446684,86.04064,83.912368,85.071539,85.550064,90.589584,87.557568,89.243248,87.626779,89.566587,84.865019,87.672331,87.853728,89.553883,87.957001,88.811305
收益质量,期间费用率,7.416551,9.144503,9.362721,9.903556,10.97328,9.123967,10.418163,10.712434,12.883882,9.163944,10.65395,9.824004,12.754167,9.29137,10.88089,9.740552,9.389056,8.608517,8.147846,8.731286,10.204718,9.975735,11.119972,12.685026,18.7373,12.809571,8.209955,8.957019,10.885869,11.99777,10.492197,8.525161,10.364973,13.938281,12.972981,15.517278,14.559261,14.166736,15.624845,16.147348,16.077962,10.664107,11.322143,11.411397,13.843621,13.467309,14.886519,15.521041,18.876784,13.445405,13.43556,11.488419,14.974325,11.014124,10.08125,8.879123,12.23314,8.816903,9.471561,9.076671,10.955958,10.383214,9.264751,9.645703,9.904085,7.82207,7.783368,7.854759,9.679569,10.909706,10.079357,10.897306,11.466875,8.169433,8.586847,8.043517,9.881062,9.51783,10.840265
收益质量,销售成本率,66.950887,69.956366,69.471493,69.679931,70.83207,74.708162,74.441549,76.419761,75.284618,74.507075,72.770699,74.713457,77.268446,74.726115,76.645101,77.088455,78.293423,74.937791,75.040397,75.385587,72.877546,70.657986,72.825556,71.223249,70.711019,86.328054,80.684085,78.682016,73.48031,74.730348,75.49568,77.646908,80.900003,75.837043,76.813426,71.116464,73.048928,72.702434,70.037285,70.491916,74.598078,80.783458,81.89032,78.592136,81.791517,80.235663,79.240168,76.570532,74.649008,77.636155,75.261503,73.033903,72.242765,74.556108,75.164509,75.332237,75.541496,76.624104,75.824811,75.994561,78.647051,73.956846,73.194892,73.800981,76.136554,76.090298,77.28817,77.695305,80.910014,76.647862,79.163891,76.729472,78.099711,76.695586,79.085483,79.81021,79.672821,78.43917,77.97104
收益质量,经营活动净现金/归属母公司的净利润,0.845714,1.030203,1.185243,0.739063,0.426421,1.812346,2.03635,1.772401,-0.687829,0.948505,0.821791,0.309502,-3.028791,1.47959,1.389253,0.941933,0.139839,0.472768,0.284012,-0.209772,-1.507827,0.500268,0.505293,0.382622,1.987157,,-5.318919,-2.310591,-6.343369,,-1.787426,-0.701488,-8.74717,2.58817,2.333887,1.32658,1.323147,0.704474,-0.259967,-1.493704,-1.379518,1.158501,0.733431,0.686378,1.728089,-0.078882,-0.148415,-0.099426,-4.143173,-0.065213,0.29606,0.371559,0.228186,0.02193,0.354295,0.381853,1.099039,-0.453539,0.004957,0.069383,-0.348158,0.478183,0.531515,-0.037917,-1.950788,1.20742,1.302433,0.056421,-0.968986,0.267493,0.150516,0.812682,5.65322,2.637712,0.346139,0.671213,1.171775,1.289395,0.993414
收益质量,所得税/利润总额,18.581624,12.000898,11.241618,11.006392,9.193473,12.581336,13.610457,14.097276,14.488698,12.685103,13.413775,14.791691,5.97383,3.732415,5.421339,6.150188,-1.903673,0.968967,-1.300135,-2.088857,-2.916908,9.399007,11.013573,12.653808,3.950709,,32.319398,13.831468,21.331235,,20.412753,21.711331,23.144123,20.929566,19.328035,19.188891,24.142157,24.030713,22.901445,20.008581,30.704679,13.159869,13.197286,12.860915,21.432123,18.267099,18.133573,15.721593,10.180149,12.874553,16.429077,14.273054,15.076986,14.748401,13.545044,14.450126,15.920025,14.140693,14.576124,15.541384,15.903393,12.561672,13.998604,15.111362,17.113387,20.406087,20.338886,14.778319,19.84777,6.020212,11.261062,6.442975,19.758697,30.697566,30.4265,30.874397,30.330708,29.035208,18.192147
财务风险,流动比率,2.638352,2.52597,2.321393,2.167156,1.967842,1.898935,1.805467,1.872391,1.886409,1.807111,1.740076,1.791152,1.711613,1.660448,1.704183,1.704661,1.649286,1.565713,1.498198,1.494866,1.477538,1.425161,1.501268,1.482437,0.948729,0.990714,1.58114,1.681571,1.696853,1.700716,1.687739,1.707793,1.34607,1.388128,1.954103,2.028614,1.998398,1.970003,2.060164,1.899805,1.934542,1.825811,1.864161,1.587632,1.559535,1.52567,1.494517,1.522284,1.571971,1.647675,1.772013,1.871902,1.814001,1.784816,1.965594,2.00747,1.93155,1.900183,1.958436,1.919535,1.975173,1.869014,1.975767,2.067802,2.064345,1.873383,1.896282,1.405003,1.364588,1.346523,1.373042,1.556671,1.139915,0.87607,,,,1.111438,1.044471
财务风险,速动比率,1.865668,1.753957,1.604957,1.441895,1.303189,1.255158,1.205189,1.233919,1.211893,1.191527,1.107082,1.138754,1.074932,1.098705,1.17223,1.174005,1.076197,1.051683,0.921021,0.962445,0.921767,0.948519,0.92495,0.954348,0.59913,0.664765,1.275868,1.390005,1.394918,1.392854,1.228858,1.270953,1.00211,1.061019,1.343541,1.353966,1.383847,1.394786,1.343283,1.277173,1.315777,1.266072,1.165001,0.900657,0.879028,0.863781,0.830032,0.922216,1.042838,1.122587,1.20848,1.293113,1.261281,1.239919,1.384961,1.35354,1.320129,1.282853,1.23719,1.23756,1.30169,1.248558,1.381324,1.429522,1.387026,1.19734,1.263899,0.610435,0.596491,0.612583,0.710301,0.998143,0.724101,0.475241,,,,0.597784,0.53002
财务风险,保守速动比率,1.678817,1.587561,1.403663,1.234071,1.068882,1.056633,0.95626,0.979503,0.938625,0.91257,0.796732,0.815887,0.750719,0.785013,0.873297,0.852973,0.741826,0.711859,0.638949,0.687816,0.610003,0.660025,0.60995,0.669227,0.394993,0.490979,0.9798,1.083364,1.059713,1.163155,0.891706,0.980847,0.741946,0.794298,1.001243,1.050777,1.15038,1.184785,1.105268,1.02082,1.072163,1.003307,0.852068,0.730233,0.715939,0.707871,0.675929,0.755005,0.779933,0.970545,0.982465,1.064519,1.073238,1.130256,1.171705,1.142951,1.172639,1.158146,1.024313,1.075636,1.115991,1.143369,1.183762,1.32206,1.285605,1.122028,1.150612,0.53296,0.483269,0.518257,0.5411,0.827591,0.60028,0.394741,,,,0.374739,0.435496
财务风险,资产负债率,30.05347,31.238473,34.247636,36.870552,40.134881,41.188574,42.400618,40.635505,39.848133,41.682262,43.043219,40.994678,42.418435,43.324958,41.077519,41.22235,41.163765,43.591077,45.905852,44.198284,43.248093,44.280974,43.556892,44.889302,64.525993,63.283318,47.429665,46.033454,46.335098,47.37205,41.940116,42.192223,51.905234,48.650241,34.728734,33.274481,33.199239,33.908379,31.535161,34.282891,33.64213,35.846235,42.643023,45.268087,47.170136,48.379866,49.645236,48.866303,46.666682,43.600542,42.140752,38.986527,38.670629,39.267697,38.075463,37.215468,38.628871,39.521314,38.557517,39.274913,39.437745,41.901113,41.175563,39.942483,39.941954,44.136268,44.352714,56.5971,59.17107,60.423835,57.609208,60.870637,77.428203,72.618861,,,,76.169157,79.332806
财务风险,权益乘数,1.408141,1.53962,1.57441,1.612773,1.655526,1.675587,1.690959,1.665951,1.654993,1.700341,1.71916,1.688125,1.707589,1.717608,1.681605,1.681863,1.680319,1.73896,1.773068,1.744201,1.728608,2.071885,2.071211,2.089591,2.536387,2.215476,2.002972,1.980652,2.003182,2.063699,1.952748,1.964803,2.181803,1.893438,1.605322,1.587178,1.586431,1.609939,1.575055,1.60708,1.597046,1.813846,1.957864,2.000391,2.064894,2.003093,2.030243,2.015096,1.969912,1.847153,1.829895,1.770682,1.766302,1.780535,1.762698,1.751738,1.769912,1.830045,1.82872,1.84173,1.840625,1.88915,1.878717,1.859261,1.854416,2.181824,2.192009,2.666442,2.726212,3.173016,3.058327,3.214846,4.950243,4.68196,,,,5.524893,6.201801
财务风险,权益乘数(含少数股权的净资产),1.429663,1.454301,1.520857,1.584046,1.670421,1.700349,1.736129,1.684508,1.662458,1.714744,1.755717,1.694762,1.736666,1.764445,1.697145,1.701326,1.699632,1.772769,1.848628,1.792059,1.762055,1.794719,1.771695,1.814529,2.818965,2.723557,1.902213,1.852999,1.863415,1.900131,1.722359,1.729871,2.079228,1.947428,1.532067,1.498677,1.496988,1.513051,1.460603,1.521673,1.50698,1.558754,1.743467,1.827087,1.892868,1.937228,1.985909,1.955657,1.875,1.773066,1.728332,1.638982,1.63054,1.64657,1.614868,1.592749,1.62943,1.653475,1.627538,1.646765,1.651193,1.721203,1.699973,1.66507,1.665055,1.79007,1.797032,2.303993,2.449243,2.526773,2.359002,2.555625,4.430307,3.652149,,,,4.196242,4.838586
财务风险,产权比率,41.974762,44.354736,50.851167,57.4451,65.870197,68.788525,72.077901,67.08325,64.902213,70.090697,73.926674,67.918051,71.873027,74.497072,67.766151,68.003226,67.733981,74.78141,81.749275,76.203019,73.196029,76.218945,74.29451,77.618872,159.957315,164.195553,94.023429,89.257132,91.871431,95.879016,76.691827,78.0378,116.904201,102.684354,56.073501,52.533327,52.362094,54.108916,48.133062,54.500712,52.810097,58.232476,78.076127,86.621966,96.247802,101.091468,106.43201,103.313131,94.526015,83.441691,79.222889,68.798446,67.899806,69.77738,66.353151,64.038007,67.814936,70.527619,68.647862,70.871672,71.059554,78.781737,76.57715,72.72404,72.324472,83.80679,84.523797,145.460923,158.955927,167.194271,149.109002,169.586655,420.431799,322.457989,,,,385.641604,492.006305
财务风险,现金比率,1.16299,1.098733,0.9523,0.795738,0.695344,0.659312,0.59224,0.548328,0.499685,0.481438,0.430314,0.413724,0.362143,0.395686,0.364222,0.324209,0.285133,0.275662,0.267877,0.257893,0.221334,0.241581,0.224431,0.270668,0.125274,0.196113,0.348922,0.362795,0.341948,0.477598,0.177348,0.229653,0.144831,0.159942,0.293312,0.24366,0.29609,0.296837,0.236623,0.192056,0.22849,0.242835,0.106187,0.097601,0.100293,0.077013,0.118274,0.162721,0.157941,0.225118,0.233728,0.278272,0.387492,0.36303,0.430009,0.481337,0.572598,0.542272,0.589374,0.631313,0.731401,0.738324,0.803977,0.94602,0.936496,0.848018,0.868734,0.279979,0.302066,0.326076,0.359932,0.628077,0.374419,0.124817,,,,0.109661,0.152535
营运能力,应收账款周转率,0.567655,2.458741,1.743402,1.030279,0.475676,2.702993,1.781209,1.115357,0.463783,2.831268,1.888393,1.357269,0.478081,2.532236,1.711883,1.037962,0.477435,2.867213,1.730207,1.157557,0.452023,2.456541,1.709206,1.099689,0.266004,1.539345,0.999375,0.547771,0.20986,1.116656,0.820861,0.627467,0.269144,0.977908,1.175235,0.706929,0.282954,1.416535,0.98369,0.617915,0.260678,2.000377,1.340529,0.903643,0.365797,1.843928,1.224547,0.869233,0.351458,2.242475,1.475148,1.068286,0.452665,2.85715,2.019024,1.438748,0.596912,3.75002,2.786236,1.841417,0.881128,3.979375,3.284997,2.159939,0.949986,5.186869,3.856673,2.805917,1.251348,5.374383,4.757029,2.719186,1.285127,6.014997,,,,6.159315,5.810698
营运能力,应收账款周转天数,158.546917,146.416364,154.869545,174.709825,189.204164,133.185692,151.582376,161.383217,194.055876,127.151471,142.978695,132.619204,188.252226,142.166793,157.721019,173.416631,188.50721,125.557422,156.050632,155.499812,199.104525,146.547474,157.967997,163.682592,338.34059,233.865623,270.168653,328.604038,428.855597,322.390871,328.922868,286.86735,334.393461,368.132707,229.741112,254.622247,318.072439,254.141122,274.476708,291.302134,345.252839,179.966011,201.412941,199.19352,246.037438,195.235375,220.489608,207.07894,256.076009,160.536892,183.032427,168.494084,198.82218,125.999648,133.727979,125.108736,150.775956,95.999487,96.904911,97.750792,102.141704,90.466448,82.191844,83.335649,94.738183,69.406023,70.008525,64.15014,71.922395,66.984428,56.758107,66.196275,70.031936,59.8504,,,,58.44805,61.954682
营运能力,存货周转率,0.238066,1.028829,0.724415,0.420063,0.190554,1.271226,0.831063,0.562024,0.224297,1.430892,0.858376,0.654868,0.237017,1.423196,1.171933,0.728657,0.303642,1.835765,0.954074,0.727476,0.256296,1.524591,0.951344,0.639789,0.153575,1.843992,1.46923,0.852876,0.297261,1.441736,0.87872,0.741024,0.328631,1.068342,0.877624,0.472874,0.211998,1.187327,0.660198,0.452277,0.219656,1.454383,0.908671,0.54184,0.223444,1.369123,0.876536,0.64166,0.271158,1.948471,1.235018,0.867119,0.344374,1.956249,1.375929,0.911495,0.38404,1.926465,1.123563,0.751207,0.365152,1.35314,1.025765,0.669106,0.305328,1.242671,1.004443,0.595592,0.241392,1.40256,1.379818,0.916989,0.559457,2.471321,,,,2.093542,1.789593
营运能力,存货周转天数,378.045639,349.912255,372.714047,428.506852,472.306504,283.190985,324.884769,320.270498,401.252243,251.591173,314.547271,274.86427,379.71846,252.951631,230.388407,247.029549,296.401179,196.103439,282.996743,247.430751,351.156117,236.128779,283.808757,281.342428,586.031739,195.228606,183.769607,211.05038,302.76359,249.698966,307.265092,242.906979,273.862728,336.970608,307.648556,380.650861,424.532016,303.201895,408.968208,397.98613,409.730103,247.527484,297.137057,332.20119,402.784514,262.94204,308.030531,280.522015,331.908948,184.760205,218.620259,207.583955,261.343415,184.025606,196.230913,197.477608,234.350571,186.870685,240.3069,239.614297,246.472528,266.047789,263.218005,269.015384,294.764967,289.698507,268.805496,302.220088,372.836361,256.673412,195.677882,196.294513,160.870061,145.67105,,,,171.957318,201.162993
营运能力,总资产周转率,0.077486,0.348208,0.24965,0.150784,0.067422,0.417501,0.268194,0.17779,0.073065,0.449212,0.285689,0.208891,0.073473,0.41417,0.312473,0.192694,0.081846,0.484918,0.276884,0.195067,0.071455,0.414812,0.272846,0.177808,0.043036,0.329825,0.239587,0.138326,0.052283,0.273427,0.195986,0.156278,0.066125,0.225737,0.209302,0.124604,0.051674,0.289826,0.179711,0.119553,0.054025,0.434583,0.319886,0.210338,0.084731,0.460144,0.307725,0.216571,0.084896,0.549001,0.361547,0.255913,0.100521,0.586161,0.410534,0.284462,0.117802,0.62142,0.398108,0.260354,0.12171,0.505503,0.37498,0.247593,0.112704,0.577137,0.446766,0.336915,0.131904,0.708563,0.600337,0.342252,0.197559,1.063755,,,,1.044111,0.917231
营运能力,总资产周转天数,1161.498309,1033.863548,1081.514053,1193.755261,1334.871292,862.271639,1006.731358,1012.428776,1231.768242,801.40264,945.08252,861.690698,1224.928145,869.207484,864.072344,934.119468,1099.620863,742.392309,975.135246,922.756691,1259.532258,867.862219,989.56569,1012.323874,2091.255468,1091.485397,1126.934821,1301.271717,1721.369338,1316.618465,1377.643543,1151.790854,1361.058203,1594.772626,1289.998494,1444.57017,1741.688215,1242.122414,1502.404185,1505.607754,1665.887247,828.379281,844.049756,855.763555,1062.179539,782.363625,877.40576,831.135014,1060.120295,655.735414,746.789541,703.363745,895.332063,614.165312,657.679398,632.77198,763.988404,579.317823,678.207838,691.366107,739.459797,712.161778,720.037167,726.998952,798.549358,623.768007,604.342104,534.258561,682.310481,508.06997,449.747282,525.927706,455.558787,338.423622,,,,344.790679,392.485296
营运能力,流动资产周转率,0.106397,0.475156,0.338069,0.20307,0.091033,0.578173,0.375544,0.250655,0.103976,0.652088,0.414903,0.308036,0.108945,0.635608,0.489308,0.302147,0.130961,0.788765,0.447762,0.323918,0.121119,0.715792,0.46534,0.307447,0.075638,0.493294,0.34019,0.192149,0.072617,0.395506,0.296784,0.235231,0.099994,0.358701,0.345719,0.20778,0.086981,0.488652,0.307825,0.203402,0.092185,0.670356,0.450547,0.298728,0.118858,0.648697,0.428319,0.301247,0.11916,0.784165,0.512141,0.36485,0.145389,0.825826,0.566904,0.393622,0.163049,0.825848,0.518461,0.339412,0.156191,0.633333,0.463065,0.303702,0.13825,0.712304,0.546444,0.425462,0.165258,0.950963,0.827148,0.465337,0.28811,1.481509,,,,1.269935,1.130495
营运能力,流动资产周转天数,845.884774,757.645421,798.653478,886.391408,988.646844,622.650388,718.95658,718.117645,865.581826,552.072086,650.753876,584.345797,826.101198,566.385987,551.799238,595.735849,687.223213,456.409636,602.997625,555.695553,743.067893,502.939353,580.22032,585.465783,1189.877203,729.787685,793.672402,936.771257,1239.376891,910.226049,909.751605,765.203462,900.053008,1003.618964,780.979146,866.297251,1034.703266,736.719716,877.1189,884.943059,976.29084,537.027545,599.27126,602.553936,757.200946,554.958135,630.370413,597.514612,755.282315,459.086689,527.197819,493.353194,619.027608,435.926984,476.270425,457.290546,551.979743,435.915461,520.771784,530.328267,576.215229,568.420581,583.07064,592.686127,650.991831,505.402169,494.103248,423.068954,544.600187,378.563423,326.422462,386.816351,312.380664,242.995455,,,,283.479011,318.444423
营运能力,应付账款周转率,0.818768,3.125125,1.98178,1.373512,0.727673,4.221848,2.490957,1.748867,0.744173,3.991327,2.9532,2.212077,0.998424,3.738055,2.68333,1.655028,0.759858,4.00283,2.934466,1.705091,0.794524,2.472391,1.829305,1.105366,0.316468,2.461381,2.07492,1.14201,,1.774337,,1.379634,0.703924,1.876596,1.714439,1.106581,0.415563,1.581954,1.072073,0.689067,0.302578,1.613521,1.194783,0.846315,0.420042,3.013921,2.607954,1.99726,0.753807,3.224954,2.661788,1.708857,0.637267,3.79118,3.59861,2.650925,1.037946,5.255669,3.989289,2.550694,1.240408,4.69237,3.321638,2.217586,0.829161,5.115162,3.597563,2.575291,1.232485,7.021917,5.68181,3.564542,1.402983,4.554286,,,,5.767387,8.685278
