选项,指标,20251231,20250930,20250630,20250331,20241231,20240930,20240630,20240331,20231231,20230930,20230630,20230331,20221231,20220930,20220630,20220331,20211231,20210930,20210630,20210331,20201231,20200930,20200630,20200331,20191231,20190930,20190630,20190331,20181231,20180930,20180630,20180331,20171231,20170930,20170630,20170331,20161231,20160930,20160630,20160331,20151231,20150930,20150630,20150331,20141231,20140930,20140630,20140331,20131231,20130930,20130630,20130331,20121231,20120930,20120630,20120331,20111231,20110930,20110630,20110331,20101231,20091231,20081231
常用指标,归母净利润,47469922.78,121964700.32,37360339.96,-14689410.5,65589387.7,79434771.82,16527877.47,-8297021.02,27780798.99,2938755.99,2652551.22,-8951130.76,-640297055.69,-127965658.91,-53649542.01,-44842257.88,17655389.49,15325316.4,5938731.6,2267053.27,-90051047.58,-55360852.26,-84427243.44,-49467818.47,7191091.3,467673.74,-23632464.28,-36225087.31,-94615341.13,19169119.92,7900352.91,3060548.96,53583296.3,-24643592.24,-39216616.37,-24893963.94,30023546.26,28456128.49,28763618.01,1663029.21,25715741.75,27422328.75,19100769.55,-23329355.76,165349002.34,118657957.28,72831261.82,9478287.24,122839873.31,92082841.14,55765109.69,9111464.09,79781135.33,68430566.21,42716164.98,8309975.17,72270118.58,78961513.58,25043694.16,1176804.67,61259541.7,34069524.82,20319199.59
常用指标,营业总收入,1459936542.05,1178926484.32,617874907.84,178257698.87,1146495048.32,772586485.22,419038122.08,131203078.44,1107543064.36,684253158.56,489797725.78,191716055.84,996503245.11,727906789.05,413271210.93,129019317.96,1375875517.55,990163193.17,508008707.39,172680739.43,836771454.77,449003025.18,206905847.58,48584266.61,1118070925.69,793362229.13,525714474.72,155749600.46,1012054468.51,742990748.09,427386543.19,187133434.82,976867819.17,511579479.28,226423344.11,66062028.85,791673533.67,530123554.6,322532956.22,81575492.07,491780579.56,362902235.63,232789631.86,35618564.77,1294644568.11,732900949.55,480183312.18,107382123.33,938503265.94,614959695.38,363870016.53,108323939.11,614569764.46,481079416.03,309135702.06,101486658.95,544068404.46,383842730.68,184672168.23,31624823.77,425967159.17,282132957.39,336694109.77
常用指标,营业成本,1284969829.65,995698039.37,555564472.85,196239188.21,1029778507.72,693237940.91,405423353.56,147068890.28,1073197462.57,682055521.9,482070486.04,204507113.24,1188637104.78,836490408.36,493802684.7,186409537.5,1367902607.8,988641164.47,525925963.41,183827216.3,918355918.35,530735265.79,320478910.74,111614955.16,1171056136.85,801099151.5,556040134.9,191511094.3,998837683.46,700677049.32,412478311.73,177331898.55,910121713.16,544330419.88,275049712.74,88126405.9,749758704.15,504675046.95,295670164.99,83557415.55,462994562.38,329562095.9,214759297.02,59499314.28,1078869066.83,582569216.76,383633756.49,94612688.69,773083137.07,492648102.06,289766998.8,95050012.41,510464000.27,397811529.93,252648733.23,89413930.27,452703853.37,295890792.92,155875971.93,30462944.71,341886191.46,230675331.99,300904954.29
常用指标,净利润,51932963.67,125803649.02,38729861.96,-14488067.77,64463521.33,79138724.14,16471987.43,-8302172.1,25485147.51,1130964.74,1035705.15,-9880242.64,-648316865.73,-130192868.84,-55564578.84,-45385325.85,13019095.29,12549763.03,4191136.37,596874.55,-98964725.98,-59669848.66,-86750027.96,-50351032.99,7239785.26,-1142562.6,-25111977.75,-36150395.1,-99155064.31,16986360.39,5998223.4,2165573.16,46827740.7,-26289632.02,-40556178.81,-25626931.35,24021664.33,23838585.81,25913753.25,357114.14,20719030.68,23977040.13,16819913.01,-24292485.56,164729146.63,117843764.43,72396660.77,9474906.43,122839873.31,92082841.14,55765109.69,9111464.09,79781135.33,68430566.21,42716164.98,8309975.17,72270118.58,78961513.58,25043694.16,1176804.67,61337758.92,36869073.12,27009525.78
常用指标,扣非净利润,34623221.96,118991082.35,35665609.81,-15228876.41,63267721.02,76795254.95,13906546.97,-9695923.61,9621642.79,-8341062.06,1785578.55,-9612031.24,-438929275.3,-130224649.06,-66465962.75,-46188036.01,-26126338.94,-1866111.92,-12002875.06,1502560.5,-95962043.74,-60634674.95,-87220724.05,-49473636.98,-11955558.09,-3944586.74,-22828356.68,-36525351.24,-91919590.78,18306482.88,6477183.46,2738933.05,51860745.83,-25946593.13,-40203356.45,-24233987.59,31899348.86,22703357.74,23369845.52,-842998.99,24871651.59,27054600.39,17007448.48,-23430121.36,160706980.67,112107524.97,71931172.59,9439139.05,122138466.04,91733694.99,55274630.89,9082195.21,77347337.18,68162697.3,42365226.61,8270826.98,68565628.62,,21972614.61,1165610.46,62256329.97,34316712.24,20468445.65
常用指标,股东权益合计(净资产),1687157813.69,1819887587.76,1730722468.6,1676057402.53,1664510078.95,1677890669.25,1614254457.54,1596022552.12,1604258522.47,1580978628.19,1580270768.47,1563052413.48,1572566287.08,2095846484.61,2168709916.32,2170102621.47,2214188499.47,2206012534.54,2195627907.88,2192713185.27,2191436059.61,2287895111.74,1933994112.48,1970393107.45,2020744140.44,2012361792.58,1988392377.43,1977353960.08,2019398629.63,2138787722.23,2133468868.1,2111388549.97,2109278182.15,2036105741.44,2029620708.93,2046799986.07,2072426917.42,2076342175.08,2078417342.52,1471488946.01,1471131831.87,1506908079.94,1499750952.82,1489697253.57,1453241707.81,1437014756.93,1391122713.33,1309800747.98,1294456122.55,801090900.58,783647169.13,765304523.53,756193059.44,744842490.32,719128089.09,218078219.71,209768244.54,,162541820.12,,187037125.96,140701736.72,63382663.6
常用指标,商誉,108962412.29,149249560.72,149249560.72,149249560.72,77692384.82,108586996.62,108586996.62,108586996.62,108586996.62,108586996.62,108586996.62,108586996.62,108586996.62,208592127.93,208592127.93,208592127.93,208592127.93,208592127.93,208592127.93,208592127.93,208592127.93,210390579.24,210390579.24,210390579.24,210390579.24,210390579.24,210390579.24,210390579.24,210390579.24,210390579.24,210390579.24,210390579.24,210390579.24,211019806.33,211019806.33,211019806.33,211019806.33,216017076.92,213825632.77,2427678.4,2427678.4,2427678.4,629227.09,629227.09,629227.09,629227.09,,,,,,,,,,,,,,,,,
常用指标,经营现金流量净额,328412896.18,145929519.7,135758351.41,-35461541.9,124840200.76,76913275.89,-29657338.03,-38705603.78,97095901.07,98272043.96,32373067.92,-76368476.08,82025993.81,-149213377.61,-163466598.0,-133695301.73,47897314.94,-85062281.0,-41367259.22,-140613857.72,-248727976.24,-209086904.17,-76815877.54,-112101273.59,304729532.67,74930691.74,36736822.96,-18600279.88,135413768.0,14253351.73,64780831.09,-51727856.9,13062099.18,-21741194.41,-111251507.07,-21970657.54,164430483.51,184552368.47,58343201.41,-8385308.14,-16816860.79,-280999439.51,-243311815.79,-180317988.88,-141533332.67,-429427379.92,-249961254.98,-157877495.76,209606236.05,71226854.93,91657972.13,-17997945.98,-20364792.72,17032381.08,-77310530.01,11396466.1,44809696.49,-25013155.11,9760091.61,-43148992.74,49719264.96,34918268.23,34392656.26
常用指标,基本每股收益,0.09,0.2183,0.0674,-0.0262,0.12,0.1416,0.0294,-0.0148,0.05,0.005,0.005,-0.0159,-1.15,-0.23,-0.09,-0.08,0.03,0.03,0.01,0.004,-0.18,-0.11,-0.18,-0.1,0.02,0.01,-0.05,-0.08,-0.2,0.04,0.02,0.01,0.11,-0.05,-0.08,-0.05,0.07,0.06,0.06,0.0037,0.06,0.06,0.04,-0.05,0.38,0.27,0.17,0.04,0.65,0.49,0.59,0.1,0.46,0.82,0.54,0.12,1.02,1.12,0.35,0.02,0.87,0.63,0.37
常用指标,每股净资产,2.924044,3.159147,3.005465,2.910535,2.950736,2.972967,2.859824,2.827441,2.837147,2.79512,2.793531,2.760946,2.776462,3.689375,3.81762,3.812367,3.889228,3.870713,3.847715,3.841237,3.853798,4.014497,4.064104,4.138101,4.242808,4.228577,4.177565,4.150911,4.239703,4.485331,4.473479,4.463235,4.418152,4.253906,4.230607,4.228642,4.280427,4.285692,4.286331,3.272662,3.268914,3.346049,3.327294,3.301665,3.354245,3.226273,3.122989,5.971818,5.928546,4.244415,8.303986,8.109616,8.013066,7.892788,7.620304,3.081506,2.964084,,2.296761,,2.642887,2.69331,1.593618
常用指标,每股现金流,0.583092,0.25888,0.240836,-0.062909,0.221125,0.136234,-0.052531,-0.068558,0.171688,0.173767,0.057243,-0.134992,0.144992,-0.263755,-0.28895,-0.235997,0.084547,-0.150151,-0.072967,-0.248026,-0.438727,-0.368805,-0.162593,-0.23728,0.645009,0.158602,0.077759,-0.03937,0.286625,0.030169,0.137119,-0.10949,0.027407,-0.045618,-0.233435,-0.045703,0.342048,0.383905,0.121365,-0.018898,-0.037901,-0.633315,-0.548375,-0.4064,-0.318987,-0.967841,-0.563361,-0.723071,0.959986,0.37738,0.971261,-0.190716,-0.215797,0.180485,-0.72591,0.161035,0.633173,,0.137912,,0.702547,0.747714,1.131337
常用指标,净资产收益率(ROE),2.92,7.1,2.23,-0.89,4.02,4.82,1.02,-0.52,1.75,0.19,0.17,-0.57,-34.03,-5.95,-2.48,-2.06,0.8,0.7,0.27,0.1,-4.37,-2.79,-4.3,-2.85,0.36,0.02,-1.19,-1.83,-4.63,0.91,0.37,0.15,2.58,-1.2,-1.92,-1.22,1.62,1.94,1.96,0.11,1.71,1.81,1.32,-1.55,11.84,8.71,5.46,0.73,15.42,11.66,7.16,1.19,14.23,26.62,11.05,3.88,39.73,,15.04,0.69,39.17,52.03,53.07
常用指标,总资产报酬率(ROA),3.758236,6.095936,2.22464,-0.286996,2.766918,3.515313,1.059667,-0.065856,2.245317,0.379409,0.509213,-0.084514,-21.903637,-3.785057,-1.520053,-1.38605,1.555322,0.845778,0.504442,0.176871,-2.318296,-1.491241,-2.917164,-1.710946,1.432634,0.624292,-0.305736,-0.459578,-2.081396,2.200911,1.182537,0.655044,3.047311,0.052951,-0.798697,-0.410466,2.377793,1.85983,1.73676,0.400436,2.787203,2.455616,1.679023,-0.613541,10.844491,7.896917,5.123545,0.918809,11.402721,9.635134,6.114971,1.277263,14.562806,11.934173,7.722612,2.746124,24.957889,,10.312721,,26.988716,19.620564,15.581203
常用指标,毛利率,31.939616,31.680859,29.614539,21.731976,30.843033,30.676812,26.71483,23.528917,26.852357,24.404719,24.187651,20.937817,14.124414,15.359253,14.324472,13.394449,23.919021,24.275284,24.428875,29.763915,25.393762,33.609671,22.368697,19.137726,20.745278,24.89925,21.056173,22.912794,40.315139,41.217358,36.73186,37.68695,38.784344,30.731478,25.787266,22.081963,34.554115,33.006014,37.142788,31.897768,40.474582,41.477185,39.586937,19.240801,32.558729,36.948548,33.482319,37.305677,35.195613,39.354015,37.055362,36.397294,34.991557,35.082484,35.021654,32.984009,32.640658,35.017026,34.222724,38.816423,34.795976,32.292873,25.014939
常用指标,销售净利率,3.557206,10.671034,6.268236,-8.127597,5.62266,10.243348,3.930904,-6.327726,2.301052,0.165284,0.211455,-5.153581,-65.105598,-17.885925,-13.445064,-35.177155,0.94624,1.267443,0.825012,0.345652,-11.826972,-13.289409,-41.927296,-103.636499,0.647524,-0.144015,-4.776733,-23.210586,-9.797403,2.286214,1.403465,1.157234,4.793661,-5.138914,-17.911659,-38.792225,3.034289,4.496798,8.034451,0.437771,4.213064,6.607024,7.22537,-68.201752,12.723889,16.079084,15.076879,8.823541,13.088912,14.973801,15.325557,8.411311,12.981623,14.22438,13.817933,8.188243,13.283277,20.571319,13.561163,3.721142,14.399645,13.067978,8.021977
常用指标,期间费用率,18.423709,14.596,18.133448,29.503483,19.176337,18.916867,21.807147,33.268748,22.554796,22.769307,21.429839,26.195,31.772021,28.621725,31.877829,55.482507,22.031318,22.853934,26.618228,34.647325,33.473974,49.349147,73.904573,143.083501,23.845738,24.079762,25.026018,41.828601,36.780027,33.345673,31.086865,33.073879,27.102271,33.673031,46.993475,68.505108,23.570154,25.531007,25.997354,37.015554,30.126019,27.420083,28.802336,91.543868,13.434402,11.507638,10.975592,23.407089,16.130769,17.275474,14.298187,21.883858,15.671325,16.02678,14.882379,20.338454,14.641112,10.777039,17.848523,33.899746,13.486597,13.03083,13.258368
常用指标,资产负债率,43.608848,43.103388,45.042432,43.204995,43.496387,40.895234,39.848683,37.5533,38.396315,38.534686,37.921022,35.604615,40.533092,32.212804,30.362627,26.75966,29.993074,30.479834,28.607046,27.533778,29.198547,31.429226,38.801001,34.742887,35.875907,38.931462,39.209358,38.13354,40.412993,38.820486,40.305872,39.646465,42.699634,47.223379,44.062396,40.670463,39.810698,41.207927,35.091483,41.137055,40.375171,40.713434,39.850708,36.120972,36.588559,36.692054,32.844449,35.297027,41.207059,53.980681,51.805984,50.214883,37.572494,32.526749,37.808317,64.957505,59.153876,,62.086966,,46.916424,55.823797,77.014881
每股指标,基本每股收益,0.09,0.2183,0.0674,-0.0262,0.12,0.1416,0.0294,-0.0148,0.05,0.005,0.005,-0.0159,-1.15,-0.23,-0.09,-0.08,0.03,0.03,0.01,0.004,-0.18,-0.11,-0.18,-0.1,0.02,0.01,-0.05,-0.08,-0.2,0.04,0.02,0.01,0.11,-0.05,-0.08,-0.05,0.07,0.06,0.06,0.0037,0.06,0.06,0.04,-0.05,0.38,0.27,0.17,0.04,0.65,0.49,0.59,0.1,0.46,0.82,0.54,0.12,1.02,1.12,0.35,0.02,0.87,0.63,0.37
每股指标,稀释每股收益,0.08,0.2164,0.0668,-0.026,0.12,0.1405,0.0292,-0.0147,0.05,0.005,0.005,-0.0174,-1.13,-0.23,-0.09,-0.08,0.03,0.03,0.01,0.004,-0.18,-0.11,-0.18,-0.1,0.02,0.01,-0.05,-0.08,-0.2,0.04,0.02,0.01,0.11,-0.05,-0.08,-0.05,0.06,0.06,0.06,0.0037,0.06,0.06,0.04,-0.05,0.37,0.27,0.17,0.04,0.65,0.49,0.59,0.1,0.46,0.82,0.54,0.12,1.02,1.12,0.35,,0.87,0.63,0.37
每股指标,摊薄每股收益_最新股数,0.084282,0.216546,0.066332,-0.02608,0.116452,0.141035,0.029345,-0.014731,0.049324,0.005217,0.004709,-0.015892,-1.137659,-0.227201,-0.095253,-0.079616,0.031346,0.027209,0.010544,0.004025,-0.159884,-0.098292,-0.149899,-0.087829,0.012767,0.00083,-0.041959,-0.064317,-0.167988,0.034034,0.014026,0.005433,0.095136,-0.043754,-0.069628,-0.044198,0.053306,0.050523,0.051069,0.002952,0.045657,0.048687,0.033913,-0.04142,0.293574,0.210675,0.12931,0.016828,0.2181,0.163491,0.09901,0.016177,0.14165,0.121497,0.075841,0.014754,0.128314,0.140194,0.044464,0.002089,0.108765,0.060489,0.036076
每股指标,摊薄每股净资产_期末股数,2.924044,3.159147,3.005465,2.910535,2.950736,2.972967,2.859824,2.827441,2.837147,2.79512,2.793531,2.760946,2.776462,3.689375,3.81762,3.812367,3.889228,3.870713,3.847715,3.841237,3.853798,4.014497,4.064104,4.138101,4.242808,4.228577,4.177565,4.150911,4.239703,4.485331,4.473479,4.463235,4.418152,4.253906,4.230607,4.228642,4.280427,4.285692,4.286331,3.272662,3.268914,3.346049,3.327294,3.301665,3.354245,3.226273,3.122989,5.971818,5.928546,4.244415,8.303986,8.109616,8.013066,7.892788,7.620304,3.081506,2.964084,,2.296761,,2.642887,2.69331,1.593618
每股指标,调整每股净资产_期末股数,2.278451,2.46547,2.271681,2.142019,2.350615,2.274584,2.161915,2.12349,2.127096,2.068033,2.058483,2.02811,2.044381,2.756135,2.890284,2.888663,2.9882,2.956875,2.935921,2.922009,2.932135,3.009487,2.85207,2.951025,3.068715,3.043874,2.979774,2.996993,3.009708,3.358216,3.343148,3.326605,3.284084,3.07512,3.047309,3.210349,3.251961,3.247478,3.248416,2.766795,2.757822,2.877104,2.860743,2.902271,3.004958,3.033246,2.949137,5.625504,5.581671,3.838288,7.495275,6.941384,6.843032,6.943716,6.637592,1.774983,1.814866,,1.569862,,2.413288,2.325349,0.998876
每股指标,每股净资产_最新股数,2.924044,3.161772,3.007963,2.912953,2.957758,2.980042,2.86663,2.83417,2.848783,2.806584,2.804988,2.773196,2.788781,3.705745,3.834559,3.834596,3.911905,3.893282,3.873019,3.866499,3.879143,4.040898,3.409026,3.471096,3.558925,3.546988,3.504199,3.481841,3.556321,3.762357,3.752416,3.743823,3.738487,3.599508,3.579793,3.609217,3.653416,3.65791,3.658456,2.578122,2.575169,2.635935,2.62116,2.60097,2.642391,2.541578,2.460213,2.315062,2.298287,1.422324,1.391353,1.358786,1.342609,1.322456,1.276801,0.387194,0.37244,,0.28859,,0.332081,0.223316,0.086015
每股指标,每股经营现金流,0.583092,0.25888,0.240836,-0.062909,0.221125,0.136234,-0.052531,-0.068558,0.171688,0.173767,0.057243,-0.134992,0.144992,-0.263755,-0.28895,-0.235997,0.084547,-0.150151,-0.072967,-0.248026,-0.438727,-0.368805,-0.162593,-0.23728,0.645009,0.158602,0.077759,-0.03937,0.286625,0.030169,0.137119,-0.10949,0.027407,-0.045618,-0.233435,-0.045703,0.342048,0.383905,0.121365,-0.018898,-0.037901,-0.633315,-0.548375,-0.4064,-0.318987,-0.967841,-0.563361,-0.723071,0.959986,0.37738,0.971261,-0.190716,-0.215797,0.180485,-0.72591,0.161035,0.633173,,0.137912,,0.702547,0.747714,1.131337
每股指标,每股现金流量净额,0.115009,-0.287584,-0.257954,-0.180026,0.308993,0.094347,0.109252,-0.051847,-0.192222,-0.213894,-0.201235,-0.168214,0.196565,-0.052036,-0.047647,-0.105348,-0.18201,-0.256043,-0.14492,-0.261204,-0.003793,0.213868,-0.180745,-0.206846,0.161003,-0.25083,0.059832,-0.208829,-0.094086,-0.156182,-0.213997,-0.278215,-0.151576,-0.107278,-0.179731,-0.019443,-0.071117,-0.018239,-0.27328,-0.024464,-0.624511,-0.771991,-0.341609,-0.244418,-0.660848,-1.099403,-0.736031,-1.409247,2.764848,0.395113,1.053994,1.677933,2.155609,2.233701,4.079097,0.202627,0.053036,,-0.215984,,0.182935,0.827632,0.281893
每股指标,每股企业自由现金流量,-0.242018,,-0.078525,,-0.145862,,0.03994,,-0.004751,,-0.167082,,-1.073682,,0.090219,,0.07555,,0.12746,,-0.447034,,0.123309,,0.370773,,0.14719,,0.208053,,-0.005488,,-0.004867,,0.202766,,0.028726,,-0.323587,,0.363856,,0.099537,,0.135972,,-0.051276,,-2.125408,,-1.789706,,-6.409135,,-5.747633,-0.059137,0.535266,,,,0.003345,-0.972924,
每股指标,每股股东自由现金流量,-0.567317,,-0.226236,,0.494462,,0.186672,,-0.275599,,-0.378352,,-0.679063,,0.209853,,0.055316,,0.036796,,-0.514361,,0.151037,,0.393618,,0.326048,,-0.152268,,-0.273206,,0.156856,,0.518634,,-0.072839,,-0.578125,,0.601575,,0.567735,,0.030283,,-0.201449,,-0.961642,,1.085148,,-5.919573,,-4.719764,0.384552,2.146118,,,,0.072583,-1.015751,
每股指标,每股未分配利润,-0.556715,-0.424098,-0.574187,-0.666524,-0.639475,-0.614951,-0.726376,-0.770348,-0.754356,-0.797942,-0.798448,-0.819313,-0.80287,0.103565,0.23493,0.250151,0.329306,0.348011,0.331196,0.32472,0.320721,0.381911,0.396769,0.470766,0.575473,0.569767,0.518755,0.492101,0.582944,0.823788,0.811935,0.801691,0.788304,0.630779,0.607479,0.636722,0.688506,0.687532,0.688172,0.694522,0.690774,0.699475,0.68072,0.655092,0.707671,0.658867,0.555583,1.03885,0.995439,1.046849,1.908854,1.79605,1.6995,1.685919,1.413434,1.39861,1.281188,,0.701896,,1.048021,0.957458,0.458152
每股指标,每股资本公积金,2.32633,2.43251,2.429389,2.426688,2.433759,2.432199,2.430482,2.44171,2.439721,2.441929,2.440845,2.439243,2.438315,2.444793,2.442496,2.438688,2.436395,2.425518,2.417666,2.420421,2.482521,2.484987,2.490215,2.490215,2.490215,2.490215,2.490215,2.490215,2.488164,2.492949,2.492949,2.492949,2.501654,2.501654,2.501654,2.510209,2.510209,2.518282,2.518282,1.491783,1.491783,1.484786,1.484786,1.484786,1.484786,1.462046,1.462046,3.718865,3.719004,2.008122,5.016244,5.016244,5.016244,5.016244,5.016244,0.428702,0.428702,,0.428702,,0.428702,0.658655,0.124906
每股指标,每股盈余公积金,0.171521,0.171378,0.171378,0.171378,0.171114,0.171114,0.171114,0.171114,0.17082,0.17082,0.17082,0.170763,0.170763,0.170763,0.170763,0.170527,0.170527,0.147708,0.147599,0.147599,0.147599,0.147599,0.177119,0.177119,0.177119,0.168594,0.168594,0.168594,0.168594,0.168594,0.168594,0.168594,0.167129,0.160409,0.160409,0.159027,0.159027,0.15438,0.15438,0.167263,0.167263,0.161787,0.161787,0.161787,0.161787,0.105359,0.105359,0.214102,0.214102,0.189443,0.378887,0.297321,0.297321,0.190625,0.190625,0.254193,0.254193,,0.166163,,0.166163,0.077195,0.010559
每股指标,每股留存收益,-0.385194,-0.252719,-0.402808,-0.495145,-0.468361,-0.443837,-0.555262,-0.599234,-0.583535,-0.627121,-0.627627,-0.648549,-0.632106,0.274329,0.405693,0.420678,0.499833,0.49572,0.478796,0.472319,0.46832,0.52951,0.573888,0.647886,0.752592,0.738361,0.687349,0.660695,0.751539,0.992382,0.98053,0.970285,0.955434,0.791188,0.767889,0.795749,0.847534,0.841912,0.842552,0.861786,0.858037,0.861263,0.842508,0.816879,0.869459,0.764227,0.660943,1.252952,1.209542,1.236293,2.287742,2.093372,1.996822,1.876544,1.604059,1.652804,1.535381,,0.868059,,1.214184,1.034654,0.468711
每股指标,每股营业收入,2.592095,2.091428,1.096116,0.316231,2.030751,1.368459,0.742229,0.232396,1.958394,1.209918,0.866076,0.338885,1.761461,1.286678,0.730515,0.227743,2.428685,1.747828,0.896068,0.304588,1.475968,0.791989,0.437949,0.102836,2.366578,1.679279,1.112759,0.329669,2.142177,1.57266,0.904632,0.396098,2.049734,1.073433,0.475097,0.137422,1.646838,1.102762,0.670932,0.183854,1.108373,0.817907,0.52466,0.080276,2.917865,1.651809,1.082235,0.491804,4.298299,3.258237,3.85578,1.147864,6.512342,5.0978,3.275783,1.434035,7.687839,,2.609469,,6.019035,6.04139,11.075464
每股指标,每股营业总收入,2.592095,2.091428,1.096116,0.316231,2.030751,1.368459,0.742229,0.232396,1.958394,1.209918,0.866076,0.338885,1.761461,1.286678,0.730515,0.227743,2.428685,1.747828,0.896068,0.304588,1.475968,0.791989,0.437949,0.102836,2.366578,1.679279,1.112759,0.329669,2.142177,1.57266,0.904632,0.396098,2.049734,1.073433,0.475097,0.137422,1.646838,1.102762,0.670932,0.183854,1.108373,0.817907,0.52466,0.080276,2.917865,1.651809,1.082235,0.491804,4.298299,3.258237,3.85578,1.147864,6.512342,5.0978,3.275783,1.434035,7.687839,,2.609469,,6.019035,6.04139,11.075464
每股指标,每股息税前利润,0.198103,0.332237,0.120271,-0.015011,0.136001,0.169456,0.049624,-0.003009,0.104193,0.017499,0.023366,-0.003788,-1.124282,-0.209236,-0.08433,-0.074938,0.085904,0.046792,0.027452,0.009548,-0.127715,-0.085327,-0.194855,-0.111736,0.099164,0.044163,-0.021549,-0.032029,-0.15574,0.167173,0.090798,0.049771,0.227766,0.004056,-0.059255,-0.029428,0.146174,0.116044,0.102412,0.022414,0.152486,0.136405,0.092351,-0.032631,0.56084,0.397928,0.246723,0.088918,0.89121,0.753516,0.919267,0.186001,1.330876,1.022735,0.683253,0.220381,1.526853,,0.569092,,1.279162,1.248356,1.413354
盈利能力,净资产收益率(ROE),2.92,7.1,2.23,-0.89,4.02,4.82,1.02,-0.52,1.75,0.19,0.17,-0.57,-34.03,-5.95,-2.48,-2.06,0.8,0.7,0.27,0.1,-4.37,-2.79,-4.3,-2.85,0.36,0.02,-1.19,-1.83,-4.63,0.91,0.37,0.15,2.58,-1.2,-1.92,-1.22,1.62,1.94,1.96,0.11,1.71,1.81,1.32,-1.55,11.84,8.71,5.46,0.73,15.42,11.66,7.16,1.19,14.23,26.62,11.05,3.88,39.73,,15.04,0.69,39.17,52.03,53.07
盈利能力,摊薄净资产收益率,2.882381,6.848896,2.205237,-0.895339,3.937203,4.732659,1.023675,-0.519772,1.731419,0.185909,0.167899,-0.573078,-40.794134,-6.13105,-2.484091,-2.076275,0.801319,0.698892,0.272245,0.104102,-4.121639,-2.432438,-4.397129,-2.530306,0.35875,0.023409,-1.197394,-1.847215,-4.723649,0.904605,0.373811,0.145144,2.544781,-1.215564,-1.945043,-1.22461,1.459082,1.38121,1.395927,0.114528,1.773006,1.847083,1.293821,-1.592517,11.110188,8.289157,5.25608,0.726915,9.48969,11.49468,7.116099,1.190567,10.550365,9.187253,5.94,3.810547,34.452363,,15.407538,,32.75261,27.087119,41.941956
盈利能力,净资产收益率_平均,2.86586,7.077225,2.223795,-0.888506,4.011095,4.839233,1.026872,-0.518435,1.749953,0.186512,0.168396,-0.571508,-33.956492,-5.965122,-2.459288,-2.055553,0.804689,0.700164,0.27203,0.103932,-4.29908,-2.5867,-4.302535,-2.498694,0.358882,0.023379,-1.188555,-1.827667,-4.60569,0.907484,0.374506,0.145248,2.574068,-1.206529,-1.925245,-1.217157,1.711668,1.621138,1.638512,0.114594,1.787106,1.883307,1.31556,-1.613119,11.88398,8.705837,5.434938,0.729559,11.980583,11.826082,7.242973,1.197696,16.518495,14.336852,9.197186,3.884559,36.425978,,14.327919,,39.166663,39.110118,41.941956
盈利能力,净资产收益率_平均_扣除非经常损益,2.090277,6.904676,2.12292,-0.921136,3.869114,4.678431,0.864009,-0.605845,0.606081,-0.529378,0.113356,-0.613705,-23.260671,-6.070425,-3.046791,-2.117243,-1.190774,-0.085256,-0.549805,0.068884,-4.581274,-2.833117,-4.444895,-2.498988,-0.596659,-0.197191,-1.148113,-1.842816,-4.474466,0.866646,0.307042,0.129984,2.491319,-1.270323,-1.973687,-1.184889,1.818609,1.293404,1.331257,-0.058088,1.728446,1.858053,1.171383,-1.620087,11.550348,8.225237,5.36777,0.726545,11.912175,11.781241,7.179268,1.193849,16.014582,14.280731,9.121626,3.866259,34.55882,,12.570902,,39.803965,39.393877,42.250023
盈利能力,摊薄净资产收益率_扣除非经常损益,2.102328,6.681913,2.105203,-0.92822,3.797838,4.575399,0.86132,-0.607407,0.599662,-0.527667,0.113022,-0.615391,-27.944552,-6.239282,-3.077519,-2.138586,-1.185788,-0.085101,-0.55024,0.068997,-4.392185,-2.664158,-4.542619,-2.530604,-0.596441,-0.19745,-1.156652,-1.866335,-4.589064,0.863896,0.306473,0.129892,2.462974,-1.279835,-1.993982,-1.192144,1.550242,1.10198,1.134161,-0.058055,1.714809,1.822314,1.152026,-1.599396,10.798279,7.831559,5.191122,0.723913,9.435504,11.451096,7.053509,1.186742,10.228517,9.15129,5.89,,32.686371,,,,33.285546,27.283647,
盈利能力,息税前利润率,7.642591,15.885672,10.972514,-4.747034,6.697115,12.382985,6.685936,-1.295014,5.320363,1.446303,2.697947,-1.117918,-63.826717,-16.261754,-11.543913,-32.904648,3.537096,2.677167,3.063641,3.134785,-8.653024,-10.773811,-44.492724,-108.654446,4.190187,2.629896,-1.936569,-9.715593,-7.270185,10.629991,10.037068,12.565537,11.11198,0.377854,-12.47227,-21.414488,8.876096,10.523107,15.264124,12.191372,13.757698,16.677322,17.602211,-40.648541,19.220902,24.090474,22.797548,18.079983,20.734013,23.126503,23.841275,16.20416,20.43622,20.062289,20.857718,15.3679,19.860631,26.615135,21.80873,14.451478,21.251952,20.663389,12.761132
盈利能力,总资产报酬率,3.758236,6.095936,2.22464,-0.286996,2.766918,3.515313,1.059667,-0.065856,2.245317,0.379409,0.509213,-0.084514,-21.903637,-3.785057,-1.520053,-1.38605,1.555322,0.845778,0.504442,0.176871,-2.318296,-1.491241,-2.917164,-1.710946,1.432634,0.624292,-0.305736,-0.459578,-2.081396,2.200911,1.182537,0.655044,3.047311,0.052951,-0.798697,-0.410466,2.377793,1.85983,1.73676,0.400436,2.787203,2.455616,1.679023,-0.613541,10.844491,7.896917,5.123545,0.918809,11.402721,9.635134,6.114971,1.277263,14.562806,11.934173,7.722612,2.746124,24.957889,,10.312721,,26.988716,19.620564,15.581203
盈利能力,总资本回报率,4.622845,7.408247,2.729959,-0.338954,3.334819,4.38969,1.314694,-0.080733,2.740597,0.463075,0.614326,-0.10134,-26.377123,-4.466835,-1.787852,-1.627749,1.856024,1.016221,0.600167,0.208284,-2.808737,-1.851464,-3.721571,-2.110704,1.821925,0.820289,-0.388747,-0.598402,-2.683596,2.753558,1.519304,0.827688,3.96804,0.071182,-1.063101,-0.537791,3.061032,2.44004,2.178138,0.495302,3.460613,3.039788,2.029364,-0.734091,13.466854,9.662629,6.127141,1.132988,14.119357,12.558583,7.667805,1.550481,18.316811,14.131008,9.310349,3.735449,33.661843,,14.37921,,41.231294,39.175815,38.657245
盈利能力,投入资本回报率,2.860187,5.52018,1.884888,-0.394655,3.741238,4.324493,1.206355,-0.170124,2.394506,0.359887,0.599893,-0.122969,-25.471915,-4.178027,-1.598159,-1.544499,1.553189,1.181119,0.715849,0.283648,-2.428636,-1.394573,-2.907606,-1.700095,1.647383,0.908889,-0.167272,-1.079148,-1.59019,1.98701,1.06161,0.575315,3.360988,0.262938,-0.757915,-0.611616,2.683414,2.252559,1.950332,0.510421,3.292997,2.769168,1.973841,-0.724102,10.359009,7.411818,4.732434,0.885675,10.961873,9.848133,5.989143,1.179357,14.304904,11.906358,7.254359,2.821739,26.195748,,11.575984,,31.408018,27.673914,24.886959
盈利能力,息前税后总资产报酬率_平均,2.475575,4.667282,1.580931,-0.327329,3.063554,3.452224,0.97023,-0.138974,1.874209,0.225544,0.434923,-0.139186,-21.428134,-3.611548,-1.419791,-1.332892,1.153379,0.894463,0.545031,0.186297,-2.289963,-1.256077,-2.35274,-1.40673,1.296876,0.643543,-0.175984,-0.826528,-1.361771,1.527385,0.773859,0.060326,2.391468,-0.72015,-0.6073,-0.743556,1.881369,0.794754,1.454581,0.014378,2.405156,0.972837,1.51506,-1.029424,8.314815,5.270763,3.936943,0.448404,8.852753,6.238495,4.77626,0.663006,11.373134,8.461458,6.017239,1.463175,19.422305,,6.412684,,20.582026,14.802228,9.794747
盈利能力,毛利率,31.939616,31.680859,29.614539,21.731976,30.843033,30.676812,26.71483,23.528917,26.852357,24.404719,24.187651,20.937817,14.124414,15.359253,14.324472,13.394449,23.919021,24.275284,24.428875,29.763915,25.393762,33.609671,22.368697,19.137726,20.745278,24.89925,21.056173,22.912794,40.315139,41.217358,36.73186,37.68695,38.784344,30.731478,25.787266,22.081963,34.554115,33.006014,37.142788,31.897768,40.474582,41.477185,39.586937,19.240801,32.558729,36.948548,33.482319,37.305677,35.195613,39.354015,37.055362,36.397294,34.991557,35.082484,35.021654,32.984009,32.640658,35.017026,34.222724,38.816423,34.795976,32.292873,25.014939
盈利能力,销售净利率,3.557206,10.671034,6.268236,-8.127597,5.62266,10.243348,3.930904,-6.327726,2.301052,0.165284,0.211455,-5.153581,-65.105598,-17.885925,-13.445064,-35.177155,0.94624,1.267443,0.825012,0.345652,-11.826972,-13.289409,-41.927296,-103.636499,0.647524,-0.144015,-4.776733,-23.210586,-9.797403,2.286214,1.403465,1.157234,4.793661,-5.138914,-17.911659,-38.792225,3.034289,4.496798,8.034451,0.437771,4.213064,6.607024,7.22537,-68.201752,12.723889,16.079084,15.076879,8.823541,13.088912,14.973801,15.325557,8.411311,12.981623,14.22438,13.817933,8.188243,13.283277,20.571319,13.561163,3.721142,14.399645,13.067978,8.021977
盈利能力,成本费用利润率,7.129139,17.35995,10.667979,-6.922483,5.552464,11.860355,4.727201,-4.455925,3.323224,0.764315,0.622226,-4.209133,-56.517259,-16.449731,-12.085149,-25.645454,1.896128,1.129394,0.566111,0.170274,-11.040617,-12.950125,-33.349137,-54.904293,1.013179,-0.226971,-5.384828,-12.995083,-12.762164,6.012506,5.163706,5.731265,8.135588,-5.668303,-17.243726,-23.727856,5.490467,6.67536,11.833356,1.585354,6.802853,10.789585,10.025505,-38.692509,21.276505,29.240976,26.269043,14.835139,21.901012,25.62204,26.597902,14.376463,21.638314,21.475008,23.070052,13.67682,21.570985,31.649562,21.300572,3.913559,24.710084,22.470728,11.990263
盈利能力,营业利润率,6.161593,14.38805,9.458471,-7.429686,4.926218,10.361143,4.06035,-5.498652,2.698667,0.608654,0.445437,-4.520201,-63.747254,-18.486252,-14.104196,-36.780604,2.203003,1.086855,0.521753,0.052386,-11.03031,-15.095698,-50.2872,-122.670939,0.953001,-0.304782,-5.604866,-15.726978,-11.527695,5.580819,4.938808,5.477556,7.207093,-6.173879,-21.475863,-33.399484,5.294458,4.800486,8.328696,-2.429557,5.853426,9.187085,7.745334,-67.045793,16.722389,20.610115,20.106811,11.891583,17.625951,19.889367,20.365244,12.253918,16.939616,17.308553,18.272547,11.895877,16.792842,22.913534,15.593143,3.673946,19.733686,18.238785,10.629575
盈利能力,总资产净利率_平均,1.598924,3.969924,1.225925,-0.498206,2.363578,2.918785,0.62513,-0.321591,1.058572,0.112666,0.102214,-0.352973,-22.066331,-4.091878,-1.709372,-1.464045,0.56425,0.488971,0.192484,0.074074,-2.883253,-1.706601,-2.675356,-1.603304,0.219901,0.013993,-0.709696,-1.100204,-2.676499,0.534181,0.217787,0.085258,1.504246,-0.67506,-1.109138,-0.72229,1.01594,0.948698,1.014699,0.06696,1.059377,1.112625,0.782666,-0.98861,7.20587,5.30718,3.408734,0.448564,7.198279,6.238495,3.930802,0.663006,9.250677,8.461458,5.116117,1.463175,16.692449,,6.412684,,18.263373,11.46627,7.368564
盈利能力,总资产净利率_平均(含少数股东损益),1.749252,4.094881,1.270863,-0.491378,2.323006,2.907907,0.623016,-0.321791,0.971097,0.043359,0.03991,-0.389611,-22.342515,-4.163096,-1.770389,-1.481775,0.416078,0.400414,0.135842,0.019502,-3.168651,-1.839434,-2.748961,-1.63193,0.22139,-0.034186,-0.754127,-1.097935,-2.804919,0.473354,0.165352,0.060326,1.314597,-0.72015,-1.147024,-0.743556,0.812847,0.794754,0.914164,0.014378,0.853534,0.972837,0.689207,-1.029424,7.178857,5.270763,3.388394,0.448404,7.198279,6.238495,3.930802,0.663006,9.250677,8.461458,5.116117,1.463175,16.692449,,6.412684,,18.286692,12.408472,9.794747
成长能力,归母净利润,47469922.78,121964700.32,37360339.96,-14689410.5,65589387.7,79434771.82,16527877.47,-8297021.02,27780798.99,2938755.99,2652551.22,-8951130.76,-640297055.69,-127965658.91,-53649542.01,-44842257.88,17655389.49,15325316.4,5938731.6,2267053.27,-90051047.58,-55360852.26,-84427243.44,-49467818.47,7191091.3,467673.74,-23632464.28,-36225087.31,-94615341.13,19169119.92,7900352.91,3060548.96,53583296.3,-24643592.24,-39216616.37,-24893963.94,30023546.26,28456128.49,28763618.01,1663029.21,25715741.75,27422328.75,19100769.55,-23329355.76,165349002.34,118657957.28,72831261.82,9478287.24,122839873.31,92082841.14,55765109.69,9111464.09,79781135.33,68430566.21,42716164.98,8309975.17,72270118.58,78961513.58,25043694.16,1176804.67,61259541.7,34069524.82,20319199.59
成长能力,营业总收入,1459936542.05,1178926484.32,617874907.84,178257698.87,1146495048.32,772586485.22,419038122.08,131203078.44,1107543064.36,684253158.56,489797725.78,191716055.84,996503245.11,727906789.05,413271210.93,129019317.96,1375875517.55,990163193.17,508008707.39,172680739.43,836771454.77,449003025.18,206905847.58,48584266.61,1118070925.69,793362229.13,525714474.72,155749600.46,1012054468.51,742990748.09,427386543.19,187133434.82,976867819.17,511579479.28,226423344.11,66062028.85,791673533.67,530123554.6,322532956.22,81575492.07,491780579.56,362902235.63,232789631.86,35618564.77,1294644568.11,732900949.55,480183312.18,107382123.33,938503265.94,614959695.38,363870016.53,108323939.11,614569764.46,481079416.03,309135702.06,101486658.95,544068404.46,383842730.68,184672168.23,31624823.77,425967159.17,282132957.39,336694109.77
成长能力,净利润,51932963.67,125803649.02,38729861.96,-14488067.77,64463521.33,79138724.14,16471987.43,-8302172.1,25485147.51,1130964.74,1035705.15,-9880242.64,-648316865.73,-130192868.84,-55564578.84,-45385325.85,13019095.29,12549763.03,4191136.37,596874.55,-98964725.98,-59669848.66,-86750027.96,-50351032.99,7239785.26,-1142562.6,-25111977.75,-36150395.1,-99155064.31,16986360.39,5998223.4,2165573.16,46827740.7,-26289632.02,-40556178.81,-25626931.35,24021664.33,23838585.81,25913753.25,357114.14,20719030.68,23977040.13,16819913.01,-24292485.56,164729146.63,117843764.43,72396660.77,9474906.43,122839873.31,92082841.14,55765109.69,9111464.09,79781135.33,68430566.21,42716164.98,8309975.17,72270118.58,78961513.58,25043694.16,1176804.67,61337758.92,36869073.12,27009525.78
成长能力,扣非净利润,34623221.96,118991082.35,35665609.81,-15228876.41,63267721.02,76795254.95,13906546.97,-9695923.61,9621642.79,-8341062.06,1785578.55,-9612031.24,-438929275.3,-130224649.06,-66465962.75,-46188036.01,-26126338.94,-1866111.92,-12002875.06,1502560.5,-95962043.74,-60634674.95,-87220724.05,-49473636.98,-11955558.09,-3944586.74,-22828356.68,-36525351.24,-91919590.78,18306482.88,6477183.46,2738933.05,51860745.83,-25946593.13,-40203356.45,-24233987.59,31899348.86,22703357.74,23369845.52,-842998.99,24871651.59,27054600.39,17007448.48,-23430121.36,160706980.67,112107524.97,71931172.59,9439139.05,122138466.04,91733694.99,55274630.89,9082195.21,77347337.18,68162697.3,42365226.61,8270826.98,68565628.62,,21972614.61,1165610.46,62256329.97,34316712.24,20468445.65
成长能力,营业总收入增长率,27.339105,52.594758,47.450762,35.86396,3.516972,12.909451,-14.446699,-31.563854,11.142946,-5.997145,18.517262,48.594845,-27.573153,-26.486179,-18.648793,-25.284476,64.426679,120.524837,145.52651,255.425226,-25.159358,-43.405041,-60.642923,-68.806169,10.47537,6.779556,23.006791,-16.770832,3.601986,45.234666,88.755512,183.269282,23.392759,-3.498066,-29.798385,-19.017308,60.981048,46.078889,38.551254,129.025208,-62.014239,-50.484136,-51.520674,-66.830079,37.947795,19.178696,31.965616,-0.869443,52.708987,27.829143,17.705594,6.737122,12.958179,25.332428,67.397017,220.908219,27.725434,,,,50.980999,-16.204961,
成长能力,归属母公司净利润增长率,-27.625604,53.540694,126.04439,-77.044392,136.096117,2603.006717,523.093621,7.307565,104.338736,102.296519,104.944219,80.038626,-3729.257725,-934.995216,-1003.383847,-2077.997538,119.605979,127.682587,107.034141,104.582885,-1352.258437,-11937.494288,-257.25112,-36.556795,107.600343,-97.560275,-399.131754,-1283.614043,-276.576186,177.785412,120.145422,112.294341,78.47091,-186.602055,-236.341041,-1596.904792,16.751624,3.769919,50.588791,107.128483,-84.447597,-76.889599,-73.773941,-346.13472,34.605318,28.860008,30.603637,4.025951,53.971076,34.563903,30.548024,9.644901,10.392976,-13.33681,70.566549,606.147365,17.973652,,,,79.807443,67.671588,
收益质量,经营活动净现金/销售收入,0.22495,0.123781,0.219718,-0.198934,0.108888,0.099552,-0.070774,-0.295005,0.087667,0.143619,0.066094,-0.398341,0.082313,-0.204989,-0.395543,-1.036242,0.034812,-0.085907,-0.08143,-0.814299,-0.297247,-0.465669,-0.37126,-2.307357,0.272549,0.094447,0.069879,-0.119424,0.1338,0.019183,0.151574,-0.276422,0.013371,-0.042498,-0.491342,-0.332576,0.207699,0.34813,0.18089,-0.102792,-0.034195,-0.774311,-1.0452,-5.062472,-0.109322,-0.585928,-0.520553,-1.47024,0.22334,0.115823,0.251897,-0.166149,-0.033136,0.035404,-0.221599,0.112295,0.08236,-0.065165,0.05285,-1.364402,0.11672,0.123765,0.102148
收益质量,经营性现金净流量/营业总收入,0.22495,0.123781,0.219718,-0.198934,0.108888,0.099552,-0.070774,-0.295005,0.087667,0.143619,0.066094,-0.398341,0.082313,-0.204989,-0.395543,-1.036242,0.034812,-0.085907,-0.08143,-0.814299,-0.297247,-0.465669,-0.37126,-2.307357,0.272549,0.094447,0.069879,-0.119424,0.1338,0.019183,0.151574,-0.276422,0.013371,-0.042498,-0.491342,-0.332576,0.207699,0.34813,0.18089,-0.102792,-0.034195,-0.774311,-1.0452,-5.062472,-0.109322,-0.585928,-0.520553,-1.47024,0.22334,0.115823,0.251897,-0.166149,-0.033136,0.035404,-0.221599,0.112295,0.08236,-0.065165,0.05285,-1.364402,0.11672,0.123765,0.102148
收益质量,成本费用率,86.484092,82.915141,88.518908,107.771507,88.333303,88.240055,95.092316,109.73983,95.702438,98.364587,97.242188,105.257183,117.647607,113.262472,117.553356,142.088057,98.112296,98.578649,102.189353,104.883409,108.080211,115.739475,151.535876,223.945775,103.100459,99.180512,103.969844,118.915806,96.464888,92.128315,94.355004,95.386929,88.317927,102.941552,121.206208,146.423144,89.016038,92.524993,88.854566,105.117786,89.651437,85.942897,89.215398,172.303067,80.875672,74.559089,77.493273,86.101411,80.935155,77.921459,77.242824,85.486564,80.679767,80.944296,79.860724,87.354445,82.000453,75.760012,83.625799,95.083322,78.690621,80.737956,88.243429
收益质量,期间费用率,18.423709,14.596,18.133448,29.503483,19.176337,18.916867,21.807147,33.268748,22.554796,22.769307,21.429839,26.195,31.772021,28.621725,31.877829,55.482507,22.031318,22.853934,26.618228,34.647325,33.473974,49.349147,73.904573,143.083501,23.845738,24.079762,25.026018,41.828601,36.780027,33.345673,31.086865,33.073879,27.102271,33.673031,46.993475,68.505108,23.570154,25.531007,25.997354,37.015554,30.126019,27.420083,28.802336,91.543868,13.434402,11.507638,10.975592,23.407089,16.130769,17.275474,14.298187,21.883858,15.671325,16.02678,14.882379,20.338454,14.641112,10.777039,17.848523,33.899746,13.486597,13.03083,13.258368
收益质量,销售成本率,68.060383,68.31914,70.38546,78.268023,69.156966,69.323187,73.285169,76.471082,73.147642,75.59528,75.812348,79.062182,85.875585,84.640746,85.675527,86.60555,76.080978,75.724715,75.571124,70.236084,74.606237,66.390328,77.631302,80.862273,79.254721,75.100749,78.943826,77.087205,59.68486,58.782641,63.268139,62.313049,61.215655,69.268521,74.212733,77.918036,65.445884,66.993985,62.857211,68.102231,59.525417,58.522814,60.413062,80.759198,67.44127,63.051451,66.51768,62.694322,64.804386,60.645984,62.944637,63.602705,65.008442,64.917515,64.978345,67.01599,67.359341,64.982973,65.777275,61.183576,65.204023,67.707126,74.98506
收益质量,经营活动净现金/归属母公司的净利润,6.918336,1.196489,3.633755,,1.903359,0.968257,-1.794382,,3.495072,33.440014,12.204502,,,,,,2.7129,-5.550442,-6.965672,-62.024946,,,,,42.375978,160.22001,,,,0.743557,8.199738,-16.901496,0.243771,,,,5.476717,6.485505,2.028367,-5.042189,-0.653952,-10.247103,-12.738325,,-0.855967,-3.619035,-3.432059,-16.656753,1.706337,0.773508,1.643643,-1.975307,-0.255258,0.2489,-1.603706,1.371419,0.62003,-0.316776,0.389722,-36.666231,0.811616,1.024912,1.692618
收益质量,所得税/利润总额,42.30532,25.864849,33.621542,,-14.63879,2.123494,12.553395,,27.649111,78.015296,65.052515,,,,,,49.135994,-13.8414,-42.610981,-93.545571,,,,,38.01177,,,,,58.726791,71.194509,78.831891,33.284069,,,,37.916048,27.193592,23.586777,73.730934,30.920419,28.748966,19.218109,,26.056213,26.24884,25.936673,30.921797,26.158215,25.0,25.404821,31.5594,25.63973,18.16977,25.0,31.463705,24.903617,14.206498,23.868324,,25.944967,27.969987,24.182344
财务风险,流动比率,2.165196,2.084679,1.88464,1.857749,1.709318,1.662794,1.627526,1.6936,1.637824,1.605965,1.823476,1.810915,1.57127,1.567466,1.597955,1.717959,1.63741,1.638521,1.729159,1.778154,1.737577,1.687666,1.274038,1.370597,1.392261,1.348942,1.395076,1.443849,1.386758,1.507517,1.469816,1.515988,1.39377,1.318064,1.230035,1.327227,1.37662,1.555236,1.751033,1.522416,1.686953,1.924934,2.046796,2.44653,2.479522,2.623932,3.202358,2.774081,2.330723,1.710084,1.843643,2.133428,2.123259,2.553524,2.315083,1.095114,1.149898,,1.116892,,1.50018,1.286057,0.869293
财务风险,速动比率,1.839562,1.785375,1.594905,1.572018,1.498959,1.394935,1.331543,1.40659,1.420577,1.343005,1.581587,1.531143,1.360463,1.304838,1.30886,1.4022,1.390542,1.320736,1.337649,1.392754,1.427173,1.355023,1.024102,1.178839,1.193569,1.05935,1.148236,1.107144,1.085655,1.159509,1.127555,1.140677,1.120487,1.06022,0.941605,1.040259,1.101609,1.164433,1.328938,1.184481,1.321664,1.494392,1.654367,1.930696,2.04362,1.869121,2.57512,2.220626,1.943536,1.382296,1.60865,1.915776,1.841456,2.268601,1.926679,0.92056,0.90438,,0.895122,,1.270264,0.96387,0.55779
财务风险,保守速动比率,1.49619,1.459115,1.304577,1.216737,1.275588,1.196736,1.106005,1.14995,1.18365,1.049891,1.253936,1.238077,1.1153,1.045641,1.046457,1.067005,1.117114,1.037092,1.022439,1.041828,1.129736,1.220845,0.921667,0.975919,1.077671,0.980931,1.04585,0.953721,1.035187,1.057621,0.981001,1.052956,1.054617,0.944537,0.877338,0.971977,1.05845,0.981689,1.253195,1.123878,1.259798,1.343147,1.549244,1.802575,1.980972,1.438471,2.203007,1.866504,1.764462,1.005289,1.214358,1.293984,1.323887,1.866708,1.566567,0.581799,0.647521,,0.623714,,1.068397,0.797735,0.478956
财务风险,资产负债率,43.608848,43.103388,45.042432,43.204995,43.496387,40.895234,39.848683,37.5533,38.396315,38.534686,37.921022,35.604615,40.533092,32.212804,30.362627,26.75966,29.993074,30.479834,28.607046,27.533778,29.198547,31.429226,38.801001,34.742887,35.875907,38.931462,39.209358,38.13354,40.412993,38.820486,40.305872,39.646465,42.699634,47.223379,44.062396,40.670463,39.810698,41.207927,35.091483,41.137055,40.375171,40.713434,39.850708,36.120972,36.588559,36.692054,32.844449,35.297027,41.207059,53.980681,51.805984,50.214883,37.572494,32.526749,37.808317,64.957505,59.153876,,62.086966,,46.916424,55.823797,77.014881
财务风险,权益乘数,1.792367,1.78271,1.813973,1.783408,1.697043,1.657961,1.642652,1.612094,1.653126,1.655436,1.647475,1.619125,1.538837,1.457795,1.438708,1.404023,1.426121,1.43191,1.413257,1.403084,1.491051,1.515703,1.60821,1.558465,1.632015,1.670738,1.674736,1.661207,1.720788,1.698832,1.719593,1.703621,1.711201,1.78729,1.735802,1.685137,1.684812,1.708803,1.614776,1.711359,1.68694,1.69267,1.680868,1.631704,1.649208,1.640388,1.594415,1.626429,1.664367,1.895662,1.842619,1.806463,1.785652,1.694371,1.797688,2.654883,2.182182,,2.234309,,2.144546,3.410883,5.692012
财务风险,权益乘数(含少数股权的净资产),1.773327,1.757573,1.819585,1.760718,1.769798,1.69191,1.662473,1.601365,1.623279,1.626933,1.610851,1.552906,1.681607,1.475204,1.43601,1.365367,1.42843,1.438431,1.400698,1.379953,1.4124,1.458347,1.634013,1.5324,1.559476,1.637504,1.64499,1.616384,1.678218,1.634534,1.675206,1.656903,1.745189,1.894778,1.787706,1.685501,1.661424,1.700909,1.540629,1.698861,1.677153,1.686722,1.662529,1.565459,1.577002,1.57958,1.48908,1.545524,1.700884,2.173,2.074946,2.008632,1.601858,1.482068,1.607932,2.853678,2.448212,,2.637615,,1.883821,2.263662,4.350641
财务风险,产权比率,79.223199,77.420509,83.727146,77.713448,76.91618,69.168517,66.234781,60.12689,62.318178,62.702754,61.101643,55.330099,68.249454,47.717949,43.782445,36.711989,43.054963,44.107342,40.331441,38.257017,41.364627,46.075473,63.861694,53.658841,56.401557,64.216483,64.980547,62.150465,68.376611,64.044165,68.159923,65.776635,74.648619,89.864815,79.293623,69.022,66.615848,70.639063,54.532071,70.820946,68.683117,69.702841,67.305115,57.501704,58.697614,58.181986,49.100924,54.799107,70.088447,117.300045,107.494641,100.863244,60.185801,48.206879,60.793204,185.367814,144.821273,,163.761537,,88.382187,141.360216,438.36965
财务风险,现金比率,0.615959,0.449908,0.474206,0.420794,0.621371,0.473945,0.384264,0.339958,0.313817,0.288169,0.353824,0.416668,0.419256,0.273806,0.248319,0.224367,0.276627,0.233497,0.30512,0.330424,0.424955,0.435561,0.265628,0.279707,0.339383,0.203261,0.278381,0.170308,0.170876,0.162793,0.148526,0.113184,0.219357,0.229158,0.198279,0.241334,0.242373,0.228135,0.273116,0.320035,0.37223,0.332848,0.557157,0.790353,0.944517,0.636271,1.244305,1.165921,1.341402,0.485552,0.665146,0.753676,0.661423,0.846473,1.117662,0.228983,0.257644,,0.265246,,0.420389,0.388016,0.13055
营运能力,应收账款周转率,1.94965,1.37191,0.791723,0.249836,1.603769,1.05051,0.593136,0.189533,1.572237,1.025081,0.707923,0.294263,1.374668,0.972088,0.549684,0.181089,2.08745,1.527993,0.877179,0.310364,1.244698,0.583202,0.262629,0.06522,1.178827,0.772056,0.523965,0.16115,0.892823,0.64815,0.376881,0.163176,0.86955,0.456852,0.217287,0.064778,0.878807,0.622316,0.386933,0.111357,0.723008,0.497696,0.331079,0.057471,2.83209,1.907831,1.361652,0.344303,3.399286,1.91594,1.215092,0.379451,3.159496,2.099764,2.05041,0.795584,5.026479,,1.906872,,4.983748,3.943603,4.58471
营运能力,应收账款周转天数,184.648456,196.805896,227.352165,360.235281,224.471187,257.017841,303.471708,474.850828,228.9731,263.393712,254.264878,305.848692,261.881252,277.752424,327.460699,496.992171,172.459155,176.702266,205.203057,289.981929,289.226779,462.960643,685.376778,1379.933227,305.388104,349.715429,343.534136,558.482494,403.215375,416.569941,477.604061,551.549242,414.006823,591.001004,828.394185,1389.359398,409.646003,433.862764,465.196647,808.204394,497.91969,542.499462,543.675345,1565.986394,127.11459,141.521952,132.192349,261.397447,105.904573,140.922964,148.136863,237.184203,113.942199,128.585827,87.787305,113.124337,71.620702,,94.395391,,72.234786,91.287064,78.521861
营运能力,存货周转率,3.78214,3.045143,1.63808,0.568851,3.80669,2.242831,1.278569,0.463533,3.985928,2.311571,1.810964,0.703394,3.845765,2.554161,1.419672,0.470235,4.147175,2.600576,1.254004,0.411912,2.538086,1.064478,0.618848,0.190335,2.942978,1.604082,1.213147,0.312708,1.559534,1.056445,0.64162,0.277396,1.587161,0.904396,0.418187,0.137355,1.552962,0.871797,0.57082,0.180262,1.021689,0.682306,0.489524,0.099129,3.326255,1.285408,1.192348,0.254508,3.219495,2.084574,1.731833,0.557016,4.06115,3.658925,1.701615,0.941262,6.554696,,2.523357,,5.86269,3.102041,3.824289
营运能力,存货周转天数,95.184188,88.665782,109.884709,158.213505,94.570324,120.383537,140.782293,194.160579,90.317721,116.803659,99.394556,127.950919,93.609453,105.709825,126.789811,191.393638,86.806073,103.823152,143.540198,218.492783,141.839151,253.645292,290.862973,472.848051,122.325049,168.320514,148.374346,287.807938,230.83804,255.57398,280.539536,324.444819,226.820002,298.541526,430.429154,655.234409,231.814933,309.704793,315.335413,499.270744,352.35764,395.71676,367.703474,907.900301,108.229808,210.04999,150.962594,353.622136,111.81877,129.522846,103.936114,161.575017,88.644832,73.792151,105.781848,95.616234,54.922451,,71.333528,,61.405259,116.052596,94.135122
营运能力,总资产周转率,0.491748,0.383738,0.202746,0.060457,0.41315,0.283882,0.158491,0.050854,0.422023,0.26233,0.188741,0.0756,0.343173,0.232758,0.131675,0.042123,0.439717,0.315922,0.164654,0.056422,0.267917,0.138413,0.065564,0.015746,0.341902,0.237382,0.157875,0.047303,0.286292,0.207047,0.117816,0.05213,0.274236,0.140136,0.064037,0.019167,0.267887,0.176737,0.11378,0.032845,0.202592,0.147242,0.095387,0.015093,0.564203,0.327802,0.224741,0.050819,0.549952,0.416627,0.256486,0.078823,0.712597,0.594856,0.370252,0.178692,1.256651,,0.472871,,1.26994,0.949532,1.220989
营运能力,总资产周转天数,732.080866,703.60503,887.807605,1488.637188,871.352474,951.097686,1135.704421,1769.767216,853.033676,1029.234531,953.686891,1190.474167,1049.032059,1160.001843,1366.994176,2136.587609,818.707615,854.638653,1093.197409,1595.118326,1343.697586,1950.676146,2745.368424,5715.491886,1052.932249,1137.403264,1140.141612,1902.618259,1257.456763,1304.04932,1527.793171,1726.445141,1312.735357,1926.690534,2810.837537,4695.404293,1343.848411,1527.687071,1581.992572,2740.071299,1776.967997,1833.705256,1887.047891,5962.709433,638.068147,823.66672,800.921674,1770.985652,654.60205,648.061086,701.790668,1141.795844,505.19377,453.891357,486.155347,503.659354,286.475641,,380.653293,,283.477839,379.133853,294.842929
营运能力,流动资产周转率,0.763155,0.597572,0.323603,0.100291,0.700663,0.479908,0.276397,0.091487,0.727151,0.45274,0.318754,0.127788,0.637089,0.48012,0.274471,0.090227,0.89811,0.639935,0.335449,0.115607,0.546948,0.275339,0.135196,0.033275,0.678651,0.461231,0.303518,0.091213,0.538274,0.382885,0.217305,0.098251,0.512956,0.2579,0.122494,0.03665,0.491332,0.308562,0.208811,0.058038,0.335114,0.233253,0.149019,0.023686,0.843178,0.465524,0.323499,0.073831,0.763022,0.57186,0.357251,0.100909,0.967167,0.793608,0.471071,0.257375,1.83504,,0.682873,,1.799289,1.368497,1.827562
营运能力,流动资产周转天数,471.725464,451.828219,556.235839,897.385942,513.798396,562.606751,651.235238,983.736389,495.082636,596.368457,564.697375,704.290551,565.069448,562.358379,655.806653,997.483906,400.841354,421.917494,536.59273,778.494556,658.196749,980.607108,1331.394388,2704.659518,530.463492,585.38934,593.044212,986.699743,668.803414,705.172269,828.327999,916.014395,701.814198,1046.913784,1469.459328,2455.648566,732.701281,875.024015,862.021803,1550.70493,1074.258476,1157.538349,1207.896663,3799.668448,426.955789,579.990464,556.415246,1218.994122,471.807831,472.143075,503.846353,891.891132,372.221118,340.218343,382.107229,349.683313,196.180922,,263.59212,,200.079026,263.062208,196.983704
营运能力,应付账款周转率,5.704239,3.985077,2.51219,1.074893,3.935285,3.064862,1.915062,0.743705,3.751671,2.563878,2.064451,1.049573,4.036452,3.090847,1.702061,0.616175,5.904234,4.03352,3.008981,1.53849,4.271825,2.775036,1.359881,0.084684,3.620854,2.83331,1.868854,,2.475787,,1.159993,0.662924,1.90649,1.117573,0.678134,0.239514,2.065185,1.764194,1.205273,0.32147,1.489398,1.32264,0.905859,0.367988,3.911256,2.660557,1.616787,0.455454,4.447287,2.779226,1.723729,0.698589,4.600067,3.476708,3.096026,0.75549,5.662741,,2.265639,,5.143175,2.826537,4.077841
