选项,指标,20260331,20251231,20250930,20250630,20250331,20241231,20240930,20240630,20240331,20231231,20230930,20230630,20230331,20221231,20220930,20220630,20220331,20211231,20210930,20210630,20210331,20201231,20200930,20200630,20200331,20191231,20190930,20190630,20181231,20171231,20161231,20150630,20141231,20131231,20121231
常用指标,归母净利润,19223300.17,54018201.94,53837768.26,32664445.42,12921768.94,95471709.47,72793726.49,47365352.87,15290471.93,82527588.2,77405451.01,48036351.44,21022138.77,80006023.23,57666939.15,37138528.75,12414849.48,46108806.49,30677751.77,23274863.64,5665259.78,61085680.25,49330304.63,31178875.18,3334220.89,63974284.87,49919800.0,29774800.0,61007539.32,76334851.42,24751735.36,21315159.72,44720576.67,43179244.85,28216386.2
常用指标,营业总收入,266337862.21,911120149.22,688268402.05,452834319.96,210061076.49,1075648850.99,807141733.63,545344087.94,245620508.07,1085448240.35,796734829.59,517515735.63,222766924.55,872391960.05,596640680.21,362985748.86,155891329.05,684871622.79,490062719.12,336510442.6,140105840.14,600278421.26,439061739.17,286175228.64,94498630.5,632044301.56,,285883692.64,593550412.89,420477525.85,352469452.12,215947322.71,375263095.52,371224787.7,337940051.53
常用指标,营业成本,243608886.13,857800953.43,634737069.26,419496362.07,195871456.83,973186269.35,721941245.55,486328410.53,226800567.81,1002550401.79,717385560.95,466111237.93,196744571.77,778437343.8,522567915.48,313913473.62,137067691.39,636687268.59,454787857.73,311043061.0,130278795.7,536204540.2,382402682.35,250556787.21,90979782.91,557783602.59,,252312383.05,529223204.29,379136630.22,321072045.4,191671476.56,327895244.74,324921616.56,304289879.46
常用指标,净利润,19223300.17,54018201.94,53837768.26,32664445.42,12921768.94,95471709.47,72793726.49,47365352.87,15290471.93,82527588.2,77405451.01,48036351.44,21022138.77,80006023.23,57666939.15,37138528.75,12414849.48,46108806.49,30677751.77,23274863.64,5665259.78,61085680.25,49330304.63,31178875.18,3334220.89,63974284.87,49919800.0,29774800.0,61007539.32,76334851.42,24751735.36,21315159.72,44720576.67,43179244.85,28216386.2
常用指标,扣非净利润,16522445.94,50665352.88,45002832.23,29104542.76,11116619.57,90408213.59,70002156.24,44905731.43,14527118.22,74411672.09,69867267.4,45489269.61,19218805.44,77906249.7,56541801.62,36309833.07,12123349.04,42096313.74,27029579.09,20121850.61,5359848.05,58291627.7,46883100.0,30385900.0,3088112.97,61535300.0,47361500.0,26778300.0,58885000.0,37628800.0,23722300.0,19319000.0,41585000.0,40272800.0,38187400.0
常用指标,股东权益合计(净资产),1122817834.65,1102927230.99,1103628711.3,1081573474.47,1062276945.23,1066927020.22,1043752409.15,1018820653.07,1005329177.45,989473300.2,985199318.81,954982063.44,946687850.77,925665712.0,905702739.0,882798217.52,876858236.15,863659688.77,848467649.13,840825745.92,531131027.38,525226752.52,513471400.0,510319947.45,,479141072.27,,459941547.73,437166787.4,389159248.08,312824396.66,297797183.29,276482023.57,231761446.9,190582202.05
常用指标,商誉,,,,,,,,,,,,,,,,,,,,,,,,,,,,,,,,,,,
常用指标,经营现金流量净额,-24042207.69,-91813586.66,-80369272.43,-29599445.52,-17158669.68,60263960.21,-6592477.04,-47371077.27,-36177137.88,-22280754.26,-46286270.45,-15056354.7,-19302912.53,-49841365.42,-23295714.21,-16314366.89,-16429074.58,-83974714.11,-113632888.48,-95782772.52,-50110737.92,50152038.98,15846268.0,10703417.55,-16879102.95,44763768.98,,21817643.99,17417691.42,11197953.77,-5797831.51,-2339203.33,25578082.65,-29992168.82,-24118193.52
常用指标,基本每股收益,0.04,0.12,0.12,0.07,0.03,0.21,0.22,0.1,0.05,0.25,0.33,0.21,0.09,0.34,0.3697,0.16,0.08,0.32,0.2876,0.179,0.0629,0.6787,,0.35,0.037,0.7108,,0.3308,0.6779,0.8482,0.275,0.24,0.5,0.48,0.51
常用指标,每股净资产,2.448146,2.404777,2.406307,2.358218,3.242603,3.256797,3.186057,4.353934,4.296278,4.228518,4.210253,4.081119,6.068511,5.933754,5.805786,7.356651,7.307151,7.197164,7.070563,7.006881,5.901455,5.835852,,5.670221,,5.323789,,5.110461,4.857408,4.323991,3.475826,3.308857,3.072022,2.575127,6.155755
常用指标,每股现金流,-0.05242,-0.200186,-0.175233,-0.064537,-0.052376,0.183955,-0.020123,-0.20244,-0.154603,-0.095216,-0.197804,-0.064343,-0.123736,-0.319495,-0.149331,-0.135953,-0.136908,-0.699789,-0.94694,-0.798189,-0.556785,0.557244,,0.118926,,0.497375,,0.242418,0.193529,0.124421,-0.06442,-0.025991,0.2842,-0.333246,-0.779011
常用指标,净资产收益率(ROE),1.73,4.86,5.0,3.06,1.36,9.3,7.15,4.69,1.53,8.62,8.08,5.06,2.25,8.96,6.52,4.42,1.43,6.18,4.34,3.28,1.07,12.13,,6.3,0.69,13.69,,6.62,14.84,21.75,8.15,7.42,17.6,20.17,21.93
常用指标,总资产报酬率(ROA),1.309448,3.543544,3.590549,2.171339,0.925311,6.436278,5.232538,3.412217,1.118455,6.238832,6.250968,3.985008,1.918259,7.267823,5.738141,3.760625,1.298551,5.52845,3.799891,3.005481,1.050642,9.738058,,5.267827,,10.763911,,5.532778,11.549012,16.856057,6.170943,6.213439,12.836691,14.329805,11.846413
常用指标,毛利率,21.622223,19.181145,20.761468,20.145823,20.013788,19.90518,20.120629,20.056678,17.929132,17.353915,19.043404,19.068509,22.403115,19.984671,20.817224,22.34467,24.119702,17.509998,18.571258,18.965122,20.956047,23.284653,,24.448861,19.367726,23.640595,,23.198535,23.455013,23.11019,24.093685,23.94665,24.611432,24.580848,22.863267
常用指标,销售净利率,7.217637,5.928768,7.822205,7.213332,6.151434,8.875732,9.018704,8.685406,6.225242,7.603088,9.715334,9.282104,9.436831,9.17088,9.665271,10.231401,7.963784,6.732474,6.259964,6.916535,4.043557,10.176224,11.235391,10.895029,3.528327,10.121803,11.378004,10.41499,10.278409,18.154323,7.022377,9.870536,11.917126,11.631562,8.349524
常用指标,期间费用率,12.382068,12.657823,12.373542,12.082169,12.572087,9.91581,9.119899,8.838097,9.859058,9.264958,8.643331,8.672978,10.207518,8.731372,7.935045,8.328353,11.307067,10.125058,11.026457,11.033997,13.722582,12.021693,,11.408846,15.453146,11.431811,,10.967666,12.08603,12.872752,14.631741,10.670943,11.395533,11.52257,12.123802
常用指标,资产负债率,43.135196,41.027624,40.094363,38.491139,40.280102,42.581104,42.069204,43.44992,41.888262,38.202296,30.316866,29.472599,30.036711,31.865116,29.079558,26.822023,23.486887,22.953401,24.016465,19.923492,30.02946,28.678051,34.461592,28.588238,,34.516373,,30.258865,35.950163,33.351552,38.846776,37.69177,35.36933,46.053184,39.851818
每股指标,基本每股收益,0.04,0.12,0.12,0.07,0.03,0.21,0.22,0.1,0.05,0.25,0.33,0.21,0.09,0.34,0.3697,0.16,0.08,0.32,0.2876,0.179,0.0629,0.6787,,0.35,0.037,0.7108,,0.3308,0.6779,0.8482,0.275,0.24,0.5,0.48,0.51
每股指标,稀释每股收益,0.04,0.12,0.12,0.07,0.03,0.21,0.22,0.1,0.05,0.25,0.33,0.21,0.09,0.34,0.3697,0.16,0.08,0.32,0.2876,0.179,0.0629,0.6787,,0.35,0.037,0.7108,,0.3308,0.6779,0.8482,0.275,0.24,0.5,0.48,0.51
每股指标,摊薄每股收益_最新股数,0.041913,0.117779,0.117385,0.07122,0.028174,0.208162,0.158716,0.103273,0.033338,0.179939,0.168771,0.104736,0.045835,0.174441,0.125734,0.080975,0.027068,0.100533,0.066888,0.050747,0.012352,0.133188,0.107557,0.067981,0.007269,0.139486,0.108843,0.064919,0.133018,0.166437,0.053967,0.046474,0.097506,0.094146,0.061521
每股指标,摊薄每股净资产_期末股数,2.448146,2.404777,2.406307,2.358218,3.242603,3.256797,3.186057,4.353934,4.296278,4.228518,4.210253,4.081119,6.068511,5.933754,5.805786,7.356651,7.307151,7.197164,7.070563,7.006881,5.901455,5.835852,,5.670221,,5.323789,,5.110461,4.857408,4.323991,3.475826,3.308857,3.072022,2.575127,6.155755
每股指标,调整每股净资产_期末股数,2.36055,2.31757,2.325332,2.276369,3.127692,3.141295,3.069701,4.185742,4.129542,4.061641,4.047224,3.918756,5.822102,5.688196,5.681308,7.188547,7.138439,7.033426,6.902098,6.841106,5.678332,5.617542,,5.450348,,5.101076,,4.897124,4.643028,4.099995,3.268887,2.908336,2.869772,2.376182,5.586155
每股指标,每股净资产_最新股数,2.448146,2.404777,2.406307,2.358218,2.316145,2.326284,2.275755,2.221395,2.191978,2.157407,2.148088,2.082204,2.064119,2.018283,1.974757,1.924817,1.911866,1.883088,1.849964,1.833302,1.158056,1.145183,1.119552,1.11268,,1.044699,,1.002837,0.95318,0.848506,0.682069,0.649304,0.60283,0.505323,0.415537
每股指标,每股经营现金流,-0.05242,-0.200186,-0.175233,-0.064537,-0.052376,0.183955,-0.020123,-0.20244,-0.154603,-0.095216,-0.197804,-0.064343,-0.123736,-0.319495,-0.149331,-0.135953,-0.136908,-0.699789,-0.94694,-0.798189,-0.556785,0.557244,,0.118926,,0.497375,,0.242418,0.193529,0.124421,-0.06442,-0.025991,0.2842,-0.333246,-0.779011
每股指标,每股现金流量净额,0.088423,-0.143705,-0.131533,-0.131156,-0.145983,0.080195,0.003813,-0.102385,-0.134724,-0.105464,-0.036826,0.132718,0.031159,-0.509848,-0.502267,0.661215,-0.15606,1.059584,1.023455,1.181621,-0.403327,0.035783,,-0.023218,,0.272825,,0.095581,0.097234,0.051048,-0.077762,-0.058167,-0.223779,0.281331,0.00876
每股指标,每股企业自由现金流量,,0.228216,,0.038754,,-0.146501,,0.00648,,0.909725,,0.230579,,0.294265,,0.230315,,-2.271594,,-2.343183,,0.261628,,0.045175,,0.473511,,0.128652,-0.014749,1.053926,-2.195735,-0.129356,0.092405,0.122641,-3.049212
每股指标,每股股东自由现金流量,,0.467685,,0.089078,,0.387121,,0.491204,,1.024549,,0.230579,,0.935291,,1.063649,,-2.729927,,-2.801516,,-0.016149,,-0.065935,,0.673511,,0.217541,0.196361,0.965038,-2.084623,-0.129356,-0.063149,0.622641,-3.456834
每股指标,每股未分配利润,1.14526,1.125153,1.110859,1.089628,1.468633,1.480771,1.429342,1.894533,1.836877,1.769117,1.782816,1.653683,2.427356,2.292599,2.187354,2.67249,2.606323,2.513002,2.417033,2.353351,3.108394,3.079192,,2.968533,,2.622102,,2.477788,2.224735,1.75219,0.984519,0.848057,0.624926,0.172825,2.87042
每股指标,每股资本公积金,0.143769,0.143769,0.143769,0.143769,0.593116,0.601277,0.601277,1.241788,1.241788,1.241788,1.241788,1.241788,2.362682,2.362682,2.377914,3.371487,3.371487,3.371487,3.371487,3.371487,1.380604,1.380604,,1.380604,,1.380604,,1.380604,1.380604,1.380604,1.380604,1.378225,1.378225,1.378225,1.965817
每股指标,每股盈余公积金,0.159116,0.135854,0.151678,0.12482,0.180853,0.174748,0.155437,0.217612,0.217612,0.217612,0.185648,0.185648,0.278472,0.278472,0.240518,0.312674,0.32934,0.312674,0.282042,0.282042,0.412457,0.376056,,0.321083,,0.321083,,0.252069,0.252069,0.191196,0.110703,0.082575,0.068871,0.024077,0.319518
每股指标,每股留存收益,1.304376,1.261008,1.262537,1.214449,1.649487,1.65552,1.584779,2.112145,2.05449,1.986729,1.968465,1.839331,2.705829,2.571071,2.427872,2.985164,2.935664,2.825676,2.699076,2.635393,3.520851,3.455248,,3.289617,,2.943185,,2.729857,2.476804,1.943387,1.095222,0.930632,0.693797,0.196902,3.189938
每股指标,每股营业收入,0.580712,1.986569,1.500672,0.987341,0.641212,3.283421,2.463802,2.33053,1.04966,4.638667,3.404849,2.211605,1.427993,5.592256,3.824619,3.024881,1.299094,5.707263,4.083855,2.804253,1.556731,6.66976,,3.179724,,7.022714,,3.176485,6.595004,4.671972,3.916327,2.399414,4.169589,4.124719,10.915376
每股指标,每股营业总收入,0.580712,1.986569,1.500672,0.987341,0.641212,3.283421,2.463802,2.33053,1.04966,4.638667,3.404849,2.211605,1.427993,5.592256,3.824619,3.024881,1.299094,5.707263,4.083855,2.804253,1.556731,6.66976,,3.179724,,7.022714,,3.176485,6.595004,4.671972,3.916327,2.399414,4.169589,4.124719,10.915376
每股指标,每股息税前利润,0.054885,0.144031,0.144847,0.085609,0.051362,0.339819,0.271759,0.248098,0.079609,0.394556,0.370303,0.23098,0.166722,0.57759,0.441032,0.364675,0.122657,0.42785,0.293393,0.223713,0.08729,0.794253,,0.423273,,0.845707,,0.412511,0.812562,1.025822,0.350744,0.312649,0.611453,0.594261,1.212399
盈利能力,净资产收益率(ROE),1.73,4.86,5.0,3.06,1.36,9.3,7.15,4.69,1.53,8.62,8.08,5.06,2.25,8.96,6.52,4.42,1.43,6.18,4.34,3.28,1.07,12.13,,6.3,0.69,13.69,,6.62,14.84,21.75,8.15,7.42,17.6,20.17,21.93
盈利能力,摊薄净资产收益率,1.712058,4.897712,4.87825,3.020085,1.216421,8.948288,6.974233,4.649037,1.520941,8.340557,7.856831,5.030078,2.220598,8.643079,6.367093,4.20691,1.415833,5.33877,3.615665,2.768095,1.06664,11.630344,9.607214,6.109672,,13.351868,,6.473596,13.955209,19.615325,7.912341,7.157609,16.174858,18.6309,14.805362
盈利能力,净资产收益率_平均,1.727358,4.97897,4.960735,3.040673,1.213765,9.285323,7.160417,4.716974,1.533031,8.618443,8.101613,5.108489,2.24553,8.94259,6.518386,4.253011,1.426569,6.639679,4.466459,3.407608,1.072602,12.164005,9.939488,6.302193,,13.963491,,6.63794,14.765972,21.748327,7.912341,7.423274,17.598091,20.447446,14.805362
盈利能力,净资产收益率_平均_扣除非经常损益,1.484666,4.669931,4.146664,2.709288,1.044204,8.792861,6.885822,4.472027,1.456496,7.770889,7.312632,4.837617,2.052903,8.70789,6.391206,4.158111,1.393073,6.061879,3.935311,2.945984,1.014778,11.607625,9.446405,6.141909,,13.43114,,5.969914,14.252243,10.720705,7.583264,6.728086,16.364204,19.071104,20.037233
盈利能力,摊薄净资产收益率_扣除非经常损益,1.471516,4.593716,4.077714,2.690944,1.046489,8.473701,6.706777,4.407618,1.445011,7.520331,7.091688,4.763363,2.03011,8.41624,6.242865,4.113038,1.382589,4.874178,3.185693,2.393105,1.009138,11.098373,,5.954274,,12.842826,,,13.469693,9.669254,,,,,
盈利能力,息税前利润率,9.451424,7.250259,9.652164,8.670671,8.010236,10.349561,11.030068,10.645579,7.58433,8.505814,10.875777,10.444009,11.675305,10.328401,11.531407,12.055861,9.441805,7.496588,7.184223,7.977653,5.607297,11.90828,,13.311638,5.733572,12.042453,,12.986416,12.320884,21.956947,8.955943,13.030252,14.664594,14.407315,11.107263
盈利能力,总资产报酬率,1.309448,3.543544,3.590549,2.171339,0.925311,6.436278,5.232538,3.412217,1.118455,6.238832,6.250968,3.985008,1.918259,7.267823,5.738141,3.760625,1.298551,5.52845,3.799891,3.005481,1.050642,9.738058,,5.267827,,10.763911,,5.532778,11.549012,16.856057,6.170943,6.213439,12.836691,14.329805,11.846413
盈利能力,总资本回报率,1.613989,4.581705,4.628173,2.829364,1.221499,8.958581,7.256173,4.887266,1.612982,8.619706,8.209706,5.195154,2.509971,9.537841,7.360912,4.74,1.69133,7.11164,4.928583,3.778275,1.33002,12.547807,,6.686426,,14.384026,,7.215187,15.704631,23.197469,8.676428,8.200301,17.353212,20.676208,17.411405
盈利能力,投入资本回报率,1.401507,4.288949,4.131839,2.593625,1.049438,8.109236,6.225724,4.157802,1.384974,7.940775,7.507363,4.732307,2.096295,8.621984,6.240351,4.022678,1.353708,6.553125,4.462646,3.444756,1.049574,11.302793,9.198158,5.772253,,12.688802,,6.095874,14.050143,19.942864,7.422356,6.647265,15.347664,18.161811,14.501102
盈利能力,息前税后总资产报酬率_平均,1.137059,3.317122,3.205492,1.990426,0.794972,5.826068,4.489465,2.902917,0.960352,5.747431,5.716195,3.629975,1.602105,6.569941,4.864616,3.191515,1.095275,5.094271,3.440658,2.740179,0.829105,8.771832,6.511552,4.547606,,9.495334,,4.674462,10.33232,14.491152,5.279008,4.706737,10.431688,11.568986,8.905156
盈利能力,毛利率,21.622223,19.181145,20.761468,20.145823,20.013788,19.90518,20.120629,20.056678,17.929132,17.353915,19.043404,19.068509,22.403115,19.984671,20.817224,22.34467,24.119702,17.509998,18.571258,18.965122,20.956047,23.284653,,24.448861,19.367726,23.640595,,23.198535,23.455013,23.11019,24.093685,23.94665,24.611432,24.580848,22.863267
盈利能力,销售净利率,7.217637,5.928768,7.822205,7.213332,6.151434,8.875732,9.018704,8.685406,6.225242,7.603088,9.715334,9.282104,9.436831,9.17088,9.665271,10.231401,7.963784,6.732474,6.259964,6.916535,4.043557,10.176224,11.235391,10.895029,3.528327,10.121803,11.378004,10.41499,10.278409,18.154323,7.022377,9.870536,11.917126,11.631562,8.349524
盈利能力,成本费用利润率,9.323416,6.838108,9.66829,8.631798,7.865053,10.950875,11.89345,11.572629,7.937945,9.001147,11.881439,11.397403,12.939072,11.451298,13.109501,14.021103,11.295843,7.905001,7.505414,8.277221,5.633391,12.799371,,14.621675,4.941595,13.146033,,14.161711,13.061362,23.656726,9.186026,14.227046,15.684837,15.393772,11.43405
盈利能力,营业利润率,7.922686,6.224889,8.651351,7.702107,7.234282,9.86825,10.601256,10.302061,7.302331,8.092193,10.632357,10.205117,11.34272,10.06877,11.355831,11.969559,9.868226,6.903445,6.376206,6.896044,5.132207,10.978286,12.594949,12.555323,4.689736,11.136598,12.884798,11.296476,11.440229,19.422338,7.896827,11.241559,12.622571,12.473081,9.957438
盈利能力,总资产净利率_平均,0.999968,2.897669,2.909815,1.806387,0.71059,5.51972,4.27837,2.783925,0.918031,5.576702,5.583991,3.541672,1.550477,6.453306,4.809533,3.191515,1.095275,4.964945,3.31103,2.605718,0.757643,8.32166,6.511552,4.3115,,9.047176,,4.437239,9.634492,13.936833,4.838652,4.706737,10.431688,11.568986,8.905156
盈利能力,总资产净利率_平均(含少数股东损益),0.999968,2.897669,2.909815,1.806387,0.71059,5.51972,4.27837,2.783925,0.918031,5.576702,5.583991,3.541672,1.550477,6.453306,4.809533,3.191515,1.095275,4.964945,3.31103,2.605718,0.757643,8.32166,6.511552,4.3115,,9.047176,,4.437239,9.634492,13.936833,4.838652,4.706737,10.431688,11.568986,8.905156
成长能力,归母净利润,19223300.17,54018201.94,53837768.26,32664445.42,12921768.94,95471709.47,72793726.49,47365352.87,15290471.93,82527588.2,77405451.01,48036351.44,21022138.77,80006023.23,57666939.15,37138528.75,12414849.48,46108806.49,30677751.77,23274863.64,5665259.78,61085680.25,49330304.63,31178875.18,3334220.89,63974284.87,49919800.0,29774800.0,61007539.32,76334851.42,24751735.36,21315159.72,44720576.67,43179244.85,28216386.2
成长能力,营业总收入,266337862.21,911120149.22,688268402.05,452834319.96,210061076.49,1075648850.99,807141733.63,545344087.94,245620508.07,1085448240.35,796734829.59,517515735.63,222766924.55,872391960.05,596640680.21,362985748.86,155891329.05,684871622.79,490062719.12,336510442.6,140105840.14,600278421.26,439061739.17,286175228.64,94498630.5,632044301.56,,285883692.64,593550412.89,420477525.85,352469452.12,215947322.71,375263095.52,371224787.7,337940051.53
成长能力,净利润,19223300.17,54018201.94,53837768.26,32664445.42,12921768.94,95471709.47,72793726.49,47365352.87,15290471.93,82527588.2,77405451.01,48036351.44,21022138.77,80006023.23,57666939.15,37138528.75,12414849.48,46108806.49,30677751.77,23274863.64,5665259.78,61085680.25,49330304.63,31178875.18,3334220.89,63974284.87,49919800.0,29774800.0,61007539.32,76334851.42,24751735.36,21315159.72,44720576.67,43179244.85,28216386.2
成长能力,扣非净利润,16522445.94,50665352.88,45002832.23,29104542.76,11116619.57,90408213.59,70002156.24,44905731.43,14527118.22,74411672.09,69867267.4,45489269.61,19218805.44,77906249.7,56541801.62,36309833.07,12123349.04,42096313.74,27029579.09,20121850.61,5359848.05,58291627.7,46883100.0,30385900.0,3088112.97,61535300.0,47361500.0,26778300.0,58885000.0,37628800.0,23722300.0,19319000.0,41585000.0,40272800.0,38187400.0
成长能力,营业总收入增长率,26.790677,-15.295763,-14.727689,-16.963559,-14.477387,-0.902796,1.306194,5.377295,10.258966,24.422082,33.536792,42.571915,42.898855,27.380363,21.74782,7.867603,11.266831,14.092327,11.615901,17.588948,48.262296,-5.025894,0.073437,0.101974,,6.485361,,,41.161031,19.294742,,,1.087833,9.849301,
成长能力,归属母公司净利润增长率,48.766784,-43.419676,-26.040648,-31.037259,-15.491366,15.684598,-5.95788,-1.396855,-27.264908,3.151718,34.228471,29.343711,69.330597,73.51571,87.976418,59.564968,119.139985,-24.517814,-37.81155,-25.350534,69.912551,-4.515258,-1.180894,4.715649,,4.862916,,,-20.079048,208.402018,,,3.569612,53.028968,
收益质量,经营活动净现金/销售收入,-0.090269,-0.10077,-0.11677,-0.065364,-0.081684,0.056025,-0.008167,-0.086864,-0.147288,-0.020526,-0.058094,-0.029093,-0.08665,-0.057131,-0.039044,-0.044944,-0.105387,-0.122613,-0.231874,-0.284635,-0.357663,0.083547,,0.037401,-0.178617,0.070823,,0.076316,0.029344,0.026631,-0.016449,-0.010832,0.06816,-0.080792,-0.071368
收益质量,经营性现金净流量/营业总收入,-0.090269,-0.10077,-0.11677,-0.065364,-0.081684,0.056025,-0.008167,-0.086864,-0.147288,-0.020526,-0.058094,-0.029093,-0.08665,-0.057131,-0.039044,-0.044944,-0.105387,-0.122613,-0.231874,-0.284635,-0.357663,0.083547,,0.037401,-0.178617,0.070823,,0.076316,0.029344,0.026631,-0.016449,-0.010832,0.06816,-0.080792,-0.071368
收益质量,成本费用率,90.759845,93.476677,91.612073,91.936345,92.558298,90.010629,88.99927,88.781418,91.929926,91.911042,89.599927,89.604469,87.804403,88.7467,87.117821,85.983683,87.187364,92.615059,92.455198,92.068874,92.766534,88.73704,,86.959984,96.085419,87.791216,,87.76913,88.631017,89.762562,90.538056,86.724293,86.7841,86.941721,89.260534
收益质量,期间费用率,12.382068,12.657823,12.373542,12.082169,12.572087,9.91581,9.119899,8.838097,9.859058,9.264958,8.643331,8.672978,10.207518,8.731372,7.935045,8.328353,11.307067,10.125058,11.026457,11.033997,13.722582,12.021693,,11.408846,15.453146,11.431811,,10.967666,12.08603,12.872752,14.631741,10.670943,11.395533,11.52257,12.123802
收益质量,销售成本率,78.377776,80.818854,79.238531,79.854176,79.986211,80.094819,79.87937,79.943321,82.070867,82.646084,80.956595,80.93149,77.596884,80.015328,79.182775,77.655329,75.880297,82.490001,81.428741,81.034877,79.043952,76.715346,,75.551138,80.632273,76.359404,,76.801464,76.544986,76.889809,75.906314,76.053349,75.388567,75.419151,77.136732
收益质量,经营活动净现金/归属母公司的净利润,-1.25068,-1.699678,-1.492804,-0.906167,-1.327888,0.631223,-0.090563,-1.00012,-2.365992,-0.269979,-0.597971,-0.313436,-0.918218,-0.62297,-0.40397,-0.439284,-1.32334,-1.821229,-3.704081,-4.115288,-8.845267,0.821011,,0.34329,-5.062382,0.699715,,0.732756,0.2855,0.146695,-0.234239,-0.109743,0.571953,-0.694596,-0.854758
收益质量,所得税/利润总额,14.704486,7.247589,11.686556,9.103442,15.499485,9.954599,14.79799,15.465099,14.691705,8.098106,8.739881,9.1111,16.937165,9.758962,15.370682,15.133386,19.13748,8.041657,9.787677,9.240685,22.624708,10.403078,,14.313616,25.690532,12.297467,,16.208234,11.212528,14.507072,15.564458,20.000871,12.450966,13.090995,18.190804
财务风险,流动比率,1.586906,1.630026,1.895564,1.943837,1.859084,1.745106,1.761181,1.701028,1.695356,1.863845,2.571408,2.733794,2.749706,2.621783,2.866682,3.162335,3.605861,3.690415,3.571994,4.355697,2.647626,2.773708,,2.723442,,2.23588,,2.520559,2.130646,2.110011,2.426268,2.428597,2.378333,1.7788,1.990003
财务风险,速动比率,0.896074,0.887836,1.092746,1.145335,1.126361,1.156131,1.126395,1.082346,1.109825,1.270733,1.740321,1.905544,1.899843,1.891851,2.071891,2.32562,2.579152,2.693734,2.614266,3.263319,1.742201,1.995733,,1.935126,,1.61451,,1.71885,1.451782,1.328368,1.680787,1.386972,1.361939,1.071987,1.244946
财务风险,保守速动比率,0.758352,0.713414,0.883677,0.955011,0.936471,0.976552,0.918986,0.960778,0.889799,1.019227,1.462225,1.558437,1.590849,1.56693,1.750408,2.069655,2.047878,2.223275,2.24334,2.79635,1.58647,1.673323,,1.600115,,1.411091,,1.542176,1.399673,1.235085,1.581753,1.290187,1.186986,0.930148,1.096464
财务风险,资产负债率,43.135196,41.027624,40.094363,38.491139,40.280102,42.581104,42.069204,43.44992,41.888262,38.202296,30.316866,29.472599,30.036711,31.865116,29.079558,26.822023,23.486887,22.953401,24.016465,19.923492,30.02946,28.678051,34.461592,28.588238,,34.516373,,30.258865,35.950163,33.351552,38.846776,37.69177,35.36933,46.053184,39.851818
财务风险,权益乘数,1.727413,1.718267,1.704828,1.683289,1.708108,1.682209,1.673632,1.69436,1.66991,1.545437,1.450864,1.442394,1.448283,1.385737,1.355305,1.332599,1.302474,1.337311,1.348963,1.307742,1.415708,1.461728,1.526439,1.461717,,1.543408,,1.495961,1.532615,1.560492,1.635236,1.577159,1.686984,1.767436,1.66256
财务风险,权益乘数(含少数股权的净资产),1.758557,1.695709,1.669292,1.625782,1.674483,1.741586,1.726197,1.768344,1.720822,1.618183,1.435067,1.417888,1.429321,1.467676,1.41003,1.366531,1.306965,1.297915,1.316074,1.248805,1.429172,1.402092,1.525822,1.400329,,1.527099,,1.433874,1.561284,1.50041,1.635236,1.604924,1.547253,1.853677,1.66256
财务风险,产权比率,75.855704,69.57092,66.9292,62.578201,67.448377,74.158697,72.619758,76.834412,72.082276,61.818312,43.50675,41.788863,42.932103,46.767697,41.00307,36.653136,30.696551,29.791582,31.60746,24.880571,42.917292,40.209294,52.582285,40.032955,,52.70993,,43.3874,56.128424,50.041005,63.523676,60.492442,54.725304,85.367754,66.256065
财务风险,现金比率,0.11571,0.07299,0.071867,0.141649,0.1206,0.187338,0.154575,0.154738,0.120869,0.212777,0.228498,0.386008,0.464074,0.48827,0.566949,0.902936,0.639772,0.842972,0.766391,1.061035,0.064959,0.261314,,0.206814,,0.194224,,0.131026,0.059745,0.028442,0.086408,0.021092,0.060631,0.149952,0.026964
营运能力,应收账款周转率,0.802675,2.889276,1.99828,1.387715,0.650675,3.26104,2.301021,1.459053,0.68673,3.303495,2.313279,1.578462,0.67585,3.204952,2.18051,1.38893,0.623653,3.093956,1.980813,1.463076,0.583159,2.82091,,1.334219,,3.081694,,1.427089,3.139802,2.250385,1.817968,1.40377,2.957274,2.945523,2.76043
营运能力,应收账款周转天数,112.125027,124.598687,135.116173,129.709594,138.317777,110.394214,117.339182,123.367615,131.055841,108.975484,116.717429,114.035017,133.165539,112.326149,123.824241,129.596085,144.310799,116.355876,136.307658,123.028426,154.331766,127.618373,130.322217,134.910345,,116.81883,,126.130838,114.65691,159.972614,198.023284,128.226065,121.733726,122.219363,130.414437
营运能力,存货周转率,0.416706,1.70004,1.326362,0.925701,0.435218,2.421688,1.788151,1.176726,0.563351,2.782385,1.961395,1.325766,0.534916,2.516683,1.772497,1.10968,0.462556,2.817317,1.987129,1.467712,0.630466,3.009891,,1.42135,,3.112516,,1.411474,2.985902,2.47915,2.309079,1.112467,2.059445,2.51544,2.955159
营运能力,存货周转天数,215.979205,211.759616,203.564282,194.447131,206.792455,148.656582,150.993937,152.96675,159.758141,129.385362,137.657091,135.770539,168.250479,143.045415,152.327463,162.208922,194.571029,127.781132,135.87436,122.639847,142.751353,119.605629,,126.640085,,115.662047,,127.526241,120.56657,145.211032,155.906307,161.802451,174.804296,143.116102,121.82085
营运能力,总资产周转率,0.138545,0.488747,0.371994,0.250423,0.115516,0.621889,0.474388,0.320529,0.147469,0.733478,0.57476,0.381559,0.1643,0.703673,0.497609,0.311933,0.137532,0.737462,0.528921,0.376737,0.18737,0.817755,0.579557,0.39573,,0.89383,,0.426043,0.937352,0.767686,0.689033,0.476847,0.875352,0.99462,1.066546
营运能力,总资产周转天数,649.60812,736.577071,725.817638,718.782538,779.111627,578.881421,569.153699,561.571515,610.296777,490.811892,469.760787,471.748519,547.776383,511.600829,542.593817,577.046381,654.3927,488.160647,510.472549,477.786136,480.331628,440.229534,465.872846,454.854496,,402.760962,,422.492045,384.060404,468.941287,522.471104,377.479403,411.262811,361.947228,337.538001
营运能力,流动资产周转率,0.236536,0.831863,0.635005,0.431185,0.198269,0.992065,0.759896,0.502781,0.227942,1.002644,0.728031,0.475782,0.202405,0.863853,0.613108,0.381843,0.169156,0.935835,0.665643,0.475255,0.248673,1.09546,,0.53357,,1.2124,,0.58507,1.331618,1.094429,0.934671,0.626295,1.125856,1.293852,1.434349
营运能力,流动资产周转天数,380.490321,432.763125,425.193419,417.453727,453.927569,362.879192,355.311565,358.00844,394.836892,359.050506,370.862912,378.323906,444.651186,416.737163,440.378625,471.397914,532.051855,384.683169,405.622769,378.743348,361.920769,328.628941,333.579079,337.350193,,296.931689,,307.655419,270.347789,328.938444,385.16226,287.404067,319.756544,278.238804,250.984808
营运能力,应付账款周转率,1.454192,4.47968,3.06949,1.937063,0.902631,4.181419,3.274606,2.469683,1.195208,6.78834,8.101208,6.329488,3.164256,11.769656,7.983258,4.142816,1.808949,11.070159,8.079778,5.33428,2.668979,8.072267,,3.997041,,6.77594,,3.22764,5.40304,4.84686,7.507089,2.480684,3.816299,4.245869,4.934674
