选项,指标,20251231,20250930,20250630,20250331,20241231,20240930,20240630,20240331,20231231,20230930,20230630,20230331,20221231,20220930,20220630,20220331,20211231,20210930,20210630,20210331,20201231,20200930,20200630,20200331,20191231,20190930,20190630,20190331,20181231,20180930,20180630,20180331,20171231,20170930,20170630,20170331,20161231,20160930,20160630,20160331,20151231,20150930,20150630,20150331,20141231,20140930,20140630,20140331,20131231,20130930,20130630,20130331,20121231,20120930,20120630,20120331,20111231,20110930,20110630,20110331,20101231,20100930,20100630,20100331,20091231,20090930,20090630,20090331,20081231,20080930,20080630,20080331,20071231,20070930,20070630,20070331,20061231,20060930,20060630,20060331,20051231,20050930,20050630,20050331,20041231,20040930,20040630,20040331,20031231,20030930,20030630,20030331,20021231,20020930,20020630,20020331,20011231,20010630,20001231,20000630,19991231,19990630,19981231,19980630,19971231,19970630,19961231,19960630,19951231
常用指标,归母净利润,-196239863.57,-24840141.46,-13880678.13,-43608929.35,-131323615.46,-180822804.78,-187014250.84,2115126.23,-195379236.43,62327843.27,12912765.48,9123481.61,-248003933.07,-100057560.45,-85135929.13,-50421112.12,7405625.82,-24038516.46,-17399592.46,-20207696.58,-71598583.7,-34686002.23,-111286702.19,-67922652.26,45026654.39,102534510.6,65029659.38,30630814.97,76097558.0,113414517.71,71389422.35,29944804.91,62429217.63,79638832.68,50695523.93,28943951.23,53400978.76,66089350.31,42545698.58,13642066.14,47921644.09,49747281.4,27185548.34,5309715.2,29077754.92,45353081.82,22767614.18,-3297993.03,84751111.5,53131744.66,29964197.27,1812022.48,70759525.78,63971892.92,34301642.11,-331035.74,65156927.76,50444059.06,28958238.49,-2888079.26,2738030.51,-6015476.95,-8300528.67,-1979280.82,-90031781.65,-23087213.28,-9940256.36,-4371247.95,2453028.22,-8242840.92,-7359022.38,2031682.43,2106700.22,1407316.89,-7952780.75,-2242972.94,-113736152.26,-3185222.47,-2726581.64,-1471659.38,-78162974.01,3257494.74,3065113.71,2825585.52,6259871.43,30458779.51,27094425.93,13100042.02,30596627.26,18183710.36,9655255.54,4454000.04,16946855.96,17058296.79,15842752.22,10316497.71,19908712.2,4950310.75,10941625.47,-3807249.38,-100519531.6,-7677822.09,7398190.26,3167399.32,16072073.67,4427166.1,13346185.03,2463838.62,15575939.61
常用指标,营业总收入,967003679.5,737805556.55,531830484.19,306124269.18,1253152389.59,1064420896.8,770241193.31,401028718.85,1503936973.0,1120878746.42,688359183.52,326739250.51,890941684.56,712337568.52,449099387.17,197851154.54,1365356307.59,935916723.98,631374965.28,275660349.02,1121378396.37,692099848.44,344588699.17,164506399.32,1305186979.54,988567789.2,649942644.37,317272485.82,1344846452.31,987026167.48,627195223.64,284031012.78,1132206742.29,803557361.7,499623236.77,233623532.9,1048395242.98,725806526.49,476243196.24,220486126.64,989365476.42,746176072.07,484709167.48,228247220.97,1082227597.14,809347761.3,526724877.06,239894638.64,1297658670.66,836418467.55,524509826.16,238863834.14,1140003723.16,818341254.16,524424458.98,229648108.27,864521187.84,584015123.05,356806051.28,0.0,28927936.42,27434054.57,21653589.77,8426551.57,150213988.63,126977124.66,75709533.03,33825686.97,162793205.16,113665616.67,74431798.43,36430500.53,308985317.26,127269126.73,88979282.43,50030982.8,213532532.93,179505227.77,123882515.32,48716068.47,264928623.85,191846733.62,124811470.2,63881159.37,378569650.39,354023717.69,255422710.2,81869385.4,312377613.82,205406001.93,162630947.62,75852301.22,204528274.3,167804700.18,108429537.5,60844324.65,636521801.16,344254154.12,400030799.71,52170796.65,186730452.79,97907503.54,325954259.52,147613510.22,246076340.12,94430887.96,196574813.68,100127873.44,208797582.46
常用指标,营业成本,1125240696.96,830389145.24,609624610.09,352625343.24,1353011639.37,1049817200.45,758357910.67,397619319.0,1440267395.87,1051628757.54,671107857.83,316562391.7,1136152251.82,830189019.03,546186178.28,257691669.93,1382467935.38,949826013.13,631322850.82,301701815.45,1168725466.72,732692233.36,472498069.94,246330778.16,1248350486.47,871144422.27,573315453.6,286222994.4,1242505987.8,853645537.04,544364766.67,249270639.33,1058383525.34,711463960.91,441934024.48,200728328.99,1001408621.81,654172463.64,425861160.4,206170747.29,942912865.7,688695795.81,455191633.66,223801283.92,1066775210.84,759443320.45,502747420.81,247127353.01,1207047307.06,787012687.74,500687756.62,238566135.67,1075029443.34,748217214.29,490619475.0,230586362.77,796099929.71,528340719.36,328845871.62,2888094.63,88035791.26,34809015.17,44284597.35,11057750.89,276413474.44,160065613.68,90337337.26,39900056.37,204852337.45,126475315.09,86446973.62,33363865.88,362124087.76,207948764.89,105391930.82,53784611.3,348937745.5,178598406.26,122363583.11,50385412.88,300897801.85,173943175.34,111324248.38,55079638.14,323656907.68,287766359.86,196367145.12,51999104.65,276774351.16,182182444.04,145764996.38,69912049.77,188181302.41,149070270.67,92644489.98,50377621.55,606989062.11,333066998.39,388121664.36,56360711.86,285625241.75,107458765.72,326760005.64,148004935.56,239063271.73,,184093444.32,,196756625.85
常用指标,净利润,-203311051.01,-29464463.94,-15613596.04,-45559133.27,-139767849.06,-188426637.89,-190644888.15,1940483.35,-198316216.8,57057046.73,9798531.42,8877669.78,-267303272.35,-110045991.01,-92161287.46,-54094622.97,3081617.4,-28660022.09,-20548295.13,-22246162.26,-71048465.93,-34853107.22,-111799710.84,-68340059.53,46475700.66,102735307.54,65502324.28,30122178.91,76928944.63,114029642.19,70806590.92,30020122.41,63129073.14,79889694.67,50385095.86,28428071.55,51791361.5,66266106.02,42468250.32,13080962.08,46990266.54,48979016.56,26726947.06,4991298.55,26751914.96,43660893.99,21422992.5,-4045630.93,83570051.4,52574646.33,29921914.41,1054474.94,70540689.75,63552430.19,34056508.21,-563766.58,65722267.41,50514409.38,29280460.55,-2888094.63,-9683424.71,-7523618.09,-17569488.31,-2750079.87,-132213932.06,-29558866.92,-14537536.73,-6132706.1,-12309571.78,-10527314.13,-9599874.73,3087311.51,-1136482.75,337485.75,-10577313.49,-2162531.49,-130737665.76,4109292.87,3798213.63,-1471659.38,-73539878.87,18963018.15,13875964.21,8095825.75,37654360.66,59738780.29,51059037.08,27389395.13,42898937.78,23199612.66,15979828.36,5665435.46,15028739.78,17939191.61,14781959.69,8939367.71,26539289.91,9972351.43,14247212.59,-4083815.11,-101528017.23,-6728909.95,10908584.43,3203398.03,16074645.7,4395162.48,13296266.42,2361217.97,15277941.94
常用指标,扣非净利润,-295871323.37,-83202879.52,-70740227.35,-43374448.35,-130973912.33,-183601318.12,-188584562.08,1002639.11,-222345920.77,40237416.72,2858072.43,6693949.97,-261012133.56,-115360557.03,-95097108.88,-52897473.68,-27923215.0,-41404685.92,-24616129.5,-22202712.06,-141402887.17,-80311258.17,-136497248.35,-69417330.12,29582712.62,94439730.61,58342905.16,26864554.69,53992748.48,110156522.22,68952768.54,29632188.19,53612847.33,74712115.21,49948494.34,28838179.79,35474528.63,56923703.04,40445817.61,12429957.27,35734838.25,48505124.28,25600443.55,5170376.17,22184086.67,44754608.26,22783342.65,-3290250.71,75934138.32,40938663.76,19042628.76,1801095.14,64889632.33,56878747.27,27035606.41,-2220158.49,-13523277.38,-10870444.56,-8105533.06,,-38889754.68,-5939661.63,-3741429.36,-1918651.74,-84916677.94,-26569516.73,-9983205.21,-4312620.95,-31926597.56,-10517338.59,-9633520.05,1988567.79,-84742112.86,-71555654.52,-11327028.12,-2072434.76,-116766231.62,-3800726.24,-3080501.42,,-79265214.53,2497414.72,3077835.61,2912839.97,4975591.44,29944446.51,25567480.21,13111600.13,9058622.86,18651258.82,9814974.0,4457171.53,16982495.67,17091524.12,15868576.01,,19908712.2,4950310.75,10941625.47,-3810000.0,-100519531.6,,,,,,,,
常用指标,股东权益合计(净资产),460076222.59,651511857.95,697391677.02,667446139.79,713005273.06,630804778.17,633986527.93,821571899.43,819631416.08,1072510765.33,1022477304.7,1011556443.06,1006922634.88,1141888556.88,1151473260.43,1181539924.92,1233134547.89,971157701.89,967237814.63,965545467.77,1008230508.72,1021599436.05,944652832.43,990304482.09,1058644541.62,1120021821.22,1082788840.9,1055148936.3,1025026757.39,1062127454.95,1018904403.68,980506900.82,950486778.41,967247399.94,937742801.13,915785776.82,887357705.27,901832449.79,878034594.09,849045870.61,835964908.53,837703658.55,814026589.05,791215940.54,786224641.99,803133621.02,780895719.53,755427096.1,759472727.03,732325515.3,709672783.38,682269268.81,681214793.87,673722552.33,644226630.34,-81565244.61,694315468.42,-69161883.18,-66396971.68,-59444139.31,-56556044.68,-62992866.27,-54003325.51,-52018830.13,-49268766.37,81064901.21,95791468.42,104196299.04,110329005.15,114732334.64,116779482.86,130163448.48,122758576.93,128440629.71,117527774.41,130968102.04,152235900.01,288763560.71,277940259.54,283146824.74,284618494.11,444811985.4,432855199.55,438955806.96,380860076.12,384829121.63,361258408.83,343333199.47,288037725.84,263615074.66,255385290.35,241712668.21,189242146.67,192128227.74,188970020.78,220849087.35,207009719.64,167774880.01,149607646.6,112547513.69,188517608.41,300519937.72,307202415.32,223144071.49,142444394.75,130764911.53,125557863.99,105791870.54,103500684.57
常用指标,商誉,,45727783.34,45727783.34,45727783.34,45727783.34,45779555.86,45779555.86,45779555.86,45779555.86,45779555.86,45779555.86,45779555.86,45779555.86,45779555.86,45779555.86,45779555.86,45779555.86,51470569.32,51772.52,51772.52,51772.52,51772.52,51772.52,51772.52,51772.52,51772.52,51772.52,51772.52,51772.52,51772.52,51772.52,51772.52,51772.52,343210.49,343210.49,343210.49,343210.49,343210.49,343210.49,343210.49,343210.49,343210.49,343210.49,343210.49,343210.49,343210.49,343210.49,343210.49,343210.49,592513.48,592513.48,592513.48,592513.48,592513.48,592513.48,,592513.48,,,,,,,,,5322434.58,5322434.58,5322434.58,5322434.58,5322434.58,5322434.58,5322434.58,5322434.58,,,,46440534.58,,,,,,,,,,,,,,,,,,,,,,,,,,,,,,,,
常用指标,经营现金流量净额,110162427.93,127693758.88,127626514.7,104662578.74,205019979.73,143023318.69,65087217.31,27069050.89,253376466.49,152887000.59,101133665.6,34725826.19,-29921780.17,-1467956.38,48969911.17,-100982251.71,189950645.35,100501893.5,95189625.87,-82729597.38,47515772.03,-6384581.93,-59213312.52,-24736274.45,47006105.03,49875639.66,-29950984.28,-38511154.35,147569911.14,77178642.48,33605306.8,-3096981.92,130574299.36,85454840.99,48329658.77,-10792644.71,173674374.85,64766078.02,39915508.21,-6701005.53,125826090.5,55129789.4,37577999.45,-15243396.13,-14460348.55,-73949451.69,-90829585.17,-78694490.15,22086896.88,-230539219.07,-186530798.6,-152615164.72,91079905.19,-2251974.15,-8034645.78,-65793209.01,-42612909.7,-23786579.12,67814239.16,-3980750.8,3788678.51,10261252.79,2820999.5,4312266.66,76004292.2,35188087.07,24876884.37,11635053.5,140263179.38,42165589.02,10301529.22,3383423.55,-13980574.27,2108821.34,1676397.14,-7681296.12,7067416.82,-12333223.67,-13628305.04,-11405044.21,25404686.15,98177757.53,59904977.3,28175964.33,-51320843.31,18700984.87,-6804868.14,35826249.83,-68101468.02,86694529.87,126846374.39,60307975.29,-4801281.73,,46643478.0,,16358209.7,2154941.21,52080863.11,50639418.43,-41638466.36,,-22652787.77,-102256247.13,,,,,
常用指标,基本每股收益,-0.77,-0.1,-0.05,-0.17,-0.51,-0.71,-0.73,0.01,-0.77,0.24,0.05,0.04,-0.97,-0.39,-0.33,-0.2,0.03,-0.11,-0.08,-0.08,-0.33,-0.16,-0.52,-0.32,0.21,0.48,0.3,0.14,0.35,0.53,0.4,0.17,0.35,0.44,0.28,0.16,0.3,0.37,0.24,0.08,0.27,0.28,0.15,0.03,0.16,0.25,0.13,-0.02,0.47,0.3,0.17,0.01,0.49,0.49,0.32,0.0,0.71,0.55,0.31,-0.03,0.031,-0.07,-0.1,-0.02,-1.03,-0.26,-0.11,-0.05,0.028,-0.09,-0.08,0.023,0.07,0.02,-0.09,-0.026,-1.3,-0.036,-0.03,,,,0.04,,0.22,,0.31,,0.35,,0.11,,0.19,,,,0.23,0.057,0.125,,-1.151,,0.086,,0.24,,,,
常用指标,每股净资产,1.816181,2.48818,2.531148,2.414594,2.585569,2.299201,2.274927,3.016437,3.008144,4.015094,3.821355,3.806499,3.770729,4.353638,4.41214,4.548245,4.745929,4.443458,4.474387,4.461376,4.555313,4.7279,4.372298,4.590606,4.905922,5.194956,6.025018,5.878392,5.707756,5.915638,5.681528,5.450651,5.283837,5.379707,5.218471,5.097299,4.93606,5.006744,4.875588,4.714574,4.638578,4.648748,4.523063,4.401198,4.371619,4.462285,4.336467,4.191263,4.209635,4.033492,3.904432,3.747604,3.737509,3.69689,3.531605,-0.997132,-0.966554,-0.858811,-0.827152,-0.74909,-0.71602,-0.792583,-0.767403,-0.746358,-0.723694,0.045241,0.195779,0.259546,0.309598,0.246491,0.256611,0.364138,0.340875,0.133616,0.026461,0.092892,0.117653,1.391284,1.443161,1.457531,1.474382,2.503858,2.501655,2.545729,2.513375,2.531338,2.492408,2.226444,2.182574,2.020898,1.923244,1.863688,1.812688,1.813964,1.800045,1.705382,1.587255,1.425464,1.370969,1.219775,1.262209,2.505288,2.593202,2.55003,2.108108,1.935278,1.871267,2.052294,2.006107
常用指标,每股现金流,0.431908,0.500642,0.500378,0.410345,0.803811,0.560744,0.255184,0.106128,0.9934,0.599416,0.396509,0.136147,-0.117312,-0.005755,0.191993,-0.395916,0.744729,0.495528,0.442376,-0.359907,0.17104,-0.029638,-0.274884,-0.114832,0.218215,0.231536,-0.166848,-0.214535,0.822072,0.429941,0.187206,-0.017252,0.727394,0.476045,0.269231,-0.060122,0.967493,0.360794,0.222358,-0.037329,0.700943,0.307113,0.209336,-0.084916,-0.080554,-0.411952,-0.505987,-0.438385,0.12304,-1.284271,-1.039112,-0.850177,0.507381,-0.012545,-0.044758,-0.03005,-0.170367,-0.143527,-0.113504,-0.078787,0.043381,0.117495,0.112881,0.049377,0.870277,0.402916,0.284849,0.133225,1.606064,0.482811,0.117956,0.038741,-0.160082,0.024146,0.019195,-0.087953,0.080924,-0.141219,-0.156049,-0.130591,0.290892,1.124171,0.685934,0.322625,-0.587642,0.214133,-0.077918,0.410223,-0.779786,0.992684,1.452437,0.690548,-0.054976,,0.534084,,0.187307,0.024674,0.596345,0.579839,-0.476775,,-0.259382,-1.170871,,,,,
常用指标,净资产收益率(ROE),-34.96,-3.84,-2.13,-6.84,-18.72,-26.72,-27.76,0.28,-22.59,6.28,1.33,0.94,-22.83,-8.62,-7.29,-4.25,0.71,-2.43,-1.75,-2.08,-6.89,-3.34,-11.12,-6.64,4.32,9.55,6.15,2.95,7.71,11.28,7.25,3.11,6.81,8.6,5.56,3.21,6.21,7.63,4.98,1.63,5.93,6.14,3.41,0.67,3.78,5.83,2.97,-0.44,11.88,7.62,4.37,0.27,10.43,9.41,4.98,,10.01,,4.52,,,,,,,,-45.04,,9.53,,-28.21,,24.13,,,,-148.74,,-2.14,,,,1.39,,9.43,,13.27,,17.54,,5.92,,11.52,,,,15.46,4.06,9.45,,-62.63,,3.42,,,,,,
常用指标,总资产报酬率(ROA),-3.073267,-0.088863,0.199692,-1.331227,-2.806209,-5.17915,-5.623671,0.485614,-4.536379,2.720768,1.042812,0.681358,-6.799947,-2.351236,-2.159806,-1.287734,2.002575,0.550984,0.280126,-0.31949,-1.029448,-0.265682,-3.968538,-2.703198,3.319628,5.871197,3.879573,1.847176,5.647379,7.465653,4.75803,2.085017,5.051644,5.974458,3.933768,2.222055,5.291542,5.707612,3.780141,1.308545,5.431761,4.766748,2.749596,0.782002,3.605883,4.23203,2.224778,0.081561,7.455906,4.871388,2.795797,0.328115,5.733926,6.204151,3.547649,-16.97174,-80.492422,-43.729457,-33.143355,-9.984805,-3.492177,-7.350834,-2.997715,-1.648049,-25.275766,-2.093467,-0.652472,-0.187775,1.533921,0.609485,0.08479,0.754096,4.907312,3.866575,0.27281,0.48284,-6.489834,2.313779,1.851557,0.561029,-0.896868,3.767623,2.71009,1.19201,7.687474,8.47058,7.296457,3.613349,7.605396,4.926128,3.181971,1.006733,4.203822,3.948901,3.309765,2.163399,7.137385,3.138882,4.490714,0.525192,-18.677312,-0.350393,4.285424,1.5956,7.86324,,8.474534,,10.170452
常用指标,毛利率,7.644672,10.32068,6.619193,3.467355,17.1509,23.578972,22.679324,21.687714,28.81556,29.501272,27.594095,27.274145,10.573932,15.700801,10.785111,5.398157,24.164941,24.26737,25.405944,15.886523,21.901978,21.522324,-2.085037,-8.096744,26.221688,31.196923,31.044893,29.234781,27.120842,30.506803,30.744115,30.57196,27.955545,31.336633,32.512459,38.662441,29.399668,33.779208,35.363614,33.791171,34.39648,36.605293,35.588727,32.176614,32.44834,34.142166,34.119702,30.251664,35.117964,31.58554,31.693686,29.745815,32.025289,33.032007,31.811127,,24.092638,24.092638,24.092638,,21.150209,21.041277,18.448002,20.327729,24.310808,27.042276,27.372983,24.453738,33.33479,32.633165,29.587737,37.228935,37.057592,28.96323,27.315661,34.100215,33.440644,48.145929,54.388641,52.217881,59.75169,65.68908,66.984811,69.000564,66.279504,55.897206,57.100312,72.562389,59.198519,51.519468,48.1907,43.780673,11.607303,15.032213,13.323845,35.807805,13.429677,11.109894,15.291909,20.900519,-1.334283,-0.582079,5.94841,5.411897,9.181138,,14.423202,,13.261149
常用指标,销售净利率,-21.024847,-3.993526,-2.935821,-14.882561,-11.1533,-17.702267,-24.751323,0.483876,-13.186471,5.090385,1.423462,2.71705,-30.083535,-15.448573,-20.521356,-27.34107,0.2257,-3.202746,-3.404158,-8.499014,-6.622729,-5.035849,-32.444392,-41.542493,3.560846,10.392338,10.078169,9.494103,5.720277,11.552848,11.289402,10.569311,5.575754,9.942002,10.084618,12.168325,4.94006,9.129995,8.917345,5.932782,4.749535,6.564002,5.514017,2.186794,2.47193,5.394577,4.067207,-1.686419,6.440064,6.285686,5.704738,0.441454,6.187759,7.766005,6.494073,,-263769.398965,-148845.780995,-116198.574576,,-33.474301,-27.424375,-23.461292,-32.635887,-88.014426,-23.278891,-19.201725,-18.130322,-7.561477,-9.261652,-12.897545,8.474523,0.957091,0.265174,-11.887389,-4.322384,-68.785372,2.296213,3.086753,-3.044325,-27.057991,9.784575,10.876436,12.06004,10.069814,17.106435,20.373969,33.620197,14.054205,11.334003,9.868036,7.535357,9.126143,12.722404,17.858861,23.973567,4.447968,3.000669,3.778013,-8.026762,-55.186128,-7.019363,3.381411,2.193401,6.639147,4.723855,6.879601,2.371183,7.412114
常用指标,期间费用率,21.909386,20.836325,19.346402,16.978217,23.306129,20.473136,19.544013,19.350629,22.95806,21.741522,23.410362,22.440861,36.288068,30.655597,31.073484,33.177746,23.831115,24.17945,23.831141,24.043963,24.995306,26.054301,33.739076,39.869612,20.679893,18.124527,18.064757,18.191949,18.220233,15.672036,16.20433,16.987008,18.958718,17.99794,18.771667,22.920171,20.873514,21.159103,20.857825,22.772228,24.797221,23.95874,24.246428,25.567377,25.326765,23.384332,24.845584,28.638889,21.225428,21.526622,23.044396,25.095025,21.397928,19.770835,20.576847,,229559.212592,124771.313109,90660.401626,,137.820364,46.975417,41.130773,51.739571,54.601068,40.927813,46.634219,42.37826,43.141878,43.822863,45.688051,28.798424,22.333984,92.19371,45.563544,41.38874,98.354311,47.80666,53.255318,56.245289,69.08724,54.004821,52.559237,49.148948,50.046077,36.35896,33.2121,35.696711,48.812815,39.645918,37.525332,36.023418,23.979085,19.044221,23.349496,69.59957,14.045226,10.370478,17.681947,29.264048,52.625948,11.149544,7.052874,6.673941,7.731377,,9.011478,,8.453177
常用指标,资产负债率,81.266727,76.611274,75.672989,78.090393,76.474747,81.144437,80.935649,78.172331,77.481023,73.222415,72.524739,72.220924,72.437319,68.72102,67.481875,67.654314,67.166326,71.6228,69.819929,69.102564,69.274909,66.484692,68.725313,62.881584,59.982449,55.902046,54.109807,52.263729,52.498399,49.647561,49.199268,48.444689,49.626295,46.818093,45.010028,46.014031,50.139659,50.70575,49.423553,50.614263,51.749586,53.66786,54.654157,55.059479,54.870271,55.748231,57.898908,57.174269,61.194127,62.455405,61.691595,60.765201,61.173133,59.202631,58.523457,592.823777,628.080061,495.899449,465.723713,400.130518,252.919575,234.589707,139.094711,139.552473,137.38209,89.908608,87.735026,86.457146,85.528886,86.282403,85.791187,84.252302,84.588112,87.251892,90.639841,89.921221,89.740269,80.034627,80.743127,79.581952,79.648402,69.541806,69.757979,69.42284,71.891071,69.954125,69.353134,66.666535,72.220587,69.65409,72.291231,73.230236,79.547696,78.250826,74.700721,71.374901,74.727034,77.643659,79.35758,78.117612,60.923891,39.972068,34.200041,37.123147,58.005238,48.612378,51.143568,54.865869,50.373465
每股指标,基本每股收益,-0.77,-0.1,-0.05,-0.17,-0.51,-0.71,-0.73,0.01,-0.77,0.24,0.05,0.04,-0.97,-0.39,-0.33,-0.2,0.03,-0.11,-0.08,-0.08,-0.33,-0.16,-0.52,-0.32,0.21,0.48,0.3,0.14,0.35,0.53,0.4,0.17,0.35,0.44,0.28,0.16,0.3,0.37,0.24,0.08,0.27,0.28,0.15,0.03,0.16,0.25,0.13,-0.02,0.47,0.3,0.17,0.01,0.49,0.49,0.32,0.0,0.71,0.55,0.31,-0.03,0.031,-0.07,-0.1,-0.02,-1.03,-0.26,-0.11,-0.05,0.028,-0.09,-0.08,0.023,0.07,0.02,-0.09,-0.026,-1.3,-0.036,-0.03,,,,0.04,,0.22,,0.31,,0.35,,0.11,,0.19,,,,0.23,0.057,0.125,,-1.151,,0.086,,0.24,,,,
每股指标,稀释每股收益,-0.77,-0.1,-0.05,-0.17,-0.51,-0.71,-0.73,0.01,-0.77,0.24,0.05,0.04,-0.97,-0.39,-0.33,-0.2,0.03,-0.11,-0.08,-0.08,-0.33,-0.16,-0.52,-0.32,0.21,0.48,0.3,0.14,0.35,0.53,0.4,0.17,0.35,0.44,0.28,0.16,0.3,0.37,0.24,0.08,0.27,0.28,0.15,0.03,0.16,0.25,0.13,-0.02,0.47,0.3,0.17,0.01,0.49,0.49,0.32,0.0,0.71,0.55,0.31,-0.03,0.031,-0.07,-0.1,-0.02,-1.03,-0.26,-0.11,-0.05,0.028,-0.09,-0.08,0.023,0.07,0.02,-0.09,-0.026,-1.3,-0.036,-0.03,,,,,,,,,,,,,,,,,,,,,,,,,,,,,,
每股指标,摊薄每股收益_最新股数,-0.769387,-0.097389,-0.054421,-0.170975,-0.514873,-0.708942,-0.733217,0.008292,-0.766013,0.244365,0.050626,0.035769,-0.975199,-0.39229,-0.333788,-0.197683,0.029034,-0.094467,-0.068346,-0.079334,-0.28175,-0.135991,-0.436316,-0.2663,0.176533,0.402001,0.254958,0.120092,0.298351,0.444658,0.279892,0.117403,0.244763,0.312235,0.198759,0.113479,0.209366,0.259113,0.166806,0.053485,0.187883,0.195041,0.106585,0.020817,0.114003,0.177813,0.089263,-0.01293,0.332279,0.20831,0.117479,0.007104,0.277423,0.250811,0.134484,-0.010469,-0.085783,-0.048892,-0.038051,-0.011323,0.010734,-0.023584,-0.014966,-0.00776,-0.353806,-0.090516,-0.038972,-0.017138,0.009617,-0.032317,-0.028852,0.007965,0.025472,0.005517,-0.03118,-0.008793,-0.46474,-0.012488,-0.010689,-0.005769,-0.306449,0.012771,0.012017,0.011078,0.024542,0.119418,0.106227,0.05136,0.119958,0.071291,0.037854,0.017462,0.066442,0.066879,0.062113,0.040447,0.078055,0.019408,0.042898,-0.014926,-0.394101,-0.030102,0.029005,0.012418,0.063012,0.017357,0.052325,0.009659,0.061067
每股指标,摊薄每股净资产_期末股数,1.816181,2.48818,2.531148,2.414594,2.585569,2.299201,2.274927,3.016437,3.008144,4.015094,3.821355,3.806499,3.770729,4.353638,4.41214,4.548245,4.745929,4.443458,4.474387,4.461376,4.555313,4.7279,4.372298,4.590606,4.905922,5.194956,6.025018,5.878392,5.707756,5.915638,5.681528,5.450651,5.283837,5.379707,5.218471,5.097299,4.93606,5.006744,4.875588,4.714574,4.638578,4.648748,4.523063,4.401198,4.371619,4.462285,4.336467,4.191263,4.209635,4.033492,3.904432,3.747604,3.737509,3.69689,3.531605,-0.997132,-0.966554,-0.858811,-0.827152,-0.74909,-0.71602,-0.792583,-0.767403,-0.746358,-0.723694,0.045241,0.195779,0.259546,0.309598,0.246491,0.256611,0.364138,0.340875,0.133616,0.026461,0.092892,0.117653,1.391284,1.443161,1.457531,1.474382,2.503858,2.501655,2.545729,2.513375,2.531338,2.492408,2.226444,2.182574,2.020898,1.923244,1.863688,1.812688,1.813964,1.800045,1.705382,1.587255,1.425464,1.370969,1.219775,1.262209,2.505288,2.593202,2.55003,2.108108,1.935278,1.871267,2.052294,2.006107
每股指标,调整每股净资产_期末股数,0.777589,0.832143,0.830685,0.657567,0.798087,0.017392,0.051135,0.893749,0.838511,1.801019,1.698479,1.584259,1.477851,2.018338,2.013889,2.243889,2.399076,2.170939,2.784482,2.747259,2.84947,3.092705,2.673469,3.211655,3.747483,4.303072,4.951204,4.812771,4.69927,4.935731,4.684139,4.444767,4.269225,4.446763,4.270781,4.128703,3.945186,3.988248,3.833098,3.654095,3.545424,3.556255,3.404605,3.255985,3.203749,3.298621,3.164996,2.964178,2.981537,2.683116,2.4993,2.283682,2.25357,2.415583,2.174326,-1.023682,-0.995141,-0.886999,-0.85726,-0.780779,-0.749547,-0.792583,-0.980961,-0.976905,-0.95764,-0.482874,-0.371389,-0.299803,-0.261441,-0.335417,-0.340902,-0.248484,-0.285326,-0.506256,-0.630961,-0.584141,-0.575842,0.660082,0.695911,0.686611,0.702335,0.761289,0.7105,0.711375,0.62306,1.503101,1.366196,1.458956,1.414603,1.204085,1.103541,1.039091,1.528314,1.528421,1.520468,1.314637,1.193461,1.224235,1.178126,1.156567,1.231577,2.47267,2.560724,2.519314,2.06786,1.89433,1.829929,1.998274,1.951522
每股指标,每股净资产_最新股数,1.816181,2.48818,2.531148,2.414594,2.585569,2.299201,2.274927,3.016437,3.008144,4.015094,3.821355,3.806499,3.770729,4.353638,4.41214,4.548245,4.745929,3.752738,3.778858,3.767871,3.847205,3.992964,3.692639,3.877012,4.143313,4.387418,4.240375,4.13718,4.017087,4.163394,3.998628,3.836138,3.718735,3.786208,3.672731,3.587451,3.473972,3.523719,3.431412,3.318091,3.264605,3.271763,3.183306,3.097539,3.076721,3.140531,3.051982,2.949788,2.962718,2.838749,2.747918,2.637543,2.630438,2.601851,2.485524,-0.341421,-0.330952,-0.29406,-0.28322,-0.256491,-0.245168,-0.271383,-0.262761,-0.255555,-0.247795,0.01549,0.067035,0.088869,0.106007,0.084399,0.087864,0.124682,0.116716,0.04575,0.00906,0.031806,0.040285,0.476381,0.494144,0.499064,0.504834,0.85733,0.856576,0.871667,0.860589,0.866739,0.85341,0.762343,0.747321,0.691963,0.658526,0.638133,0.620671,0.621108,0.616342,0.583929,0.543482,0.488084,0.469425,0.417655,0.432185,0.85782,0.887922,0.87314,0.556886,0.51123,0.494321,0.417032,0.407646
每股指标,每股经营现金流,0.431908,0.500642,0.500378,0.410345,0.803811,0.560744,0.255184,0.106128,0.9934,0.599416,0.396509,0.136147,-0.117312,-0.005755,0.191993,-0.395916,0.744729,0.495528,0.442376,-0.359907,0.17104,-0.029638,-0.274884,-0.114832,0.218215,0.231536,-0.166848,-0.214535,0.822072,0.429941,0.187206,-0.017252,0.727394,0.476045,0.269231,-0.060122,0.967493,0.360794,0.222358,-0.037329,0.700943,0.307113,0.209336,-0.084916,-0.080554,-0.411952,-0.505987,-0.438385,0.12304,-1.284271,-1.039112,-0.850177,0.507381,-0.012545,-0.044758,-0.03005,-0.170367,-0.143527,-0.113504,-0.078787,0.043381,0.117495,0.112881,0.049377,0.870277,0.402916,0.284849,0.133225,1.606064,0.482811,0.117956,0.038741,-0.160082,0.024146,0.019195,-0.087953,0.080924,-0.141219,-0.156049,-0.130591,0.290892,1.124171,0.685934,0.322625,-0.587642,0.214133,-0.077918,0.410223,-0.779786,0.992684,1.452437,0.690548,-0.054976,,0.534084,,0.187307,0.024674,0.596345,0.579839,-0.476775,,-0.259382,-1.170871,,,,,
每股指标,每股现金流量净额,-0.180452,-0.136457,-0.07729,0.205228,-0.106044,-0.183327,-0.21421,-0.039827,-0.014949,0.093578,-0.076784,-0.152764,-0.859231,-0.645889,-0.776744,-0.649801,-0.61058,-1.025683,-0.816329,-0.898544,1.543354,0.879782,1.021256,-0.119675,-0.450082,-0.14261,-0.291853,-0.101743,0.596831,0.344006,0.049554,-0.343414,-0.31408,-0.540414,-0.434751,-0.589915,0.195909,-0.172229,-0.197083,-0.146251,0.235553,0.21429,0.236894,0.114465,-1.329392,-1.361622,-1.002909,-1.251392,0.955242,0.610537,0.410411,-0.64926,0.514143,0.032153,-0.06552,0.017552,-0.208281,-0.210829,-0.203436,-0.206475,0.186398,-0.012784,0.001662,-0.006064,-0.016156,-0.007416,-0.026781,-0.012398,0.008179,0.00953,-0.021599,-0.0106,-0.182733,-0.131128,-0.112552,-0.13794,0.023496,-0.094635,-0.060956,-0.147077,0.074842,0.012342,0.000908,0.010555,-0.311397,-0.202098,0.051231,0.048746,-0.458013,-0.324005,-0.145713,-0.442676,-0.184277,,-0.083312,,0.453758,0.279304,0.660164,0.741056,-0.099744,,-0.395071,-0.43364,,,,,
每股指标,每股企业自由现金流量,1.260843,,0.140447,,0.452179,,0.439797,,0.566528,,0.11355,,0.035479,,0.135054,,0.469228,,0.375214,,-2.11114,,-2.178741,,0.266456,,0.670518,,-0.388363,,-0.452721,,0.695197,,0.584079,,-0.184656,,-0.185472,,-0.585821,,-0.068369,,-0.180092,,-0.856799,,-0.551728,,-0.87438,,2.367987,,1.602321,,-0.041248,,-0.049153,,-0.69183,,-0.005114,,-4.387361,,,,0.578889,,,,-0.004657,,-2.418223,-2.627804,0.304378,0.126278,0.170372,0.117763,-0.571217,2.074616,2.884833,2.123157,3.551397,0.394727,1.369261,0.183756,1.142649,1.734439,1.60078,1.37849,1.108376,,-0.387393,,-5.044837,-0.688092,-0.979966,0.23748,0.05558,,-0.480532,-0.614749,,,,,
每股指标,每股股东自由现金流量,0.831803,,-0.249866,,-0.086815,,0.175715,,0.047916,,-0.15154,,0.536573,,-0.278309,,-0.156826,,0.227599,,0.76797,,0.038378,,1.34767,,0.756345,,0.231658,,-0.033802,,0.3253,,-0.006418,,-0.479905,,-0.252321,,-0.681638,,0.214623,,-0.850808,,-0.902479,,1.409725,,1.169242,,2.799718,,1.708165,,-0.071789,,-0.136175,,-0.703237,,-0.075033,,-4.891998,,,,-0.158529,,,,-0.071866,,-2.504559,-2.665018,0.477531,0.323024,0.380739,0.117133,-0.290774,1.850718,2.692996,2.109989,4.740517,0.174307,1.40304,-0.082941,2.374136,0.932341,0.455556,0.623205,2.717153,,-0.14121,,-3.106122,-0.104696,0.612526,1.004655,1.518617,,-0.425484,-0.557497,,,,,
每股指标,每股未分配利润,-1.630718,-0.95872,-0.915752,-1.032306,-0.86133,-1.055399,-1.079674,-0.338164,-0.346457,0.660493,0.466754,0.451897,0.416127,0.999036,1.057539,1.193643,1.391327,1.499516,1.530445,1.517434,1.611371,1.783958,1.428357,1.646664,1.96198,2.267841,2.51248,2.365853,2.195217,2.417268,2.183157,1.952281,1.785466,1.881336,1.720101,1.598929,1.43769,1.508373,1.377218,1.216204,1.140207,1.150378,1.024692,0.902828,0.873249,0.963914,0.838097,0.692892,0.711265,0.535122,0.406061,0.249233,0.239139,0.201327,0.036042,-2.72071,-2.690133,-2.58239,-2.550731,-2.472668,-2.439599,-2.563627,-2.552011,-2.530966,-2.508302,-1.806525,-1.655988,-1.59222,-1.542168,-1.840807,-1.830687,-1.72316,-1.746424,-2.038198,-2.145375,-2.079074,-2.054312,-0.732358,-0.727107,-0.712737,-0.695886,0.335925,0.333722,0.330979,0.298625,0.755296,0.716366,0.556532,0.406531,0.436024,0.33837,0.278814,0.227814,0.251521,0.237603,0.118127,-0.573943,-0.715477,-0.769972,-0.916131,-0.879268,0.329336,0.41725,0.385748,0.452989,0.327866,0.262159,0.312341,0.264803
每股指标,每股资本公积金,2.422419,2.422419,2.422419,2.422419,2.422419,2.33012,2.33012,2.33012,2.33012,2.33012,2.33012,2.33012,2.33012,2.33012,2.33012,2.33012,2.33012,1.915204,1.915204,1.915204,1.915204,1.915204,1.915204,1.915204,1.915204,1.915308,2.49837,2.49837,2.49837,2.49837,2.49837,2.49837,2.49837,2.49837,2.49837,2.49837,2.49837,2.49837,2.49837,2.49837,2.49837,2.49837,2.49837,2.49837,2.49837,2.49837,2.49837,2.49837,2.49837,2.49837,2.49837,2.49837,2.49837,2.495562,2.495562,0.620258,0.620258,0.620258,0.620258,0.620258,0.620258,0.667724,0.667733,0.667733,0.667733,0.667724,0.667724,0.667724,0.667724,0.666976,0.666976,0.666976,0.666976,0.672244,0.672244,0.672244,0.672244,0.624886,0.624886,0.624886,0.624886,0.624482,0.624482,0.624482,0.624482,0.509761,0.509761,0.509761,0.509761,0.490218,0.490218,0.490218,0.490218,0.490218,0.490218,0.490218,0.987621,0.987142,0.987142,0.987142,0.987142,0.987141,0.987141,0.992413,0.432347,0.432347,0.432347,0.562051,0.562051
每股指标,每股盈余公积金,0.02448,0.02448,0.02448,0.02448,0.02448,0.02448,0.02448,0.02448,0.02448,0.02448,0.02448,0.02448,0.02448,0.02448,0.02448,0.02448,0.02448,0.028737,0.028737,0.028737,0.028737,0.028737,0.028737,0.028737,0.028737,0.011806,0.014168,0.014168,0.014168,,,,,,,,,,,,,,,,,,,,,,,,,,,0.103319,0.103319,0.103319,0.103319,0.103319,0.103319,0.103319,0.116874,0.116874,0.116874,0.184042,0.184042,0.184042,0.184042,0.420323,0.420323,0.420323,0.420323,0.54652,0.54652,0.54652,0.54652,0.545382,0.545382,0.545382,0.545382,0.590267,0.590267,0.590267,0.590267,0.26628,0.26628,0.160151,0.26628,0.094655,0.094655,0.094655,0.094655,0.072224,0.072224,0.097036,0.173577,0.1538,0.1538,0.148765,0.154336,0.18881,0.18881,0.171867,0.222771,0.175064,0.17676,0.177901,0.179252
每股指标,每股留存收益,-1.606237,-0.934239,-0.891271,-1.007825,-0.83685,-1.030919,-1.055193,-0.313683,-0.321976,0.684974,0.491234,0.476378,0.440608,1.023517,1.082019,1.218124,1.415808,1.528254,1.559182,1.546172,1.640108,1.812696,1.457094,1.675402,1.990718,2.279648,2.526648,2.380021,2.209385,2.417268,2.183157,1.952281,1.785466,1.881336,1.720101,1.598929,1.43769,1.508373,1.377218,1.216204,1.140207,1.150378,1.024692,0.902828,0.873249,0.963914,0.838097,0.692892,0.711265,0.535122,0.406061,0.249233,0.239139,0.201327,0.036042,-2.61739,-2.586813,-2.47907,-2.447411,-2.369349,-2.336279,-2.460307,-2.435137,-2.414091,-2.391428,-1.622482,-1.471945,-1.408177,-1.358125,-1.420484,-1.410364,-1.302837,-1.326101,-1.491678,-1.598854,-1.532554,-1.507792,-0.186976,-0.181724,-0.167355,-0.150504,0.926192,0.92399,0.921247,0.888893,1.021576,0.982647,0.716683,0.672812,0.53068,0.433026,0.373469,0.32247,0.323746,0.309827,0.215164,-0.400366,-0.561677,-0.616172,-0.767366,-0.724932,0.518146,0.60606,0.557616,0.675761,0.50293,0.43892,0.490242,0.444056
每股指标,每股营业收入,3.791282,2.892676,2.08512,1.200205,4.913171,4.173221,3.019845,1.572293,5.896409,4.394572,2.698815,1.28103,3.49307,2.792825,1.760761,0.775705,5.353083,4.162336,2.806664,1.216607,4.998774,3.212918,1.599675,0.763683,6.059037,4.589203,3.620655,1.767439,7.491776,5.498456,3.493935,1.58226,6.307218,4.476401,2.783266,1.301453,5.840327,4.043272,2.653022,1.228268,5.511488,4.156745,2.700184,1.271503,6.028798,4.508658,2.934242,1.336388,7.228906,4.659461,2.921902,1.330646,6.350653,4.558758,2.921427,0.0,9.6e-05,9.6e-05,9.6e-05,0.0,0.331235,0.31413,0.23035,0.096487,1.720005,1.453934,0.866901,0.387316,1.864042,1.301513,0.852271,0.417142,3.537995,1.457278,1.018845,0.572873,2.272847,2.049152,1.408954,0.553523,3.112051,2.21914,1.460817,0.768655,4.28167,3.998676,2.869567,0.932828,3.4951,2.343779,1.854218,0.860892,1.885622,1.614555,0.947758,0.426966,6.831986,3.805387,4.318031,0.582565,2.106567,1.097656,3.693939,1.672292,3.593467,1.380902,2.868475,1.921316,3.976955
每股指标,每股营业总收入,3.791282,2.892676,2.08512,1.200205,4.913171,4.173221,3.019845,1.572293,5.896409,4.394572,2.698815,1.28103,3.49307,2.792825,1.760761,0.775705,5.353083,4.162336,2.806664,1.216607,4.998774,3.212918,1.599675,0.763683,6.059037,4.589203,3.620655,1.767439,7.491776,5.498456,3.493935,1.58226,6.307218,4.476401,2.783266,1.301453,5.840327,4.043272,2.653022,1.228268,5.511488,4.156745,2.700184,1.271503,6.028798,4.508658,2.934242,1.336388,7.228906,4.659461,2.921902,1.330646,6.350653,4.558758,2.921427,0.0,9.6e-05,9.6e-05,9.6e-05,0.0,0.331235,0.31413,0.23035,0.096487,1.720005,1.453934,0.866901,0.387316,1.864042,1.301513,0.852271,0.417142,3.537995,1.457278,1.018845,0.572873,2.205155,2.0554,1.412705,0.557065,3.03353,2.196715,1.429137,0.731462,4.334761,4.053701,2.924683,0.937434,3.576838,2.351974,1.862184,0.868536,2.341923,1.921425,1.241558,0.696689,7.288408,3.941836,4.580499,0.597374,2.138132,1.121076,3.732296,1.690228,3.652199,1.401518,2.917511,1.931892,4.028593
每股指标,每股息税前利润,-0.330554,-0.010132,0.023086,-0.158592,-0.366952,-0.709193,-0.767863,0.070479,-0.649666,0.409143,0.151014,0.097601,-0.987195,-0.341372,-0.308937,-0.187019,0.275504,0.085489,0.04205,-0.047366,-0.140035,-0.035111,-0.52192,-0.333389,0.370111,0.640199,0.488151,0.224749,0.636239,0.831004,0.515875,0.220031,0.515909,0.598817,0.381849,0.215139,0.517664,0.566285,0.365212,0.125809,0.525702,0.471362,0.270908,0.076295,0.371541,0.444637,0.236217,0.008453,0.770803,0.502722,0.280889,0.031927,0.487132,0.509263,0.281506,-0.030598,-0.239283,-0.136329,-0.104627,-0.032464,-0.033745,-0.075164,-0.046327,-0.024844,-1.293991,-0.187658,-0.057655,-0.016467,0.139718,0.058096,0.008011,0.071456,0.604365,0.51581,0.040268,0.072481,-1.00418,0.376849,0.301249,0.089462,-0.144485,0.620315,0.441684,0.193649,1.069976,1.110209,0.913811,0.421986,0.82938,0.485695,0.32296,0.101103,0.409565,0.384899,0.296747,0.197011,0.630862,0.265106,0.310371,0.02997,-1.015107,-0.019408,0.197767,0.063405,0.347888,,0.292778,,0.409258
盈利能力,净资产收益率(ROE),-34.96,-3.84,-2.13,-6.84,-18.72,-26.72,-27.76,0.28,-22.59,6.28,1.33,0.94,-22.83,-8.62,-7.29,-4.25,0.71,-2.43,-1.75,-2.08,-6.89,-3.34,-11.12,-6.64,4.32,9.55,6.15,2.95,7.71,11.28,7.25,3.11,6.81,8.6,5.56,3.21,6.21,7.63,4.98,1.63,5.93,6.14,3.41,0.67,3.78,5.83,2.97,-0.44,11.88,7.62,4.37,0.27,10.43,9.41,4.98,,10.01,,4.52,,,,,,,,-45.04,,9.53,,-28.21,,24.13,,,,-148.74,,-2.14,,,,1.39,,9.43,,13.27,,17.54,,5.92,,11.52,,,,15.46,4.06,9.45,,-62.63,,3.42,,,,,,
盈利能力,摊薄净资产收益率,-42.362923,-3.914085,-2.150062,-7.080913,-19.913363,-30.834302,-32.230363,0.274915,-25.46465,6.086172,1.324828,0.939707,-25.862361,-9.010638,-7.565219,-4.346368,0.611784,-2.51729,-1.808653,-2.105549,-7.323515,-3.405781,-11.815832,-6.868713,4.260689,9.162606,6.01264,2.902766,7.427068,10.680193,6.999722,3.060449,6.581889,8.246665,5.411758,3.163222,6.026717,7.3534,4.861168,1.611943,5.75518,5.961361,3.348247,0.672066,3.705361,5.661892,2.924782,-0.438345,11.215355,7.338122,4.275204,0.269353,10.546654,9.639728,5.410717,,,,,,,,,,,-584.32,-58.14,-19.28,9.07,-27.69,-32.84,6.39,21.82,12.06,-344.13,-27.65,-1153.63,-2.54,-2.16,-1.16,-60.7,1.46,1.38,1.27,3.03,13.78,12.45,6.74,16.05,10.3,5.75,2.74,10.7,10.77,10.078,6.926755,14.36,3.976,9.14,-3.57,-91.19,-3.51,3.27,1.42,11.32,3.4,10.59,2.32,14.98056
盈利能力,净资产收益率_平均,-34.958254,-3.838955,-2.127194,-6.838789,-18.409015,-26.715529,-27.757234,0.275294,-22.588596,6.27443,1.333061,0.943716,-22.900992,-8.622181,-7.289486,-4.253922,0.669533,-2.460096,-1.773829,-2.061945,-7.052124,-3.342846,-11.136261,-6.64065,4.326594,9.566341,6.175226,2.945517,7.713512,11.282701,7.253588,3.108008,6.805867,8.601326,5.562266,3.214056,6.213966,7.634082,4.982267,1.62504,5.925697,6.144509,3.405255,0.674332,3.775306,5.826847,2.968188,-0.437387,11.881639,7.617617,4.368587,0.269716,10.427125,9.477818,5.196201,,,,,,,,,,,-149.000394,-45.043325,-17.588612,9.51555,-35.80192,-31.361204,7.214596,24.312111,7.96307,-61.203641,-14.111399,-175.654029,-2.587543,-2.174938,-1.168066,-46.573622,1.530917,1.441156,1.31662,3.052751,14.79723,13.272398,6.804248,17.537904,10.862421,5.918534,2.774467,11.414762,11.485514,10.710907,7.175261,15.412085,4.053939,9.51592,-3.512865,-59.707525,-3.448623,4.015163,1.736788,11.988686,3.452307,11.602563,2.342692,14.98056
盈利能力,净资产收益率_平均_扣除非经常损益,-52.706645,-12.858708,-10.840841,-6.802017,-18.359994,-27.126038,-27.990304,0.130498,-25.706325,4.050627,0.295055,0.69241,-24.031422,-9.940874,-8.142379,-4.462848,-2.524503,-4.227445,-2.504803,-2.262453,-13.876223,-7.739958,-13.659036,-6.786781,2.842591,8.811108,5.540251,2.583346,5.472892,10.958589,7.006009,3.075562,5.844729,8.06922,5.480303,3.202311,4.127968,6.575344,4.736362,1.480654,4.418751,5.991085,3.206706,0.656636,2.880267,5.749957,2.970239,-0.43636,10.645548,5.869468,2.776292,0.268089,9.562137,8.426926,4.095502,,,,,,,,,,,-171.474504,-45.237944,-17.352715,-123.846583,-45.680964,-41.054201,7.061494,-317.108712,-404.885863,-87.171442,-13.038478,-173.030528,-3.087553,-2.457253,,-47.230395,1.173704,1.447137,1.357278,2.426446,14.547361,12.524412,6.810251,5.192378,11.141721,6.016439,2.776443,11.438768,11.507886,10.728366,,15.412085,4.053939,9.51592,-3.515403,-59.707525,,,,,,,,
盈利能力,摊薄净资产收益率_扣除非经常损益,-63.870684,-13.110358,-10.957384,-7.04284,-19.860336,-31.3081,-32.500993,0.130319,-28.979338,3.929092,0.293233,0.689468,-27.138968,-10.388742,-8.450374,-4.559834,-2.306758,-4.325728,-2.553977,-2.310298,-14.410229,-7.885677,-14.492554,-7.019864,2.799292,8.439246,5.394383,2.545852,5.269654,10.373389,6.760809,3.028499,5.652383,7.736499,5.332012,3.151663,4.003577,6.333588,4.621241,1.46872,4.291598,5.812509,3.153021,0.65443,2.826905,5.587178,2.926802,-0.437316,10.04858,5.654113,2.716946,0.267728,9.67175,8.570883,4.264578,,,,,,,,,,,-672.45,-58.39,-19.03,-118.08,-35.33,-42.99,6.25,-284.66,-613.2,-490.134204,-25.55,-1136.4,-3.128022,-2.44,,-61.56,1.142089,1.38,1.310158,8.01,13.545203,11.75,6.743155,4.75,10.567763,5.84,2.738454,11.55,,10.094244,,,3.98,9.14,,,,,,,,,,
盈利能力,息税前利润率,-8.718795,-0.350272,1.10721,-13.213748,-7.468743,-16.993922,-25.427258,4.482617,-11.018,9.310201,5.595575,7.619006,-28.261541,-12.22321,-17.545678,-24.109654,5.146644,2.053889,1.498229,-3.893348,-2.801397,-1.092829,-32.626659,-43.655452,6.108423,13.950125,13.482408,12.716087,8.492506,15.113414,14.764872,13.906153,8.179664,13.377218,13.719458,16.530705,8.863629,14.005635,13.765903,10.242812,9.538302,11.339705,10.032957,6.000386,6.162784,9.861849,8.050385,0.632557,10.6628,10.789276,9.613253,2.399375,7.670583,11.171093,9.635937,,-246750.979919,-140584.209817,-107892.481219,,-10.187669,-23.92773,-20.111517,-25.749458,-75.231841,-12.90695,-6.650696,-4.251689,7.495446,4.463792,0.940061,17.130076,17.082134,35.395469,3.952358,12.6523,-45.537847,18.334578,21.32426,16.059577,-4.762949,28.238296,30.905659,26.47431,24.683634,27.387556,31.244791,45.015056,23.187541,20.650554,17.34309,11.64064,17.488424,20.031961,23.901256,28.278254,8.655697,6.725451,6.775939,5.017116,-47.476359,-1.731267,5.298822,3.751298,9.525456,,10.035218,,10.158839
盈利能力,总资产报酬率,-3.073267,-0.088863,0.199692,-1.331227,-2.806209,-5.17915,-5.623671,0.485614,-4.536379,2.720768,1.042812,0.681358,-6.799947,-2.351236,-2.159806,-1.287734,2.002575,0.550984,0.280126,-0.31949,-1.029448,-0.265682,-3.968538,-2.703198,3.319628,5.871197,3.879573,1.847176,5.647379,7.465653,4.75803,2.085017,5.051644,5.974458,3.933768,2.222055,5.291542,5.707612,3.780141,1.308545,5.431761,4.766748,2.749596,0.782002,3.605883,4.23203,2.224778,0.081561,7.455906,4.871388,2.795797,0.328115,5.733926,6.204151,3.547649,-16.97174,-80.492422,-43.729457,-33.143355,-9.984805,-3.492177,-7.350834,-2.997715,-1.648049,-25.275766,-2.093467,-0.652472,-0.187775,1.533921,0.609485,0.08479,0.754096,4.907312,3.866575,0.27281,0.48284,-6.489834,2.313779,1.851557,0.561029,-0.896868,3.767623,2.71009,1.19201,7.687474,8.47058,7.296457,3.613349,7.605396,4.926128,3.181971,1.006733,4.203822,3.948901,3.309765,2.163399,7.137385,3.138882,4.490714,0.525192,-18.677312,-0.350393,4.285424,1.5956,7.86324,,8.474534,,10.170452
盈利能力,总资本回报率,-5.346558,-0.153973,0.347638,-2.376699,-5.042499,-9.830816,-10.534497,0.90349,-7.690133,4.455316,1.671182,1.075702,-10.505077,-3.598102,-3.335637,-1.946883,2.949681,0.794423,0.392871,-0.444463,-1.486508,-0.386002,-5.802986,-4.014357,4.908275,8.628371,5.73683,2.67246,8.168481,10.521341,6.722103,2.963317,7.089533,8.237846,5.352601,3.01655,7.10388,7.580679,4.95464,1.713197,7.300947,6.404504,3.694818,1.041461,5.041977,5.903874,3.082326,0.114486,12.032365,7.556088,4.464668,0.578267,9.387549,9.939646,6.021899,,,,,,,,,,-55.774246,-4.180461,-1.256732,-0.352088,2.602199,1.000249,0.137393,1.183095,8.102775,6.547173,0.460445,0.818345,-10.463222,3.63641,2.896473,0.868711,-1.354356,5.67212,4.041678,1.754135,10.594935,11.812172,9.717343,4.658652,9.277076,5.77132,3.910915,1.213822,5.034217,4.727627,3.98442,2.702992,9.762684,4.664128,6.86081,0.797336,-26.935084,-0.479687,6.188398,2.095297,11.09953,,10.93396,,13.255466
盈利能力,投入资本回报率,-9.949349,0.067273,0.328855,-2.065187,-4.210701,-7.723637,-8.585122,0.727771,-6.299111,4.288298,1.678561,0.937329,-7.997374,-2.539833,-2.442449,-1.572362,3.007435,0.982614,0.605288,-0.262889,-1.034753,0.008647,-4.704268,-3.322481,4.261277,7.545016,4.998496,2.372497,7.054431,9.109148,5.889113,2.576542,6.04068,7.182192,4.705324,2.680207,5.940666,6.358214,4.177888,1.557912,6.24294,5.72312,3.385028,1.092966,5.01173,5.503256,2.995697,0.412759,10.464406,6.610822,3.828067,0.729376,10.634254,9.521783,5.508557,,,,,,,,,,-35.298683,-2.517606,-0.097492,0.079148,5.778663,1.563622,0.690527,0.983608,4.957371,6.614507,0.775881,0.794016,-8.38954,2.828045,2.176279,0.870682,-2.478783,3.97287,2.884908,1.203112,5.870175,7.1686,5.760068,2.396865,7.513488,5.007249,2.932573,1.04254,5.217757,4.337979,3.856997,2.678098,7.644132,3.42474,5.587161,0.881584,-26.628679,-0.859215,4.579462,1.871248,9.764314,2.673344,9.539132,1.84981,12.193989
盈利能力,息前税后总资产报酬率_平均,-5.976762,-0.120184,0.130135,-1.220926,-2.596484,-4.286742,-4.687278,0.38645,-3.796979,2.481843,0.963302,0.587096,-5.697723,-1.92942,-1.774034,-1.139182,1.927305,0.546233,0.33612,-0.253639,-0.697821,8.2e-05,-3.235257,-2.253012,2.942377,5.142574,3.401196,1.616557,4.918277,6.494385,4.138478,1.584708,4.34246,4.440241,3.440252,1.635664,4.333429,3.720679,3.183053,0.757928,4.591015,2.759238,2.493128,0.284994,3.458505,2.314983,2.091703,-0.217444,6.420672,2.838005,2.39481,0.060368,5.626172,4.313049,2.932451,-16.960091,-80.492422,-46.299262,-33.143355,-10.171089,-3.797511,-8.425037,-2.997715,-2.088803,-25.383321,-3.775763,-0.64634,-0.800723,1.531481,-1.264584,-1.163312,0.373063,2.704129,0.028967,0.260141,-0.164951,-6.522967,0.288895,1.847253,-0.105675,-1.301774,1.318809,2.681195,0.570615,6.842031,5.218959,6.516075,2.685425,7.451333,2.694273,3.099485,0.645954,4.131655,2.107422,3.068443,1.124011,6.447501,2.985649,2.360382,-0.819412,-21.389849,-1.390979,2.706613,0.923054,5.392465,1.718668,5.712035,1.066124,7.325471
盈利能力,毛利率,7.644672,10.32068,6.619193,3.467355,17.1509,23.578972,22.679324,21.687714,28.81556,29.501272,27.594095,27.274145,10.573932,15.700801,10.785111,5.398157,24.164941,24.26737,25.405944,15.886523,21.901978,21.522324,-2.085037,-8.096744,26.221688,31.196923,31.044893,29.234781,27.120842,30.506803,30.744115,30.57196,27.955545,31.336633,32.512459,38.662441,29.399668,33.779208,35.363614,33.791171,34.39648,36.605293,35.588727,32.176614,32.44834,34.142166,34.119702,30.251664,35.117964,31.58554,31.693686,29.745815,32.025289,33.032007,31.811127,,24.092638,24.092638,24.092638,,21.150209,21.041277,18.448002,20.327729,24.310808,27.042276,27.372983,24.453738,33.33479,32.633165,29.587737,37.228935,37.057592,28.96323,27.315661,34.100215,33.440644,48.145929,54.388641,52.217881,59.75169,65.68908,66.984811,69.000564,66.279504,55.897206,57.100312,72.562389,59.198519,51.519468,48.1907,43.780673,11.607303,15.032213,13.323845,35.807805,13.429677,11.109894,15.291909,20.900519,-1.334283,-0.582079,5.94841,5.411897,9.181138,,14.423202,,13.261149
盈利能力,销售净利率,-21.024847,-3.993526,-2.935821,-14.882561,-11.1533,-17.702267,-24.751323,0.483876,-13.186471,5.090385,1.423462,2.71705,-30.083535,-15.448573,-20.521356,-27.34107,0.2257,-3.202746,-3.404158,-8.499014,-6.622729,-5.035849,-32.444392,-41.542493,3.560846,10.392338,10.078169,9.494103,5.720277,11.552848,11.289402,10.569311,5.575754,9.942002,10.084618,12.168325,4.94006,9.129995,8.917345,5.932782,4.749535,6.564002,5.514017,2.186794,2.47193,5.394577,4.067207,-1.686419,6.440064,6.285686,5.704738,0.441454,6.187759,7.766005,6.494073,,-263769.398965,-148845.780995,-116198.574576,,-33.474301,-27.424375,-23.461292,-32.635887,-88.014426,-23.278891,-19.201725,-18.130322,-7.561477,-9.261652,-12.897545,8.474523,0.957091,0.265174,-11.887389,-4.322384,-68.785372,2.296213,3.086753,-3.044325,-27.057991,9.784575,10.876436,12.06004,10.069814,17.106435,20.373969,33.620197,14.054205,11.334003,9.868036,7.535357,9.126143,12.722404,17.858861,23.973567,4.447968,3.000669,3.778013,-8.026762,-55.186128,-7.019363,3.381411,2.193401,6.639147,4.723855,6.879601,2.371183,7.412114
盈利能力,成本费用利润率,-11.191284,-3.501831,-2.262237,-14.07567,-11.032415,-21.29174,-29.923383,1.432725,-15.914526,6.404974,1.930885,3.962624,-27.574094,-15.346416,-19.665462,-23.57366,0.420549,-3.18784,-3.762892,-8.59994,-7.299377,-5.863295,-28.325558,-32.989115,4.504662,13.946738,13.491908,12.457348,7.482704,15.873938,15.459782,14.300563,7.388832,13.414328,13.686435,16.891386,7.155,13.005509,12.973656,7.99685,6.887006,9.013279,7.27499,2.173184,2.932665,7.029022,5.013721,-3.072329,9.198467,8.563416,7.754201,0.138033,7.084838,11.119484,9.198418,-94.008656,-114.864572,-119.222342,-128.061826,-100.0,-15.038321,-21.776759,-19.123542,-24.834814,-67.30687,-20.473325,-16.152965,-15.374514,-6.875292,-8.750702,-11.754663,9.322007,10.115662,0.241065,-9.897727,-3.927142,-41.573153,2.348442,3.172402,-2.926464,-22.830574,11.531565,13.086628,15.266799,15.302164,24.404984,31.243384,60.25725,16.219399,13.19357,11.551564,8.218825,8.453204,13.52007,18.306438,20.99658,5.30783,3.365648,4.136932,-7.407254,-35.844404,-5.916166,3.644971,2.542097,7.91746,,8.677069,,8.804051
盈利能力,营业利润率,-12.689079,-3.421813,-2.301247,-15.698406,-11.321114,-20.660619,-28.978389,1.382,-15.223213,5.782897,1.780602,3.676604,-34.392422,-17.711928,-23.722628,-30.124766,0.417945,-3.480556,-3.494342,-9.307285,-6.240707,-5.870257,-38.506807,-48.833327,3.668729,11.692717,11.384748,10.556898,6.922194,13.604189,13.348368,12.359325,6.579663,11.511649,11.628465,14.178995,4.517532,9.878881,10.579056,6.492644,4.707321,7.703312,6.089741,1.94786,1.433541,6.173642,4.552178,-3.014954,6.984633,5.906825,4.541777,0.124631,5.699479,8.569046,6.446111,,-263796.146089,-148845.780995,-116198.574576,,-56.797171,-26.882503,-22.72234,-31.225101,-81.773916,-26.058622,-19.320954,-17.957859,-25.835926,-11.269633,-16.142529,8.417766,-13.531371,-56.936178,-11.414767,-3.872507,-70.257115,2.353719,3.14591,-3.024966,-13.306892,10.522614,11.79528,12.994853,13.33946,19.624923,23.288378,37.870184,14.397085,11.814137,10.373612,7.518725,7.665648,11.836386,15.399288,17.202431,5.105195,3.249679,4.090951,-7.826725,-52.940359,-6.478262,3.70807,2.68026,7.702083,5.481709,8.073358,2.792442,8.283994
盈利能力,总资产净利率_平均,-7.153242,-0.854143,-0.470727,-1.435171,-3.937418,-5.177316,-5.369926,0.057137,-5.348787,1.62501,0.349595,0.24971,-6.717318,-2.701936,-2.333539,-1.361159,0.211047,-0.720907,-0.539106,-0.633604,-2.452472,-1.218418,-3.92826,-2.556649,1.87481,4.36528,2.879074,1.402429,3.762782,5.676036,3.667994,1.580732,3.405331,4.426298,2.909368,1.665346,3.040849,3.710755,2.453184,0.790439,2.758319,2.802518,1.537081,0.303175,1.572088,2.404706,1.194548,-0.17726,4.566822,2.868077,1.661438,0.103738,4.639832,4.341516,2.408123,-16.959994,-84.276882,-45.801981,-35.203794,-10.171035,3.244458,-6.736203,-2.828296,-1.503348,-20.183684,-2.949093,-1.288077,-0.570736,0.308369,-0.990163,-0.891766,0.245503,0.604056,0.120794,-0.616927,-0.171087,-8.771905,-0.22393,-0.191888,-0.105675,-5.555523,0.226547,0.215346,0.199154,0.514984,2.66097,2.477164,1.284408,3.21263,2.111754,1.089256,0.50783,1.991725,2.003938,2.023296,1.297168,2.579092,0.67113,1.812734,-0.76392,-21.177382,-1.587135,1.835622,0.912681,5.391602,1.731183,5.73348,1.112459,7.468355
盈利能力,总资产净利率_平均(含少数股东损益),-7.410997,-1.013153,-0.529494,-1.499353,-4.190597,-5.395029,-5.474176,0.052419,-5.429191,1.487589,0.265281,0.242982,-7.238333,-2.971662,-2.526101,-1.460329,0.08782,-0.85918,-0.636481,-0.697433,-2.433698,-1.224288,-3.946368,-2.572361,1.935145,4.373829,2.900001,1.379141,3.803891,5.706821,3.638048,1.584708,3.443506,4.440241,2.891553,1.635664,2.949191,3.720679,2.448719,0.757928,2.70471,2.759238,1.511151,0.284994,1.446342,2.314983,1.124,-0.217444,4.50318,2.838005,1.659094,0.060368,4.625483,4.313049,2.390914,-16.960091,-86.043986,-46.299262,-35.694894,-10.171089,-11.474478,-8.425037,-3.497014,-2.088803,-29.570352,-3.775763,-1.883802,-0.800723,-1.547434,-1.264584,-1.163312,0.373063,0.27495,0.028967,-0.820522,-0.164951,-10.103883,0.288895,0.267306,-0.105675,-5.226931,1.318809,0.974887,0.570615,3.097733,5.218959,4.668179,2.685425,4.504367,2.694273,1.802763,0.645954,1.766293,2.107422,1.887821,1.124011,3.438057,1.351985,2.360382,-0.819412,-21.389849,-1.390979,2.706613,0.923054,5.392465,1.718668,5.712035,1.066124,7.325471
成长能力,归母净利润,-196239863.57,-24840141.46,-13880678.13,-43608929.35,-131323615.46,-180822804.78,-187014250.84,2115126.23,-195379236.43,62327843.27,12912765.48,9123481.61,-248003933.07,-100057560.45,-85135929.13,-50421112.12,7405625.82,-24038516.46,-17399592.46,-20207696.58,-71598583.7,-34686002.23,-111286702.19,-67922652.26,45026654.39,102534510.6,65029659.38,30630814.97,76097558.0,113414517.71,71389422.35,29944804.91,62429217.63,79638832.68,50695523.93,28943951.23,53400978.76,66089350.31,42545698.58,13642066.14,47921644.09,49747281.4,27185548.34,5309715.2,29077754.92,45353081.82,22767614.18,-3297993.03,84751111.5,53131744.66,29964197.27,1812022.48,70759525.78,63971892.92,34301642.11,-331035.74,65156927.76,50444059.06,28958238.49,-2888079.26,2738030.51,-6015476.95,-8300528.67,-1979280.82,-90031781.65,-23087213.28,-9940256.36,-4371247.95,2453028.22,-8242840.92,-7359022.38,2031682.43,2106700.22,1407316.89,-7952780.75,-2242972.94,-113736152.26,-3185222.47,-2726581.64,-1471659.38,-78162974.01,3257494.74,3065113.71,2825585.52,6259871.43,30458779.51,27094425.93,13100042.02,30596627.26,18183710.36,9655255.54,4454000.04,16946855.96,17058296.79,15842752.22,10316497.71,19908712.2,4950310.75,10941625.47,-3807249.38,-100519531.6,-7677822.09,7398190.26,3167399.32,16072073.67,4427166.1,13346185.03,2463838.62,15575939.61
成长能力,营业总收入,967003679.5,737805556.55,531830484.19,306124269.18,1253152389.59,1064420896.8,770241193.31,401028718.85,1503936973.0,1120878746.42,688359183.52,326739250.51,890941684.56,712337568.52,449099387.17,197851154.54,1365356307.59,935916723.98,631374965.28,275660349.02,1121378396.37,692099848.44,344588699.17,164506399.32,1305186979.54,988567789.2,649942644.37,317272485.82,1344846452.31,987026167.48,627195223.64,284031012.78,1132206742.29,803557361.7,499623236.77,233623532.9,1048395242.98,725806526.49,476243196.24,220486126.64,989365476.42,746176072.07,484709167.48,228247220.97,1082227597.14,809347761.3,526724877.06,239894638.64,1297658670.66,836418467.55,524509826.16,238863834.14,1140003723.16,818341254.16,524424458.98,229648108.27,864521187.84,584015123.05,356806051.28,0.0,28927936.42,27434054.57,21653589.77,8426551.57,150213988.63,126977124.66,75709533.03,33825686.97,162793205.16,113665616.67,74431798.43,36430500.53,308985317.26,127269126.73,88979282.43,50030982.8,213532532.93,179505227.77,123882515.32,48716068.47,264928623.85,191846733.62,124811470.2,63881159.37,378569650.39,354023717.69,255422710.2,81869385.4,312377613.82,205406001.93,162630947.62,75852301.22,204528274.3,167804700.18,108429537.5,60844324.65,636521801.16,344254154.12,400030799.71,52170796.65,186730452.79,97907503.54,325954259.52,147613510.22,246076340.12,94430887.96,196574813.68,100127873.44,208797582.46
成长能力,净利润,-203311051.01,-29464463.94,-15613596.04,-45559133.27,-139767849.06,-188426637.89,-190644888.15,1940483.35,-198316216.8,57057046.73,9798531.42,8877669.78,-267303272.35,-110045991.01,-92161287.46,-54094622.97,3081617.4,-28660022.09,-20548295.13,-22246162.26,-71048465.93,-34853107.22,-111799710.84,-68340059.53,46475700.66,102735307.54,65502324.28,30122178.91,76928944.63,114029642.19,70806590.92,30020122.41,63129073.14,79889694.67,50385095.86,28428071.55,51791361.5,66266106.02,42468250.32,13080962.08,46990266.54,48979016.56,26726947.06,4991298.55,26751914.96,43660893.99,21422992.5,-4045630.93,83570051.4,52574646.33,29921914.41,1054474.94,70540689.75,63552430.19,34056508.21,-563766.58,65722267.41,50514409.38,29280460.55,-2888094.63,-9683424.71,-7523618.09,-17569488.31,-2750079.87,-132213932.06,-29558866.92,-14537536.73,-6132706.1,-12309571.78,-10527314.13,-9599874.73,3087311.51,-1136482.75,337485.75,-10577313.49,-2162531.49,-130737665.76,4109292.87,3798213.63,-1471659.38,-73539878.87,18963018.15,13875964.21,8095825.75,37654360.66,59738780.29,51059037.08,27389395.13,42898937.78,23199612.66,15979828.36,5665435.46,15028739.78,17939191.61,14781959.69,8939367.71,26539289.91,9972351.43,14247212.59,-4083815.11,-101528017.23,-6728909.95,10908584.43,3203398.03,16074645.7,4395162.48,13296266.42,2361217.97,15277941.94
成长能力,扣非净利润,-295871323.37,-83202879.52,-70740227.35,-43374448.35,-130973912.33,-183601318.12,-188584562.08,1002639.11,-222345920.77,40237416.72,2858072.43,6693949.97,-261012133.56,-115360557.03,-95097108.88,-52897473.68,-27923215.0,-41404685.92,-24616129.5,-22202712.06,-141402887.17,-80311258.17,-136497248.35,-69417330.12,29582712.62,94439730.61,58342905.16,26864554.69,53992748.48,110156522.22,68952768.54,29632188.19,53612847.33,74712115.21,49948494.34,28838179.79,35474528.63,56923703.04,40445817.61,12429957.27,35734838.25,48505124.28,25600443.55,5170376.17,22184086.67,44754608.26,22783342.65,-3290250.71,75934138.32,40938663.76,19042628.76,1801095.14,64889632.33,56878747.27,27035606.41,-2220158.49,-13523277.38,-10870444.56,-8105533.06,,-38889754.68,-5939661.63,-3741429.36,-1918651.74,-84916677.94,-26569516.73,-9983205.21,-4312620.95,-31926597.56,-10517338.59,-9633520.05,1988567.79,-84742112.86,-71555654.52,-11327028.12,-2072434.76,-116766231.62,-3800726.24,-3080501.42,,-79265214.53,2497414.72,3077835.61,2912839.97,4975591.44,29944446.51,25567480.21,13111600.13,9058622.86,18651258.82,9814974.0,4457171.53,16982495.67,17091524.12,15868576.01,,19908712.2,4950310.75,10941625.47,-3810000.0,-100519531.6,,,,,,,,
成长能力,营业总收入增长率,-22.83431,-30.684792,-30.952734,-23.66525,-16.675205,-5.036927,11.895244,22.736622,68.803076,57.352187,53.275467,65.143969,-34.74658,-23.888787,-28.869623,-28.226473,21.756965,29.550041,75.452099,59.307692,-17.498867,-29.989641,-46.981675,-48.149806,-2.948996,0.156188,3.626848,11.703466,18.780996,22.832073,25.533637,21.57637,7.994265,10.712336,4.909264,5.958382,5.966426,-2.729857,-1.746608,-3.400301,-8.580646,-7.805259,-7.976784,-4.855222,-16.60152,-3.236502,0.422308,0.431544,13.829336,2.209006,0.016278,4.012977,31.86533,40.123298,46.977456,,-99.970723,-99.969129,-99.960888,-100.0,-80.742182,-78.39449,-73.428261,-75.088306,-7.727113,11.711112,1.716651,-7.150089,-47.313611,-10.688774,-16.349293,-27.184119,44.701752,-29.100044,-28.174462,2.699138,-27.307272,-6.433002,-1.149734,-23.842265,-30.018525,-45.809638,-51.135327,-21.971859,21.18975,72.353151,57.056645,7.932632,52.730772,22.407776,49.987679,24.666189,-67.867828,,-68.503056,,59.118198,559.859876,114.229009,-46.714199,-42.712682,-33.673074,32.460625,56.319095,25.182028,-5.689709,-5.853884,,
成长能力,归属母公司净利润增长率,-49.432273,86.262716,92.577743,-2161.764859,32.785275,-390.115613,-1548.289687,-76.816676,21.219299,162.291987,115.167233,118.094566,-3458.719696,-316.2385,-389.298409,-149.514396,110.343257,30.534463,84.335565,70.208736,-259.601618,-133.828612,-271.132223,-321.746147,-40.830355,-9.593134,-8.90855,2.290915,21.89414,42.411074,40.819971,3.457902,16.906504,20.501763,19.155462,112.166917,11.433945,32.850174,56.50116,156.926513,64.805172,9.688866,19.404466,260.998375,-65.690414,-14.64033,-24.017273,-282.006187,19.77343,-16.945173,-12.645006,647.379711,8.598622,26.817496,18.452101,7.537305,-899.114986,-107.305998,-16.926685,-45.915588,103.041182,73.944551,61.598126,54.720463,-3778.795466,-180.08806,-35.075772,-315.154095,16.439358,-685.713209,7.466047,190.57989,105.712355,144.182687,-191.675871,-52.411146,-51.653197,-197.781354,-188.955317,-152.083342,-1348.635453,-89.305235,-88.68729,-78.430714,-79.540648,67.505855,180.618424,194.118587,80.544564,6.597455,-39.055693,-56.826433,-14.877186,,220.035509,,81.953881,230.023285,110.885074,50.412378,-1458.704332,-342.401456,-53.968663,-28.455376,20.424478,79.685717,-14.315377,,
收益质量,经营活动净现金/销售收入,0.113921,0.173072,0.239975,0.341895,0.163603,0.134367,0.084502,0.067499,0.168475,0.136399,0.146919,0.106279,-0.033584,-0.00206,0.10904,-0.510395,0.139121,0.11905,0.157616,-0.295829,0.034216,-0.009224,-0.171837,-0.150366,0.036014,0.050452,-0.046082,-0.121381,0.109729,0.078193,0.05358,-0.010903,0.115327,0.106345,0.096732,-0.046196,0.165657,0.089233,0.083813,-0.030391,0.127178,0.073883,0.077526,-0.066784,-0.013361,-0.091369,-0.172442,-0.328037,0.01702,-0.275626,-0.355628,-0.638921,0.079894,-0.002751,-0.01532,,-1756.844394,-1480.068989,-1170.46261,,0.130969,0.374033,0.490039,0.511747,0.505973,0.277121,0.328583,0.34397,0.861603,0.370961,0.138402,0.092873,-0.045246,0.016569,0.01884,-0.15353,0.035604,-0.068916,-0.110755,-0.235928,0.093473,0.506579,0.469554,0.419726,-0.137246,0.053551,-0.027153,0.439763,-0.223108,0.423539,0.783315,0.802131,-0.029155,,0.563524,,0.027416,0.006484,0.138105,0.99532,-0.226328,,-0.070218,-0.700159,,,,,
收益质量,经营性现金净流量/营业总收入,0.113921,0.173072,0.239975,0.341895,0.163603,0.134367,0.084502,0.067499,0.168475,0.136399,0.146919,0.106279,-0.033584,-0.00206,0.10904,-0.510395,0.139121,0.11905,0.157616,-0.295829,0.034216,-0.009224,-0.171837,-0.150366,0.036014,0.050452,-0.046082,-0.121381,0.109729,0.078193,0.05358,-0.010903,0.115327,0.106345,0.096732,-0.046196,0.165657,0.089233,0.083813,-0.030391,0.127178,0.073883,0.077526,-0.066784,-0.013361,-0.091369,-0.172442,-0.328037,0.01702,-0.275626,-0.355628,-0.638921,0.079894,-0.002751,-0.01532,,-1756.844394,-1480.068989,-1170.46261,,0.130969,0.374033,0.490039,0.511747,0.505973,0.277121,0.328583,0.34397,0.861603,0.370961,0.138402,0.092873,-0.045246,0.016569,0.01884,-0.15353,0.036697,-0.068706,-0.110461,-0.234428,0.095892,0.51175,0.479963,0.441068,-0.135565,0.052824,-0.026641,0.437602,-0.21801,0.422064,0.779964,0.795071,-0.023474,,0.430173,,0.025699,0.006259,0.130192,0.970646,-0.222987,,-0.069496,-0.692729,,,,,
收益质量,成本费用率,114.264714,110.515644,112.727209,113.510862,106.155229,96.894163,96.864688,97.662915,94.1425,92.24025,95.816266,95.166716,125.714135,114.954796,120.288372,127.779589,99.666174,99.912079,98.425197,108.157439,103.093327,104.531977,135.824114,147.966356,94.458204,86.927603,87.019864,88.957167,91.099391,85.165232,85.460214,86.415047,91.003173,86.661307,86.259207,84.257729,91.473845,87.379894,85.494211,88.981057,90.400741,87.353447,88.6577,93.390763,92.878425,89.242166,90.725881,98.387224,86.107464,89.941082,91.350709,95.349209,89.372638,86.738827,88.76572,,229635.119954,124847.22047,90736.308988,,216.670155,125.93414,122.682771,131.411841,130.290259,113.885536,119.261235,117.924521,109.807088,111.189697,116.100313,91.569489,85.276391,163.230479,118.247883,107.288524,164.913666,99.66073,98.866677,104.027408,109.33555,88.315741,85.574426,80.148383,83.766572,80.461754,76.111788,63.134321,89.614296,88.126449,89.334632,92.242744,112.371782,104.012008,110.025651,133.791765,100.615548,99.260583,102.390038,108.363528,153.960231,111.731623,101.104464,101.262043,98.550238,,94.588275,,95.192027
收益质量,期间费用率,21.909386,20.836325,19.346402,16.978217,23.306129,20.473136,19.544013,19.350629,22.95806,21.741522,23.410362,22.440861,36.288068,30.655597,31.073484,33.177746,23.831115,24.17945,23.831141,24.043963,24.995306,26.054301,33.739076,39.869612,20.679893,18.124527,18.064757,18.191949,18.220233,15.672036,16.20433,16.987008,18.958718,17.99794,18.771667,22.920171,20.873514,21.159103,20.857825,22.772228,24.797221,23.95874,24.246428,25.567377,25.326765,23.384332,24.845584,28.638889,21.225428,21.526622,23.044396,25.095025,21.397928,19.770835,20.576847,,229559.212592,124771.313109,90660.401626,,137.820364,46.975417,41.130773,51.739571,54.601068,40.927813,46.634219,42.37826,43.141878,43.822863,45.688051,28.798424,22.333984,92.19371,45.563544,41.38874,98.354311,47.80666,53.255318,56.245289,69.08724,54.004821,52.559237,49.148948,50.046077,36.35896,33.2121,35.696711,48.812815,39.645918,37.525332,36.023418,23.979085,19.044221,23.349496,69.59957,14.045226,10.370478,17.681947,29.264048,52.625948,11.149544,7.052874,6.673941,7.731377,,9.011478,,8.453177
收益质量,销售成本率,92.355327,89.679319,93.380806,96.532644,82.849099,76.421027,77.320675,78.312285,71.184439,70.498727,72.405904,72.725854,89.426067,84.299198,89.214888,94.601842,75.835058,75.732629,74.594055,84.113476,78.098021,78.477675,102.085037,108.096744,73.778311,68.803076,68.955106,70.765218,72.879157,69.493196,69.255884,69.428039,72.044454,68.663366,67.48754,61.337558,70.600331,66.220791,64.636385,66.208828,65.603519,63.394706,64.411272,67.823385,67.551659,65.857833,65.880297,69.748335,64.882035,68.414459,68.306313,70.254184,67.97471,66.967992,68.188872,,75.907361,75.907361,75.907361,,78.84979,78.958722,81.551997,79.67227,75.689191,72.957723,72.627016,75.546261,66.665209,67.366834,70.412262,62.771064,62.942407,71.036769,72.684338,65.899784,66.559355,51.85407,45.611358,47.782118,40.248309,34.310919,33.015188,30.999435,33.720495,44.102793,42.899687,27.43761,40.80148,48.480531,51.809299,56.219326,88.392696,84.967786,86.676154,64.192194,86.570322,88.890105,84.70809,79.09948,101.334283,100.582079,94.051589,94.588102,90.818861,,85.576797,,86.73885
收益质量,经营活动净现金/归属母公司的净利润,,,,,,,,12.797841,,2.452948,7.832068,3.806203,,,,,25.649506,,,,,,,,1.043961,0.486427,-0.460574,-1.257268,1.93922,0.6805,0.470732,-0.103423,2.091557,1.073029,0.953331,-0.37288,3.252269,0.979977,0.938179,-0.491201,2.625663,1.108197,1.382278,-2.87085,-0.497299,-1.630527,-3.98942,,0.260608,-4.33901,-6.225122,-84.223659,1.287175,-0.035202,-0.234235,,,,,,1.383723,,,,,,,,57.179602,,,1.66533,-2.151846,1.498469,,,,,,,,30.139037,19.544128,9.971725,-8.198386,0.613976,-0.251153,2.734819,-2.225783,4.767702,13.137547,13.540182,-0.283314,,2.944152,,0.82166,0.435314,4.759883,,,,-3.061936,-32.283977,,,,,
收益质量,所得税/利润总额,,,,,,,,65.418662,,13.838595,23.060372,27.95072,,,,,46.15224,,,,,,,,16.314289,14.279855,14.159962,14.326322,16.084343,14.544098,14.55167,14.472816,17.077703,14.477636,14.579198,14.502036,24.521081,19.660026,19.603622,16.623845,23.713328,16.630757,14.509225,-7.747577,9.247422,14.001197,10.586135,,18.69188,18.38921,19.464613,-235.415612,2.276526,19.480784,20.464919,,,,,,,,,,,,,,,,,0.72153,88.904922,34.873372,,,,1.891135,2.052417,,,3.929062,2.885825,1.438596,21.429092,12.895724,14.336533,11.627028,7.27194,5.459178,7.774835,5.113004,20.909458,9.529547,11.334238,14.65959,16.712548,10.180107,10.80768,,,,8.24417,14.7922,14.911916,15.092738,16.178992,15.550537,11.557915
财务风险,流动比率,0.359205,0.700258,0.67228,0.683187,0.688191,0.666245,0.662542,0.806981,0.787281,0.914042,0.891872,0.880048,0.854128,0.981514,0.962473,1.03736,1.050111,0.935666,1.011992,1.124637,1.158702,1.262688,1.15585,0.943306,0.902639,1.05286,1.149112,1.297259,1.306116,1.470753,1.361232,1.234694,1.125931,1.325901,1.216521,1.277644,1.278539,1.260836,1.206378,1.040367,1.024641,1.002889,0.815257,0.712296,0.721166,0.681279,0.784062,0.62294,0.658579,0.813596,0.639356,0.43704,0.48728,0.54396,0.486114,0.038507,0.021645,0.0508,0.059754,0.060684,0.232697,0.346672,0.297272,0.273491,0.271875,0.342114,0.364766,0.353119,0.356281,0.543035,0.528096,0.532741,0.523558,0.783635,0.820094,0.834216,0.828337,0.978839,0.958533,0.933972,0.933753,0.691982,0.628996,0.676094,0.66929,1.039996,0.910724,0.994397,0.965903,0.856824,0.854816,0.865142,1.150744,1.324274,1.637724,1.69311,1.61708,0.881518,0.702428,0.667404,0.610377,1.06705,1.29057,1.733367,1.189421,1.338705,1.355472,1.736145,2.151449
财务风险,速动比率,0.326666,0.65304,0.624862,0.637884,0.646761,0.606756,0.615205,0.722607,0.709944,0.854083,0.826691,0.809058,0.790895,0.940408,0.918494,0.994353,1.012741,0.886756,0.968655,1.08464,1.12114,1.202898,1.107436,0.893905,0.860822,1.003209,1.098017,1.227902,1.256202,1.402586,1.284413,1.15854,1.067994,1.253697,1.141466,1.197812,1.208779,1.17815,1.116464,0.958786,0.946321,0.924472,0.748605,0.649381,0.655041,0.612655,0.708754,0.554331,0.609828,0.706024,0.537483,0.380145,0.433943,0.485529,0.42072,0.038507,0.021645,0.045555,0.054375,0.054125,0.22714,0.337759,0.229101,0.178437,0.18164,0.20335,0.213099,0.1965,0.199151,0.391171,0.377011,0.380005,0.370463,0.494652,0.560358,0.572428,0.568556,0.711696,0.69541,0.6643,0.672031,0.630041,0.579061,0.623287,0.617432,0.912549,0.771332,0.960231,0.938953,0.516241,0.560965,0.517904,0.657898,0.666712,1.067892,0.969342,1.06595,0.59831,0.416329,0.510852,0.419883,0.824736,0.917439,1.077769,0.876715,1.338705,0.970278,1.736145,1.467204
财务风险,保守速动比率,0.162572,0.561762,0.545107,0.565801,0.578082,0.544304,0.564083,0.609965,0.594738,0.714644,0.756565,0.748592,0.73706,0.886183,0.862233,0.93555,0.95151,0.817462,0.892594,1.012644,1.043511,1.096483,0.989139,0.749538,0.744699,0.873245,0.978955,1.112704,1.07144,1.154476,1.060069,0.923659,0.955265,1.016195,1.023754,1.038286,1.06667,0.975823,0.984157,0.876947,0.860324,0.816993,0.661937,0.561453,0.581256,0.531147,0.613034,0.463732,0.557908,0.581598,0.43529,0.278607,0.348721,0.368456,0.312962,0.02915,0.013561,0.01206,0.020335,0.018209,0.208202,0.019994,0.09573,0.074515,0.07694,0.085334,0.079132,0.082901,0.084029,0.112457,0.111703,0.122236,0.115161,0.15537,0.103573,0.094193,0.120869,0.104702,0.109492,0.099534,0.113712,0.088991,0.090321,0.090446,0.085014,0.212991,0.219702,0.310476,0.183762,0.256307,0.220424,0.167203,0.237118,0.329994,0.3235,0.247959,0.445234,0.41946,0.267654,0.309986,0.243064,0.191196,0.3633,0.411413,0.474745,,0.382168,,0.952095
财务风险,资产负债率,81.266727,76.611274,75.672989,78.090393,76.474747,81.144437,80.935649,78.172331,77.481023,73.222415,72.524739,72.220924,72.437319,68.72102,67.481875,67.654314,67.166326,71.6228,69.819929,69.102564,69.274909,66.484692,68.725313,62.881584,59.982449,55.902046,54.109807,52.263729,52.498399,49.647561,49.199268,48.444689,49.626295,46.818093,45.010028,46.014031,50.139659,50.70575,49.423553,50.614263,51.749586,53.66786,54.654157,55.059479,54.870271,55.748231,57.898908,57.174269,61.194127,62.455405,61.691595,60.765201,61.173133,59.202631,58.523457,592.823777,628.080061,495.899449,465.723713,400.130518,252.919575,234.589707,139.094711,139.552473,137.38209,89.908608,87.735026,86.457146,85.528886,86.282403,85.791187,84.252302,84.588112,87.251892,90.639841,89.921221,89.740269,80.034627,80.743127,79.581952,79.648402,69.541806,69.757979,69.42284,71.891071,69.954125,69.353134,66.666535,72.220587,69.65409,72.291231,73.230236,79.547696,78.250826,74.700721,71.374901,74.727034,77.643659,79.35758,78.117612,60.923891,39.972068,34.200041,37.123147,58.005238,48.612378,51.143568,54.865869,50.373465
财务风险,权益乘数,4.88705,4.49451,4.518953,4.765135,4.675402,5.16011,5.169015,4.818105,4.223124,3.861164,3.813154,3.779245,3.409245,3.191111,3.123789,3.125219,3.172429,3.412501,3.290313,3.254308,2.875516,2.743593,2.834909,2.597403,2.30775,2.19146,2.144864,2.100296,2.049949,1.987777,1.977535,1.966182,1.998591,1.943232,1.911846,1.929962,2.043497,2.057285,2.030938,2.05587,2.148299,2.192495,2.215404,2.224228,2.401458,2.423101,2.484778,2.467479,2.60173,2.656,2.6294,2.599956,2.247306,2.183066,2.15778,,,,,,,,,,,50.524135,34.969418,30.817369,30.857597,36.157572,35.167515,29.386893,40.24808,65.922385,99.207143,82.480505,20.024615,11.555108,11.334378,11.053382,8.3833,6.757614,6.692264,6.611038,5.927849,5.560839,5.357898,5.297571,5.459047,5.14379,5.433551,5.46337,5.731092,5.731471,5.293791,5.53148,5.975777,6.040465,5.249482,4.598472,2.8194,2.17286,2.187358,1.90295,2.223585,1.994189,2.023651,2.105868,2.005871
财务风险,权益乘数(含少数股权的净资产),5.338095,4.275564,4.110657,4.564207,4.250751,5.303474,5.245392,4.581341,4.440699,3.734466,3.639637,3.599831,3.628094,3.197035,3.075208,3.091602,3.045653,3.523955,3.313444,3.236514,3.254668,2.983711,3.197474,2.69408,2.498903,2.267678,2.179114,2.094843,2.105192,1.986001,1.968475,1.939664,1.985162,1.880338,1.818513,1.852333,2.005602,2.028634,1.977204,2.024876,2.072521,2.158329,2.205273,2.225163,2.215834,2.259796,2.375235,2.335044,2.576929,2.663499,2.610393,2.548757,2.575536,2.451138,2.411001,,,,,,,,,,,9.909436,8.153299,7.383967,6.910318,7.289906,7.037886,6.350134,6.488497,7.844301,10.683579,9.921837,9.746845,5.008671,5.192951,4.897628,4.913619,3.283188,3.306657,3.23996,3.521245,3.292781,3.225931,2.964219,3.548633,3.184612,3.485652,3.605507,4.664027,4.597875,3.952681,3.493437,3.956797,4.473003,4.844393,4.569885,2.559108,1.665891,1.519757,1.59041,2.381249,1.945993,2.046813,2.215618,2.015051
财务风险,产权比率,430.851499,336.267327,336.023253,386.271903,351.461939,462.908495,463.861526,382.432691,367.556919,286.375926,276.90996,270.874194,274.912674,225.9261,212.336249,213.030436,208.39119,256.083308,232.161254,224.701739,226.972258,198.985609,220.402767,169.653798,150.153021,126.877526,118.046636,109.476085,110.565529,98.619894,96.754032,94.164487,98.72264,88.174069,81.936672,85.30515,100.706268,103.215174,98.035268,102.818712,107.67655,116.278235,120.838076,122.695937,121.812201,126.311557,137.957745,134.046538,158.486448,168.251007,163.058829,157.071629,159.971363,147.321294,143.38578,,,,,,,,,,,18279.4094,4007.613373,2934.588358,2411.684773,3352.334889,3146.259662,2189.80991,2354.267034,7533.417041,49246.50946,14403.242915,11389.991036,952.67823,924.646458,866.989258,865.069642,464.438204,457.001474,444.089045,461.458601,400.971467,371.312413,348.932608,387.27724,331.32061,383.133858,392.105098,443.509497,436.343048,354.932233,369.73597,441.555202,468.053187,480.366998,377.163521,266.634406,91.461477,70.503169,59.157993,138.518928,94.868245,104.246629,120.90322,101.04269
财务风险,现金比率,0.052239,0.0601,0.068711,0.103272,0.0756,0.051439,0.051139,0.072075,0.078948,0.09102,0.081935,0.075867,0.09665,0.147461,0.139753,0.15917,0.271271,0.203318,0.264318,0.26079,0.411962,0.373781,0.388854,0.148187,0.189891,0.28791,0.258264,0.331765,0.336867,0.312464,0.239419,0.129224,0.217052,0.170964,0.215989,0.173977,0.342502,0.212829,0.227499,0.220182,0.260127,0.226655,0.197561,0.162442,0.149381,0.134404,0.234287,0.173165,0.359057,0.333181,0.274468,0.072467,0.19385,0.116399,0.10595,0.028849,0.013246,0.011717,0.019984,0.017089,0.207253,0.018136,0.017093,0.014141,0.017271,0.005529,0.003284,0.005338,0.007166,0.006627,0.002804,0.004263,0.005597,0.01411,0.011868,0.009333,0.023372,0.011716,0.015065,0.006822,0.022395,0.014508,0.012421,0.01422,0.012785,0.038235,0.042038,0.056303,0.042884,0.156973,0.169311,0.1177,0.169187,0.27219,0.225117,0.166988,0.356531,0.31482,0.211427,0.281222,0.186332,0.147937,0.287979,0.323977,0.413454,,0.273096,,0.840248
营运能力,应收账款周转率,1.998732,0.947827,0.696323,0.384239,1.358058,1.066862,0.764818,0.369082,1.417282,0.951678,0.601035,0.293592,0.852744,0.673286,0.448838,0.187919,1.558735,1.120453,0.806982,0.328477,1.650862,1.107515,0.594647,0.292741,2.390945,1.821181,1.114088,0.566555,2.660176,1.943645,1.276644,0.595546,2.546978,1.778685,1.168257,0.542191,2.669931,1.735104,1.208532,0.570976,2.772784,1.985888,1.344282,0.667201,4.005165,3.052765,2.176015,1.141962,7.498048,4.539698,3.493235,1.384836,10.880374,5.931713,4.7527,0.0,0.144534,0.144534,0.144534,0.0,5.344657,5.015236,1.587245,0.775092,5.074733,2.44289,1.532536,0.687604,2.651304,1.533421,1.003618,0.473235,3.894012,1.51907,1.101396,0.645311,2.492606,2.331347,1.58327,0.644521,3.912285,3.104209,1.931742,1.034904,5.514192,3.842669,2.793259,0.877955,6.047771,5.803817,6.048256,2.890159,5.250771,4.97487,2.406513,1.189081,20.341485,9.728023,17.975955,3.605572,12.823006,9.271039,26.932775,12.466464,19.862646,,18.450212,,24.244381
营运能力,应收账款周转天数,180.114103,284.861853,258.500468,234.228782,265.084297,253.078447,235.349833,243.847796,254.007197,283.709138,299.483158,306.547003,422.166209,401.017757,401.035271,478.929285,230.956443,240.973845,223.053212,273.991721,218.067766,243.788889,302.700331,307.437976,150.568027,148.255406,161.567034,158.854758,135.329367,138.914208,140.994582,151.121578,141.343926,151.797502,154.07563,165.992973,134.834926,155.610255,148.940913,157.62483,129.833398,135.95929,133.900391,134.891698,89.883933,88.444382,82.720013,78.811706,48.012492,59.475316,51.528163,64.989637,33.087097,45.518046,37.873201,,2490.754086,1868.065564,1245.377043,,67.356984,53.835943,113.404032,116.115157,70.939686,110.524824,117.452309,130.889191,135.782234,176.076804,179.350961,190.180062,92.449627,177.740313,163.428853,139.467604,144.427141,115.812836,113.688753,139.638559,92.01782,86.978667,93.180133,86.964512,65.286078,70.263646,64.440848,102.510931,59.526058,46.521105,29.760641,31.140153,68.561359,54.27277,74.797017,75.688683,17.697822,18.503244,20.026752,49.922722,28.074539,19.415297,13.366613,14.438737,18.124473,24.083456,19.51197,15.367854,14.848801
营运能力,存货周转率,15.790329,9.653972,7.187757,4.114884,9.357475,6.002134,4.853068,1.882108,8.158591,6.892187,4.457676,2.089131,9.80539,10.26164,6.915231,3.221898,20.787313,12.08918,9.37246,4.919363,19.43182,10.922626,7.751542,4.007599,24.517606,16.331086,11.015378,5.065914,26.556059,16.898404,10.232782,4.741078,21.139849,13.506085,8.336876,3.527738,16.760071,9.722469,6.283453,2.971281,12.868977,8.860901,5.847184,2.912142,14.483602,10.052646,6.583192,3.313564,16.910163,7.816262,4.862934,3.185555,16.718286,11.9934,7.774658,,,0.013452,0.013452,0.0,2.722541,2.516599,1.123339,0.400025,1.971972,0.944269,0.550591,0.255692,1.068593,0.728235,0.505478,0.220771,1.182909,0.457775,0.291668,0.148889,0.601261,0.421278,0.255642,0.106657,0.58359,0.630944,0.413315,0.202323,4.226404,3.275608,2.187193,1.540569,1.0991,0.560416,0.476624,0.227241,0.692662,0.507076,0.347858,0.101932,3.07419,2.410046,3.460101,0.677223,3.226983,1.784733,5.038284,1.878277,4.195024,,3.446633,,3.437466
营运能力,存货周转天数,22.798764,27.967762,25.04258,21.871817,38.471913,44.983998,37.089937,47.818711,44.125265,39.174791,40.379781,43.080107,36.714497,26.311582,26.029496,27.933839,17.318254,22.33402,19.205201,18.29505,18.526313,24.719329,23.221185,22.457336,14.683325,16.532886,16.340791,17.765795,13.556228,15.977839,17.590523,18.983023,17.029449,19.990988,21.59082,25.512092,21.479621,27.770722,28.646664,30.289958,27.97425,30.47094,30.784044,30.905082,24.855695,26.858598,27.342356,27.161084,21.288971,34.543364,37.014683,28.25253,21.533307,22.512381,23.152143,,29107.113604,20071.330335,13380.88689,,132.2294,107.28763,160.236578,224.985753,182.558325,285.93523,326.921293,351.984965,336.891446,370.758969,356.098151,407.662093,304.334257,589.808578,617.138707,604.474925,598.74141,640.906878,704.108087,843.819711,616.871367,427.929925,435.503056,444.831809,85.178776,82.427445,82.297256,58.419957,327.54068,481.784816,377.655418,396.053899,519.733687,532.464353,517.452358,882.933772,117.103983,74.687349,104.043186,265.790946,111.55928,100.855392,71.452892,95.832491,85.815941,,104.449745,,104.728296
营运能力,总资产周转率,0.352487,0.253698,0.180356,0.100745,0.375727,0.304764,0.221167,0.108332,0.411724,0.292235,0.186363,0.089428,0.240607,0.192358,0.123096,0.053411,0.389103,0.268263,0.186971,0.08206,0.367476,0.243114,0.121634,0.061921,0.543451,0.42087,0.28775,0.145262,0.664983,0.493975,0.322253,0.149934,0.617585,0.446614,0.286729,0.134419,0.596994,0.407522,0.274601,0.127752,0.569468,0.420359,0.274056,0.130325,0.585106,0.429131,0.276356,0.128938,0.699244,0.451502,0.290827,0.13675,0.747521,0.555375,0.368168,0.0,0.000326,0.000311,0.000307,0.0,0.342784,0.307209,0.149054,0.064003,0.335971,0.162196,0.098105,0.044164,0.204647,0.136539,0.090196,0.044021,0.287277,0.109239,0.069024,0.038162,0.142515,0.126197,0.086828,0.034934,0.188301,0.133422,0.087689,0.045025,0.31144,0.309285,0.233525,0.080269,0.327994,0.238547,0.183471,0.086484,0.240377,0.19713,0.138476,0.076504,0.824588,0.466716,0.662744,0.10468,0.393402,0.202391,0.80875,0.425346,0.825497,0.369259,0.844479,0.452091,1.001143
营运能力,总资产周转天数,1021.312593,1064.254011,998.023201,893.338849,958.142092,885.928818,813.864565,830.77268,874.371395,923.91324,965.852873,1006.38724,1496.210782,1403.630083,1462.270668,1685.028657,925.204783,1006.472302,962.711696,1096.751315,979.653811,1110.587054,1479.839087,1453.460051,662.433224,641.527387,625.541297,619.565998,541.366537,546.586042,558.56666,600.260633,582.915021,604.548363,627.770207,669.543873,603.020131,662.539942,655.494578,704.486698,632.168526,642.307902,656.799116,690.579142,615.272818,629.177709,651.331862,698.0059,514.841236,598.002875,618.923872,658.134213,481.591521,486.157544,488.906404,,1103586.522589,868012.983577,585958.97057,,1050.221912,878.87813,1207.610764,1406.178292,1071.518952,1664.643609,1834.752513,2037.817582,1759.125989,1977.445426,1995.644029,2044.442133,1253.143892,2471.638563,2607.764069,2358.352579,2526.046681,2139.50254,2073.047968,2576.265592,1911.831868,2023.64689,2052.705718,1998.882219,1155.920324,872.979134,770.793538,1121.218737,1097.577908,1131.852257,981.076186,1040.650576,1497.644784,1369.654292,1299.858434,1176.409001,436.581563,385.67273,543.196062,1719.524471,915.093636,889.366048,445.131167,423.184602,436.100626,487.462449,426.298166,398.149072,359.588925
营运能力,流动资产周转率,1.192266,0.685629,0.501195,0.269883,0.931735,0.73977,0.541649,0.243993,0.992854,0.677512,0.452728,0.222304,0.594555,0.470719,0.312142,0.130975,0.922017,0.661215,0.461211,0.195467,0.944122,0.652953,0.332817,0.182872,1.401131,1.015105,0.661702,0.328654,1.600392,1.180846,0.799875,0.386778,1.555685,1.072175,0.71596,0.33544,1.536243,1.034809,0.733573,0.347475,1.641424,1.178133,0.783902,0.386243,1.763726,1.319808,0.844236,0.423927,2.313519,1.408407,0.979606,0.540654,3.048427,2.19819,1.59964,0.0,0.000714,0.000651,0.000636,0.0,0.818492,0.630792,0.381402,0.170611,1.098194,0.547153,0.324423,0.149695,0.560909,0.308977,0.207633,0.101833,0.576083,0.215992,0.126443,0.070869,0.259777,0.22529,0.155836,0.063908,0.337932,0.28065,0.184704,0.092267,0.698333,0.617587,0.489459,0.174779,0.632319,0.481925,0.360653,0.169782,0.369979,0.293751,0.181024,0.099582,1.377205,1.014787,1.615454,0.233216,0.969051,0.466759,1.48981,0.642491,1.274239,0.63002,1.235378,0.592328,1.276756
营运能力,流动资产周转天数,301.945807,393.798972,359.141165,333.477583,386.375904,364.978265,332.318361,368.861932,362.59075,398.516482,397.588868,404.850937,605.494369,573.589815,576.659642,687.14965,390.44795,408.339102,390.276206,460.435006,381.306331,413.505793,540.837696,492.147504,256.935199,265.982123,272.02553,273.843777,224.94485,228.649457,225.034882,232.691369,231.409297,251.82439,251.410654,268.303897,234.337785,260.917473,245.374244,259.010977,219.321698,229.176154,229.620253,233.013908,204.113268,204.57513,213.210372,212.300347,155.607083,191.705926,183.747269,166.464865,118.093661,122.828305,112.525291,,504181.342817,414285.034962,282780.306055,,439.833136,428.032708,471.942725,527.513516,327.810756,493.463077,554.829728,601.21979,641.814787,873.849851,866.913467,883.795538,624.909148,1250.041664,1423.563756,1269.936811,1385.800722,1198.453844,1155.053675,1408.256883,1065.300852,962.04922,974.532014,975.426059,515.512964,437.185102,367.75266,514.934739,569.332326,560.252601,499.093561,530.089035,973.026671,919.142876,994.338184,903.77723,261.398919,177.377093,222.847482,771.815486,371.497389,385.637235,241.641428,280.159296,282.521409,285.705003,291.408687,303.885301,281.964549
营运能力,应付账款周转率,1.141396,0.859324,0.632791,0.360595,1.001166,0.695176,0.487668,0.30363,1.090639,0.754285,0.511918,0.259984,0.885266,0.638856,0.42535,0.209286,1.286637,0.985206,0.690866,0.347967,1.386729,0.950217,0.597327,0.321136,1.887737,1.427342,0.925541,,2.26295,,1.145508,0.54007,2.329306,1.823939,1.173913,0.515601,2.595491,1.897474,1.23902,0.587991,2.223227,1.641176,1.064922,0.54772,2.096053,1.511712,0.993245,0.476676,2.090571,1.700938,1.058397,0.440088,2.486345,2.051109,1.398036,0.0,-0.250072,-0.144269,-0.112725,0.0,0.893739,0.794396,0.963792,0.503705,0.742305,1.174007,0.818141,0.418535,1.732747,1.57337,1.030942,0.434991,0.857634,0.336389,0.553857,0.223916,1.253702,0.975579,0.625935,0.251409,1.827454,-0.655596,-1.112603,-1.654182,3.453187,3.155095,2.604116,0.418081,-1.353006,0.707782,0.220941,-0.241426,5.010285,5.886706,4.631067,3.907091,27.811511,12.460658,21.16014,15.044664,10.829205,2.680664,18.58206,59.666187,88.774531,,18.100673,,16.067238
