选项,指标,20260331,20251231,20250930,20250630,20250331,20241231,20240930,20240630,20240331,20231231,20230930,20230630,20230331,20221231,20220930,20220630,20220331,20211231,20210930,20210630,20210331,20201231,20200930,20200630,20200331,20191231,20190930,20190630,20190331,20181231,20180930,20180630,20180331,20171231,20170930,20170630,20170331,20161231,20160930,20160630,20160331,20151231,20150930,20150630,20150331,20141231,20140930,20140630,20140331,20131231,20130930,20130630,20130331,20121231,20120930,20120630,20120331,20111231,20110930,20110630,20110331,20101231,20100930,20100630,20100331,20091231,20090930,20090630,20090331,20081231,20080930,20080630,20080331,20071231,20070930,20070630,20070331,20061231,20060930,20060630,20060331,20051231,20050930,20050630,20041231,20031231
常用指标,归母净利润,-33468579.83,-329644062.09,-132107570.07,-96919904.2,-48025234.28,-28101535.87,136436615.78,-45966540.39,-31678097.56,-426701124.25,-107690556.71,-62669507.41,-20739180.85,-281156258.44,-45980305.74,-29337617.74,-9249297.17,-325646366.7,-12904383.91,10181381.59,4018082.13,159333591.72,-31448598.01,1056834.69,-27159172.19,94700448.85,61991680.95,34429797.22,1784041.12,596684766.85,108781264.2,48194424.08,-20832442.67,71617484.4,35607213.65,17934030.6,-597239.25,64494871.45,62163330.09,31015949.71,-12319280.08,81728544.63,45648914.72,11072807.37,-2930499.45,65021489.48,11654266.88,3213162.65,3846196.18,63232857.85,49622026.24,15425384.61,5577544.21,52889270.85,21210742.33,3465161.94,-893926.16,16993658.6,19747973.42,6871118.53,-894519.29,-9084204.54,-1896187.75,-4060500.77,-8635168.42,11383522.16,-5619100.11,-12647378.86,-6143410.95,27000628.44,9444342.45,1016026.15,-5097101.69,34663450.86,9465887.9,801934.33,-1829976.9,17817296.8,14231232.41,16182211.27,1524288.26,28264457.3,22932161.62,17170933.73,38872861.8,27039422.61
常用指标,营业总收入,58999596.37,351126572.27,184812567.49,116716206.64,47422230.16,557030869.57,447734534.04,300958490.97,125789314.61,719259554.93,370011850.54,243472465.62,104508494.71,538535543.6,473309763.52,312440873.72,197577295.6,1417835781.9,1006648961.67,635903023.33,227188200.39,1812267104.75,734979279.7,419521835.14,215866759.79,2878663131.76,1597167338.97,1005861306.98,442504503.17,2952954895.45,1777115852.7,1174411172.71,283793822.88,2026123515.86,832097697.66,524350417.45,218732920.38,1462510904.76,990099518.67,627548427.22,147569900.57,1426497461.04,828701011.0,519748001.2,199321129.94,941476399.14,483392441.86,300956311.95,132137036.97,702146562.93,511222500.16,300023288.12,129493372.37,710529257.16,305028249.4,208939050.59,47976687.12,341067801.64,230166020.82,105767569.24,30897938.55,265647566.71,149388303.16,99195803.23,22885470.27,400470603.76,154770837.46,70188441.3,27166554.71,498374053.64,252068938.1,146630960.61,30199104.9,451270732.07,184546117.77,109495063.58,48294467.27,352080514.59,65331598.82,46921349.63,17526627.07,96729436.52,81509317.95,54050353.48,123365727.57,111294200.65
常用指标,营业成本,98566624.48,541631649.79,340956348.45,228154786.21,92595700.57,795359872.92,599474329.81,376313320.94,164129998.71,962267287.17,482961517.41,313022183.06,128858697.73,857742458.5,568935296.09,364879018.6,211841175.05,1446630578.66,1038460198.59,633506595.93,231818358.1,1716623134.25,798364970.14,457783657.49,251054770.34,2742183464.27,1533587632.75,966987428.15,435456856.3,2724778760.45,1613169350.52,1082626718.07,307609501.0,1884175819.05,779885606.73,498003702.81,218840381.49,1357118194.89,889795437.73,570665663.26,168583002.43,1296129044.77,778197974.06,510833698.14,210943517.45,859631376.66,484397062.74,310063175.37,131709932.81,619194932.84,454287606.17,282129188.88,121620942.1,636005232.8,272810672.62,207354659.48,50078705.03,301297259.49,197524457.53,91900268.31,31047901.31,251987900.18,135236649.37,90809390.79,30782683.2,362259657.07,150913456.86,81525316.14,33360003.68,424504345.88,219901678.76,131410742.79,34717772.1,373549668.63,164380734.26,105548203.21,49068648.38,300889296.67,55386441.01,34717139.78,16274442.38,75009930.79,57091253.85,35957782.44,85752504.04,85245026.94
常用指标,净利润,-41295195.95,-429111484.93,-156709053.89,-110798489.0,-55945574.24,-95752078.89,128220969.71,-50713080.72,-33604862.62,-489734030.21,-111033788.53,-66132196.48,-21981143.92,-308145458.03,-77623138.29,-52424205.96,-20903014.38,-353666658.14,-43586198.06,-8551383.38,-5444852.6,120902989.24,-74169891.27,-28063448.29,-41188143.34,60547378.37,60150251.12,30485086.75,1790113.75,701453049.15,127767831.82,66817288.33,-25944923.14,112770116.36,44412416.97,19777262.77,-3333931.36,85027900.18,75298658.84,39209446.14,-21471887.93,106325091.92,41985847.95,3681954.78,-10842430.81,76800320.92,-5143252.83,-11637863.4,-108086.61,71419374.22,53845999.59,13517599.93,6664505.58,64366675.91,29383345.57,2075558.64,-4407942.31,32292267.16,30051108.58,11720475.82,-1143726.84,7303944.73,10902573.1,4974000.64,-8901038.09,35478876.94,1786534.3,-11171233.27,-6287073.11,60509267.32,26931049.11,9780849.75,-4743747.1,65766176.79,16887690.34,3043645.22,-1038421.09,45541091.16,14079319.31,16059817.57,1440052.6,28286396.19,22848071.6,17170933.73,38877223.24,27041738.97
常用指标,扣非净利润,-33575281.55,-362679183.02,-134937254.09,-98677526.98,-48515128.1,-335738550.48,-162489034.61,-50499216.25,-32421532.27,-403089352.17,-113140680.03,-67903523.24,-22083974.1,-269933514.41,-74092485.7,-35000435.53,-11930312.94,-306458873.88,-20688765.32,2878580.35,635773.32,99667181.11,-40641491.1,-6966318.85,-29399301.38,-165553648.58,-11520452.75,-29357343.31,-21243254.3,-187026172.34,-750417.99,495303.69,-21605033.46,62906662.74,28675187.1,14591135.58,172222.39,50358426.39,61510528.32,30955908.99,-12735793.42,78860716.89,43674139.32,11078572.28,-4752891.05,51033974.89,11120165.73,2741632.83,3525450.77,24906253.19,27244624.34,8623365.49,3500002.77,24328444.38,21078931.3,3286913.29,-889959.99,17568819.07,19604779.68,6964872.67,-926911.26,-8455094.38,-2115897.84,-4172039.46,-8657815.81,5457745.21,-6639070.75,-13116773.64,-6151938.91,26400623.17,9387328.0,966800.68,-5114276.55,33791425.69,9306330.76,626232.8,-2035537.04,15077424.66,14199828.77,16140305.74,1395820.98,28309339.1,,,38796399.78,25270689.92
常用指标,股东权益合计(净资产),1043863940.97,1084180886.42,1357408331.14,1400667654.34,1452649679.85,1481746089.46,1710591133.8,1532305902.82,1537279040.36,1570526186.59,1925956506.41,1970299759.05,2015078626.08,2035217625.77,2243565114.43,2268577988.6,2270025261.52,2291374362.85,2601078183.46,2551152027.13,2553733988.08,2560482215.26,2452356804.65,2534057879.8,2513135334.57,2555349292.42,2503021607.7,2466053585.84,2095093382.06,2962398749.92,1893747691.94,1889091571.88,1901076993.51,1856603062.68,1879572487.13,1844949049.9,1846034926.17,1878431884.48,2107524052.07,2031754171.75,1997951272.69,2038562661.86,1951706184.36,1914929192.15,1906228203.21,1917604036.63,1325169594.23,1317568552.34,1346037801.64,1341052162.08,869060526.6,842849019.54,850539943.72,1005200145.14,836959910.77,808748438.75,802279648.3,820740600.14,815242323.54,797286490.45,792222287.79,793366014.63,796964643.0,791036070.54,797477306.03,806378344.12,774330675.56,761632330.29,808539297.42,814826370.53,781951612.32,764801412.96,777903448.33,779217195.43,733036598.05,721571114.33,767172556.8,782497630.76,535954910.17,353873653.45,339166458.12,337722077.0,,,309435680.81,317889109.62
常用指标,商誉,,0.0,0.0,,0.0,0.0,0.0,,,0.0,,,,,,,,,,,,,,,,,158457694.91,158457694.91,158457694.91,158457694.91,287757694.91,287757694.91,287757694.91,287757694.91,299357694.91,299357694.91,299357694.91,299357694.91,299357694.91,299357694.91,299357694.91,299357694.91,299357694.91,299357694.91,300042857.9,300042857.9,1965162.99,1965162.99,685162.99,685162.99,,,,685162.99,,0.0,,0.0,,,,,,,,,,,,,,,,,,,,,,,,,,,,
常用指标,经营现金流量净额,-13011643.94,31153001.65,13591638.69,-32192845.63,-20387990.62,-165788264.7,-87107288.78,-152809222.32,-105382183.83,-157150440.05,-197428390.96,-163522837.95,-140947806.91,215747134.86,-59119110.28,-10541081.86,-76840047.3,-270485534.43,360281620.75,423217318.52,467223811.46,48568306.0,-391081259.67,-464805228.92,-210531610.98,221297651.37,144222820.21,257341433.25,365219174.62,-67265231.43,-19780492.62,78373808.84,-295514758.15,151551117.26,126755657.91,-113030675.24,17758431.36,-61497181.83,-39088910.21,-82819772.86,-86151966.15,89697621.65,-89243819.73,-93953356.56,-85446302.17,-67785124.89,-204008064.85,-126508644.77,-109449864.74,84801506.08,60673609.18,46360016.58,-1443615.06,125022900.45,64210438.53,40201902.75,65230432.34,-13599564.21,-9249682.16,7239239.59,319327.3,42340067.84,20347531.31,45609855.93,-1289742.96,4529375.1,42250408.35,-40053304.05,-36033706.19,-11591576.48,-57500376.39,-141499543.28,-37963403.0,206407437.41,61068701.64,-250947.0,-20823388.64,95700673.22,26697989.06,25264374.99,6554109.16,31693865.34,,,65635954.28,63995276.25
常用指标,基本每股收益,-0.0331,-0.3256,-0.1305,-0.0957,-0.0474,-0.0278,0.1348,-0.0454,-0.0313,-0.4215,-0.1064,-0.0619,-0.0205,-0.2798,-0.0454,-0.029,-0.0091,-0.3216,-0.0127,0.0101,0.004,0.1574,-0.0311,0.001,-0.0268,0.0935,0.0625,0.034,0.0018,0.6525,0.1075,0.0476,-0.0285,0.098,0.0504,0.0245,-0.0008,0.0883,0.0851,0.0424,-0.0169,0.1118,0.0625,0.0152,-0.004,0.1027,0.0187,0.0051,0.0123,0.2154,0.169,0.0525,0.019,0.1802,0.0987,0.0161,-0.0042,0.079,0.0919,0.032,-0.0042,-0.0423,-0.0088,-0.0189,-0.0402,0.05,-0.0261,-0.0588,-0.03,0.13,0.0439,0.0047,-0.02,0.16,0.0429,0.0028,-0.01,0.1,0.0848,0.1011,0.01,0.177,,,0.243,0.169
常用指标,每股净资产,1.044863,1.07791,1.268898,1.308099,1.356395,1.403365,1.576744,1.397215,1.410636,1.441559,1.733692,1.777628,1.819682,1.839604,2.04768,2.064001,2.054174,2.063628,2.372253,2.410762,2.404155,2.401383,2.221848,2.288844,2.253304,2.281086,2.3047,2.276062,2.686313,2.715872,2.061405,2.06223,2.087714,2.058488,2.074376,2.050399,2.043832,2.044869,2.40989,2.335378,2.275421,2.292823,2.238616,2.192778,4.343633,4.380467,3.430111,3.398909,3.452852,3.441666,2.817318,2.722094,2.747308,2.73008,2.706675,2.627808,2.607567,2.661555,2.6745,2.615471,2.579352,2.583513,2.616945,2.606879,2.585601,2.625765,2.546683,2.513993,2.624244,2.652818,2.571161,2.53196,2.503527,2.527234,2.42443,2.384326,2.492117,2.501433,2.492498,2.211115,2.11896,2.109448,,,1.932795,1.982512
常用指标,每股现金流,-0.012851,0.03077,0.013424,-0.031797,-0.020137,-0.163752,-0.086037,-0.150932,-0.104087,-0.15522,-0.195003,-0.161514,-0.139216,0.213097,-0.058393,-0.010411,-0.075896,-0.267163,0.355856,0.418019,0.461485,0.047971,-0.386277,-0.459096,-0.207945,0.218579,0.145056,0.256557,0.560041,0.094416,0.11583,0.185909,-0.408659,0.207379,0.172019,-0.156882,0.025121,-0.049743,-0.058155,-0.115693,-0.117876,0.1227,-0.122119,-0.128563,-0.233845,-0.185511,-0.65385,-0.405463,-0.350789,0.27179,-0.174734,-0.140554,-0.145078,0.444947,0.298653,0.199071,0.310134,-0.073301,-0.038339,0.03367,0.001485,0.19693,0.094639,0.212138,-0.005998,0.021066,0.196513,-0.186294,-0.167598,-0.053914,-0.267443,-0.658137,-0.176573,0.960034,0.303401,0.023405,-0.076858,0.124076,0.124176,0.157902,0.040963,0.198086,,,0.410224,0.39997
常用指标,净资产收益率(ROE),-3.11,-26.24,-9.75,-7.06,-3.44,-1.95,8.93,-3.2,-2.25,-25.81,-5.95,-3.42,-1.12,-14.31,-2.22,-1.41,-0.44,-14.36,-0.53,0.42,0.17,6.7,-1.37,0.05,-1.18,4.15,2.69,1.39,0.07,27.63,6.26,2.8,-1.39,4.85,2.44,1.2,-0.04,3.8,3.6,1.81,-0.73,4.95,2.83,0.69,-0.18,5.71,1.08,0.3,0.36,8.22,4.9,2.04,0.71,7.1993,3.63,0.61,-0.16,3.0,3.46,1.23,-0.16,-1.62,-0.34,-0.72,-1.57,2.01,,-2.24,,4.85,,0.19,,5.94,,0.11,,4.37,,4.57,0.42,8.74,,,11.55,8.21
常用指标,总资产报酬率(ROA),-1.087401,-11.522123,-4.08354,-2.869521,-1.469098,-1.341624,3.856224,-1.01696,-0.683968,-10.201807,-1.903675,-1.070061,-0.396375,-6.348495,-0.652969,-0.339288,-0.029624,-5.469648,0.479827,0.780836,0.358824,3.986256,-0.279759,0.077662,-0.4482,3.342916,2.085275,1.223703,-0.286669,18.484908,2.290136,1.876054,-0.113001,4.734967,2.373741,1.390817,0.282309,4.020809,2.941063,1.814572,-0.361751,4.164609,1.906964,0.607133,-0.124475,3.713166,0.211408,-0.144215,0.152559,5.187511,3.052548,0.960043,0.369872,4.433987,2.982153,0.164959,-0.154382,3.771654,2.890677,1.314795,-0.009025,1.518293,1.266708,0.829223,-0.595733,4.083247,0.55259,-0.615061,-0.384843,6.672471,2.804483,1.66202,-0.240995,7.085796,2.124098,0.791919,0.172008,3.21863,3.580449,4.185443,0.689715,7.416016,,,7.783514,6.387626
常用指标,毛利率,-7.452905,-5.169546,-23.197086,-28.764586,-26.068864,-2.247356,3.575729,5.037658,5.537309,3.282076,12.778887,11.772867,19.235996,-0.838153,20.078009,23.757163,26.946756,20.44453,16.924505,20.403515,28.012461,25.336911,20.440944,23.656372,16.18773,17.977943,17.187289,17.814299,9.038305,18.026432,23.717424,25.538762,25.804859,24.208834,28.745262,28.309016,27.554519,26.778492,27.266288,28.092353,27.424541,32.923307,28.720685,27.29221,25.816537,33.737071,28.165318,28.064414,28.724613,37.052591,37.946983,36.47447,34.302292,30.14205,28.096898,38.0093,36.903915,43.535861,43.223792,39.047543,39.855721,35.251395,35.047497,34.764774,22.249252,31.767773,37.780545,31.673343,27.445554,34.803143,39.351923,38.054294,29.293893,37.354584,36.865377,34.872385,30.398689,41.318322,51.549529,55.14153,41.09603,53.210769,57.028467,58.456733,60.911512,51.030194
常用指标,销售净利率,-69.992336,-122.209914,-84.793505,-94.929823,-117.973309,-17.189725,28.637721,-16.850523,-26.715196,-68.088637,-30.00817,-27.162084,-21.032877,-57.723462,-16.400071,-16.77892,-10.579664,-24.944119,-4.32983,-1.344762,-2.396626,6.671366,-10.091426,-6.689389,-19.080354,2.103315,3.981336,3.160394,-6.738305,23.142442,1.985085,2.920376,-13.284225,5.565806,5.60027,4.124513,-1.096396,6.051763,7.650559,6.280322,-14.496428,7.574587,5.066465,0.708411,-5.439679,8.15743,-1.063991,-3.866961,-0.081798,10.171576,12.157771,4.539552,10.029943,8.008241,9.632991,2.839124,-12.494381,12.480578,17.398729,11.081351,-3.701628,2.749486,7.298143,5.014325,-38.893839,8.859296,1.154309,-15.916058,-23.142695,12.141335,10.684001,6.670385,-15.708237,14.573552,9.062883,2.60666,-2.596019,14.016085,22.067793,35.059457,7.756423,29.68543,28.442511,32.312776,31.950459,25.383629
常用指标,期间费用率,57.45962,47.4856,59.843858,65.669659,67.939702,40.101266,37.076825,29.707147,35.508139,36.719028,42.827477,39.835908,41.960531,56.104147,39.87105,40.140468,33.804335,22.235405,19.793217,19.777533,29.643161,19.292997,28.338865,31.674143,30.756381,12.77039,12.418546,13.128915,14.839108,14.381918,16.253096,15.92585,34.90538,12.859441,20.439655,21.273514,26.118916,15.442294,15.304786,16.359497,38.170287,15.326527,18.336128,20.674852,28.478787,17.74997,21.433593,22.291769,24.906124,21.710776,17.188285,18.321792,17.96371,12.726311,12.59606,30.089247,36.914485,19.276168,17.368399,18.528148,33.01333,15.676667,19.292322,19.846458,48.456368,15.539637,28.001254,39.443496,44.611874,13.559016,20.523834,21.635016,38.330772,14.169643,20.400654,25.829475,26.813841,33.212749,33.493782,26.127878,31.645731,28.179836,24.404523,22.537707,27.697472,27.468691
常用指标,资产负债率,63.956244,63.295279,57.440621,56.48985,54.838846,54.521996,51.966494,58.209206,59.984346,60.779212,58.263641,58.460992,58.676674,59.332444,56.533963,54.284081,51.019519,52.174961,46.772025,49.549975,52.341121,54.887954,60.322955,56.959424,55.621608,58.728821,43.14536,42.74802,50.457322,48.730796,56.471421,56.239253,60.380759,61.305542,58.645468,56.33718,53.135808,53.42396,50.559044,47.182957,48.774161,50.01095,51.488425,51.65737,46.793121,50.381829,46.227587,43.464029,35.256969,36.335271,27.872053,29.543806,24.480947,27.443584,25.382263,28.057911,30.697186,22.751269,27.21994,29.804876,30.793882,29.905289,37.654125,39.018239,38.237149,36.609854,39.310812,36.202621,36.583424,34.239895,38.161617,34.678664,41.967707,37.926228,34.36717,32.26158,32.502095,35.412079,22.862831,35.282881,30.829208,30.524754,,,43.378558,41.132099
每股指标,基本每股收益,-0.0331,-0.3256,-0.1305,-0.0957,-0.0474,-0.0278,0.1348,-0.0454,-0.0313,-0.4215,-0.1064,-0.0619,-0.0205,-0.2798,-0.0454,-0.029,-0.0091,-0.3216,-0.0127,0.0101,0.004,0.1574,-0.0311,0.001,-0.0268,0.0935,0.0625,0.034,0.0018,0.6525,0.1075,0.0476,-0.0285,0.098,0.0504,0.0245,-0.0008,0.0883,0.0851,0.0424,-0.0169,0.1118,0.0625,0.0152,-0.004,0.1027,0.0187,0.0051,0.0123,0.2154,0.169,0.0525,0.019,0.1802,0.0987,0.0161,-0.0042,0.079,0.0919,0.032,-0.0042,-0.0423,-0.0088,-0.0189,-0.0402,0.05,-0.0261,-0.0588,-0.03,0.13,0.0439,0.0047,-0.02,0.16,0.0429,0.0028,-0.01,0.1,0.0848,0.1011,0.01,0.177,,,0.243,0.169
每股指标,稀释每股收益,-0.0331,-0.3256,-0.1305,-0.0957,-0.0474,-0.0278,0.1348,-0.0454,-0.0313,-0.4215,-0.1064,-0.0619,-0.0205,-0.2798,-0.0454,-0.029,-0.0091,-0.3216,-0.0127,0.0101,0.004,0.1574,-0.0311,0.001,-0.0268,0.0935,0.0625,0.034,0.0018,0.6525,0.1075,0.0476,-0.0285,0.098,0.0504,0.0245,-0.0008,0.0883,0.0851,0.0424,-0.0169,0.1118,0.0625,0.0152,-0.004,0.1027,0.0187,0.0051,0.0123,0.2154,0.169,0.0525,0.019,0.1802,0.0987,0.0161,-0.0042,0.079,0.0919,0.032,-0.0042,-0.0423,-0.0088,-0.0189,-0.0402,0.05,-0.0261,-0.0588,-0.03,0.13,0.0439,0.0047,-0.02,0.16,0.0429,0.0028,-0.01,0.1,0.0848,0.1011,0.01,,,,,
每股指标,摊薄每股收益_最新股数,-0.033057,-0.325595,-0.130485,-0.095729,-0.047435,-0.027756,0.13476,-0.045401,-0.031289,-0.42146,-0.106367,-0.061899,-0.020484,-0.279768,-0.045415,-0.028977,-0.009135,-0.321646,-0.012745,0.010056,0.003968,0.157376,-0.031062,0.001043,-0.026825,0.093537,0.062502,0.034453,-0.020599,0.48128,0.002413,0.003455,-0.020623,0.070737,0.036355,0.0188,0.000113,0.065976,0.061843,0.030835,-0.012089,0.082429,0.045088,0.010936,-0.002894,0.064222,0.011511,0.003173,0.003798,0.062456,0.029143,0.008791,0.004887,0.024064,0.02095,0.003451,-0.000847,0.016573,0.019322,0.006786,-0.000883,-0.008972,-0.001872,-0.00401,-0.008529,0.011243,-0.00555,-0.012492,-0.006067,0.026669,0.009328,0.001003,-0.005034,0.034237,0.009105,0.000588,-0.002004,0.014951,0.014057,0.015963,0.001399,0.027917,0.02265,0.01696,0.038395,0.026707
每股指标,摊薄每股净资产_期末股数,1.044863,1.07791,1.268898,1.308099,1.356395,1.403365,1.576744,1.397215,1.410636,1.441559,1.733692,1.777628,1.819682,1.839604,2.04768,2.064001,2.054174,2.063628,2.372253,2.410762,2.404155,2.401383,2.221848,2.288844,2.253304,2.281086,2.3047,2.276062,2.686313,2.715872,2.061405,2.06223,2.087714,2.058488,2.074376,2.050399,2.043832,2.044869,2.40989,2.335378,2.275421,2.292823,2.238616,2.192778,4.343633,4.380467,3.430111,3.398909,3.452852,3.441666,2.817318,2.722094,2.747308,2.73008,2.706675,2.627808,2.607567,2.661555,2.6745,2.615471,2.579352,2.583513,2.616945,2.606879,2.585601,2.625765,2.546683,2.513993,2.624244,2.652818,2.571161,2.53196,2.503527,2.527234,2.42443,2.384326,2.492117,2.501433,2.492498,2.211115,2.11896,2.109448,,,1.932795,1.982512
每股指标,调整每股净资产_期末股数,0.732944,0.761002,0.866036,0.900534,0.943324,0.984552,1.136183,0.94683,0.9601,0.980168,1.260757,1.290283,1.315654,1.331169,1.541307,1.553475,1.549204,1.553702,1.845154,1.873402,1.857832,1.848307,1.59666,1.660845,1.618922,1.630959,1.6476,1.625686,1.79606,1.816867,1.036162,1.022142,1.104794,1.065151,1.094454,1.060027,1.044641,1.02778,1.40818,1.294471,1.229992,1.230494,1.168534,1.108253,2.142875,2.167971,1.855478,2.159979,2.602428,2.580583,2.454956,2.370643,2.395807,2.383619,2.351884,2.304863,2.294094,2.345595,2.502674,2.443539,2.409738,2.412491,2.43231,2.420751,2.404474,2.443177,2.342408,2.320852,2.431379,2.458739,2.363675,2.336873,2.300521,2.322825,2.244618,2.20243,2.307103,2.313106,2.320273,1.932949,1.839416,1.837902,,,1.666124,1.734164
每股指标,每股净资产_最新股数,1.044863,1.07791,1.268898,1.308099,1.356395,1.403365,1.576744,1.397215,1.410636,1.441559,1.733692,1.777628,1.819682,1.839604,2.04768,2.064001,2.054174,2.063628,2.372253,2.410762,2.404155,2.401383,2.221848,2.288844,2.253304,2.281086,2.3047,2.276062,1.939026,1.960362,1.487957,1.488553,1.506947,1.485851,1.49732,1.480013,1.475272,1.476021,1.739499,1.685716,1.642437,1.654999,1.615871,1.582784,1.567653,1.580947,1.057084,1.047469,1.064092,1.060645,0.598283,0.578062,0.583416,0.579758,0.574787,0.558039,0.553741,0.565206,0.567955,0.555419,0.547749,0.548633,0.555732,0.553595,0.549076,0.557605,0.540812,0.53387,0.557282,0.56335,0.54601,0.537685,0.531647,0.536681,0.51485,0.506334,0.529224,0.531202,0.529305,0.349433,0.334869,0.333366,,,0.305449,0.313306
每股指标,每股经营现金流,-0.012851,0.03077,0.013424,-0.031797,-0.020137,-0.163752,-0.086037,-0.150932,-0.104087,-0.15522,-0.195003,-0.161514,-0.139216,0.213097,-0.058393,-0.010411,-0.075896,-0.267163,0.355856,0.418019,0.461485,0.047971,-0.386277,-0.459096,-0.207945,0.218579,0.145056,0.256557,0.560041,0.094416,0.11583,0.185909,-0.408659,0.207379,0.172019,-0.156882,0.025121,-0.049743,-0.058155,-0.115693,-0.117876,0.1227,-0.122119,-0.128563,-0.233845,-0.185511,-0.65385,-0.405463,-0.350789,0.27179,-0.174734,-0.140554,-0.145078,0.444947,0.298653,0.199071,0.310134,-0.073301,-0.038339,0.03367,0.001485,0.19693,0.094639,0.212138,-0.005998,0.021066,0.196513,-0.186294,-0.167598,-0.053914,-0.267443,-0.658137,-0.176573,0.960034,0.303401,0.023405,-0.076858,0.124076,0.124176,0.157902,0.040963,0.198086,,,0.410224,0.39997
每股指标,每股现金流量净额,-0.032768,-0.057449,-0.072478,-0.066894,-0.021827,-0.291129,-0.180486,-0.200134,-0.137541,-0.315813,-0.304488,-0.238149,-0.179586,-0.160617,-0.300292,-0.223195,-0.145461,-0.385717,-0.302969,-0.137494,0.407784,0.075858,-0.362173,-0.408921,-0.619624,0.238974,-0.03792,0.003934,1.548679,-0.605308,-0.531922,-0.446252,-0.319215,0.442663,0.492179,0.264556,0.073042,-0.134082,-0.04663,-0.265709,-0.154382,-0.060345,-0.163875,-0.053215,-0.634144,0.261963,-0.164486,0.199993,-0.079764,0.237176,-0.934235,-0.822127,-0.929457,0.550934,0.185132,0.056106,0.288161,-0.335444,-0.220184,-0.231852,-0.115204,-0.147071,-0.080365,0.037133,-0.067813,-0.442914,-0.316474,-0.657255,-0.181519,-0.190185,-0.376504,-0.628403,0.103181,-0.200385,-0.786095,-0.754245,-0.276948,1.944033,1.015639,0.375156,0.022701,-0.345714,,,-0.095986,0.453677
每股指标,每股企业自由现金流量,,-0.420523,,-0.154998,,0.33806,,-0.003691,,-0.119257,,0.022156,,0.055965,,-0.334416,,0.0351,,0.140384,,0.248083,,0.494281,,0.27502,,0.340032,,0.341863,,0.162154,,0.727317,,0.468948,,0.366378,,-0.01531,,-0.091116,,-0.505225,,0.146187,,-0.630673,,-1.128556,,0.43499,,0.10609,,0.056888,,0.095228,,0.024494,,0.099322,,0.134616,,0.193956,,0.217792,,0.190598,,0.12788,,1.505716,,1.161083,,-3.652177,-0.953491,-0.193009,0.013641,1.088851,,,0.602004,-0.038079
每股指标,每股股东自由现金流量,,-0.381936,,-0.102437,,0.315201,,0.005695,,-0.159049,,0.002314,,-0.096594,,-0.369464,,-0.672598,,-0.404341,,0.599137,,0.707875,,0.358778,,-0.24845,,-0.274326,,0.13984,,1.450076,,1.017875,,0.639491,,-0.054309,,0.094298,,-0.13029,,0.48631,,0.024033,,-0.334179,,0.556385,,0.310276,,-0.026832,,0.048717,,-0.022017,,-0.086723,,0.088104,,0.031166,,-0.014765,,0.23711,,0.174371,,0.738274,,0.649455,,-3.931247,-0.906979,0.05699,0.013641,0.838851,,,0.477004,0.39942
每股指标,每股未分配利润,-0.278901,-0.245843,-0.055029,-0.015977,0.030941,0.079751,0.242269,0.062106,0.076219,0.107508,0.4226,0.467068,0.509724,0.530209,0.764561,0.781,0.800841,0.809977,1.118878,1.15768,1.151593,1.147624,0.959185,1.027248,0.999378,1.026204,1.011867,0.983819,1.011432,1.039971,0.473648,0.475092,0.50142,0.479813,0.494844,0.470524,0.464636,0.464478,0.486557,0.443598,0.384131,0.400879,0.349147,0.301833,0.565344,0.573364,0.501232,0.470973,0.526207,0.51388,0.505522,0.40968,0.435511,0.418283,0.408392,0.325989,0.305748,0.359737,0.385414,0.326386,0.290266,0.294427,0.32786,0.317793,0.296515,0.336679,0.262501,0.229811,0.340062,0.368636,0.294263,0.255062,0.226628,0.250336,0.104668,0.064565,0.172355,0.181683,0.184514,0.259998,0.167843,0.158987,,,,0.092748
每股指标,每股资本公积金,0.156668,0.156668,0.156668,0.156668,0.158098,0.156668,0.162024,0.162024,0.162024,0.162024,0.139489,0.139489,0.139489,0.139489,0.113906,0.113906,0.085051,0.085051,0.085051,0.085051,0.085051,0.085051,0.090685,0.090685,0.082851,0.082851,0.124035,0.124313,0.450505,0.450505,0.459732,0.459732,0.459732,0.450505,0.461394,0.461394,0.461394,0.461394,0.810395,0.779431,0.779431,0.779431,0.779431,0.781007,2.558862,2.58623,1.683762,1.68355,1.682828,1.682828,0.965426,0.966044,0.965426,0.965426,0.955909,0.959445,0.959445,0.959445,0.959445,0.959445,0.959445,0.959445,0.959445,0.959445,0.959445,0.959445,0.959445,0.959445,0.959445,0.959445,0.959445,0.959445,0.959445,0.959445,0.992055,0.992055,0.992055,0.992055,0.987331,0.520239,0.520239,0.519582,,,0.519582,0.515531
每股指标,每股盈余公积金,0.158964,0.158964,0.158964,0.158964,0.158964,0.158964,0.158964,0.158964,0.158964,0.158964,0.158964,0.158964,0.158964,0.158964,0.158964,0.158964,0.158964,0.158964,0.158964,0.158964,0.158964,0.158964,0.158964,0.158964,0.158964,0.158964,0.156741,0.156741,0.217148,0.217148,0.119953,0.119953,0.119953,0.119953,0.110127,0.110127,0.110127,0.110127,0.104684,0.104684,0.104684,0.104684,0.104684,0.104684,0.209368,0.209368,0.244385,0.244385,0.244385,0.244385,0.34637,0.34637,0.34637,0.34637,0.342373,0.342373,0.342373,0.342373,0.32964,0.32964,0.32964,0.32964,0.32964,0.32964,0.32964,0.32964,0.324737,0.324737,0.324737,0.324737,0.317452,0.317452,0.317452,0.317452,0.327705,0.327705,0.327705,0.327693,0.320653,0.430877,0.430877,0.430877,,,0.413212,0.314232
每股指标,每股留存收益,-0.119936,-0.086879,0.103934,0.142986,0.189906,0.238716,0.401233,0.22107,0.235183,0.266472,0.581564,0.626033,0.668688,0.689173,0.923526,0.939964,0.959806,0.968941,1.277842,1.316644,1.310557,1.306588,1.118149,1.186212,1.158343,1.185168,1.168609,1.14056,1.228581,1.257119,0.593602,0.595046,0.621374,0.599767,0.604972,0.580651,0.574763,0.574606,0.591242,0.548282,0.488815,0.505564,0.453831,0.406518,0.774713,0.782733,0.745618,0.715359,0.770593,0.758266,0.851892,0.75605,0.781881,0.764653,0.750765,0.668363,0.648122,0.70211,0.715055,0.656026,0.619907,0.624068,0.6575,0.647434,0.626156,0.66632,0.587238,0.554548,0.664799,0.693373,0.611716,0.572515,0.544081,0.567789,0.432374,0.392271,0.500061,0.509377,0.505167,0.690876,0.598721,0.589865,,,0.413212,0.40698
每股指标,每股营业收入,0.058274,0.346814,0.182542,0.115282,0.046839,0.550189,0.442235,0.297262,0.124244,0.710425,0.365467,0.240482,0.103224,0.531921,0.467496,0.308603,0.19515,1.400421,0.994285,0.628092,0.224397,1.790008,0.725952,0.414369,0.213215,2.843307,1.554906,0.980484,0.44682,3.093023,1.507421,1.058152,0.268219,2.772501,1.126003,0.70926,0.294513,1.997193,1.354829,0.858723,0.201931,1.951986,1.133975,0.711211,0.545493,2.576589,1.549284,0.964572,0.423502,2.250396,1.293654,0.751216,0.312218,2.14727,1.418736,0.349641,0.161357,1.187302,0.79333,0.491942,0.143711,1.23557,0.694829,0.461375,0.106444,1.862653,0.719864,0.326457,0.126356,2.318018,1.172413,0.682004,0.14046,2.098933,0.853989,0.506355,0.221701,0.572803,0.296756,0.285881,0.107119,0.595544,,,0.760498,0.665826
每股指标,每股营业总收入,0.058274,0.346814,0.182542,0.115282,0.046839,0.550189,0.442235,0.297262,0.124244,0.710425,0.365467,0.240482,0.103224,0.531921,0.467496,0.308603,0.19515,1.400421,0.994285,0.628092,0.224397,1.790008,0.725952,0.414369,0.213215,2.843307,1.554906,0.980484,0.44682,3.093023,1.507421,1.058152,0.268219,2.772501,1.126003,0.70926,0.294513,1.997193,1.354829,0.858723,0.201931,1.951986,1.133975,0.711211,0.545493,2.576589,1.549284,0.964572,0.423502,2.250396,1.293654,0.751216,0.312218,2.14727,1.418736,0.349641,0.161357,1.187302,0.79333,0.491942,0.143711,1.23557,0.694829,0.461375,0.106444,1.862653,0.719864,0.326457,0.126356,2.318018,1.172413,0.682004,0.14046,2.098933,0.853989,0.506355,0.221701,0.578223,0.300358,0.289736,0.108863,0.604558,,,0.771035,0.695588
每股指标,每股息税前利润,-0.031415,-0.353478,-0.130028,-0.091792,-0.046976,-0.048119,0.144081,-0.038526,-0.026502,-0.454055,-0.090464,-0.05153,-0.019348,-0.307216,-0.032095,-0.016343,-0.001379,-0.282737,0.025029,0.041387,0.019553,0.233628,-0.017093,0.004632,-0.026239,0.200175,0.106442,0.061888,-0.016395,1.129213,0.143349,0.116997,-0.007419,0.285148,0.13884,0.078308,0.015342,0.220898,0.167458,0.098154,-0.0197,0.225539,0.103047,0.03255,-0.012702,0.304418,0.015485,-0.010254,0.010232,0.312938,0.203234,0.063726,0.023949,0.231373,0.152527,0.008446,-0.008025,0.192086,0.15139,0.069337,-0.000477,0.08488,0.07513,0.049546,-0.035512,0.238459,0.032319,-0.034799,-0.0225,0.387065,0.164343,0.093774,-0.014548,0.407548,0.115331,0.042047,0.009418,0.125434,0.09833,0.135098,0.021045,0.239306,,,0.264275,0.215584
盈利能力,净资产收益率(ROE),-3.11,-26.24,-9.75,-7.06,-3.44,-1.95,8.93,-3.2,-2.25,-25.81,-5.95,-3.42,-1.12,-14.31,-2.22,-1.41,-0.44,-14.36,-0.53,0.42,0.17,6.7,-1.37,0.05,-1.18,4.15,2.69,1.39,0.07,27.63,6.26,2.8,-1.39,4.85,2.44,1.2,-0.04,3.8,3.6,1.81,-0.73,4.95,2.83,0.69,-0.18,5.71,1.08,0.3,0.36,8.22,4.9,2.04,0.71,7.1993,3.63,0.61,-0.16,3.0,3.46,1.23,-0.16,-1.62,-0.34,-0.72,-1.57,2.01,,-2.24,,4.85,,0.19,,5.94,,0.11,,4.37,,4.57,0.42,8.74,,,11.55,8.21
盈利能力,摊薄净资产收益率,-3.163811,-30.206155,-10.283326,-7.318212,-3.497164,-1.977845,8.546777,-3.24946,-2.218078,-29.236408,-6.135339,-3.482156,-1.125716,-15.208069,-2.217903,-1.403937,-0.444738,-15.586466,-0.53729,0.417143,0.165078,6.553581,-1.39804,0.045606,-1.1905,4.100559,2.711958,1.513751,-1.062372,24.550572,0.162199,0.232168,-1.368584,4.760763,2.428006,1.270285,0.007688,4.469919,3.555263,1.829201,-0.736066,4.980652,2.790337,0.690985,-0.184639,4.0623,1.08895,0.302987,0.357013,5.888508,4.871253,1.520781,0.83769,4.150831,3.644863,0.62,-0.152965,2.932214,3.40204,1.221909,-0.161302,-1.635451,-0.337014,-0.724469,-1.553354,2.02,-1.03,-2.34,-1.09,4.73,1.71,0.19,-0.95,6.38,1.77,0.12,-0.38,2.81,2.66,4.57,0.42,8.37,,,12.57,8.52
盈利能力,净资产收益率_平均,-3.114557,-26.244188,-9.765877,-7.061092,-3.437644,-1.951291,8.929574,-3.1987,-2.19403,-25.699395,-5.955555,-3.423668,-1.119967,-14.335211,-2.2093,-1.404064,-0.443717,-14.40743,-0.534011,0.417956,0.165173,6.721948,-1.379648,0.045683,-1.183206,3.974698,2.642672,1.465622,-1.056559,27.930953,0.162313,0.232379,-1.378231,4.735384,2.424397,1.261013,0.00762,4.18964,3.624006,1.835848,-0.729169,5.110227,2.829562,0.693551,-0.184438,4.862432,1.087119,0.301093,0.357592,6.942605,4.360076,1.335386,0.739376,4.19753,3.67018,0.613623,-0.151175,2.975844,3.460911,1.22942,-0.161172,-1.622186,-0.336447,-0.721854,-1.541383,2.006091,-1.005301,-2.277033,-1.08295,4.848765,1.723176,0.186816,-0.942499,6.331915,1.718596,0.112026,-0.373202,3.458798,3.259119,4.675839,0.418891,8.740337,,,12.410538,8.524354
盈利能力,净资产收益率_平均_扣除非经常损益,-3.124487,-28.874237,-9.975057,-7.189144,-3.472711,-23.312739,-10.634666,-3.514118,-2.24552,-24.277303,-6.25696,-3.709605,-1.192589,-13.6614,-3.560057,-1.67508,-0.572333,-13.558526,-0.856146,0.118168,0.026135,4.204748,-1.78294,-0.301131,-1.280798,-6.948496,-0.481114,-1.233481,-1.076186,-10.720698,-0.049848,0.032895,-1.426068,4.15942,1.888767,0.966662,0.011427,3.158561,3.560205,1.820403,-0.75872,4.828918,2.707155,0.693912,-0.299135,3.816421,1.037297,0.256908,0.327772,2.734563,4.02587,1.293824,0.523003,4.191401,3.647372,0.577215,-0.156885,3.115895,3.46842,1.246195,-0.167008,-1.509845,-0.375431,-0.741683,-1.545425,0.961805,-1.187782,-2.361542,-1.084454,4.741016,1.712773,0.177765,-0.945675,6.172623,1.734997,0.117695,-0.37441,3.445009,3.251624,4.669617,0.412631,8.754216,,,12.386127,7.966749
盈利能力,摊薄净资产收益率_扣除非经常损益,-3.173898,-33.233251,-10.50359,-7.450927,-3.532838,-23.629985,-10.178775,-3.569883,-2.270133,-27.618593,-6.445843,-3.772978,-1.198711,-14.49323,-3.573921,-1.674928,-0.57365,-14.668092,-0.861403,0.117938,0.026119,4.09943,-1.806708,-0.300621,-1.288694,-7.168525,-0.493728,-1.273988,-1.082106,-9.423211,-0.049813,0.032865,-1.416086,4.186515,1.891579,0.97377,0.01153,3.369863,3.492673,1.813811,-0.765896,4.706476,2.669626,0.691345,-0.299461,3.188412,1.039044,0.258524,0.327241,2.319374,4.497864,1.473448,0.803133,4.14477,3.622212,0.58,-0.158743,3.070213,3.409421,1.238581,-0.167143,-1.522191,-0.376063,-0.74437,-1.557428,0.97,-1.21,-2.43,-1.09,4.63,1.7,0.18,-0.95,6.22,1.79,0.12,-0.38,2.8,2.649779,4.56,0.411705,8.36,,,12.545431,7.966749
盈利能力,息税前利润率,-53.908718,-101.921756,-71.23178,-79.624125,-100.291009,-8.745943,32.580159,-12.960314,-21.331008,-63.913132,-24.753194,-21.428005,-18.7442,-57.756103,-6.865354,-5.295806,-0.706638,-20.189485,2.517353,6.589382,8.713785,13.051784,-2.354687,1.118057,-12.306717,7.040243,6.845595,6.312072,-3.669411,36.508413,9.509584,11.056776,-2.766181,10.284882,12.330395,11.040837,5.209284,11.060443,12.360108,11.430275,-9.755997,11.554376,9.087295,4.576753,-2.328614,11.8148,0.999513,-1.063063,2.416173,13.905944,15.710148,8.483061,7.670683,10.775222,10.750909,2.415818,-4.973622,16.178374,19.082905,14.094648,-0.332499,6.86978,10.812739,10.738798,-33.362496,12.802134,4.489722,-10.659845,-17.807164,16.698096,14.017561,13.749794,-10.357437,19.416935,13.505072,8.303981,4.248238,21.693145,32.737554,46.628255,19.332163,39.58362,37.981641,42.080607,34.275377,30.993035
盈利能力,总资产报酬率,-1.087401,-11.522123,-4.08354,-2.869521,-1.469098,-1.341624,3.856224,-1.01696,-0.683968,-10.201807,-1.903675,-1.070061,-0.396375,-6.348495,-0.652969,-0.339288,-0.029624,-5.469648,0.479827,0.780836,0.358824,3.986256,-0.279759,0.077662,-0.4482,3.342916,2.085275,1.223703,-0.286669,18.484908,2.290136,1.876054,-0.113001,4.734967,2.373741,1.390817,0.282309,4.020809,2.941063,1.814572,-0.361751,4.164609,1.906964,0.607133,-0.124475,3.713166,0.211408,-0.144215,0.152559,5.187511,3.052548,0.960043,0.369872,4.433987,2.982153,0.164959,-0.154382,3.771654,2.890677,1.314795,-0.009025,1.518293,1.266708,0.829223,-0.595733,4.083247,0.55259,-0.615061,-0.384843,6.672471,2.804483,1.66202,-0.240995,7.085796,2.124098,0.791919,0.172008,3.21863,3.580449,4.185443,0.689715,7.416016,,,7.783514,6.387626
盈利能力,总资本回报率,-1.995,-19.858251,-6.962588,-4.79695,-2.436744,-2.457999,6.974943,-1.973405,-1.353374,-19.004499,-3.30324,-1.872486,-0.694057,-10.248533,-1.01067,-0.513716,-0.04358,-7.658623,0.648995,1.046424,0.473532,6.00434,-0.449758,0.12406,-0.756997,5.5696,3.877459,2.492606,-0.446568,29.563712,3.667916,3.005964,-0.17955,7.712099,3.760073,2.16667,0.452502,6.588247,4.703789,2.920633,-0.588957,6.993675,3.168551,0.994338,-0.204491,5.983858,0.309367,-0.205409,0.219299,9.079675,6.114901,1.945389,0.767091,7.521408,5.175953,0.293313,-0.275693,6.576405,5.170589,2.392047,-0.016718,2.81871,2.425545,1.603197,-1.153867,7.441522,1.033652,-1.119787,-0.686333,12.113462,5.225714,3.000413,-0.45078,11.73859,3.375378,1.189479,0.251027,4.135971,3.633159,4.27322,0.703791,7.917818,,,8.400779,6.669241
盈利能力,投入资本回报率,-1.781605,-16.341228,-5.689771,-4.070862,-2.011016,0.508533,7.395573,-1.732869,-1.254361,-16.518054,-3.173403,-1.774422,-0.499619,-8.158784,-0.144678,-0.022083,0.15556,-6.985271,1.10396,1.23667,0.590052,6.037149,0.602231,0.913729,-0.489951,4.306356,3.358273,2.129277,-0.455519,19.624513,1.715411,1.281526,-0.113223,4.650771,2.729439,1.591212,0.424621,4.054078,3.171822,1.846194,-0.257517,4.794857,2.758418,0.971399,0.073283,4.06406,1.043901,0.534651,0.40597,6.34831,4.270357,1.467049,0.285654,4.123207,3.35984,0.537472,-0.104673,3.08395,3.123,1.27866,-0.144134,-0.787647,-0.179171,-0.305374,-1.268738,2.386511,-0.584456,-1.428941,-0.681787,5.221035,1.825606,0.848173,-0.537055,5.881741,1.912503,0.7686,0.109911,3.647264,3.392203,3.925023,0.674113,7.574847,,,7.723058,6.182595
盈利能力,息前税后总资产报酬率_平均,-1.085488,-12.683935,-4.100156,-2.863705,-1.457082,-1.585447,3.871592,-1.016758,-0.683043,-10.263599,-1.897924,-1.084814,-0.310399,-5.617616,-0.72933,-0.487986,-0.141531,-5.524155,0.235243,0.573715,0.275598,3.360373,-0.315988,0.089841,-0.526772,1.601182,1.689237,0.964713,-0.319857,13.073114,1.49569,1.218555,-0.542673,3.804275,1.078116,1.083434,-0.059417,3.019925,1.820435,1.358677,-0.537526,3.47068,1.063195,0.403249,-0.290777,2.91507,-0.225046,-0.294056,-0.005164,4.333085,2.362306,0.696722,0.483633,3.557486,2.672058,0.193863,-0.387828,3.145893,2.635558,1.130515,-0.100477,0.939177,0.854975,0.545328,-0.694503,3.228554,0.142071,-0.663521,-0.500154,5.56262,2.13754,1.192362,-0.365497,6.098213,1.425423,0.712701,-0.105111,3.09174,2.384569,3.820149,0.642685,7.09903,,,7.156393,5.921958
盈利能力,毛利率,-7.452905,-5.169546,-23.197086,-28.764586,-26.068864,-2.247356,3.575729,5.037658,5.537309,3.282076,12.778887,11.772867,19.235996,-0.838153,20.078009,23.757163,26.946756,20.44453,16.924505,20.403515,28.012461,25.336911,20.440944,23.656372,16.18773,17.977943,17.187289,17.814299,9.038305,18.026432,23.717424,25.538762,25.804859,24.208834,28.745262,28.309016,27.554519,26.778492,27.266288,28.092353,27.424541,32.923307,28.720685,27.29221,25.816537,33.737071,28.165318,28.064414,28.724613,37.052591,37.946983,36.47447,34.302292,30.14205,28.096898,38.0093,36.903915,43.535861,43.223792,39.047543,39.855721,35.251395,35.047497,34.764774,22.249252,31.767773,37.780545,31.673343,27.445554,34.803143,39.351923,38.054294,29.293893,37.354584,36.865377,34.872385,30.398689,41.318322,51.549529,55.14153,41.09603,53.210769,57.028467,58.456733,60.911512,51.030194
盈利能力,销售净利率,-69.992336,-122.209914,-84.793505,-94.929823,-117.973309,-17.189725,28.637721,-16.850523,-26.715196,-68.088637,-30.00817,-27.162084,-21.032877,-57.723462,-16.400071,-16.77892,-10.579664,-24.944119,-4.32983,-1.344762,-2.396626,6.671366,-10.091426,-6.689389,-19.080354,2.103315,3.981336,3.160394,-6.738305,23.142442,1.985085,2.920376,-13.284225,5.565806,5.60027,4.124513,-1.096396,6.051763,7.650559,6.280322,-14.496428,7.574587,5.066465,0.708411,-5.439679,8.15743,-1.063991,-3.866961,-0.081798,10.171576,12.157771,4.539552,10.029943,8.008241,9.632991,2.839124,-12.494381,12.480578,17.398729,11.081351,-3.701628,2.749486,7.298143,5.014325,-38.893839,8.859296,1.154309,-15.916058,-23.142695,12.141335,10.684001,6.670385,-15.708237,14.573552,9.062883,2.60666,-2.596019,14.016085,22.067793,35.059457,7.756423,29.68543,28.442511,32.312776,31.950459,25.383629
盈利能力,成本费用利润率,-42.499607,-73.323979,-46.166531,-48.906613,-61.231112,-10.959195,21.354046,-13.51822,-20.576958,-50.736711,-23.13209,-20.979239,-20.451178,-41.016799,-13.020128,-12.422718,-7.402675,-24.307605,-2.961688,0.405641,-0.369511,9.281602,-9.070134,-6.355188,-14.770963,6.088501,5.54593,4.71733,-5.96734,35.110555,5.710174,7.518149,-10.700566,8.558739,8.516871,7.061446,0.353678,9.930768,11.721477,10.368613,-12.432179,11.528479,7.477928,2.40446,-4.511412,12.732408,0.040506,-2.931655,0.887988,14.720374,17.810429,8.389142,14.156134,12.276268,12.682626,2.857637,-5.554111,20.022046,25.660716,16.427698,-0.387523,6.676751,12.276313,10.214754,-27.265325,13.774314,3.766036,-13.989199,-19.401327,18.943066,15.851848,12.629515,-13.661441,22.495312,12.9314,3.779068,-1.954367,16.191842,29.904132,55.199215,10.045417,41.88791,45.729706,54.513421,52.032352,36.295935
盈利能力,营业利润率,-70.227615,-112.175761,-85.109686,-96.18947,-119.100692,-67.357023,-36.613183,-17.101699,-26.862165,-63.677302,-30.195891,-26.990349,-25.196458,-59.051932,-15.587384,-14.696592,-8.026923,-21.900423,-3.021546,0.289779,-0.286168,8.609166,-9.87662,-6.998556,-17.010603,5.221117,4.103626,3.88218,-6.359435,33.795782,5.051194,6.51762,-12.234704,7.21555,6.550564,5.395413,0.407462,7.672749,10.105669,8.987053,-14.185534,9.358611,6.387956,2.135809,-5.830986,8.90177,-0.156626,-3.025975,0.323228,11.98452,12.942699,6.512398,11.117434,10.144109,10.626418,2.144188,-5.847511,15.446786,18.996787,13.111108,-0.485348,5.567787,10.130766,8.509471,-34.50754,9.593814,2.618509,-15.87379,-22.798065,14.862272,12.840637,10.516345,-14.962917,17.250135,10.863616,3.471146,-1.885887,14.705448,24.151194,38.616253,8.828772,30.981135,30.345522,34.287882,34.213397,26.365079
盈利能力,总资产净利率_平均,-1.144245,-10.61322,-4.097879,-2.992586,-1.483461,-0.773882,3.606778,-1.19846,-0.807495,-9.469459,-2.238328,-1.285385,-0.419642,-5.781282,-0.923966,-0.601581,-0.196256,-6.22235,-0.244343,0.189727,0.072829,2.685223,-0.508366,0.017498,-0.458205,1.562064,1.224462,0.681243,-0.498982,10.914705,0.053416,0.076773,-0.435165,1.627311,0.8611,0.462596,0.002891,1.663742,1.504757,0.789738,-0.307548,2.108666,1.155953,0.282612,-0.078591,2.170527,0.50994,0.144837,0.183787,3.359492,2.061298,0.623652,0.355426,2.17166,1.928859,0.317397,-0.07673,1.532382,1.737334,0.606008,-0.078584,-0.755777,-0.148698,-0.316083,-0.673759,0.906628,-0.446849,-1.039687,-0.488725,2.164901,0.749605,0.083756,-0.392722,2.803125,0.789659,0.052215,-0.172349,1.80666,2.410435,3.12939,0.290238,5.474407,,,7.15559,5.007261
盈利能力,总资产净利率_平均(含少数股东损益),-1.411827,-13.815674,-4.860999,-3.421113,-1.728115,-2.636897,3.389593,-1.322214,-0.856609,-10.868301,-2.307816,-1.356406,-0.444773,-6.344907,-1.559823,-1.074982,-0.443531,-6.757753,-0.8253,-0.159353,-0.09869,2.037558,-1.198956,-0.464657,-0.69489,0.998716,1.212777,0.612696,-0.526424,11.717461,0.478056,0.495513,-0.542673,2.562393,1.078116,0.519566,-0.059417,2.200001,1.820435,0.99701,-0.537526,2.730151,1.063195,0.093974,-0.290777,2.563725,-0.225046,-0.524591,-0.005164,3.794432,2.362306,0.513749,0.483633,3.295379,2.672058,0.193863,-0.387828,2.909589,2.635558,1.033705,-0.100477,0.607665,0.854975,0.387193,-0.694503,2.825677,0.142071,-0.918339,-0.500154,4.851613,2.13754,0.806289,-0.365497,5.318306,1.425423,0.248587,-0.105111,2.060084,2.384569,3.10514,0.272292,5.478656,,,7.156393,5.00769
成长能力,归母净利润,-33468579.83,-329644062.09,-132107570.07,-96919904.2,-48025234.28,-28101535.87,136436615.78,-45966540.39,-31678097.56,-426701124.25,-107690556.71,-62669507.41,-20739180.85,-281156258.44,-45980305.74,-29337617.74,-9249297.17,-325646366.7,-12904383.91,10181381.59,4018082.13,159333591.72,-31448598.01,1056834.69,-27159172.19,94700448.85,61991680.95,34429797.22,1784041.12,596684766.85,108781264.2,48194424.08,-20832442.67,71617484.4,35607213.65,17934030.6,-597239.25,64494871.45,62163330.09,31015949.71,-12319280.08,81728544.63,45648914.72,11072807.37,-2930499.45,65021489.48,11654266.88,3213162.65,3846196.18,63232857.85,49622026.24,15425384.61,5577544.21,52889270.85,21210742.33,3465161.94,-893926.16,16993658.6,19747973.42,6871118.53,-894519.29,-9084204.54,-1896187.75,-4060500.77,-8635168.42,11383522.16,-5619100.11,-12647378.86,-6143410.95,27000628.44,9444342.45,1016026.15,-5097101.69,34663450.86,9465887.9,801934.33,-1829976.9,17817296.8,14231232.41,16182211.27,1524288.26,28264457.3,22932161.62,17170933.73,38872861.8,27039422.61
成长能力,营业总收入,58999596.37,351126572.27,184812567.49,116716206.64,47422230.16,557030869.57,447734534.04,300958490.97,125789314.61,719259554.93,370011850.54,243472465.62,104508494.71,538535543.6,473309763.52,312440873.72,197577295.6,1417835781.9,1006648961.67,635903023.33,227188200.39,1812267104.75,734979279.7,419521835.14,215866759.79,2878663131.76,1597167338.97,1005861306.98,442504503.17,2952954895.45,1777115852.7,1174411172.71,283793822.88,2026123515.86,832097697.66,524350417.45,218732920.38,1462510904.76,990099518.67,627548427.22,147569900.57,1426497461.04,828701011.0,519748001.2,199321129.94,941476399.14,483392441.86,300956311.95,132137036.97,702146562.93,511222500.16,300023288.12,129493372.37,710529257.16,305028249.4,208939050.59,47976687.12,341067801.64,230166020.82,105767569.24,30897938.55,265647566.71,149388303.16,99195803.23,22885470.27,400470603.76,154770837.46,70188441.3,27166554.71,498374053.64,252068938.1,146630960.61,30199104.9,451270732.07,184546117.77,109495063.58,48294467.27,352080514.59,65331598.82,46921349.63,17526627.07,96729436.52,81509317.95,54050353.48,123365727.57,111294200.65
成长能力,净利润,-41295195.95,-429111484.93,-156709053.89,-110798489.0,-55945574.24,-95752078.89,128220969.71,-50713080.72,-33604862.62,-489734030.21,-111033788.53,-66132196.48,-21981143.92,-308145458.03,-77623138.29,-52424205.96,-20903014.38,-353666658.14,-43586198.06,-8551383.38,-5444852.6,120902989.24,-74169891.27,-28063448.29,-41188143.34,60547378.37,60150251.12,30485086.75,1790113.75,701453049.15,127767831.82,66817288.33,-25944923.14,112770116.36,44412416.97,19777262.77,-3333931.36,85027900.18,75298658.84,39209446.14,-21471887.93,106325091.92,41985847.95,3681954.78,-10842430.81,76800320.92,-5143252.83,-11637863.4,-108086.61,71419374.22,53845999.59,13517599.93,6664505.58,64366675.91,29383345.57,2075558.64,-4407942.31,32292267.16,30051108.58,11720475.82,-1143726.84,7303944.73,10902573.1,4974000.64,-8901038.09,35478876.94,1786534.3,-11171233.27,-6287073.11,60509267.32,26931049.11,9780849.75,-4743747.1,65766176.79,16887690.34,3043645.22,-1038421.09,45541091.16,14079319.31,16059817.57,1440052.6,28286396.19,22848071.6,17170933.73,38877223.24,27041738.97
成长能力,扣非净利润,-33575281.55,-362679183.02,-134937254.09,-98677526.98,-48515128.1,-335738550.48,-162489034.61,-50499216.25,-32421532.27,-403089352.17,-113140680.03,-67903523.24,-22083974.1,-269933514.41,-74092485.7,-35000435.53,-11930312.94,-306458873.88,-20688765.32,2878580.35,635773.32,99667181.11,-40641491.1,-6966318.85,-29399301.38,-165553648.58,-11520452.75,-29357343.31,-21243254.3,-187026172.34,-750417.99,495303.69,-21605033.46,62906662.74,28675187.1,14591135.58,172222.39,50358426.39,61510528.32,30955908.99,-12735793.42,78860716.89,43674139.32,11078572.28,-4752891.05,51033974.89,11120165.73,2741632.83,3525450.77,24906253.19,27244624.34,8623365.49,3500002.77,24328444.38,21078931.3,3286913.29,-889959.99,17568819.07,19604779.68,6964872.67,-926911.26,-8455094.38,-2115897.84,-4172039.46,-8657815.81,5457745.21,-6639070.75,-13116773.64,-6151938.91,26400623.17,9387328.0,966800.68,-5114276.55,33791425.69,9306330.76,626232.8,-2035537.04,15077424.66,14199828.77,16140305.74,1395820.98,28309339.1,,,38796399.78,25270689.92
成长能力,营业总收入增长率,24.413373,-36.964611,-58.722735,-61.218503,-62.300271,-22.554957,21.005457,23.610893,20.362765,33.558418,-21.824589,-22.074067,-47.105007,-62.017072,-52.981646,-50.866584,-13.033645,-21.764524,36.962903,51.578051,5.244642,-37.044835,-53.982324,-58.292278,-51.217047,-2.515844,-11.415921,-15.474525,15.060067,11.560761,32.389828,47.475815,-10.387194,38.537327,-16.889638,-17.405264,45.848354,2.315952,19.476084,20.740902,-25.963744,51.51707,71.434416,72.69882,50.844255,34.085452,-5.443825,0.310983,2.041544,-1.179781,-8.816429,-22.699155,39.915871,35.358174,32.525317,-28.926255,12.27895,-3.906525,14.176244,6.625044,35.011158,-33.66615,-3.477744,41.327833,-15.758657,-19.644572,-38.599797,-52.132591,-10.041854,10.437929,36.588588,33.91559,-37.46881,28.172595,181.039795,132.018923,171.962276,28.521415,-20.773314,-14.232232,,-21.591321,,,10.846501,
成长能力,归属母公司净利润增长率,30.310428,-1073.046425,-196.827064,-110.848811,-51.603909,93.414234,226.693203,26.652462,-52.745172,-51.766539,-134.210179,-113.614847,-124.224397,13.019992,-256.315389,-388.149672,-330.191839,-304.380233,58.966743,863.384499,114.794567,68.250091,-150.730352,-96.930464,-1622.340033,-84.128897,-41.828454,-27.621554,-0.112296,580.371321,-93.137727,-80.490052,-3396.13736,11.043688,-40.789698,-38.631042,100.9322,-18.269207,37.161686,181.93903,-317.66794,28.349489,291.692718,244.607745,-176.192147,2.828588,-76.513923,-79.169643,-31.041403,19.557061,39.110301,156.853287,653.513278,43.371259,7.407184,-49.146067,4.130852,284.706827,1131.66657,269.2185,89.640974,-179.801351,66.254601,67.894527,-40.559837,-57.839788,-159.496996,-1344.788715,-20.527533,-22.106346,-0.227611,26.696926,-178.533662,94.549438,-35.224464,-96.316531,-233.109301,-46.442367,-37.936252,-5.876919,,-27.290001,,,43.763653,
收益质量,经营活动净现金/销售收入,-0.220537,0.088722,0.073542,-0.275821,-0.429924,-0.297628,-0.194551,-0.507741,-0.837767,-0.218489,-0.533573,-0.671627,-1.348673,0.400618,-0.124905,-0.033737,-0.388911,-0.190773,0.357901,0.665537,2.056549,0.026799,-0.532098,-1.10794,-0.975284,0.076875,0.093289,0.261663,1.253392,0.030525,0.076839,0.175692,-1.523603,0.074798,0.152769,-0.221191,0.085297,-0.024906,-0.042924,-0.134727,-0.583745,0.062859,-0.107691,-0.180767,-0.428686,-0.071998,-0.422034,-0.420355,-0.828305,0.120774,-0.13507,-0.187102,-0.464671,0.207215,0.210506,0.569359,1.922029,-0.061737,-0.048327,0.068444,0.010334,0.159384,0.136205,0.459796,-0.056356,0.01131,0.272986,-0.570653,-1.326399,-0.023258,-0.228113,-0.965004,-1.257103,0.457391,0.355274,0.046222,-0.346675,0.216612,0.418446,0.552334,0.382406,0.332614,,,0.539415,0.600712
收益质量,经营性现金净流量/营业总收入,-0.220537,0.088722,0.073542,-0.275821,-0.429924,-0.297628,-0.194551,-0.507741,-0.837767,-0.218489,-0.533573,-0.671627,-1.348673,0.400618,-0.124905,-0.033737,-0.388911,-0.190773,0.357901,0.665537,2.056549,0.026799,-0.532098,-1.10794,-0.975284,0.076875,0.093289,0.261663,1.253392,0.030525,0.076839,0.175692,-1.523603,0.074798,0.152769,-0.221191,0.085297,-0.024906,-0.042924,-0.134727,-0.583745,0.062859,-0.107691,-0.180767,-0.428686,-0.071998,-0.422034,-0.420355,-0.828305,0.120774,-0.13507,-0.187102,-0.464671,0.207215,0.210506,0.569359,1.922029,-0.061737,-0.048327,0.068444,0.010334,0.159384,0.136205,0.459796,-0.056356,0.01131,0.272986,-0.570653,-1.326399,-0.023258,-0.228113,-0.965004,-1.257103,0.457391,0.355274,0.046222,-0.346675,0.214581,0.413427,0.544986,0.376279,0.327654,,,0.532043,0.575009
收益质量,成本费用率,164.912525,152.655146,183.040945,194.434246,194.008567,142.348623,133.501096,124.669489,129.970829,133.436951,130.04859,128.06304,122.724535,156.9423,119.79304,116.383304,106.857578,101.790875,102.868712,99.374017,101.630699,93.956085,107.89792,108.017771,114.568651,94.792446,95.231256,95.314616,105.800802,96.355485,92.535671,90.387088,109.100521,88.650606,91.694392,92.964497,98.564396,88.663802,88.038498,88.267144,110.745746,82.403219,89.615443,93.382641,102.66225,84.012898,93.268274,94.227354,96.181511,84.658185,79.241302,81.847321,83.661417,82.584261,84.499161,92.079946,100.010569,75.740307,74.144607,79.480605,93.157609,80.425271,84.244825,85.081683,126.207116,83.771864,90.220709,107.770153,117.166319,78.755872,81.17191,83.580721,109.036879,76.815059,83.535277,90.95709,96.415152,91.894427,81.944252,70.986347,90.5497,74.969067,67.376056,64.080973,66.78596,76.438497
收益质量,期间费用率,57.45962,47.4856,59.843858,65.669659,67.939702,40.101266,37.076825,29.707147,35.508139,36.719028,42.827477,39.835908,41.960531,56.104147,39.87105,40.140468,33.804335,22.235405,19.793217,19.777533,29.643161,19.292997,28.338865,31.674143,30.756381,12.77039,12.418546,13.128915,14.839108,14.381918,16.253096,15.92585,34.90538,12.859441,20.439655,21.273514,26.118916,15.442294,15.304786,16.359497,38.170287,15.326527,18.336128,20.674852,28.478787,17.74997,21.433593,22.291769,24.906124,21.710776,17.188285,18.321792,17.96371,12.726311,12.59606,30.089247,36.914485,19.276168,17.368399,18.528148,33.01333,15.676667,19.292322,19.846458,48.456368,15.539637,28.001254,39.443496,44.611874,13.559016,20.523834,21.635016,38.330772,14.169643,20.400654,25.829475,26.813841,33.212749,33.493782,26.127878,31.645731,28.179836,24.404523,22.537707,27.697472,27.468691
收益质量,销售成本率,107.452905,105.169546,123.197086,128.764586,126.068864,102.247356,96.42427,94.962341,94.46269,96.717923,87.221112,88.227132,80.764003,100.838153,79.92199,76.242836,73.053243,79.555469,83.075494,79.596484,71.987538,74.663088,79.559055,76.343627,83.812269,82.022056,82.81271,82.1857,90.961694,81.973567,76.282575,74.461237,74.19514,75.791165,71.254737,71.690983,72.44548,73.221507,72.733711,71.907646,72.575458,67.076692,71.279314,72.707789,74.183462,66.262928,71.834681,71.935585,71.275386,62.947408,62.053016,63.525529,65.697707,69.857949,71.903101,61.990699,63.096084,56.464138,56.776207,60.952456,60.144278,64.748604,64.952502,65.235225,77.750747,68.232226,62.219454,68.326656,72.554445,65.196856,60.648076,61.945705,70.706106,62.645415,63.134622,65.127614,69.60131,58.681677,48.45047,44.858469,58.903969,46.78923,42.971532,41.543266,39.088487,48.969805
收益质量,经营活动净现金/归属母公司的净利润,,,,,,,-0.638445,,,,,,,,,,,,,41.567769,116.280303,0.304821,,-439.80883,,2.336817,2.320808,7.446378,,0.141604,34.642578,38.829487,,2.116118,3.415381,-6.023287,159.86032,-0.544219,-0.678768,-2.708253,,1.074461,-1.955004,-8.485052,,-1.042503,-17.50501,-39.372001,-28.456651,1.341098,-1.273212,-3.39528,-6.303957,3.926435,3.02726,12.248867,,-0.939247,-0.421371,1.053575,,,,,,0.397888,,,,-0.429307,-6.08834,-139.267619,,5.954613,7.076233,8.442214,,1.762241,1.875839,1.563214,4.625351,1.121332,,,1.688477,2.366739
收益质量,所得税/利润总额,,,,,,,-0.455436,,,,,,,,,,,,,433.603463,,23.499025,,,,63.556475,24.616733,29.711313,,31.593865,62.431783,57.024452,,26.64384,28.288934,37.170742,414.513654,31.268986,25.862458,31.378191,,20.266144,24.396671,68.449824,,23.739987,2916.299009,,109.577412,18.379275,13.855416,33.886371,15.309433,21.009742,10.112444,-7.897724,,17.700117,8.553057,15.129877,,48.797181,29.433075,42.303624,,23.223015,66.027192,,,18.617084,16.967469,36.808583,,15.661274,16.102138,24.166151,,5.802083,9.944713,10.525877,14.727986,5.469371,7.68677,7.5,8.057042,8.507902
财务风险,流动比率,0.498394,0.502573,0.439706,0.468527,0.471723,0.489067,0.597251,0.705219,0.759852,0.776909,0.940676,0.950202,0.976541,0.978858,1.536589,1.404271,1.208612,1.191556,1.289496,1.304489,1.362972,1.284062,0.903007,1.086947,1.251664,1.251,1.65131,1.422203,1.326413,1.354084,1.142015,1.136104,1.141493,1.159181,1.246577,1.217109,1.540511,1.447715,1.607997,1.691652,1.593751,1.540912,1.532023,1.778665,1.505289,1.408171,1.574837,2.560563,2.531178,2.473734,2.620975,2.071841,2.534799,2.694138,2.86277,2.585018,2.375027,3.147886,2.73484,2.519767,2.444506,2.493735,2.023208,1.944574,1.987669,2.070065,1.902898,2.03247,2.068681,2.180888,1.957504,2.102767,1.807622,1.953251,2.433636,2.585815,5.058861,5.056647,2.069414,0.571993,0.217557,0.179285,,,1.030615,1.588421
财务风险,速动比率,0.465542,0.474198,0.406456,0.435645,0.43885,0.46078,0.557817,0.627513,0.690828,0.734846,0.825127,0.859478,0.89462,0.91463,1.410242,1.299482,1.113182,1.102853,1.233748,1.27076,1.339016,1.272818,0.877059,0.96516,0.749434,0.855651,1.155292,1.002559,1.013296,0.998919,0.32919,0.368319,0.473483,0.479505,0.51627,0.456017,0.573137,0.516645,0.656365,0.53054,0.616564,0.635064,0.577663,0.746281,0.601311,0.68702,0.612287,1.186835,1.133732,1.323886,0.603277,0.508321,0.509175,1.098956,0.978069,0.712951,0.796243,0.860636,0.745815,0.749476,0.692382,0.792503,0.574019,0.593966,0.5677,0.631347,0.65063,0.579385,0.765462,0.923672,0.742741,0.718104,0.805513,0.898317,0.907675,1.053783,2.529395,2.661966,2.065976,0.569276,0.214852,0.176367,,,1.026037,1.586378
财务风险,保守速动比率,0.329194,0.344995,0.314231,0.345449,0.350432,0.387395,0.475756,0.52259,0.546832,0.606865,0.703327,0.73479,0.764512,0.798728,1.148031,1.101345,1.001626,1.000955,1.073979,1.085224,1.192596,0.845197,0.51879,0.55652,0.486375,0.754912,0.96935,0.854533,0.917978,0.421823,0.247926,0.289537,0.270323,0.394337,0.423316,0.393997,0.4895,0.443839,0.421167,0.412633,0.50352,0.556251,0.465168,0.634958,0.486313,0.592473,0.486135,0.959987,0.862031,0.870902,0.472449,0.429647,0.433242,1.04477,0.898363,0.633159,0.707716,0.793233,0.692552,0.611527,0.662254,0.766694,0.556321,0.579435,0.5462,0.610459,0.620573,0.546363,0.730275,0.897734,0.697398,0.695054,0.786179,0.88331,0.848651,0.992143,2.425766,2.567488,2.035764,0.544838,0.177762,0.155842,,,1.020324,1.54169
财务风险,资产负债率,63.956244,63.295279,57.440621,56.48985,54.838846,54.521996,51.966494,58.209206,59.984346,60.779212,58.263641,58.460992,58.676674,59.332444,56.533963,54.284081,51.019519,52.174961,46.772025,49.549975,52.341121,54.887954,60.322955,56.959424,55.621608,58.728821,43.14536,42.74802,50.457322,48.730796,56.471421,56.239253,60.380759,61.305542,58.645468,56.33718,53.135808,53.42396,50.559044,47.182957,48.774161,50.01095,51.488425,51.65737,46.793121,50.381829,46.227587,43.464029,35.256969,36.335271,27.872053,29.543806,24.480947,27.443584,25.382263,28.057911,30.697186,22.751269,27.21994,29.804876,30.793882,29.905289,37.654125,39.018239,38.237149,36.609854,39.310812,36.202621,36.583424,34.239895,38.161617,34.678664,41.967707,37.926228,34.36717,32.26158,32.502095,35.412079,22.862831,35.282881,30.829208,30.524754,,,43.378558,41.132099
财务风险,权益乘数,2.72193,2.472782,2.383153,2.359528,2.317312,2.521431,2.475775,2.669008,2.717081,2.713924,2.660715,2.663534,2.668857,2.47959,2.391104,2.333955,2.2609,2.315432,2.185497,2.202925,2.267938,2.50331,2.713883,2.610728,2.58226,2.544515,2.15823,2.151392,2.117428,2.55902,3.038638,3.026832,3.16714,2.909942,2.815463,2.725945,2.635288,2.518202,2.408365,2.324628,2.370905,2.42344,2.447815,2.454073,2.346797,2.240207,2.131854,2.078838,1.945683,2.066563,2.115209,2.141234,2.08025,1.932866,1.902771,1.933298,1.970222,1.941972,1.99208,2.028717,2.05094,2.146381,2.262617,2.283745,2.287736,2.212694,2.249754,2.190113,2.215868,2.239716,2.298777,2.230465,2.399909,2.258876,2.176374,2.145479,2.165375,1.91447,1.352087,1.494169,1.443267,1.596581,,,1.734383,1.702398
财务风险,权益乘数(含少数股权的净资产),2.774405,2.724445,2.349658,2.298314,2.214292,2.198865,2.08188,2.392871,2.499022,2.549668,2.395992,2.407375,2.41994,2.458962,2.300646,2.187421,2.041629,2.090954,1.878711,1.982159,2.098244,2.216702,2.520349,2.323389,2.253348,2.422998,1.758871,1.746664,2.018461,1.950488,2.297341,2.285152,2.524026,2.584349,2.418114,2.290278,2.133825,2.147026,2.022614,1.893328,1.952139,2.000438,2.061363,2.068567,1.879456,2.01539,1.859689,1.768785,1.544567,1.570728,1.386425,1.419321,1.324169,1.378237,1.340163,1.390006,1.442942,1.294519,1.374002,1.4246,1.444958,1.426641,1.603955,1.639834,1.619096,1.577532,1.647739,1.567462,1.576874,1.520678,1.617118,1.530893,1.723178,1.610986,1.523627,1.476267,1.481527,1.548277,1.296391,1.545186,1.445696,1.439361,,,1.766115,1.698718
财务风险,产权比率,175.093547,171.317352,142.606811,137.311535,128.449018,125.027742,115.930263,150.878,161.353546,166.757042,153.175929,154.075796,155.310064,159.525789,140.75664,128.908527,113.694533,119.647684,95.163735,102.658957,115.224626,128.137915,165.746939,144.717372,138.070482,157.451125,81.405018,79.905502,108.691908,101.414681,163.086785,161.092909,189.900875,195.536371,175.828274,158.867496,140.135043,141.945527,122.375101,106.348352,114.400971,120.597662,126.620755,127.692642,105.626251,122.283086,106.447694,95.514662,68.039729,71.275078,55.442267,60.388653,46.678889,54.524348,48.923588,55.828203,63.3869,42.068386,53.024951,60.201354,63.564965,60.937859,85.548162,90.303503,88.812972,82.49369,91.603851,79.96131,82.668468,74.385615,87.293256,74.586575,104.515445,87.620567,73.637677,67.03868,68.945694,78.334042,29.642931,54.533286,44.587146,43.963545,,,76.658225,70.023218
财务风险,现金比率,0.066211,0.092763,0.092982,0.104303,0.124291,0.142823,0.221767,0.276026,0.332931,0.421406,0.515381,0.547032,0.589848,0.629395,0.79699,0.703717,0.531628,0.583507,0.640632,0.691313,0.896424,0.583116,0.327254,0.346658,0.256408,0.434231,0.494866,0.463305,0.645497,0.121321,0.11897,0.146663,0.15624,0.248327,0.283651,0.23477,0.250675,0.205423,0.239651,0.185303,0.229457,0.285392,0.237491,0.351718,0.202186,0.314516,0.397258,0.866674,0.7681,0.78814,0.359921,0.362041,0.380007,0.998391,0.82933,0.625395,0.699923,0.782827,0.690727,0.609891,0.66071,0.76606,0.555824,0.578379,0.544991,0.609884,0.619048,0.544934,0.728971,0.896732,0.694386,0.691883,0.780026,0.877006,0.84638,0.989553,2.416912,2.562376,2.034732,0.543956,0.176926,0.155842,,,1.020324,1.54169
营运能力,应收账款周转率,0.192727,1.144827,0.638143,0.390496,0.161719,1.892182,1.463639,1.015672,0.437061,2.298699,1.089865,0.698187,0.306388,1.113957,0.849916,0.532099,0.307444,2.339416,1.603827,1.022351,0.394434,2.431349,1.037717,0.594997,0.300372,3.693088,2.251513,1.468017,0.562053,4.550839,3.105343,2.087994,0.542045,5.091745,2.21892,1.367422,0.557383,3.574206,2.740241,1.73291,0.363284,3.334815,2.10297,1.313105,0.50312,3.965365,8.164379,6.632231,3.045636,20.926131,10.08652,6.764066,3.443093,34.888378,19.818183,10.013856,4.524455,206.787944,475.422189,294.294333,86.950506,1155.505152,611.623451,256.263149,54.792224,1192.153103,267.796756,138.729833,54.091637,296.316532,115.107154,69.612445,9.491013,123.092823,71.842346,42.59742,16.495382,139.957016,521.170715,339.381705,135.749866,,,,,
营运能力,应收账款周转天数,466.981265,314.457953,423.102336,460.952042,556.517593,190.256466,184.471711,177.222497,205.920489,156.610259,247.737099,257.810366,293.744588,323.172245,317.678258,338.282602,292.736169,153.88453,168.34728,176.064688,228.175044,148.065889,260.186447,302.522246,299.627861,97.479395,119.919355,122.61436,160.126975,79.106291,86.946895,86.207143,166.037665,70.70267,121.680777,131.634539,161.468818,100.721665,98.531453,103.871503,247.739935,107.951994,128.38979,137.079654,178.883711,90.786088,33.070485,27.140186,29.550477,17.20337,26.768399,26.61121,26.139281,10.318622,13.623852,17.975092,19.891895,1.740913,0.567916,0.611632,1.035071,0.311552,0.441448,0.702402,1.642568,0.301974,1.008227,1.297485,1.663843,1.214917,2.34564,2.585744,9.482654,2.924622,3.758229,4.225607,5.456072,2.572218,0.518064,0.530376,0.662984,,,,,
营运能力,存货周转率,1.740036,10.390568,5.87699,3.942735,1.548764,11.345057,7.503185,3.529175,1.496317,7.151543,1.919838,1.426557,0.584102,4.058144,2.410809,1.68723,1.062204,13.909773,15.072478,12.43816,4.617053,2.344946,0.97497,0.447915,0.156212,2.533673,1.70075,1.091738,0.430406,1.430573,0.438022,0.310687,0.077187,0.88807,0.344391,0.222609,0.099535,0.712703,0.471174,0.300763,0.075417,0.752374,0.451465,0.308216,0.129468,0.733085,0.492698,0.332629,0.150676,0.837316,0.342163,0.207002,0.089247,0.66474,0.442682,0.089165,0.042792,0.277855,0.175809,0.117334,0.033273,0.290006,0.147305,0.099063,0.026878,0.468973,0.170726,0.085121,0.035544,0.642225,0.285699,0.173874,0.040688,0.636635,0.262009,0.171642,0.083603,0.350285,73.57967,48.430632,24.016643,113.729126,,,198.70269,411.024861
营运能力,存货周转天数,51.723051,34.646805,45.941882,45.653586,58.11084,31.731878,35.984715,51.003416,60.147653,50.338782,140.636835,126.177873,154.082675,88.710492,111.995587,106.683689,84.729458,25.881083,17.913443,14.471593,19.49295,153.521639,276.931391,401.861678,576.138061,142.086209,158.753408,164.8746,209.104884,251.647274,616.407034,579.360572,1165.995665,405.373363,783.992145,808.591436,904.19994,505.11872,573.036557,598.476063,1193.363229,478.485289,598.052426,584.005259,695.147211,491.075093,548.001997,541.141864,597.305365,429.944841,789.096642,869.555177,1008.427031,541.564496,609.917691,2018.719299,2103.150568,1295.637877,1535.749766,1534.071223,2704.876302,1241.352864,1832.919965,1817.024489,3348.353552,767.633887,1581.477724,2114.621085,2532.039025,560.550414,945.050106,1035.230456,2211.908381,565.47256,1030.496092,1048.690248,1076.513138,1027.73427,3.669491,3.716655,3.747401,3.165416,,,1.811752,0.875859
营运能力,总资产周转率,0.020171,0.113048,0.057327,0.036038,0.014648,0.153399,0.118361,0.078467,0.032064,0.159619,0.076906,0.049937,0.021146,0.109919,0.09511,0.064067,0.041923,0.270915,0.190608,0.118499,0.041178,0.305418,0.118809,0.069461,0.036419,0.474829,0.304615,0.193867,0.078124,0.506319,0.240823,0.169674,0.04085,0.460381,0.192511,0.12597,0.054193,0.36353,0.237948,0.158751,0.037079,0.360435,0.209849,0.132655,0.053454,0.31428,0.211511,0.135659,0.06314,0.373042,0.194304,0.113171,0.048218,0.411498,0.277386,0.068283,0.03104,0.233129,0.151479,0.093283,0.027144,0.22101,0.117149,0.077217,0.017856,0.31895,0.123078,0.057698,0.021611,0.399594,0.200069,0.120876,0.023267,0.364928,0.157281,0.095366,0.040489,0.14837,0.109368,0.089761,0.035677,0.18735,,,0.227087,0.206098
营运能力,总资产周转天数,4461.813704,3184.467772,4709.781335,4994.680021,6144.03413,2346.811695,2281.154145,2293.950525,2806.841596,2255.3579,3510.766987,3604.504706,4256.009831,3275.137956,2838.795355,2809.538883,2146.79025,1328.826656,1416.519565,1518.998409,2185.582017,1178.710572,2272.546128,2591.35226,2471.228151,758.16656,886.362739,928.471104,1152.01295,711.014012,1121.150755,1060.853795,2203.130468,781.960508,1402.514333,1428.908135,1660.712932,990.287998,1134.701603,1133.847982,2427.187898,998.791282,1286.636312,1356.894347,1683.662941,1145.471858,1276.52482,1326.847839,1425.386846,965.036824,1389.573327,1590.502611,1866.486976,874.851332,973.372142,2636.087751,2899.461538,1544.206955,1782.414103,1929.605602,3315.62505,1628.882104,2304.743918,2331.077,5040.211811,1128.701762,2193.713993,3119.641052,4164.401853,900.912777,1349.53268,1489.128856,3867.991027,986.494187,1716.667103,1887.460816,2222.79934,2426.352272,2468.723645,2005.303886,2522.628017,1921.530842,,,1585.291105,1746.735187
营运能力,流动资产周转率,0.098926,0.564766,0.314864,0.194863,0.07801,0.615123,0.458123,0.291037,0.113141,0.4537,0.201858,0.12889,0.053876,0.281097,0.237221,0.164942,0.111405,0.598362,0.412496,0.251009,0.082812,0.559935,0.243471,0.133995,0.0661,0.794904,0.49757,0.317905,0.117783,0.763586,0.369974,0.261749,0.060939,0.712526,0.29394,0.195744,0.086839,0.598325,0.381574,0.26555,0.062265,0.620227,0.361747,0.232373,0.096826,0.547695,0.371379,0.232217,0.107412,0.632446,0.333469,0.194739,0.083016,0.615036,0.420067,0.103023,0.046459,0.345859,0.218153,0.133293,0.038706,0.308658,0.160039,0.105505,0.024364,0.437677,0.169549,0.080208,0.029579,0.549786,0.273531,0.16748,0.03151,0.505882,0.222264,0.136193,0.057137,0.2772,0.474602,0.813564,0.586252,1.829254,,,1.387222,1.128001
营运能力,流动资产周转天数,909.762752,637.431037,857.511343,923.723533,1153.691428,585.248692,589.360519,618.476699,795.463888,793.475496,1337.569829,1396.532233,1670.499131,1280.695398,1138.17672,1091.286107,807.858818,601.641814,654.551066,717.103174,1086.789089,642.931261,1108.95933,1343.328095,1361.553526,452.884794,542.6368,566.205471,764.11482,471.4592,729.779187,687.68007,1476.875765,505.24465,918.552165,919.564019,1036.391268,601.679375,707.593786,677.836186,1445.417473,580.432159,746.377767,774.615264,929.501073,657.299315,727.018169,775.13531,837.887607,569.218299,809.668511,924.312089,1084.122032,585.330789,642.753453,1747.175782,1937.184657,1040.885789,1237.658333,1350.405169,2325.180099,1166.335975,1687.081517,1706.067512,3693.85722,822.523591,1592.458271,2244.164005,3042.606498,654.800202,987.090053,1074.749854,2856.198624,711.627183,1214.766277,1321.652997,1575.160674,1298.699787,568.896543,221.248581,153.51744,196.801521,,,259.511272,319.148386
营运能力,应付账款周转率,0.190213,0.914629,0.51424,0.35218,0.150268,1.148976,0.884566,0.690435,0.311347,1.284158,0.881709,0.54745,0.247607,1.236961,0.921566,0.547385,0.376547,3.503636,2.747589,1.665317,0.632372,0.328485,-0.4248,-0.453025,0.208614,2.634303,1.760107,1.057055,,1.017101,,0.823637,0.282475,2.997574,1.464741,0.965027,0.225829,1.880884,1.420401,0.91098,0.167591,1.830158,1.410597,0.88392,0.307083,3.198683,4.35344,4.335916,2.415489,6.314671,2.629796,1.636889,0.849814,3.547755,2.595397,1.178699,0.596637,1.021308,0.939316,0.666399,0.449281,0.382932,0.581521,0.372398,0.229899,3.153032,3.989502,2.911411,1.901544,5.660334,6.080334,3.813186,1.121451,9.574652,49.860322,27.651529,8.69304,207.141054,31.134424,23.849926,252.206485,711.275392,,,693.589358,664.973122
