选项,指标,20251231,20250930,20250630,20250331,20241231,20240930,20240630,20240331,20231231,20230930,20230630,20230331,20221231,20220930,20220630,20220331,20211231,20210930,20210630,20210331,20201231,20200930,20200630,20200331,20191231,20190930,20190630,20190331,20181231,20180930,20180630,20180331,20171231,20170930,20170630,20170331,20161231,20160930,20160630,20160331,20151231,20150930,20150630,20150331,20141231,20140930,20140630,20140331,20131231,20130930,20130630,20130331,20121231,20120930,20120630,20120331,20111231,20110930,20110630,20110331,20101231,20100930,20100630,20100331,20091231,20090930,20090630,20090331,20081231,20080930,20080630,20080331,20071231,20070930,20070630,20070331,20061231,20060930,20060630,20060331,20051231,20050930,20050630,20050331,20041231,20040930,20040630,20040331,20031231,20030930,20030630,20030331,20021231,20020930,20020630,20020331,20011231,20010630,20001231,20000630,19991231,19990630,19981231,19980630,19971231,19961231,19951231,19941231
常用指标,归母净利润,83512254.63,120831526.22,66852961.86,-33705204.97,160449900.56,153058738.1,72570563.24,-28998995.53,193997395.84,206201173.89,106473980.44,-4801532.12,-333551708.91,-171012916.76,-204883156.09,-112054142.13,21233119.25,37261285.13,33623951.1,-65186874.51,-232078311.6,-127877418.66,-156878638.42,-197770736.83,568155186.1,544814331.36,382184022.65,64092957.59,597421371.33,546591016.28,404891159.15,98805695.63,571706585.89,501195532.35,346860226.26,86656589.55,483515308.64,438679232.04,318168139.52,79109001.83,295133922.04,286439487.86,165564510.53,67873919.76,363715151.91,361108914.14,251917852.17,65365817.66,244347826.67,213755596.37,124378112.2,59409426.51,295215980.67,262963830.65,106238532.25,41306541.01,267262898.18,220540962.34,90293005.33,33916643.5,265464558.82,202284598.48,117193861.39,41449565.19,253966884.16,179920319.15,106311469.72,33292313.32,130059868.84,89491329.21,72750445.14,32480273.29,162720842.27,126114842.6,71022791.67,28446926.4,97600093.01,68765690.45,40401347.51,15907726.24,61729410.25,36197012.17,25471453.64,3406386.92,72165822.21,62956991.05,40844958.73,5526704.97,32503071.95,4696862.52,4597599.4,9969424.5,81339195.06,67132383.61,51627215.49,10669191.47,102706856.07,62452929.96,120249859.64,56154274.69,110867828.1,72217472.27,84159117.86,43158957.38,58173421.1,41248298.13,37928210.12,35730306.17
常用指标,营业总收入,11337123905.49,8026936932.57,4865732420.82,2053762556.79,9956818409.65,7047773542.72,4350660498.19,1922317820.37,9634839565.77,6734493443.35,4178344052.51,1657756086.53,6416841787.68,4814378547.7,2862457149.62,1381457849.27,8635438895.21,6230805808.33,3520362422.9,1398194909.9,7150717615.55,4647261516.01,2555288310.96,1201225042.22,14053574128.39,9544733473.16,5852505878.96,2542757730.59,12264769135.44,8928816132.07,5566974168.46,2507349229.49,11019551807.19,7711366799.7,4761141685.72,2041538454.83,10327476311.96,7735073880.32,4975574704.33,2374858204.68,10577015943.44,7864989447.39,4772157910.52,2232454374.43,10607231706.45,8161570637.51,4896038089.92,2177552535.2,9316037547.42,6996475297.03,4139129375.36,1941983181.23,10279898405.53,7955737960.23,3766250762.61,1665359552.94,8421248949.37,5930631652.42,3002782144.12,1301716578.77,6083838542.92,4203634968.96,2435368787.91,1108333377.9,6190871657.22,3671881946.78,2422206550.67,853770060.19,4588400919.88,2966780150.08,1994531873.33,927736599.65,4532496046.24,2638467459.63,1477715732.83,514704777.64,2897367658.13,2086056250.84,1134217475.88,478865493.93,2329167841.43,1565931693.22,885825485.48,316816436.52,1763985409.48,1135629480.06,654991228.58,249197522.35,1110612214.16,742304145.06,435905465.86,271564542.25,1703806994.54,1104534186.78,722887798.23,288945613.23,1311969857.61,616394185.76,1030983764.92,441434633.52,844752554.79,418108468.74,582863582.02,231020169.02,397262430.24,340454901.6,272199062.1,304358679.45
常用指标,营业成本,10913770749.06,7649884171.8,4641426676.84,2043610742.88,9586030735.81,6694503672.28,4170224346.73,1937347708.79,9223274890.18,6304650386.15,3964982882.14,1654200113.01,6988560107.01,5153286637.77,3165131570.14,1564634795.26,8782354586.28,6235829634.73,3465586879.49,1529934461.56,7449533174.81,5009100690.49,2940204923.72,1454568951.49,13171920672.08,8833406096.58,5388750605.16,2409084195.21,11313724727.76,8173487255.47,5031322880.13,2328057643.76,10191567642.5,7060571341.28,4342925644.23,1867498204.29,9644952243.99,7186537812.18,4608744684.74,2212746309.98,10019991942.58,7375741876.48,4480676318.33,2104503849.63,10036646796.0,7657011858.85,4588216620.77,2072431996.86,8895968133.33,6638324979.87,3939158467.29,1872440956.49,9591668494.82,7344772199.77,3554868294.3,1596574356.84,7773204038.85,5439199396.68,2813780865.56,1244044509.91,5634625471.82,3870520994.85,2243284904.79,1047827386.22,5616485760.1,3341796448.88,2190919823.68,811759423.95,4291565675.35,2831418167.71,1903895039.06,895495809.13,4285624507.52,2486448524.7,1388523351.81,493560501.07,2813562732.94,2010539971.98,1095941528.77,461849911.07,2263012040.83,1521702846.25,857476979.98,314668207.72,1733910761.06,1118948825.04,651618766.93,252483651.3,1159154855.44,771493830.77,457853745.96,271227117.65,1637590678.78,1051742991.29,684071900.78,277907765.79,1247306806.06,580643052.51,927249660.65,399424400.36,755988571.35,355414880.38,516671019.56,196125552.13,336588908.47,292204615.92,231247980.01,263490133.48
常用指标,净利润,160079747.96,185555449.93,97443202.33,-46702968.49,259182707.29,240711635.31,109037300.47,-49577083.22,304749512.95,310516277.34,159952354.48,-15559326.43,-471717644.57,-276024264.6,-317247692.89,-177822237.83,42482856.57,59735328.0,66890535.68,-89025875.66,-244832124.87,-167373196.3,-211588403.97,-290925920.67,909961785.4,797329905.47,562567730.48,93066334.54,917825038.08,799884408.02,589618817.66,136928671.43,862847222.72,737366043.28,515955573.88,118491829.07,736636883.26,638531274.79,469103279.67,112566414.45,456589281.92,418460486.07,242249823.15,83947615.17,507471401.95,483678996.47,331664098.96,80676649.72,411355306.6,343228478.05,205496701.38,92361451.0,527806987.43,472774874.0,177488803.99,55799680.85,504925206.39,382954282.22,153179004.76,42765503.83,420013083.36,329273465.52,203724389.41,56201617.91,460816691.54,296545285.52,192779330.3,39710364.44,231103000.28,121077739.18,100341134.85,36991364.69,236730907.64,159565084.23,90315906.43,28323789.53,104404631.52,73294173.84,39391422.83,12579427.91,52112118.41,29407995.63,22517668.13,1621824.87,68626234.01,61795150.11,38109057.81,3528597.83,26582257.68,1895129.05,3138409.87,9603358.85,84075590.21,69552532.56,53503880.77,11658730.8,109658968.1,64805341.86,121984378.92,57034410.35,119777611.95,79840175.46,87995522.83,44270243.68,59079213.35,41847222.35,38189759.03,35730306.17
常用指标,扣非净利润,70480740.05,112485394.37,63582684.63,-33533053.68,101130628.1,152659758.67,73830108.54,-28062800.14,130170525.76,193489740.51,100128665.68,-7384993.14,-417718633.9,-183815153.9,-214842705.71,-119640076.52,-114582084.22,-4426924.52,806183.77,-95482708.04,-395051681.93,-288625634.06,-312146950.29,-206468450.85,432038611.13,421244430.21,257932852.83,55127012.23,493208610.63,445447677.43,305845094.82,93588274.45,431110841.39,368601482.24,219335602.56,89667033.89,371521656.36,335160819.45,220078137.16,75719532.21,255004962.84,257881232.43,144075632.46,65613446.46,267148474.46,278303723.68,174035023.13,56732335.0,187459086.28,171299336.1,92700376.56,37474290.08,270949624.3,241762669.16,86541528.79,35972352.26,283997505.98,212646393.84,80946772.77,33112942.19,240361040.49,172945809.04,104799670.35,32552677.9,191879179.02,126801904.88,78077713.43,26789645.64,160497999.2,74126220.15,65475496.88,24196231.25,100734112.2,121764340.95,68206268.47,29605187.13,41848134.41,52161072.26,26453249.22,11670992.05,52939274.89,42251961.22,27980649.35,3655523.45,37249898.83,17561886.34,7930654.53,787983.57,-28480268.41,-18488272.01,-13821530.38,3530829.27,62296549.87,55980722.41,40986147.3,,86246801.05,49602299.82,120081447.4,54510000.0,106613938.23,,,,,,,
常用指标,股东权益合计(净资产),8542653338.74,8586759507.39,8495656569.91,8447631861.93,8494557004.16,8516894063.42,8387056264.11,8307508150.31,8347431671.88,8371435698.6,8229123967.81,8084519230.14,8102825064.08,8333314378.09,8297514165.99,8445852478.11,8623296008.65,8645786122.42,8663158974.17,8483597501.57,8572425893.86,8735310454.29,8690562061.58,8655009516.55,8945879252.08,8841312689.65,8588920814.45,8254148743.49,8158899540.77,8035301015.88,7813257846.73,7615562741.85,7486846333.91,7361955588.22,7138529664.94,6828155625.76,6709275368.48,6605460584.44,6427848742.36,6109616613.01,6000194451.79,5946643091.35,5875952757.47,5714079583.72,5631813475.4,5761389949.35,5681226517.4,4129258989.95,4048414811.91,4604725227.22,4496198479.64,4448869016.3,4363498773.58,4301122254.43,4281890244.69,4257853272.16,4198018650.5,3535337951.85,3322132079.34,3317941922.52,3335079261.53,3146118066.27,3017988403.89,3017161820.39,3074107621.52,2894800671.02,2714919591.58,2641737537.8,2563385546.5,2464049002.68,2464399591.01,2419882469.89,2416573885.21,2341494451.4,2272773297.89,2223670061.07,1477790758.61,1531899666.6,1512027165.25,1555914882.01,1547478760.57,1459183110.4,1453206277.54,1342958539.01,1391337101.67,1309883042.26,1345997651.01,1306760075.84,1299978073.11,1252183263.31,1253426544.13,1262185556.44,1250737340.4,1277312902.1,1261328996.76,1205636510.54,1191231486.27,1201271065.08,1060285615.52,779229414.54,722622469.7,742696458.64,665666368.74,637468566.44,580820755.66,108704002.84,95142888.76,83181372.9
常用指标,商誉,13374568.71,14771380.08,14771380.08,14771380.08,14771380.08,14771380.08,14771380.08,14771380.08,14771380.08,47584152.97,47584152.97,47584152.97,47584152.97,47584152.97,47584152.97,47584152.97,47584152.97,47584152.97,47584152.97,47584152.97,47584152.97,47584152.97,47584152.97,47584152.97,47584152.97,47584152.97,47584152.97,47584152.97,47584152.97,74920209.4,74784531.38,74784531.38,74784531.38,74784531.38,74784531.38,74784531.38,74784531.38,74784531.38,74784531.38,74784531.38,74784531.38,76784531.38,76784531.38,74784531.38,74784531.38,74784531.38,74784531.38,74784531.38,74784531.38,74784531.38,74784531.38,74784531.38,74784531.38,74784531.38,74784531.38,74784531.38,74784531.38,74784531.38,74784531.38,74784531.38,74784531.38,74998507.36,72018850.43,72018850.43,72018850.43,72018850.43,72018850.43,72018850.43,72018850.43,72018850.43,72018850.43,44384300.42,44384300.42,,43147444.61,,34526748.87,,,,,,,,,,,,,,,,,,,,,,,,,,,,,,,
常用指标,经营现金流量净额,937358470.17,379752973.68,8325463.69,-19473918.98,282668361.07,327487020.43,197248327.32,29529653.16,920485743.89,631924465.71,-970139.81,-56478835.01,-312157866.71,-336134214.63,-542605112.11,-348961625.6,904528813.49,645487057.47,173709235.45,-90723512.28,609453910.26,510057534.58,393333239.17,333411769.45,596210562.3,1175376172.16,541356060.51,75238463.55,719062224.7,569006971.44,264987010.53,-134595053.89,-123514500.66,528667654.49,295038082.39,1144063.33,947431813.45,455050463.49,311814097.35,23275128.87,510261521.8,208280391.57,34723645.27,-24434726.63,524228725.14,234801321.73,124318022.81,-49320950.12,494653382.58,369006454.68,166955136.32,111296367.19,250318171.98,93062614.19,33265784.7,-63848103.89,611087002.51,422090965.21,228899243.08,18922580.07,1481731150.11,357257055.18,391651716.33,5341690.03,586832972.81,357257055.18,173193307.09,98223036.34,230759289.53,149548502.5,224495561.07,95512319.83,673248534.23,397146811.55,125882325.54,64311265.69,196852682.11,-63225600.52,-93079233.58,-29714963.88,-319854716.7,-204210937.63,-39345843.47,-30990654.35,51700763.54,24902777.63,4715676.76,-27827276.76,42849794.35,29585487.19,3039845.02,1432384.04,80330422.66,,16933292.08,,66662056.26,20581627.84,34938365.69,53994058.61,33306873.36,-12844108.7,578407.05,22606888.58,,,,
常用指标,基本每股收益,0.115374,0.1669,0.092359,-0.0466,0.221665,0.2115,0.100258,-0.0401,0.268011,0.2849,0.147096,-0.0066,-0.46,-0.2363,-0.2831,-0.1548,0.029334,0.0515,0.0465,-0.0901,-0.3206,-0.1767,-0.2167,-0.2732,0.7849,0.7527,0.528,0.0885,0.8254,0.7551,0.5594,0.1365,0.79,0.6924,0.4792,0.1197,0.67,0.606,0.4396,0.1093,0.41,0.3957,0.2287,0.0938,0.53,0.5407,0.3937,0.1049,0.39,0.3431,0.2995,0.143,0.71,0.6331,0.2558,0.0994,0.64,0.531,0.2174,0.0817,0.64,0.487,0.282,0.1,0.61,0.4332,0.256,0.0802,0.313,0.2155,0.1752,0.1017,0.52,0.4021,0.2286,0.0943,0.37,0.2575,0.1513,0.0596,,,0.0954,,0.2703,,0.153,,0.122,,,,0.312,,,,0.386,0.234,0.474,,0.4619,,0.35,,0.554,,,
常用指标,每股净资产,8.754942,8.812997,8.732452,8.664618,8.714872,8.709301,8.600566,8.544256,8.584845,8.602008,8.467456,8.307547,8.316218,8.541082,8.48966,8.614321,8.770203,8.793902,8.787781,8.649418,8.740283,8.886382,8.848184,8.834679,9.107265,9.070776,8.842048,8.542975,8.454401,8.384783,8.184887,7.858231,7.725634,7.627062,7.416378,7.161121,7.038274,6.969343,6.802062,6.535544,6.427717,6.395834,6.332954,6.194366,6.10292,6.106054,9.087278,7.197624,7.046624,7.249846,7.035066,7.037938,6.898628,6.805224,6.185428,6.259614,6.142264,5.932678,5.645079,5.751711,5.604663,5.449046,5.24931,5.266153,5.167457,4.981418,4.883734,4.876879,4.714157,4.537486,4.555674,5.848231,5.860077,5.751636,5.568436,5.55388,4.903836,4.786721,4.700718,4.723825,4.689989,4.58492,4.54835,4.466504,4.633203,4.604739,4.505296,4.389645,4.368945,4.270982,4.27061,4.29073,4.253391,4.315759,4.257688,4.105744,4.064327,4.119411,3.800347,2.938203,2.703006,2.763822,2.472994,3.674104,3.60436,2.13769,1.930701,1.749834
常用指标,每股现金流,1.29498,0.524636,0.011501,-0.026903,0.390512,0.45243,0.272502,0.040795,1.27167,0.873016,-0.00134,-0.078026,-0.431252,-0.464376,-0.74962,-0.482097,1.249625,0.891753,0.239982,-0.125336,0.841973,0.704655,0.543398,0.460615,0.823677,1.623806,0.747894,0.103943,0.993399,0.786094,0.366085,-0.185945,-1.085608,0.730365,0.407601,0.00158,1.308896,0.628661,0.430777,0.032155,0.704936,0.287743,0.047971,-0.033757,0.724232,0.324382,0.257621,-0.118745,1.190931,0.888422,0.401962,0.267958,0.602668,0.224058,0.08009,-0.153721,1.471257,1.016229,0.551099,0.045558,3.567427,2.121543,0.942943,0.01286,1.412863,0.860134,0.416981,0.236482,0.555577,0.360054,0.540497,0.298943,2.107194,1.243026,0.393997,0.201287,0.548464,-0.2368,-0.419567,-0.111291,-1.197957,-0.764834,-0.147362,-0.116069,0.193635,0.093268,0.017661,-0.104222,0.160486,0.110807,0.011385,0.005364,0.300863,,0.06342,,0.24967,0.077084,0.130855,0.224975,0.138778,-0.053517,0.00241,0.141293,,,,
常用指标,净资产收益率(ROE),1.32,1.9,1.06,-0.5359,2.56,2.44,1.16,-0.4677,3.17,3.37,1.75,-0.08,-5.4,-2.76,-3.28,-1.781,0.34,0.59,0.53,-1.0357,-3.59,-2.12,-2.6,-3.1607,8.95,9.35,6.06,1.0419,10.21,9.37,7.0,1.7514,10.71,9.43,6.6,1.6866,9.49,9.01,6.62,1.686,6.51,6.3,3.68,1.474,9.6,9.9187,7.74,2.2087,8.44,7.2254,4.25,2.0527,12.83,9.8702,4.101,1.604,11.89,9.1144,3.827,1.438,11.9,9.1748,5.417,1.9129,12.38,,5.33,,6.79,,3.87,,9.23,,4.72,,8.11,,2.99,,,,2.06,,6.02,,3.44,,2.83,,,,7.38,,,,9.67,5.98,14.33,,17.05,,14.38,,,,,
常用指标,总资产报酬率(ROA),2.676642,2.38311,1.510316,0.085659,3.542293,2.99644,1.640199,0.098835,4.040888,3.677,2.036927,0.394815,-1.625629,-0.377993,-1.054883,-0.63701,1.768743,1.393905,1.350327,-0.237131,-0.14679,-0.023142,-0.622706,-1.535424,8.745151,7.258768,5.340577,1.157322,9.720348,8.240094,6.231413,1.590416,10.186946,9.089547,6.497008,1.614394,9.888826,8.883241,6.466266,1.760951,7.494472,6.683832,3.917007,1.414085,8.384961,6.963817,4.423366,1.52694,8.553806,6.332118,3.727506,1.738717,9.164882,8.329718,2.990159,0.97056,8.784849,6.659985,2.750556,0.802115,8.592493,7.033986,4.684418,1.266547,12.892911,7.845221,5.89049,1.184344,7.212041,3.828388,3.002047,1.046107,8.285409,5.337881,3.210677,1.067224,4.115701,2.828916,1.40977,0.430947,2.967875,1.734324,1.335452,0.127704,4.651741,4.119325,2.584588,0.322238,2.845842,-0.047933,0.777101,0.569119,7.114667,4.20709,4.065111,0.863462,9.642287,5.005499,10.601899,5.496108,13.212429,8.989582,10.522499,4.836921,13.489044,16.524412,16.021432,15.103683
常用指标,毛利率,19.825655,20.55988,21.35217,20.54747,23.085543,23.879913,24.109826,20.649069,24.453231,25.940039,25.100518,23.175588,16.024728,14.784418,12.912542,12.020382,18.499774,17.655411,22.126098,16.74653,19.436648,16.603971,13.63086,11.884018,24.087951,24.355665,24.964394,23.97117,25.299123,24.060149,24.458572,23.463896,25.449489,26.104882,26.604497,26.831352,23.789527,23.425302,24.368299,23.052966,21.168538,21.268962,21.920962,20.275733,19.945544,19.207166,19.669893,18.244741,19.804594,19.512074,19.76295,18.27794,19.95207,20.350743,20.179287,18.877185,20.491166,20.578173,20.482527,19.013113,21.321889,22.300524,23.386623,20.770683,23.887235,24.880875,25.641038,22.844927,22.431329,20.391024,19.464356,18.646507,18.085125,18.720346,20.670361,21.192916,13.56086,13.761308,14.873828,16.456043,11.520058,10.897054,11.291516,9.578387,10.085113,10.899365,11.090019,12.617753,11.137517,13.004219,14.433135,15.868691,15.266666,15.221501,15.539601,15.494961,17.459021,19.508688,22.810894,21.336145,21.908555,24.453853,23.481356,23.863431,25.699137,24.41162,24.811274,23.40007
常用指标,销售净利率,1.411996,2.311659,2.002642,-2.274019,2.603067,3.415428,2.506224,-2.579026,3.162995,4.610833,3.828127,-0.938577,-7.351243,-5.733331,-11.083054,-12.872071,0.491959,0.958709,1.900103,-6.3672,-3.423881,-3.601544,-8.280412,-24.219102,6.474949,8.353611,9.612424,3.660055,7.483426,8.958459,10.591369,5.461092,7.830148,9.562066,10.836803,5.804045,7.132786,8.255011,9.428122,4.739921,4.316806,5.320547,5.076316,3.760328,4.784202,5.092383,5.384017,3.704923,5.136564,4.905734,4.964732,4.756037,5.134359,5.942564,4.712612,3.350608,5.995847,6.457225,5.101236,3.285316,6.903751,7.833065,8.365237,5.070822,7.443486,8.076111,7.958831,4.651177,5.036678,4.081115,5.030811,3.98727,5.222969,6.047642,6.111859,5.502919,3.408444,3.322727,3.241993,2.275032,2.258376,1.894496,2.562959,0.516433,3.932945,5.502075,5.888785,1.431907,2.421525,0.258929,0.731363,3.545422,5.056101,6.32373,7.441045,4.051696,8.380068,10.549255,11.882556,12.925255,14.183537,19.106124,15.116672,19.167362,14.895152,12.291561,14.030084,11.739539
常用指标,期间费用率,15.209533,15.008559,15.751877,19.151495,18.541313,18.156,19.23123,21.080205,19.659502,18.678714,19.037312,21.880952,24.128743,21.489573,23.030782,25.008865,19.447812,17.324326,20.081144,25.85903,23.173346,24.001719,28.161905,32.731703,17.119802,16.597299,16.680497,18.481893,16.756736,15.249518,14.38297,16.042878,17.470384,17.39338,17.500836,18.016218,16.68244,15.741031,16.108478,15.234209,14.674446,13.872724,14.561681,13.537816,13.291709,11.982867,12.236147,12.507027,14.170047,13.307577,13.741151,13.631981,10.811747,10.056848,13.26515,13.560486,10.388352,10.509016,13.052907,13.649981,12.617687,13.002295,14.036822,13.879944,10.962495,12.822535,12.690349,16.884593,12.95452,14.123829,13.144721,13.248978,9.562346,11.470864,12.6545,15.877481,10.31884,9.680814,10.870688,12.724089,8.927657,8.354918,8.288715,9.231333,8.8815,9.953653,11.157655,14.370295,16.329828,15.063064,17.112198,13.656705,9.745066,10.121711,9.963239,11.34666,11.845946,13.043537,12.067243,11.034671,10.186083,7.971488,11.103076,7.750749,9.04739,8.498898,8.046809,8.250604
常用指标,资产负债率,51.616529,51.820094,52.378613,51.928152,51.984651,50.440964,50.533319,50.190755,51.712309,53.422718,54.104718,53.364539,53.868833,52.41101,52.654861,51.649114,50.581226,49.754391,50.820879,50.568943,49.737823,46.731621,45.446652,47.027515,45.573761,46.26083,44.867952,43.886289,44.093323,43.727792,41.003091,39.61869,42.502807,37.769353,36.420847,38.09294,38.724989,37.763726,38.673402,35.384908,37.202144,34.791385,35.329175,33.691962,36.566082,34.565146,36.618345,50.17725,50.986371,44.01152,44.941223,43.134016,43.900877,43.318559,51.243557,48.026775,50.805955,56.20799,59.009889,55.644841,57.490307,52.799669,49.224678,46.023435,45.562974,50.003878,44.769454,43.841538,44.613365,49.322756,47.358269,45.670668,47.241415,50.119566,47.202344,48.887569,53.330132,50.986907,54.651089,51.43659,49.182887,49.96405,43.171192,23.726545,24.326476,27.104934,24.158129,24.496714,23.865899,35.982815,33.59611,30.310284,31.657076,35.659869,32.235182,31.860164,31.681743,31.035649,36.29093,49.828708,38.16377,31.168074,24.155638,27.013073,26.390411,66.914058,67.55615,69.71205
每股指标,基本每股收益,0.115374,0.1669,0.092359,-0.0466,0.221665,0.2115,0.100258,-0.0401,0.268011,0.2849,0.147096,-0.0066,-0.46,-0.2363,-0.2831,-0.1548,0.029334,0.0515,0.0465,-0.0901,-0.3206,-0.1767,-0.2167,-0.2732,0.7849,0.7527,0.528,0.0885,0.8254,0.7551,0.5594,0.1365,0.79,0.6924,0.4792,0.1197,0.67,0.606,0.4396,0.1093,0.41,0.3957,0.2287,0.0938,0.53,0.5407,0.3937,0.1049,0.39,0.3431,0.2995,0.143,0.71,0.6331,0.2558,0.0994,0.64,0.531,0.2174,0.0817,0.64,0.487,0.282,0.1,0.61,0.4332,0.256,0.0802,0.313,0.2155,0.1752,0.1017,0.52,0.4021,0.2286,0.0943,0.37,0.2575,0.1513,0.0596,,,0.0954,,0.2703,,0.153,,0.122,,,,0.312,,,,0.386,0.234,0.474,,0.4619,,0.35,,0.554,,,
每股指标,稀释每股收益,0.115374,0.1669,0.092359,-0.0466,0.221665,0.2115,0.100258,-0.0401,0.268011,0.2849,0.147096,-0.0066,-0.46,-0.2363,-0.2831,-0.1548,0.029334,0.0515,0.0465,-0.0901,-0.3206,-0.1767,-0.2167,-0.2732,0.7849,0.7527,0.528,0.0885,0.8254,0.7551,,0.1365,0.79,0.6924,,,,,,,,,,,,0.4509,0.4499,0.1574,0.77,0.3431,0.2995,0.143,0.71,0.6331,0.2558,0.0994,0.64,0.531,0.2174,0.0817,0.64,0.487,0.282,0.1,0.61,0.4332,0.256,0.0802,0.313,0.2155,0.1752,0.1017,0.52,0.4021,0.2286,0.0943,0.37,0.2575,0.1513,0.0596,,,,,,,,,,,,,,,,,,,,,,,,,,,,
每股指标,摊薄每股收益_最新股数,0.115373,0.166931,0.092358,-0.046564,0.221664,0.211453,0.100257,-0.040062,0.268011,0.284871,0.147096,-0.006633,-0.460808,-0.236257,-0.28305,-0.154805,0.029333,0.051477,0.046452,-0.090057,-0.320621,-0.176665,-0.216731,-0.273224,0.784918,0.752672,0.527995,0.088545,0.82535,0.755126,0.559365,0.136502,0.789824,0.692412,0.479194,0.119717,0.667986,0.606044,0.439555,0.10929,0.407733,0.395722,0.22873,0.093769,0.50248,0.415975,0.265125,0.090304,0.442877,0.295307,0.17183,0.082075,0.407847,0.363289,0.14677,0.057065,0.369229,0.304681,0.124741,0.046856,0.366744,0.27946,0.161905,0.057263,0.348998,0.248563,0.146871,0.045994,0.17968,0.123634,0.100506,0.044872,0.224802,0.17423,0.098119,0.041635,0.125756,0.089172,0.052046,0.016135,0.08528,0.050006,0.035189,0.004705,0.099698,0.086976,0.056428,0.007635,0.044903,0.006488,0.006351,0.013772,0.114923,0.092744,0.071324,0.014739,0.141891,0.08628,0.166127,0.077578,0.153166,0.099769,0.116267,0.059624,0.080367,0.056985,0.052398,0.049362
每股指标,摊薄每股净资产_期末股数,8.754942,8.812997,8.732452,8.664618,8.714872,8.709301,8.600566,8.544256,8.584845,8.602008,8.467456,8.307547,8.316218,8.541082,8.48966,8.614321,8.770203,8.793902,8.787781,8.649418,8.740283,8.886382,8.848184,8.834679,9.107265,9.070776,8.842048,8.542975,8.454401,8.384783,8.184887,7.858231,7.725634,7.627062,7.416378,7.161121,7.038274,6.969343,6.802062,6.535544,6.427717,6.395834,6.332954,6.194366,6.10292,6.106054,9.087278,7.197624,7.046624,7.249846,7.035066,7.037938,6.898628,6.805224,6.185428,6.259614,6.142264,5.932678,5.645079,5.751711,5.604663,5.449046,5.24931,5.266153,5.167457,4.981418,4.883734,4.876879,4.714157,4.537486,4.555674,5.848231,5.860077,5.751636,5.568436,5.55388,4.903836,4.786721,4.700718,4.723825,4.689989,4.58492,4.54835,4.466504,4.633203,4.604739,4.505296,4.389645,4.368945,4.270982,4.27061,4.29073,4.253391,4.315759,4.257688,4.105744,4.064327,4.119411,3.800347,2.938203,2.703006,2.763822,2.472994,3.674104,3.60436,2.13769,1.930701,1.749834
每股指标,调整每股净资产_期末股数,6.495785,6.525287,6.424926,6.350416,6.370358,6.298607,6.167278,6.096662,6.10078,6.039663,5.880748,5.658894,5.648009,5.986121,5.904564,6.017872,6.143414,6.367713,6.353761,6.207592,6.276608,6.368164,6.288458,6.260198,6.497326,6.903852,6.678089,6.597919,6.527256,6.418452,6.259359,5.93074,5.824564,5.981938,5.819185,5.554037,5.444711,5.361601,5.176295,5.075495,5.115818,5.101786,5.048229,4.895598,4.786346,4.773333,7.057105,4.827374,4.696891,4.998166,4.765515,4.90628,5.022502,4.949209,3.679199,3.735206,3.665454,4.214717,3.931868,4.02118,3.870965,3.708583,3.588106,3.588042,3.462681,3.234359,3.113793,3.084554,2.897461,3.067466,3.074855,4.00459,4.05018,4.158708,3.800347,3.600417,4.859743,4.710457,4.634167,4.506194,4.481168,4.413992,4.372626,4.331931,4.495627,4.585028,4.467438,4.347458,4.324755,4.218944,4.216995,4.235172,4.195907,4.203711,4.154174,3.910954,3.873462,3.933915,3.702808,2.840987,2.5972,2.651724,2.244387,3.404457,3.46686,2.13769,1.930701,1.749834
每股指标,每股净资产_最新股数,8.754942,8.812997,8.732452,8.664618,8.714872,8.709301,8.600566,8.544256,8.584845,8.602008,8.467456,8.307547,8.316218,8.541082,8.48966,8.614321,8.770203,8.793902,8.787781,8.649418,8.740283,8.886382,8.848184,8.834679,9.107265,9.070776,8.842048,8.542975,8.454401,8.384783,8.184887,7.858231,7.725634,7.627062,7.416378,7.161121,7.038274,6.969343,6.802062,6.535544,6.427717,6.395834,6.332954,6.194366,6.10292,6.106054,6.058185,4.130102,4.043456,4.160068,4.036824,4.038472,3.958533,3.904937,3.549289,3.591858,3.524521,3.404258,3.239229,3.300416,3.216038,3.126742,3.012131,3.021796,2.965162,2.85841,2.802358,2.798424,2.705052,2.603675,2.614112,2.581385,2.586614,2.538748,2.457885,2.45146,1.808858,1.765659,1.733935,1.742458,1.729977,1.691221,1.677732,1.647541,1.709031,1.698532,1.66185,1.619191,1.611555,1.57542,1.575283,1.582704,1.568931,1.591937,1.570516,1.514469,1.499192,1.519511,1.401818,0.974205,0.896222,0.916386,0.819958,0.812136,0.796719,0.145999,0.129195,0.114916
每股指标,每股经营现金流,1.29498,0.524636,0.011501,-0.026903,0.390512,0.45243,0.272502,0.040795,1.27167,0.873016,-0.00134,-0.078026,-0.431252,-0.464376,-0.74962,-0.482097,1.249625,0.891753,0.239982,-0.125336,0.841973,0.704655,0.543398,0.460615,0.823677,1.623806,0.747894,0.103943,0.993399,0.786094,0.366085,-0.185945,-1.085608,0.730365,0.407601,0.00158,1.308896,0.628661,0.430777,0.032155,0.704936,0.287743,0.047971,-0.033757,0.724232,0.324382,0.257621,-0.118745,1.190931,0.888422,0.401962,0.267958,0.602668,0.224058,0.08009,-0.153721,1.471257,1.016229,0.551099,0.045558,3.567427,2.121543,0.942943,0.01286,1.412863,0.860134,0.416981,0.236482,0.555577,0.360054,0.540497,0.298943,2.107194,1.243026,0.393997,0.201287,0.548464,-0.2368,-0.419567,-0.111291,-1.197957,-0.764834,-0.147362,-0.116069,0.193635,0.093268,0.017661,-0.104222,0.160486,0.110807,0.011385,0.005364,0.300863,,0.06342,,0.24967,0.077084,0.130855,0.224975,0.138778,-0.053517,0.00241,0.141293,,,,
每股指标,每股现金流量净额,0.374326,-0.07936,-0.373015,-0.167251,0.12059,-0.098379,-0.215377,-0.250918,0.055624,-0.103025,-0.239391,-0.288037,-0.248915,-0.761144,-0.041455,0.314815,-0.195382,-0.282478,-0.541911,-0.845733,0.903799,0.400556,0.207373,0.454943,-0.551475,-0.340487,-0.460265,-0.115912,0.122367,-0.420037,-0.578854,-0.337855,0.354364,0.335295,-0.07877,-0.092545,0.115878,-0.125879,0.066542,-0.137186,0.067799,-0.415273,-0.126919,-0.175268,0.104281,-0.137461,0.666419,-0.058887,0.141774,-0.253902,-0.306229,-0.26102,-0.650588,-1.049678,-0.7442,-0.845807,0.016513,,0.315946,-0.238137,0.757189,0.648637,0.108432,-0.083204,0.598136,0.766439,0.459396,0.066508,-0.146418,-0.077839,0.086057,-0.345842,0.555565,0.220867,-0.079038,0.27939,0.01778,-0.061012,-0.152931,0.103651,-0.327845,-0.107449,-0.141476,-0.234563,0.516565,-0.103624,-0.040415,-0.161903,0.0737,-0.10817,0.050237,0.129409,-0.284711,,-0.050121,,-0.103852,-0.579622,0.171053,0.792232,0.369526,0.113631,-1.150515,-0.581372,,,,
每股指标,每股企业自由现金流量,0.44634,,0.027438,,-0.086411,,0.694608,,0.960603,,0.220185,,-1.450243,,-1.233341,,0.999627,,0.148599,,0.59775,,0.004081,,0.067155,,-0.409898,,1.113791,,-0.252052,,-0.222536,,0.009516,,-0.148824,,0.371083,,0.353334,,0.099865,,-0.631564,,-2.269665,,2.504555,,0.715762,,0.656308,,-0.714996,,-0.095126,,1.190376,,0.684406,,1.117132,,-0.334643,,-0.22935,,0.274102,,-0.119098,,-0.116452,-0.444943,-0.340904,,1.791053,0.8374,0.262963,0.079457,-2.108168,-2.235632,-1.427624,0.237054,-1.073688,-0.172889,-0.118663,0.001298,-0.119584,0.029742,0.12001,0.138576,0.363419,,-0.157824,,0.884517,-0.330346,-0.057553,0.369946,-0.341535,-0.62193,0.668941,0.629987,,,,
每股指标,每股股东自由现金流量,0.149479,,0.414402,,0.817586,,0.868956,,0.584761,,0.677606,,-1.238557,,-0.171172,,1.127956,,0.292436,,2.406654,,0.935323,,0.864456,,0.151413,,1.872432,,-0.150578,,1.387332,,0.305413,,0.42338,,0.951656,,0.80809,,0.445734,,-1.659444,,-4.04401,,3.984503,,1.266603,,0.564764,,-0.298797,,0.230191,,1.573623,,0.277958,,1.095901,,-0.774469,,-0.178024,,0.112902,,-0.14619,,-1.808234,-1.922015,-1.536287,,1.87345,0.902119,0.928106,0.429195,-0.998282,-1.318686,-1.285959,0.237054,-1.184175,0.220369,0.053621,0.064969,-0.475764,0.711015,0.548475,0.111235,0.32634,,0.199852,,0.735155,-0.626994,0.106566,0.348696,0.561797,0.021402,0.634186,0.564729,,,,
每股指标,每股未分配利润,5.06304,5.114598,5.040025,4.971102,5.017667,5.014448,4.903252,4.847931,4.887994,4.920916,4.783141,4.629412,4.636045,4.860513,4.813721,4.941966,5.096854,5.123018,5.117993,4.981484,5.071541,5.215496,5.175431,5.158937,5.432162,5.405993,5.181316,4.882451,4.793188,4.776104,4.580343,4.257479,4.120977,4.029339,3.816122,3.556645,3.436927,3.377165,3.210676,2.980411,2.87112,2.863653,2.796662,2.6617,2.567931,2.379333,3.634518,3.917973,3.760597,3.554894,3.339708,3.333289,3.190254,3.123256,2.745923,2.789592,2.690142,2.567915,2.254329,2.318597,2.236939,2.107002,1.902137,1.919775,1.81998,1.648348,1.471127,1.405212,1.335171,1.247583,1.207277,1.443419,1.34176,,0.866804,0.883546,1.093357,1.207764,1.107116,1.00976,0.966016,1.025069,0.984898,0.902258,0.8895,1.075552,0.992736,0.860457,0.839758,0.75995,0.759578,0.779697,0.742359,0.851087,0.793015,0.639614,0.599655,0.656719,0.431828,0.567087,0.333111,0.413819,0.166708,0.269121,0.239839,0.32488,0.242299,0.208496
每股指标,每股资本公积金,2.424439,2.424439,2.424439,2.424439,2.424439,2.424468,2.424468,2.424439,2.425851,2.425851,2.425851,2.425851,2.425851,2.424397,2.424397,2.425103,2.425103,2.425002,2.425002,2.421837,2.421837,2.42139,2.42139,2.42139,2.42139,2.42139,2.42139,2.421839,2.421839,2.421839,2.421839,2.421839,2.421839,2.421839,2.421839,2.421839,2.421839,2.41712,2.41712,2.38408,2.38408,2.366535,2.366535,2.366535,2.366535,2.598857,4.240326,2.040466,2.040466,2.507457,2.507457,2.507457,2.507457,2.499297,2.25779,2.277462,2.261289,2.164275,2.18629,2.226234,2.162194,2.165518,2.162404,2.158943,2.162194,2.163351,2.229622,2.285567,2.193658,2.123665,2.175964,3.172123,3.274664,3.424478,3.411704,3.378689,2.266621,2.265745,2.265745,2.277305,2.277305,2.275936,2.275936,2.275936,2.275936,2.271082,2.271082,2.271082,2.271082,2.271082,2.271082,2.271082,2.271082,2.271082,2.271082,2.271082,2.271082,2.256887,2.167066,1.214771,1.214771,1.214771,1.214771,2.320802,2.320802,,,
每股指标,每股盈余公积金,0.308966,0.308966,0.308966,0.308966,0.308966,0.301944,0.301944,0.301944,0.301944,0.285882,0.285882,0.285882,0.285882,0.285882,0.285882,0.285882,0.285882,0.281861,0.281861,0.281861,0.281861,0.281861,0.281861,0.281861,0.281861,0.26972,0.26972,0.26972,0.26972,0.216582,0.216582,0.216582,0.216582,0.210807,0.210807,0.210807,0.210807,0.208627,0.208627,0.208627,0.208627,0.204083,0.204083,0.204083,0.204083,0.164921,0.26355,0.306196,0.306196,0.254726,0.254726,0.254726,0.254726,0.244074,0.244074,0.244074,0.244074,0.253813,0.253813,0.253813,0.253813,0.225418,0.225418,0.225418,0.225418,0.22202,0.22202,0.22202,0.22202,0.212655,0.212655,0.276452,0.276452,,0.311959,0.311959,0.373299,0.335959,0.335959,0.335959,0.335959,0.299738,0.299738,0.299738,0.299738,0.258104,0.258104,0.258104,0.258104,0.23995,0.23995,0.23995,0.23995,0.19359,0.19359,0.195047,0.19359,0.205804,0.207395,0.162504,0.161324,0.146554,0.091513,0.084179,0.043718,0.81281,0.688402,0.541337
每股指标,每股留存收益,5.372007,5.423564,5.348992,5.280069,5.326633,5.316393,5.205197,5.149876,5.189939,5.206799,5.069023,4.915294,4.921927,5.146395,5.099603,5.227848,5.382736,5.404879,5.399854,5.263345,5.353402,5.497358,5.457292,5.440799,5.714023,5.675714,5.451037,5.152172,5.062909,4.992686,4.796925,4.474061,4.337559,4.240147,4.026929,3.767452,3.647735,3.585793,3.419304,3.189039,3.079748,3.067737,3.000745,2.865784,2.772014,2.544255,3.898068,4.224169,4.066794,3.80962,3.594435,3.588015,3.444981,3.36733,2.989997,3.033666,2.934216,2.821728,2.508142,2.57241,2.490752,2.332421,2.127556,2.145193,2.045399,1.870368,1.693147,1.627232,1.557191,1.460239,1.419933,1.719872,1.618212,,1.178763,1.195505,1.466657,1.543723,1.443075,1.345719,1.301975,1.324807,1.284636,1.201996,1.189238,1.333657,1.250841,1.118562,1.097863,0.9999,0.999528,1.019647,0.982309,1.044677,0.986605,0.834662,0.793245,0.862523,0.639224,0.729592,0.494436,0.560374,0.258222,0.353301,0.283557,1.13769,0.930701,0.749834
每股指标,每股营业收入,15.662472,11.08938,6.72211,2.837315,13.755551,9.736645,6.010527,2.655722,13.310731,9.303842,5.772469,2.290224,8.865,6.651163,3.954544,1.908512,11.930038,8.607987,4.863453,1.931635,9.878864,6.420288,3.530183,1.659517,19.415304,13.186247,8.085358,3.512872,16.944033,12.335345,7.69089,3.463955,15.223739,10.653413,6.577616,2.820427,14.267623,10.686165,6.873859,3.280915,14.612367,10.865646,6.592835,3.084182,14.654111,11.275379,10.145967,5.242692,22.429366,16.84477,9.965401,4.675534,24.749966,19.154298,9.067655,4.009533,20.275066,14.278636,7.229522,3.134023,14.647498,10.120705,5.863413,2.668432,14.905192,8.840452,5.831723,2.055543,11.04707,7.142843,4.80205,2.903713,14.186216,8.258114,4.625088,1.610969,10.733361,7.786016,4.235566,1.782419,8.642336,5.813804,3.290564,1.176192,6.535231,4.206458,2.423769,0.922944,4.111416,2.74123,1.607182,1.014481,6.36471,4.119346,2.693022,1.077713,4.901006,2.300794,3.844882,1.838597,3.51868,1.741155,2.425454,1.443542,2.478961,6.886681,5.619684,6.402602
每股指标,每股营业总收入,15.662472,11.08938,6.72211,2.837315,13.755551,9.736645,6.010527,2.655722,13.310731,9.303842,5.772469,2.290224,8.865,6.651163,3.954544,1.908512,11.930038,8.607987,4.863453,1.931635,9.878864,6.420288,3.530183,1.659517,19.415304,13.186247,8.085358,3.512872,16.944033,12.335345,7.69089,3.463955,15.223739,10.653413,6.577616,2.820427,14.267623,10.686165,6.873859,3.280915,14.612367,10.865646,6.592835,3.084182,14.654111,11.275379,10.145967,5.242692,22.429366,16.84477,9.965401,4.675534,24.749966,19.154298,9.067655,4.009533,20.275066,14.278636,7.229522,3.134023,14.647498,10.120705,5.863413,2.668432,14.905192,8.840452,5.831723,2.055543,11.04707,7.142843,4.80205,2.903713,14.186216,8.258114,4.625088,1.610969,10.775203,7.812944,4.24105,1.793503,8.723475,5.864912,3.317698,1.186578,6.606686,4.253293,2.45315,0.933324,4.159596,2.780165,1.632604,1.017095,6.381299,4.136832,2.707444,1.082193,4.913744,2.308592,3.861362,1.83931,3.519802,1.742118,2.428598,1.443876,2.48289,6.886681,5.619684,6.402602
每股指标,每股息税前利润,0.653546,0.58461,0.370686,0.020865,0.855873,0.713513,0.387954,0.023188,0.972808,0.902638,0.499424,0.095181,-0.393181,-0.091282,-0.254853,-0.153643,0.421572,0.329897,0.323394,-0.056049,-0.03396,-0.005249,-0.139224,-0.347619,1.87449,1.55667,1.113085,0.234261,1.854191,1.55393,1.130543,0.28161,1.686754,1.43026,0.995286,0.245102,1.400604,1.237565,0.894941,0.231239,0.954255,0.830938,0.486059,0.170897,0.992633,0.82086,0.789382,0.304168,1.651446,1.219819,0.715453,0.326553,1.799634,1.616591,0.623293,0.19542,1.705972,1.256409,0.519943,0.145597,1.370047,1.04257,0.653624,0.171325,1.594775,0.983907,0.676748,0.133051,0.79948,0.435177,0.334713,0.147904,1.014209,0.662909,0.379161,0.126798,0.492027,0.326649,0.168131,0.050393,0.271126,0.154401,0.10991,0.008603,0.308745,0.26981,0.168494,0.020707,0.188263,-0.003388,0.053949,0.038703,0.475476,0.293358,0.274053,0.05671,0.614839,0.319035,0.56243,0.311645,0.563257,0.366451,0.365378,0.251286,0.471107,1.039202,0.939204,0.872589
盈利能力,净资产收益率(ROE),1.32,1.9,1.06,-0.5359,2.56,2.44,1.16,-0.4677,3.17,3.37,1.75,-0.08,-5.4,-2.76,-3.28,-1.781,0.34,0.59,0.53,-1.0357,-3.59,-2.12,-2.6,-3.1607,8.95,9.35,6.06,1.0419,10.21,9.37,7.0,1.7514,10.71,9.43,6.6,1.6866,9.49,9.01,6.62,1.686,6.51,6.3,3.68,1.474,9.6,9.9187,7.74,2.2087,8.44,7.2254,4.25,2.0527,12.83,9.8702,4.101,1.604,11.89,9.1144,3.827,1.438,11.9,9.1748,5.417,1.9129,12.38,,5.33,,6.79,,3.87,,9.23,,4.72,,8.11,,2.99,,,,2.06,,6.02,,3.44,,2.83,,,,7.38,,,,9.67,5.98,14.33,,17.05,,14.38,,,,,
盈利能力,摊薄净资产收益率,1.317814,1.894148,1.057649,-0.537409,2.543523,2.427908,1.16571,-0.468884,3.121913,3.311682,1.737192,-0.079848,-5.541083,-2.766135,-3.334059,-1.797066,0.334473,0.585374,0.528599,-1.041191,-3.668313,-1.988045,-2.449441,-3.092635,8.618593,8.297772,5.971411,1.036474,9.762371,9.005919,6.834126,1.737059,10.223425,9.078358,6.461301,1.671775,9.490769,8.695861,6.462097,1.672251,6.343366,6.187184,3.611755,1.513782,8.233435,6.81251,4.376324,2.186489,10.952951,7.098628,4.257,2.032336,10.302981,9.303349,4.135,1.588755,10.476011,8.950024,3.851,1.419716,11.403621,8.937747,5.375,1.895013,11.769966,8.6959,5.24,1.6436,6.64,4.75,3.84,1.74,8.68,6.86,3.99,1.7,6.95,5.05,3.0,0.9241,4.9295,2.95,2.1,0.29,5.83,5.12,3.38,0.47,2.79,0.41,0.4032,0.87,7.32,5.83,4.54,0.973258,9.49,5.68,11.83,7.95,17.05,10.89,14.18,7.34,10.09,39.03,40.56,42.95
盈利能力,净资产收益率_平均,1.320837,1.904752,1.058715,-0.535855,2.562641,2.44538,1.166777,-0.467773,3.171533,3.367624,1.752846,-0.079806,-5.393857,-2.729524,-3.279867,-1.780953,0.335044,0.587164,0.530032,-1.035751,-3.592885,-1.96364,-2.414098,-3.045649,8.938994,8.589611,6.105243,1.041875,10.202078,9.374391,7.031391,1.751838,10.699395,9.442838,6.630316,1.686238,9.921087,9.047424,6.644946,1.68616,6.507787,6.332184,3.678564,1.525039,9.90462,8.196957,5.249163,2.209667,11.069191,7.274843,4.298267,2.052652,10.900548,9.779716,4.149693,1.603788,10.955448,9.20448,3.864802,1.438099,11.859611,9.169438,5.414127,1.911799,12.30989,8.935572,5.333595,1.671453,6.79107,4.764054,3.865084,1.736539,10.487794,8.220221,4.719322,2.005668,7.107239,5.101928,3.005082,0.929345,4.959594,2.941364,2.078051,0.280404,6.01314,5.262486,3.452484,0.47333,2.825964,0.413063,0.404351,0.874728,7.491417,6.000704,4.646959,0.978192,9.782219,5.9069,14.458198,8.295246,17.849661,11.491948,14.383515,7.412098,17.050201,41.414525,42.929932,42.954696
盈利能力,净资产收益率_平均_扣除非经常损益,1.114729,1.773186,1.006925,-0.533118,1.615217,2.439005,1.187028,-0.452672,2.12807,3.160025,1.648385,-0.122746,-6.754918,-2.93386,-3.439304,-1.901521,-1.808031,-0.069759,0.012708,-1.51712,-6.115933,-4.432034,-4.803416,-3.179593,6.797422,6.641392,4.120378,0.896127,8.422452,7.639717,5.311344,1.659333,8.068168,6.944683,4.192652,1.744818,7.623127,6.912436,4.596335,1.613916,5.622932,5.70086,3.201117,1.474249,7.274935,7.576372,4.760275,1.917815,6.472855,5.829909,3.203546,1.294772,10.004537,8.991238,3.380325,1.39668,11.641421,8.874993,3.464756,1.404021,10.738113,7.839528,4.84154,1.501443,9.350088,6.297496,3.917121,1.344984,8.380396,3.946095,3.478581,1.293637,6.492583,7.936654,4.532169,1.970249,3.267405,4.122945,2.110082,0.928668,4.253359,3.433389,2.28276,0.300912,3.103808,1.467973,0.670351,0.067486,-2.476203,-1.625942,-1.21558,0.309798,5.610201,5.0039,3.689158,,8.214496,4.691466,14.437949,8.05235,17.164787,,,,,,,
盈利能力,摊薄净资产收益率_扣除非经常损益,1.112178,1.763315,1.005912,-0.534664,1.603168,2.421579,1.185943,-0.453747,2.094776,3.107531,1.633664,-0.12281,-6.939295,-2.973211,-3.496131,-1.918726,-1.804946,-0.069546,0.012673,-1.525089,-6.244329,-4.487116,-4.873739,-3.228645,6.553782,6.415745,4.030056,0.891482,8.059446,7.339428,5.162335,1.645333,7.70925,6.676628,4.085776,1.729852,7.292481,6.643834,4.469857,1.600602,5.480867,5.570317,3.142979,1.463367,6.047451,6.29674,3.968729,1.897698,6.404882,5.688694,3.172,1.281957,9.456089,8.553277,3.369,1.383588,11.131964,8.629645,3.452,1.386074,10.325244,7.641441,4.807,1.48826,8.939983,6.1286,3.85,1.3225,8.2,3.93,3.46,1.29,5.37,6.63,3.83,1.67,3.2,4.081286,2.11,0.925342,4.23,3.451467,2.3,0.306528,3.01,1.428416,0.66,0.067232,-2.44,-1.621277,-1.212145,0.308201,5.49,4.858139,3.605387,,7.95,4.51,11.81,,,,,,,,,
盈利能力,息税前利润率,4.172688,5.271803,5.514439,0.73541,6.222021,7.328126,6.454589,0.873166,7.308451,9.701778,8.651834,4.155978,-4.43521,-1.372431,-6.444564,-8.050434,3.533707,3.83246,6.649475,-2.901648,-0.343764,-0.081757,-3.94382,-20.94701,9.654707,11.805259,13.766676,6.66866,10.943036,12.597379,14.699769,8.129748,11.079765,13.425369,15.131419,8.690257,9.816663,11.581005,13.019486,7.048001,6.530466,7.647389,7.372536,5.541084,6.773754,7.280117,7.780263,5.801767,7.362876,7.241533,7.179379,6.984308,7.271258,8.439838,6.87381,4.873896,8.414138,8.799223,7.191944,4.645693,9.353455,10.301357,11.147514,6.420456,10.699459,11.129608,11.604612,6.472814,7.237034,6.092503,6.970218,5.093631,7.149263,8.027375,8.19792,7.870941,4.56629,4.180879,3.964375,2.809772,3.108004,2.632634,3.312857,0.725065,4.673234,6.34357,6.868473,2.218636,4.526002,-0.121896,3.30452,3.805264,7.451095,7.091381,10.122204,5.240311,12.512652,13.819477,14.565597,16.943625,16.002523,21.034833,15.044829,17.403615,18.974158,15.090035,16.712766,13.628667
盈利能力,总资产报酬率,2.676642,2.38311,1.510316,0.085659,3.542293,2.99644,1.640199,0.098835,4.040888,3.677,2.036927,0.394815,-1.625629,-0.377993,-1.054883,-0.63701,1.768743,1.393905,1.350327,-0.237131,-0.14679,-0.023142,-0.622706,-1.535424,8.745151,7.258768,5.340577,1.157322,9.720348,8.240094,6.231413,1.590416,10.186946,9.089547,6.497008,1.614394,9.888826,8.883241,6.466266,1.760951,7.494472,6.683832,3.917007,1.414085,8.384961,6.963817,4.423366,1.52694,8.553806,6.332118,3.727506,1.738717,9.164882,8.329718,2.990159,0.97056,8.784849,6.659985,2.750556,0.802115,8.592493,7.033986,4.684418,1.266547,12.892911,7.845221,5.89049,1.184344,7.212041,3.828388,3.002047,1.046107,8.285409,5.337881,3.210677,1.067224,4.115701,2.828916,1.40977,0.430947,2.967875,1.734324,1.335452,0.127704,4.651741,4.119325,2.584588,0.322238,2.845842,-0.047933,0.777101,0.569119,7.114667,4.20709,4.065111,0.863462,9.642287,5.005499,10.601899,5.496108,13.212429,8.989582,10.522499,4.836921,13.489044,16.524412,16.021432,15.103683
盈利能力,总资本回报率,3.722039,3.301285,2.068659,0.116443,4.909281,4.16137,2.270164,0.135985,5.539224,5.106371,2.752949,0.535781,-2.247825,-0.527473,-1.450494,-0.886322,2.596513,2.040229,1.982274,-0.34787,-0.2307,-0.035946,-0.971132,-2.441079,14.128132,11.923272,8.555414,1.812754,15.722829,13.187338,9.97878,2.510894,17.037073,15.164098,10.949093,2.707119,17.192325,15.183676,11.160333,3.039862,13.343041,11.723837,6.894567,2.476513,15.891941,13.180631,8.409123,2.971813,18.004437,13.857973,8.221615,3.833044,22.422385,20.494631,7.987919,2.488352,23.491151,17.420558,7.382869,2.101775,20.102369,15.309911,9.569511,2.477733,23.475924,14.276869,9.986599,1.950297,11.819818,6.457249,4.987698,1.710541,13.255013,8.584141,4.916334,1.638202,6.408985,4.284379,2.180042,0.657212,4.255221,2.409843,1.831463,0.167684,5.970728,4.988463,3.210353,0.40052,3.587283,-0.05927,0.964918,0.720289,8.981724,5.139606,4.988794,1.066991,12.134147,6.286002,13.545137,8.041601,17.579632,11.815168,13.923304,6.411317,19.115375,33.162407,34.871564,36.725852
盈利能力,投入资本回报率,2.136056,1.91999,1.272647,0.067753,2.96394,2.542296,1.482838,0.167541,3.589822,3.153094,1.78367,0.452265,-0.607844,0.167234,-0.641545,-0.398467,1.983737,1.36965,1.178828,-0.202373,-0.805939,-0.211989,-0.812792,-1.585156,7.203197,6.593447,4.650892,1.017812,8.13337,7.310364,5.469301,1.46455,8.853098,8.127646,5.661622,1.58545,8.712144,8.283189,5.969811,1.667326,6.398298,6.192525,3.62223,1.530991,9.118792,7.788981,5.011663,2.010999,9.738523,7.105798,4.065409,1.977757,9.555981,8.767675,3.677181,1.444261,9.4331,7.701716,3.253131,1.238289,10.212208,7.507596,4.455471,1.460037,9.84728,6.876995,4.353165,1.375446,5.438288,4.031558,3.064758,1.383387,7.495458,5.69486,3.335957,1.48449,5.16577,3.52291,1.927909,0.603734,3.808265,2.527084,1.808127,0.278802,5.543426,4.544698,3.093111,0.560423,3.560733,0.058211,1.011489,0.669775,7.987847,4.458431,4.4251,0.808668,10.885762,5.582936,11.442064,6.749797,14.531534,9.635169,11.647659,5.443874,15.81813,27.008478,29.402502,31.134308
盈利能力,息前税后总资产报酬率_平均,1.969336,1.750492,1.10134,-0.023874,2.703171,2.33915,1.284349,0.0006,3.312118,2.857546,1.677797,0.271624,-1.105317,-0.480901,-1.10911,-0.663091,1.579155,1.066946,0.994918,-0.277287,-0.45854,-0.37705,-0.859233,-1.5655,6.888948,5.64074,4.098922,0.847552,7.559334,6.423463,4.822054,1.068349,7.722656,6.473926,4.884457,1.07822,7.480094,6.332029,4.965522,1.184275,5.34558,4.650167,2.911654,0.959636,6.488919,4.871133,3.468768,0.975081,6.596438,4.289656,2.86069,1.183998,6.757708,5.865027,2.199449,0.667221,6.474155,4.887366,2.012932,0.567235,6.700708,5.348583,3.675089,1.000308,9.460503,5.692822,4.379694,0.851035,5.512791,2.564479,2.440438,0.818887,6.502324,4.021438,2.655192,0.746143,3.525725,2.240514,1.215007,0.346775,2.261847,1.237178,1.184018,0.090162,4.113932,3.53354,2.330084,0.205659,2.48771,0.100393,0.735383,0.528894,6.480743,3.73581,3.710045,0.664846,9.058612,4.583886,8.612074,4.191017,11.706858,8.160804,10.559061,5.325881,10.572455,13.45993,13.449721,13.010096
盈利能力,毛利率,19.825655,20.55988,21.35217,20.54747,23.085543,23.879913,24.109826,20.649069,24.453231,25.940039,25.100518,23.175588,16.024728,14.784418,12.912542,12.020382,18.499774,17.655411,22.126098,16.74653,19.436648,16.603971,13.63086,11.884018,24.087951,24.355665,24.964394,23.97117,25.299123,24.060149,24.458572,23.463896,25.449489,26.104882,26.604497,26.831352,23.789527,23.425302,24.368299,23.052966,21.168538,21.268962,21.920962,20.275733,19.945544,19.207166,19.669893,18.244741,19.804594,19.512074,19.76295,18.27794,19.95207,20.350743,20.179287,18.877185,20.491166,20.578173,20.482527,19.013113,21.321889,22.300524,23.386623,20.770683,23.887235,24.880875,25.641038,22.844927,22.431329,20.391024,19.464356,18.646507,18.085125,18.720346,20.670361,21.192916,13.56086,13.761308,14.873828,16.456043,11.520058,10.897054,11.291516,9.578387,10.085113,10.899365,11.090019,12.617753,11.137517,13.004219,14.433135,15.868691,15.266666,15.221501,15.539601,15.494961,17.459021,19.508688,22.810894,21.336145,21.908555,24.453853,23.481356,23.863431,25.699137,24.41162,24.811274,23.40007
盈利能力,销售净利率,1.411996,2.311659,2.002642,-2.274019,2.603067,3.415428,2.506224,-2.579026,3.162995,4.610833,3.828127,-0.938577,-7.351243,-5.733331,-11.083054,-12.872071,0.491959,0.958709,1.900103,-6.3672,-3.423881,-3.601544,-8.280412,-24.219102,6.474949,8.353611,9.612424,3.660055,7.483426,8.958459,10.591369,5.461092,7.830148,9.562066,10.836803,5.804045,7.132786,8.255011,9.428122,4.739921,4.316806,5.320547,5.076316,3.760328,4.784202,5.092383,5.384017,3.704923,5.136564,4.905734,4.964732,4.756037,5.134359,5.942564,4.712612,3.350608,5.995847,6.457225,5.101236,3.285316,6.903751,7.833065,8.365237,5.070822,7.443486,8.076111,7.958831,4.651177,5.036678,4.081115,5.030811,3.98727,5.222969,6.047642,6.111859,5.502919,3.408444,3.322727,3.241993,2.275032,2.258376,1.894496,2.562959,0.516433,3.932945,5.502075,5.888785,1.431907,2.421525,0.258929,0.731363,3.545422,5.056101,6.32373,7.441045,4.051696,8.380068,10.549255,11.882556,12.925255,14.183537,19.106124,15.116672,19.167362,14.895152,12.291561,14.030084,11.739539
盈利能力,成本费用利润率,2.636329,3.929231,3.703284,-1.35252,4.271069,5.327864,4.106942,-1.703818,4.816426,7.303281,5.955532,0.362874,-7.801682,-5.022894,-9.763839,-11.100656,1.069695,1.863835,3.726463,-5.38511,-2.302333,-2.189312,-5.921887,-19.701493,9.432314,11.909027,13.970394,5.761245,11.101617,12.869601,15.475242,7.915929,11.421772,13.943798,16.053899,8.603834,10.252602,11.844666,13.570706,7.065826,6.619141,7.829053,7.522154,5.528385,6.766117,7.186399,7.630275,5.174462,7.228717,7.01906,7.059368,6.753557,7.7528,9.068035,7.015355,4.779493,9.131578,9.593725,7.594133,4.769972,9.817621,11.090918,11.877677,6.847037,11.819596,12.131405,12.562061,6.175384,7.447612,5.659831,6.762108,4.730552,7.391509,8.157931,8.186405,7.08363,4.201785,4.014341,3.948452,2.788274,3.084646,2.260101,3.032788,0.602061,4.533715,6.241831,6.568877,1.327503,2.849799,0.388752,0.887786,4.039766,6.056127,7.426256,8.82184,5.197384,9.682976,12.527111,15.668131,17.222894,18.015922,25.342226,19.310001,25.406656,21.529971,17.738582,19.889503,16.281
盈利能力,营业利润率,2.36358,3.704143,3.490922,-1.312938,4.173377,5.132757,4.064785,-1.502927,4.571534,6.765753,5.619633,0.335308,-8.52014,-5.470713,-10.878433,-12.667514,0.876963,1.670727,3.481175,-6.093602,-2.368623,-2.517135,-6.747678,-24.059059,8.701102,10.943869,12.739626,5.335476,10.086857,11.679046,13.885994,7.319271,10.393685,9.230177,9.201499,8.133701,7.459246,8.257265,8.606775,6.433094,5.424086,6.553841,6.05424,5.088061,5.957724,6.219839,6.31906,4.729527,5.250842,5.117231,4.826859,3.574195,6.70088,7.791936,5.837689,4.397244,7.576853,8.267064,6.278281,4.435894,8.41377,9.322446,10.111351,6.370443,10.144985,10.381994,10.696321,5.19822,6.477847,4.911918,5.778316,4.287325,6.618822,7.537829,7.511527,6.585458,4.078341,3.816239,3.772201,2.644159,2.904845,2.148536,2.873959,0.478014,4.402483,6.038726,6.416318,1.135292,2.800065,0.205817,0.718423,3.82959,4.853725,5.793008,6.497297,4.692762,8.568851,11.181596,13.71881,15.077642,15.39713,20.374472,16.12683,21.095871,16.936667,15.004904,16.186901,13.535448
盈利能力,总资产净利率_平均,0.472521,0.680479,0.376304,-0.191157,0.917427,0.888011,0.42387,-0.170755,1.113276,1.160455,0.599938,-0.027515,-1.905237,-0.978322,-1.171597,-0.641826,0.123073,0.217504,0.19396,-0.38101,-1.385867,-0.7789,-0.969371,-1.206824,3.661916,3.509717,2.533318,0.437442,4.326785,4.004244,3.083153,0.770905,4.770047,4.400396,3.128075,0.788534,4.71625,4.350185,3.175946,0.83228,3.202232,3.183076,1.843274,0.775891,4.244543,3.528951,2.228478,0.79003,3.997672,2.671509,1.56015,0.76158,3.619664,3.262208,1.22707,0.49392,3.313498,2.814603,1.150017,0.449865,4.008445,3.285828,2.02217,0.737743,4.917039,3.453956,2.227869,0.71349,2.824746,1.895465,1.570962,0.719024,4.160623,3.178409,1.882347,0.793919,2.851791,2.093628,1.183109,0.374079,2.530785,1.522789,1.159127,0.189372,4.072251,3.599976,2.346573,0.322117,1.84017,0.248814,0.248032,0.549054,4.661907,3.605819,2.868172,0.608417,6.032623,3.669865,8.489617,4.126343,10.836031,7.381655,10.09871,5.192189,10.41036,13.267289,13.357609,13.010096
盈利能力,总资产净利率_平均(含少数股东损益),0.905749,1.044981,0.548491,-0.264874,1.481966,1.396554,0.636866,-0.291925,1.748839,1.747518,0.901267,-0.089164,-2.694437,-1.579065,-1.814138,-1.018534,0.246242,0.348692,0.385859,-0.520346,-1.462028,-1.019468,-1.307429,-1.77527,5.864953,5.136433,3.728997,0.635189,6.647288,5.859834,4.489812,1.068349,7.199186,6.473926,4.65302,1.07822,7.18522,6.332029,4.682577,1.184275,4.954038,4.650167,2.697032,0.959636,5.922173,4.871133,3.061012,0.975081,5.967393,4.289656,2.57767,1.183998,6.47148,5.865027,2.050021,0.667221,6.260012,4.887366,1.950966,0.567235,6.342088,5.348583,3.515247,1.000308,8.969444,5.692822,4.039895,0.851035,5.019284,2.564479,2.166752,0.818887,6.052993,4.021438,2.393681,0.746143,3.060179,2.240514,1.151393,0.346775,2.136494,1.237178,1.024709,0.090162,3.872515,3.53354,2.189394,0.205659,1.504961,0.100393,0.169311,0.528894,4.81526,3.73581,2.972431,0.664846,6.440965,3.808097,8.612074,4.191017,11.706858,8.160804,10.559061,5.325881,10.572455,13.45993,13.449721,13.010096
成长能力,归母净利润,83512254.63,120831526.22,66852961.86,-33705204.97,160449900.56,153058738.1,72570563.24,-28998995.53,193997395.84,206201173.89,106473980.44,-4801532.12,-333551708.91,-171012916.76,-204883156.09,-112054142.13,21233119.25,37261285.13,33623951.1,-65186874.51,-232078311.6,-127877418.66,-156878638.42,-197770736.83,568155186.1,544814331.36,382184022.65,64092957.59,597421371.33,546591016.28,404891159.15,98805695.63,571706585.89,501195532.35,346860226.26,86656589.55,483515308.64,438679232.04,318168139.52,79109001.83,295133922.04,286439487.86,165564510.53,67873919.76,363715151.91,361108914.14,251917852.17,65365817.66,244347826.67,213755596.37,124378112.2,59409426.51,295215980.67,262963830.65,106238532.25,41306541.01,267262898.18,220540962.34,90293005.33,33916643.5,265464558.82,202284598.48,117193861.39,41449565.19,253966884.16,179920319.15,106311469.72,33292313.32,130059868.84,89491329.21,72750445.14,32480273.29,162720842.27,126114842.6,71022791.67,28446926.4,97600093.01,68765690.45,40401347.51,15907726.24,61729410.25,36197012.17,25471453.64,3406386.92,72165822.21,62956991.05,40844958.73,5526704.97,32503071.95,4696862.52,4597599.4,9969424.5,81339195.06,67132383.61,51627215.49,10669191.47,102706856.07,62452929.96,120249859.64,56154274.69,110867828.1,72217472.27,84159117.86,43158957.38,58173421.1,41248298.13,37928210.12,35730306.17
成长能力,营业总收入,11337123905.49,8026936932.57,4865732420.82,2053762556.79,9956818409.65,7047773542.72,4350660498.19,1922317820.37,9634839565.77,6734493443.35,4178344052.51,1657756086.53,6416841787.68,4814378547.7,2862457149.62,1381457849.27,8635438895.21,6230805808.33,3520362422.9,1398194909.9,7150717615.55,4647261516.01,2555288310.96,1201225042.22,14053574128.39,9544733473.16,5852505878.96,2542757730.59,12264769135.44,8928816132.07,5566974168.46,2507349229.49,11019551807.19,7711366799.7,4761141685.72,2041538454.83,10327476311.96,7735073880.32,4975574704.33,2374858204.68,10577015943.44,7864989447.39,4772157910.52,2232454374.43,10607231706.45,8161570637.51,4896038089.92,2177552535.2,9316037547.42,6996475297.03,4139129375.36,1941983181.23,10279898405.53,7955737960.23,3766250762.61,1665359552.94,8421248949.37,5930631652.42,3002782144.12,1301716578.77,6083838542.92,4203634968.96,2435368787.91,1108333377.9,6190871657.22,3671881946.78,2422206550.67,853770060.19,4588400919.88,2966780150.08,1994531873.33,927736599.65,4532496046.24,2638467459.63,1477715732.83,514704777.64,2897367658.13,2086056250.84,1134217475.88,478865493.93,2329167841.43,1565931693.22,885825485.48,316816436.52,1763985409.48,1135629480.06,654991228.58,249197522.35,1110612214.16,742304145.06,435905465.86,271564542.25,1703806994.54,1104534186.78,722887798.23,288945613.23,1311969857.61,616394185.76,1030983764.92,441434633.52,844752554.79,418108468.74,582863582.02,231020169.02,397262430.24,340454901.6,272199062.1,304358679.45
成长能力,净利润,160079747.96,185555449.93,97443202.33,-46702968.49,259182707.29,240711635.31,109037300.47,-49577083.22,304749512.95,310516277.34,159952354.48,-15559326.43,-471717644.57,-276024264.6,-317247692.89,-177822237.83,42482856.57,59735328.0,66890535.68,-89025875.66,-244832124.87,-167373196.3,-211588403.97,-290925920.67,909961785.4,797329905.47,562567730.48,93066334.54,917825038.08,799884408.02,589618817.66,136928671.43,862847222.72,737366043.28,515955573.88,118491829.07,736636883.26,638531274.79,469103279.67,112566414.45,456589281.92,418460486.07,242249823.15,83947615.17,507471401.95,483678996.47,331664098.96,80676649.72,411355306.6,343228478.05,205496701.38,92361451.0,527806987.43,472774874.0,177488803.99,55799680.85,504925206.39,382954282.22,153179004.76,42765503.83,420013083.36,329273465.52,203724389.41,56201617.91,460816691.54,296545285.52,192779330.3,39710364.44,231103000.28,121077739.18,100341134.85,36991364.69,236730907.64,159565084.23,90315906.43,28323789.53,104404631.52,73294173.84,39391422.83,12579427.91,52112118.41,29407995.63,22517668.13,1621824.87,68626234.01,61795150.11,38109057.81,3528597.83,26582257.68,1895129.05,3138409.87,9603358.85,84075590.21,69552532.56,53503880.77,11658730.8,109658968.1,64805341.86,121984378.92,57034410.35,119777611.95,79840175.46,87995522.83,44270243.68,59079213.35,41847222.35,38189759.03,35730306.17
成长能力,扣非净利润,70480740.05,112485394.37,63582684.63,-33533053.68,101130628.1,152659758.67,73830108.54,-28062800.14,130170525.76,193489740.51,100128665.68,-7384993.14,-417718633.9,-183815153.9,-214842705.71,-119640076.52,-114582084.22,-4426924.52,806183.77,-95482708.04,-395051681.93,-288625634.06,-312146950.29,-206468450.85,432038611.13,421244430.21,257932852.83,55127012.23,493208610.63,445447677.43,305845094.82,93588274.45,431110841.39,368601482.24,219335602.56,89667033.89,371521656.36,335160819.45,220078137.16,75719532.21,255004962.84,257881232.43,144075632.46,65613446.46,267148474.46,278303723.68,174035023.13,56732335.0,187459086.28,171299336.1,92700376.56,37474290.08,270949624.3,241762669.16,86541528.79,35972352.26,283997505.98,212646393.84,80946772.77,33112942.19,240361040.49,172945809.04,104799670.35,32552677.9,191879179.02,126801904.88,78077713.43,26789645.64,160497999.2,74126220.15,65475496.88,24196231.25,100734112.2,121764340.95,68206268.47,29605187.13,41848134.41,52161072.26,26453249.22,11670992.05,52939274.89,42251961.22,27980649.35,3655523.45,37249898.83,17561886.34,7930654.53,787983.57,-28480268.41,-18488272.01,-13821530.38,3530829.27,62296549.87,55980722.41,40986147.3,,86246801.05,49602299.82,120081447.4,54510000.0,106613938.23,,,,,,,
成长能力,营业总收入增长率,13.862917,13.89323,11.838936,6.837825,3.341818,4.651873,4.124036,15.959026,50.149246,39.882923,45.970536,20.000482,-25.69177,-22.732649,-18.688566,-1.197047,20.763248,34.074783,37.767719,16.397416,-49.118156,-51.310725,-56.33856,-52.758966,14.584905,6.898085,5.129028,1.412188,11.300072,15.787724,16.925194,22.816654,6.701303,-0.306488,-4.309713,-14.035353,-2.359263,-1.651821,4.262574,6.378801,-0.28486,-3.633873,-2.530212,2.521263,13.859907,16.652604,18.286664,12.130349,-9.376171,-12.057494,9.900525,16.610444,22.070947,34.146553,25.425374,27.935648,38.419994,41.083412,23.298867,17.448107,-1.728886,14.481757,0.543398,29.816379,34.924383,23.766567,21.442358,-7.972795,1.233423,12.44331,34.973989,80.246354,56.434963,26.481127,30.285043,7.484206,23.519618,33.215022,27.831111,51.149195,32.040085,37.891074,35.242343,27.134665,58.830002,52.987085,50.259925,-8.236355,-34.815843,-32.794823,-39.699429,-6.015343,29.866321,,17.276868,,27.254172,39.634305,22.045652,5.578974,44.931435,80.983535,46.720036,,16.685771,25.075707,-10.566354,
成长能力,归属母公司净利润增长率,-47.951195,-21.055453,-7.878678,-16.22887,-17.292755,-25.77213,-31.841974,-503.952963,158.161115,220.576373,151.968147,95.714989,-1670.903007,-558.956034,-709.336944,-71.896785,109.149118,129.138283,121.433097,67.03917,-140.847697,-123.471742,-141.047932,-408.568592,-4.89875,-0.325048,-5.608207,-35.132324,4.497899,9.057439,16.73035,14.019829,18.239603,14.251028,9.0179,9.540744,63.82912,53.149007,92.171703,16.55287,-18.855752,-20.677813,-34.278373,3.837023,48.851396,40.861693,54.294584,10.026003,8.589203,-18.712928,17.074388,43.825711,10.45902,19.235822,17.659758,21.78841,0.677431,9.025088,-22.954151,-18.173704,4.527233,12.430102,10.236328,24.501907,94.233007,101.047767,46.13171,2.500102,-20.071782,-29.039812,2.432533,14.178497,66.722015,83.397915,75.793125,89.451266,47.46262,78.320187,47.904799,242.870665,-14.46171,-42.505174,-37.638684,-38.364958,122.027697,1240.405233,788.397513,-44.56345,-60.040086,-93.003581,-91.09462,-6.558762,-19.00651,,-17.334197,,-14.588793,11.216697,8.462357,-22.242813,31.735967,67.329047,44.669363,,41.032294,8.753611,6.151371,
收益质量,经营活动净现金/销售收入,0.08268,0.047309,0.001711,-0.009482,0.028389,0.046466,0.045337,0.015361,0.095537,0.093834,-0.000232,-0.034069,-0.048646,-0.069818,-0.189559,-0.252603,0.104746,0.103596,0.049344,-0.064886,0.085229,0.109754,0.153929,0.277559,0.042424,0.123143,0.092499,0.029589,0.058628,0.063727,0.047599,-0.05368,-0.07131,0.068556,0.061967,0.00056,0.091738,0.058829,0.062668,0.0098,0.048242,0.026481,0.007276,-0.010945,0.049421,0.028769,0.025391,-0.022649,0.053096,0.052741,0.040335,0.05731,0.02435,0.011697,0.008832,-0.038338,0.072564,0.071171,0.076229,0.014536,0.243552,0.209624,0.160818,0.004819,0.09479,0.097295,0.071502,0.115046,0.050291,0.050407,0.112555,0.102951,0.148538,0.150521,0.085187,0.124947,0.051099,-0.030413,-0.099058,-0.062438,-0.138615,-0.131554,-0.044783,-0.098682,0.029629,0.022172,0.007286,-0.112923,0.039034,0.040422,0.007083,0.005288,0.04727,,0.023549,,0.050942,0.033503,0.034033,0.122362,0.03944,-0.030736,0.000993,0.097879,,,,
收益质量,经营性现金净流量/营业总收入,0.08268,0.047309,0.001711,-0.009482,0.028389,0.046466,0.045337,0.015361,0.095537,0.093834,-0.000232,-0.034069,-0.048646,-0.069818,-0.189559,-0.252603,0.104746,0.103596,0.049344,-0.064886,0.085229,0.109754,0.153929,0.277559,0.042424,0.123143,0.092499,0.029589,0.058628,0.063727,0.047599,-0.05368,-0.07131,0.068556,0.061967,0.00056,0.091738,0.058829,0.062668,0.0098,0.048242,0.026481,0.007276,-0.010945,0.049421,0.028769,0.025391,-0.022649,0.053096,0.052741,0.040335,0.05731,0.02435,0.011697,0.008832,-0.038338,0.072564,0.071171,0.076229,0.014536,0.243552,0.209624,0.160818,0.004819,0.09479,0.097295,0.071502,0.115046,0.050291,0.050407,0.112555,0.102951,0.148538,0.150521,0.085187,0.124947,0.0509,-0.030308,-0.09893,-0.062052,-0.137325,-0.130408,-0.044417,-0.097818,0.029309,0.021928,0.007199,-0.111667,0.038582,0.039856,0.006973,0.005274,0.047147,,0.023424,,0.05081,0.03339,0.033888,0.122314,0.039427,-0.030719,0.000992,0.097856,,,,
收益质量,成本费用率,95.383878,94.448678,94.399707,98.604024,95.455769,94.276086,95.121403,100.431135,95.20627,92.738675,93.936794,98.705363,108.104014,106.705155,110.11824,112.988482,100.948037,99.668915,97.955046,109.1125,103.736698,107.397748,114.531044,120.847685,93.03185,92.241633,91.716103,94.510723,91.457612,91.189369,89.924397,92.578981,92.020895,91.288497,90.896339,91.184866,92.892913,92.315729,91.740178,92.181242,93.505908,92.603761,92.640719,93.262083,93.346165,92.775701,92.566253,94.262286,94.365452,93.795502,93.978201,95.35404,90.859676,89.706105,93.085863,94.683301,89.897185,89.930843,92.57038,94.636867,91.295798,90.70177,90.650198,93.109261,87.075259,87.941659,87.049311,94.039666,90.52319,93.732804,93.680364,94.602471,91.47722,92.750518,91.984139,94.684564,96.757979,95.919506,95.996859,96.268046,97.407598,97.457863,96.997199,99.652945,98.796386,99.054287,100.067635,101.752542,105.19231,102.058844,102.679063,97.788013,94.4784,94.900209,94.423637,95.851698,94.386925,93.534849,89.256348,89.698525,88.277528,83.517634,87.62172,83.887317,83.348253,84.087278,83.235535,84.850533
收益质量,期间费用率,15.209533,15.008559,15.751877,19.151495,18.541313,18.156,19.23123,21.080205,19.659502,18.678714,19.037312,21.880952,24.128743,21.489573,23.030782,25.008865,19.447812,17.324326,20.081144,25.85903,23.173346,24.001719,28.161905,32.731703,17.119802,16.597299,16.680497,18.481893,16.756736,15.249518,14.38297,16.042878,17.470384,17.39338,17.500836,18.016218,16.68244,15.741031,16.108478,15.234209,14.674446,13.872724,14.561681,13.537816,13.291709,11.982867,12.236147,12.507027,14.170047,13.307577,13.741151,13.631981,10.811747,10.056848,13.26515,13.560486,10.388352,10.509016,13.052907,13.649981,12.617687,13.002295,14.036822,13.879944,10.962495,12.822535,12.690349,16.884593,12.95452,14.123829,13.144721,13.248978,9.562346,11.470864,12.6545,15.877481,10.31884,9.680814,10.870688,12.724089,8.927657,8.354918,8.288715,9.231333,8.8815,9.953653,11.157655,14.370295,16.329828,15.063064,17.112198,13.656705,9.745066,10.121711,9.963239,11.34666,11.845946,13.043537,12.067243,11.034671,10.186083,7.971488,11.103076,7.750749,9.04739,8.498898,8.046809,8.250604
收益质量,销售成本率,80.174344,79.440119,78.647829,79.452529,76.914456,76.120086,75.890173,79.35093,75.546768,74.05996,74.899481,76.824411,83.975271,85.215581,87.087457,87.979617,81.500225,82.344588,77.873901,83.253469,80.563351,83.396028,86.369139,88.115981,75.912048,75.644334,75.035605,76.028829,74.700876,75.93985,75.541427,76.536103,74.55051,73.895117,73.395502,73.168647,76.210472,76.574697,75.6317,76.947033,78.831461,78.731037,78.079037,79.724266,80.054455,80.792833,80.330106,81.755258,80.195405,80.487925,80.237049,81.722059,80.047929,79.649256,79.820712,81.122814,79.508833,79.421826,79.517472,80.986886,78.67811,77.699475,76.613376,79.229316,76.112764,75.119124,74.358961,77.155072,77.56867,79.608975,80.535643,81.353492,81.914874,81.279653,79.329638,78.807083,86.439139,86.238691,85.126171,83.543956,88.479941,89.102945,88.708483,90.421612,89.914886,89.100634,88.90998,87.382246,88.862482,86.99578,85.566864,84.131308,84.733333,84.778498,84.460398,84.505038,82.540978,80.491311,77.189105,78.663854,78.091444,75.546146,76.518643,76.136568,74.300862,75.588379,75.188725,76.599929
收益质量,经营活动净现金/归属母公司的净利润,11.224202,3.14283,0.124533,,1.761723,2.139616,2.718021,,4.744835,3.064601,-0.009111,,,,,,42.599902,17.323263,5.166235,,,,,,1.049379,2.157388,1.41648,1.173895,1.203609,1.04101,0.654464,-1.362219,-1.374493,1.054813,0.850596,0.013202,1.959466,1.037319,0.980029,0.294215,1.728915,0.727135,0.209728,-0.360001,1.441316,0.779812,0.647797,-0.754537,1.54303,1.7263,1.342319,1.873378,0.847915,0.353898,0.313123,-1.545714,2.286464,1.913889,2.535071,0.557914,5.581653,4.356155,3.341913,0.128872,2.322994,1.98564,1.629112,2.950321,1.774254,1.671094,3.08583,2.940625,4.137444,3.149088,1.772421,2.133936,1.608738,-0.979534,-2.97356,-2.544197,-5.181561,-5.641651,-1.544703,-9.097808,0.716416,0.395552,0.115453,-5.035057,1.31833,6.298989,0.66118,0.143677,0.965673,,0.327991,,0.649051,0.329554,0.290548,0.96153,0.300419,-0.177853,0.006872,0.523805,,,,
收益质量,所得税/利润总额,43.848836,37.709701,42.714374,,36.152094,32.00289,35.846105,,31.022401,31.922982,31.572589,362.043106,,,,,54.441297,48.39168,47.946061,,,,,,26.211883,23.954948,24.97972,32.781297,26.295435,23.664943,23.890802,25.481307,25.501074,24.880167,25.736694,26.019714,25.106774,24.50483,24.270834,27.227776,30.253596,26.613123,27.154205,27.067298,24.251594,23.62073,23.772172,24.041566,24.699393,25.485119,25.165321,26.14607,27.111922,26.94689,27.834721,25.959648,26.960365,25.1572,27.435346,27.22187,22.975643,22.133891,22.307698,20.460505,27.676574,24.299886,27.218156,19.908238,25.291968,23.072112,20.584125,10.903357,22.754816,20.073701,18.835305,17.953872,16.081659,12.952986,13.726917,15.671693,23.806025,12.345708,11.172044,6.229146,12.057844,11.009364,10.903513,3.160068,23.755137,77.840783,44.624074,15.488217,13.496381,10.270288,10.670673,18.66973,8.308969,9.967896,15.032361,16.334248,10.817855,9.728709,10.656674,10.067115,16.99486,17.59419,15.252366,15.020264
财务风险,流动比率,1.055831,1.061309,1.059639,1.062955,1.031929,0.916588,0.901911,0.9085,0.932473,0.961741,0.945096,0.935344,0.937882,0.966818,0.936718,0.917577,0.867933,1.022661,0.967566,0.939833,0.98283,1.073232,1.060807,1.066609,1.133753,1.134857,1.144401,1.108224,1.103247,1.19262,1.234213,1.265561,1.177243,1.054792,1.070369,1.095624,1.03444,1.042457,0.994986,1.060459,1.045514,1.118795,1.129277,1.168735,1.137729,1.319355,1.344735,0.964075,0.93067,1.06353,1.030706,1.118605,1.14318,1.13185,1.126249,1.139119,1.15127,1.04249,1.085236,1.258543,1.229229,1.212955,1.286714,1.462181,1.486164,1.508957,1.348264,1.236077,1.180478,1.188129,1.195414,1.113556,1.134828,1.209095,1.202005,1.445468,1.244364,1.562431,1.604116,1.779481,1.950653,2.095069,2.202168,2.116337,2.258228,1.720541,1.97094,2.034604,2.093862,1.58544,1.649471,1.88424,1.821872,1.795045,2.005433,1.988361,1.802936,1.805177,1.866348,1.480765,1.8971,2.265378,2.090842,2.6216,3.466108,1.227376,1.315801,1.135184
财务风险,速动比率,0.762001,0.744348,0.724808,0.785446,0.768043,0.669241,0.631545,0.616684,0.644569,0.643442,0.656801,0.610262,0.612405,0.663044,0.595449,0.62911,0.57244,0.638296,0.559504,0.56433,0.604581,0.644146,0.638571,0.678449,0.753418,0.754956,0.764759,0.75142,0.750147,0.809398,0.813583,0.82434,0.814643,0.940158,0.940997,0.960165,0.918801,0.919248,0.88367,0.925387,0.893822,0.941423,0.945382,0.937592,0.913098,1.050858,1.097017,0.748919,0.734128,0.801862,0.770479,0.834836,0.868233,0.863411,0.702202,0.725827,0.785493,0.715583,0.672914,0.74998,0.780362,0.692222,0.698088,0.709758,0.810584,0.728275,0.777477,0.684808,0.67394,0.566131,0.697354,0.631398,0.634363,0.50486,0.482005,0.592469,0.428839,0.51908,0.471495,0.56348,0.655878,0.970224,1.090534,1.972653,2.114599,1.651971,1.594414,1.640677,1.673597,1.342592,1.382792,1.569112,1.53076,1.547317,1.708484,1.653425,1.511668,1.368354,1.560183,1.246252,1.515159,1.765883,2.019665,2.589026,3.435377,1.215945,1.306782,1.123288
财务风险,保守速动比率,0.627717,0.581309,0.581545,0.627416,0.637222,0.525019,0.482385,0.49096,0.517745,0.483372,0.478011,0.491707,0.515144,0.53445,0.476796,0.506786,0.480316,0.503402,0.41841,0.452058,0.518855,0.529114,0.459855,0.490512,0.53791,0.511754,0.54723,0.593876,0.604077,0.595238,0.609827,0.600038,0.620753,0.712167,0.697122,0.679869,0.681383,0.675138,0.673617,0.700253,0.662815,0.691786,0.709687,0.734369,0.702466,0.680532,0.800392,0.496274,0.505701,0.488364,0.416397,0.457466,0.501254,0.452444,0.354306,0.367095,0.425713,0.383252,0.385765,0.399476,0.417191,0.445225,0.445122,0.442618,0.489405,0.498437,0.490678,0.434132,0.40301,0.379516,0.444693,0.36119,0.404855,0.326599,0.297497,0.376581,0.334524,0.37427,0.346761,0.450238,0.506202,0.78682,0.89763,1.617532,1.787964,1.274577,1.388172,1.425603,1.479888,1.114254,1.126705,1.288973,1.258997,0.751569,0.899599,0.858608,0.843243,0.987473,1.373282,1.035189,1.100915,1.285639,1.488438,2.097866,2.66469,0.670054,0.822617,0.628123
财务风险,资产负债率,51.616529,51.820094,52.378613,51.928152,51.984651,50.440964,50.533319,50.190755,51.712309,53.422718,54.104718,53.364539,53.868833,52.41101,52.654861,51.649114,50.581226,49.754391,50.820879,50.568943,49.737823,46.731621,45.446652,47.027515,45.573761,46.26083,44.867952,43.886289,44.093323,43.727792,41.003091,39.61869,42.502807,37.769353,36.420847,38.09294,38.724989,37.763726,38.673402,35.384908,37.202144,34.791385,35.329175,33.691962,36.566082,34.565146,36.618345,50.17725,50.986371,44.01152,44.941223,43.134016,43.900877,43.318559,51.243557,48.026775,50.805955,56.20799,59.009889,55.644841,57.490307,52.799669,49.224678,46.023435,45.562974,50.003878,44.769454,43.841538,44.613365,49.322756,47.358269,45.670668,47.241415,50.119566,47.202344,48.887569,53.330132,50.986907,54.651089,51.43659,49.182887,49.96405,43.171192,23.726545,24.326476,27.104934,24.158129,24.496714,23.865899,35.982815,33.59611,30.310284,31.657076,35.659869,32.235182,31.860164,31.681743,31.035649,36.29093,49.828708,38.16377,31.168074,24.155638,27.013073,26.390411,66.914058,67.55615,69.71205
财务风险,权益乘数,2.795294,2.799131,2.813456,2.803207,2.793289,2.753769,2.752672,2.739435,2.848829,2.901985,2.92171,2.900396,2.831068,2.790005,2.799484,2.77482,2.722321,2.699544,2.732682,2.718433,2.592516,2.521043,2.490375,2.523688,2.44107,2.447379,2.409978,2.38174,2.357888,2.341113,2.280584,2.272444,2.243037,2.145906,2.119615,2.138445,2.103596,2.079778,2.092272,2.025952,2.032266,1.989328,1.995668,1.96553,2.333494,2.322774,2.355491,2.79694,2.768909,2.723121,2.755034,2.695254,3.011479,2.997882,3.381788,3.247058,3.306308,3.270258,3.360645,3.196731,2.958655,2.790601,2.677384,2.591415,2.503516,2.587054,2.394033,2.342644,2.404134,2.513396,2.460328,2.415131,2.520726,2.586269,2.507147,2.526287,2.492202,2.436882,2.539986,2.484353,1.959706,1.931564,1.792772,1.480706,1.476613,1.461811,1.471287,1.469436,1.535707,1.660127,1.630237,1.593152,1.606942,1.664172,1.620181,1.607765,1.621553,1.609568,1.703044,2.010314,1.64725,1.556825,1.424292,1.427547,1.63781,3.121551,3.213893,3.301643
财务风险,权益乘数(含少数股权的净资产),2.066821,2.075554,2.099896,2.080219,2.082667,2.017795,2.021562,2.007659,2.070921,2.146969,2.178873,2.144291,2.167731,2.101326,2.112149,2.068214,2.023522,1.990223,2.033383,2.023019,1.989567,1.877286,1.833068,1.887772,1.837349,1.86084,1.813827,1.782095,1.788695,1.777076,1.695004,1.656141,1.739215,1.606925,1.572842,1.615324,1.631986,1.606779,1.630613,1.547626,1.592411,1.533539,1.546292,1.508112,1.576443,1.528237,1.577743,2.007115,2.040248,1.786081,1.81624,1.75852,1.782559,1.764245,2.051011,1.924067,2.032766,2.283521,2.439612,2.254529,2.352404,2.118629,1.96946,1.852655,1.836985,2.000155,1.810592,1.780675,1.805489,1.973272,1.899633,1.840626,1.895426,2.004794,1.894023,1.956471,2.136362,2.040271,2.20105,2.059163,1.964815,1.998563,1.75967,1.310379,1.320867,1.367399,1.318532,1.32005,1.309387,1.556707,1.500802,1.430352,1.459352,1.552299,1.474018,1.465125,1.461333,1.447877,1.569635,1.993171,1.617174,1.452814,1.318489,1.370108,1.358518,3.022431,3.082248,3.301643
财务风险,产权比率,143.809874,144.775592,147.832557,145.497329,145.791481,137.504181,137.627416,135.352947,143.858429,154.208872,158.279679,153.842118,157.185011,148.449355,150.16827,144.689925,139.033168,134.4973,140.739464,138.622756,134.085291,119.138502,113.039852,120.15335,113.631572,115.918351,109.213224,104.395176,105.151459,102.880082,91.656705,87.848066,98.967621,80.933543,76.174499,81.055801,83.229008,79.451097,82.327694,70.72512,76.399259,68.532854,70.02522,64.75405,73.489431,68.857825,74.850048,139.10666,143.888768,120.206617,125.597618,115.440252,119.172219,116.294253,175.169607,151.332661,169.943191,184.148873,203.975652,174.236146,187.646285,155.498575,134.193449,117.615529,119.879697,139.932573,108.490867,101.813191,105.452199,127.248943,117.168245,108.868406,115.572798,128.028879,114.209155,119.860155,136.179896,124.688803,144.914827,130.660331,119.420072,119.026091,90.904964,35.01186,36.139166,39.487536,35.642157,36.053996,34.913725,61.507921,55.425556,47.765456,50.955532,61.359807,52.720113,51.33766,50.822315,49.078031,59.523052,109.747982,68.748215,50.700237,35.720498,40.134351,36.108186,208.029483,211.84541,230.164306
财务风险,现金比率,0.242475,0.18183,0.190918,0.222855,0.202701,0.161437,0.153305,0.167798,0.179014,0.158259,0.144368,0.154802,0.183396,0.173172,0.205857,0.229535,0.191121,0.214122,0.179393,0.187242,0.230803,0.262093,0.224294,0.207231,0.161152,0.150595,0.16065,0.218433,0.226351,0.194175,0.15199,0.207185,0.233303,0.290677,0.241845,0.233679,0.245076,0.211549,0.23312,0.224472,0.238429,0.163367,0.228412,0.24131,0.25855,0.209485,0.332834,0.183071,0.182807,0.151617,0.143356,0.163102,0.192502,0.147066,0.144464,0.146693,0.214551,0.175563,0.218755,0.219411,0.233264,0.26547,0.249543,0.270423,0.283206,0.310723,0.302584,0.218288,0.198489,0.195242,0.254518,0.1732,0.222962,0.157596,0.121627,0.21688,0.166046,0.192253,0.14705,0.241058,0.244783,0.4876,0.582717,1.14898,1.233416,0.963071,1.073513,0.989314,1.111503,0.846408,0.83148,0.924793,0.889577,0.436489,0.511273,0.435429,0.439603,0.501939,1.046509,0.812555,0.83167,0.812841,0.888249,1.79863,2.382151,0.360028,0.544052,0.168922
营运能力,应收账款周转率,3.922637,2.693321,1.658549,0.70712,3.698678,2.849026,1.887628,0.869393,4.300222,3.031192,1.856974,0.773098,3.005856,2.185855,1.438689,0.681861,4.019781,3.119787,1.81454,0.694525,3.152458,2.291604,1.35011,0.577475,6.198435,4.200865,2.597028,1.177128,6.104723,4.421189,2.78054,1.444607,6.509552,4.862838,3.067025,1.325052,7.062687,5.156112,3.334606,1.681176,8.042716,5.791425,3.602574,1.798382,8.897986,6.738679,3.919611,1.979419,9.105219,6.924136,4.451456,2.13113,11.814948,9.067675,4.558059,2.095388,11.28911,7.60235,4.208513,1.988038,11.235703,8.955347,5.523118,3.002178,16.441824,10.068219,7.181976,2.415928,13.679039,8.874606,6.158839,2.920027,15.234441,9.066495,5.355285,2.065851,11.427459,9.487074,4.707682,2.11377,10.912501,7.336114,4.51321,1.842003,10.197412,7.458329,4.543701,1.474332,6.036036,3.64499,2.143947,1.311685,7.795329,5.124618,3.301867,1.31132,6.267032,2.69449,6.555571,3.069884,7.027034,3.002848,6.657655,3.850345,6.955,6.008283,4.40654,4.232212
营运能力,应收账款周转天数,91.774991,100.247982,108.528545,127.276764,97.332053,94.769209,95.357749,103.520436,83.716595,89.073853,96.931871,116.414714,119.766208,123.52142,125.113845,131.991675,89.557109,86.544359,99.198662,129.584897,114.196598,117.821397,133.322375,155.850901,58.079171,64.272472,69.309974,76.457251,58.97073,61.069542,64.735616,62.300661,55.303337,55.523127,58.68878,67.92185,50.972098,52.36503,53.979382,53.533942,44.760996,46.620644,49.964273,50.044968,40.45859,40.067195,45.922915,45.467872,39.537763,38.99403,40.4362,42.231113,30.469875,29.776097,39.490486,42.951469,31.889138,35.515333,42.770448,45.270755,32.040716,30.149582,32.590286,29.978227,21.89538,26.817054,25.062737,37.252762,26.317637,30.423883,29.226283,30.82163,23.630666,29.779974,33.611654,43.565574,31.503064,28.459773,38.23537,42.577944,32.989684,36.804223,39.882914,48.859855,35.303074,36.201136,39.61528,61.044556,59.641788,74.074273,83.957272,68.614017,46.181496,52.686849,54.514596,68.63313,57.443456,66.802981,54.915122,58.634121,51.230715,59.943074,54.07309,46.749051,51.76132,59.917281,81.696743,85.061882
营运能力,存货周转率,4.568281,3.066854,1.795389,0.871833,3.99721,2.854525,1.71388,0.788233,3.557075,2.290614,1.511205,0.610358,2.521268,2.00873,1.105073,0.582001,2.799183,1.94597,0.951779,0.424876,2.196668,1.514939,0.891904,0.436071,4.784039,3.117522,1.993511,0.932379,4.701573,3.401127,2.180067,1.02178,7.349197,12.857021,7.840659,3.259538,16.337738,12.107891,7.813602,3.734965,13.571342,10.071094,5.932342,2.669162,11.672265,8.585147,5.160635,2.283159,8.961993,6.173809,3.625186,1.73775,6.7076,5.272753,1.823047,0.869158,4.087849,2.943127,1.3,0.587916,3.062342,2.126976,1.295095,0.60007,4.180851,2.203077,1.943527,0.740837,4.066263,2.299049,1.847091,0.893032,3.609633,1.742187,1.012449,0.340854,2.019005,1.537221,0.752345,0.328699,3.424768,3.012573,2.090671,5.950292,14.202357,9.792351,3.460975,1.275986,5.745854,3.759228,2.179401,1.33712,8.758338,5.771441,3.754893,1.465604,6.290459,2.368655,4.525501,2.007293,7.259163,3.5246,44.049842,26.939437,73.39341,128.429686,108.07852,110.193217
营运能力,存货周转天数,78.804252,88.038087,100.256794,103.230772,90.06281,94.586651,105.02484,114.179306,101.206748,117.872308,119.110207,147.454212,142.785253,134.413235,162.885057,154.638721,128.608915,138.748233,189.119528,211.826352,163.884515,178.224901,201.815426,206.388076,75.250216,86.607242,90.292948,96.527246,76.570117,79.385441,82.566232,88.081521,48.984938,21.000198,22.957251,27.611268,22.034873,22.299505,23.03675,24.096605,26.526483,26.8094,30.342146,33.718438,30.842341,31.449664,34.879424,39.419054,40.169632,43.73313,49.652613,51.791107,53.67046,51.206643,98.735752,103.548402,88.065874,91.739129,138.461441,153.082908,117.557059,126.940771,138.985927,149.982363,86.106862,122.555822,92.615103,121.484098,88.533359,117.439855,97.450519,100.78024,99.733119,154.977557,177.786683,264.041903,178.305567,175.641588,239.251672,273.806698,105.116597,89.624383,86.096745,15.125307,25.347904,27.572539,52.008455,70.533659,62.653871,71.823255,82.591495,67.308804,41.103687,46.782074,47.937439,61.408102,57.229521,75.992477,79.549202,89.672976,49.592493,51.069616,8.17256,6.681654,4.905072,2.80309,3.330911,3.266988
营运能力,总资产周转率,0.641467,0.452048,0.273883,0.116478,0.569315,0.408895,0.254113,0.113192,0.552906,0.379002,0.235433,0.094999,0.366528,0.275418,0.163685,0.079127,0.500534,0.36371,0.203072,0.081722,0.427008,0.283064,0.157894,0.0733,0.905791,0.614875,0.387935,0.173546,0.888267,0.654111,0.423912,0.195629,0.919418,0.677042,0.429372,0.18577,1.007351,0.767052,0.49666,0.249851,1.147616,0.874001,0.531297,0.2552,1.23786,0.956552,0.568536,0.263185,1.161747,0.874416,0.519196,0.248946,1.260425,0.986952,0.435007,0.199134,1.044058,0.756883,0.382449,0.172657,0.918643,0.682821,0.42022,0.197267,1.205005,0.704896,0.507599,0.182972,0.996546,0.628376,0.430696,0.205375,1.158918,0.664959,0.391645,0.13559,0.901322,0.676631,0.355609,0.153374,0.954913,0.658779,0.403111,0.176128,0.9954,0.64937,0.376297,0.145241,0.628776,0.393232,0.235163,0.149561,0.954848,0.593268,0.401603,0.164773,0.770602,0.362206,0.727872,0.324376,0.825646,0.427366,0.699409,0.277926,0.710916,1.095054,0.958634,1.108228
营运能力,总资产周转天数,561.213394,597.28123,657.212571,772.67548,632.338306,660.314942,708.34417,795.107024,651.105028,712.395938,764.548653,947.373472,982.189314,980.325972,1099.667806,1137.404988,719.230828,742.349153,886.381728,1101.281198,843.07376,953.847032,1140.003861,1227.823757,397.442501,439.113059,463.995105,518.592856,405.283123,412.77346,424.616084,460.053976,391.55163,398.793203,419.216855,484.468526,357.372914,351.996666,362.42052,360.214351,313.693611,308.923846,338.793481,352.664366,290.82441,282.263528,316.602176,341.964312,309.877908,308.77724,346.689725,361.52372,285.617744,273.569451,413.78593,451.956159,344.808389,356.726069,470.650154,521.262146,391.88203,395.418227,428.346183,456.233079,298.753742,383.034988,354.610591,491.878307,361.247562,429.678411,417.927849,438.221531,310.634571,406.039641,459.599474,663.763813,399.412939,399.035309,506.172871,586.798792,376.997602,409.849001,446.526189,510.990097,361.663365,415.787527,478.345034,619.657019,572.540762,686.617236,765.426163,601.76069,377.023111,455.10617,448.20335,546.205765,467.166647,496.954578,494.592022,554.91126,436.021881,421.184181,514.719755,647.653916,506.388502,328.750731,375.534201,324.842627
营运能力,流动资产周转率,1.522769,1.072319,0.653986,0.283522,1.457612,1.083465,0.687208,0.312655,1.542011,1.04729,0.656179,0.275916,1.031901,0.77199,0.447348,0.216507,1.251982,0.899697,0.491903,0.199896,0.983976,0.667077,0.377367,0.172944,2.067423,1.35158,0.866326,0.393653,1.978546,1.411503,0.936874,0.4377,2.268729,1.916835,1.242406,0.524634,2.744663,2.078563,1.323283,0.662265,2.939365,2.282602,1.370333,0.661553,2.979863,2.202019,1.263782,0.606495,2.527977,1.86587,1.113244,0.525127,2.379469,1.875738,0.79132,0.363107,1.753897,1.258134,0.609524,0.27899,1.558097,1.205659,0.770942,0.366664,2.441744,1.417327,1.11342,0.420242,2.280759,1.398307,0.983429,0.479902,2.32677,1.287137,0.778936,0.261796,1.545858,1.190913,0.607547,0.266813,1.859827,1.304419,0.819527,0.435386,2.156447,1.345885,0.771809,0.29112,1.164998,0.685394,0.415846,0.260483,1.664794,1.017061,0.690377,0.287431,1.24447,0.591342,1.05956,0.450768,1.343978,0.712684,1.090391,0.37422,0.889594,1.376419,1.221316,1.507624
营运能力,流动资产周转天数,236.411364,251.79051,275.235088,317.435181,246.979235,249.200381,261.929089,287.856352,233.46134,257.808091,274.315072,326.185947,348.870647,349.745278,402.370658,415.690808,287.543972,300.100745,365.925668,450.232936,365.862217,404.750618,476.989111,520.398393,174.129796,199.766165,207.773856,228.627578,181.951755,191.285375,192.128287,205.620127,158.679146,140.857151,144.880115,171.547914,131.163604,129.897384,136.02532,135.897245,122.475407,118.286053,131.354883,136.043348,120.8109,122.614745,142.429577,148.393557,142.406303,144.704543,161.689495,171.386841,151.294197,143.943322,227.46785,247.860622,205.257165,214.603513,295.311979,322.591102,231.051033,223.943875,233.480568,245.455848,147.435586,190.499337,161.664052,214.161905,157.842169,193.090555,183.032901,187.537975,154.720883,209.767859,231.084384,343.778889,232.880254,226.716727,296.273113,337.314262,193.566303,206.988553,219.638744,206.712833,166.941225,200.611402,233.218045,309.149951,309.013318,393.93359,432.851743,345.51166,216.242914,265.470598,260.72708,313.11862,289.27956,304.39201,339.763459,399.318239,267.861508,252.566115,330.156551,481.000375,404.678871,261.548191,294.763947,238.786198
营运能力,应付账款周转率,9.947906,7.527845,4.908391,1.884263,7.061697,4.744497,3.007372,1.373539,6.422424,4.624239,2.903422,1.260108,4.709367,3.374801,2.638989,1.054178,5.212144,4.037377,2.740751,0.868196,4.640541,3.561081,2.079927,0.840294,7.790587,4.963451,3.613145,,7.76872,,4.324959,2.081571,10.378512,7.04575,4.56375,2.30595,9.317556,6.378671,4.222531,1.953865,8.955813,6.54288,4.061581,2.045785,10.382571,8.424469,4.927219,2.427694,9.012876,5.979677,3.696472,1.742932,9.188137,5.987825,3.965656,1.817797,8.739672,5.520052,3.646743,1.772968,7.346507,6.065555,3.532269,1.767912,9.774353,8.514907,5.059883,1.880656,8.821993,7.66184,4.619041,1.910484,11.181241,10.302199,4.731974,1.883472,12.496349,9.645104,6.081691,2.782686,17.04583,12.318286,8.897273,1.990775,10.900238,10.220348,6.437725,2.236905,10.044173,6.825066,3.904693,2.324572,14.641552,9.638015,6.090515,2.741781,14.755029,7.11652,12.768605,3.884694,12.002364,7.167761,7.601553,3.01608,4.218835,3.686702,2.662838,2.573087
