选项,指标,20260331,20251231,20250930,20250630,20250331,20241231,20240930,20240630,20240331,20231231,20230930,20230630,20230331,20221231,20220930,20220630,20220331,20211231,20210930,20210630,20210331,20201231,20200930,20200630,20200331,20191231,20190930,20190630,20190331,20181231,20180930,20180630,20180331,20171231,20170930,20170630,20170331,20161231,20160930,20151231,20141231,20131231
常用指标,归母净利润,10457058.36,95321089.57,83254061.43,54727300.95,13842231.52,104662021.5,85424503.25,52562513.68,10946584.45,147001058.47,120041437.28,62432885.01,19143856.28,20306941.93,2484825.32,-53680841.85,-21490257.14,51500456.54,43910475.51,42771181.41,-4560057.3,54884974.96,27755672.97,-10562742.43,-26398845.39,123711038.58,114941382.3,53714323.83,15000795.0,103210099.45,94615789.72,49027425.9,17632468.29,84474786.27,78282446.27,44146417.15,13725937.5,69288314.17,64688253.15,54032629.33,56926837.8,30754900.0
常用指标,营业总收入,100206078.33,508070184.47,385817300.34,246314050.39,104922974.23,536204952.43,404649241.93,263412922.45,106631129.64,629889317.51,474796023.1,283034061.68,120262712.55,368571764.49,242841024.89,88696027.21,56130080.16,418637154.74,317693427.53,227344738.48,78014046.12,374243833.42,223880982.87,100640090.49,21144673.22,503169612.39,386895958.35,219841537.54,88858467.86,489426187.51,367387866.01,219257649.84,90108485.11,460683872.94,350951108.39,214333614.18,87683784.95,421786734.47,321106649.08,422925749.18,408592135.86,318192500.0
常用指标,营业成本,85840072.01,378149520.96,265238487.41,167624203.2,86183777.72,381736812.56,275144340.35,182955762.04,89484375.24,416333758.98,292466082.27,185752560.77,94146471.76,353642610.47,244869801.86,149013625.62,80698642.93,344930281.43,250672366.99,160650049.07,83887900.04,324628917.23,196867677.7,120953129.72,54064401.27,317162351.64,215022633.25,139106248.68,69265581.55,344521691.62,234187549.12,149118944.9,70800117.6,331990274.84,233595896.07,145295791.28,68619146.41,318517471.36,227533540.39,344005937.69,335472036.84,270579200.0
常用指标,净利润,11662714.7,103785251.91,95146285.07,62610087.74,15427341.86,120912881.28,100657056.24,62104439.63,13871812.76,168324430.19,139688567.46,73171815.43,21722807.42,21164899.1,3514793.86,-57015977.06,-22470126.39,60634037.01,52655805.75,50260978.34,-3280225.82,65069077.23,32256008.46,-11407669.36,-29756723.27,141618955.07,131501623.91,62863943.27,15915312.6,118044866.25,108953532.33,57127423.51,18494312.22,97610838.49,89020208.42,52380573.65,14642499.1,80248495.03,73091996.25,62707203.17,63880060.61,36567800.0
常用指标,扣非净利润,9959354.12,89422892.62,80925796.33,52925253.83,12568103.38,100833160.79,83072712.41,50781593.9,9347061.88,139606161.11,114366879.94,59284999.59,16906319.69,12418053.33,-2185586.41,-56616949.39,-22483644.24,42781861.37,40005383.57,41196973.99,-5966452.83,28208750.14,17008433.61,-16693554.26,-28581502.02,121452905.01,112733980.88,51690084.15,14822067.84,93738744.51,90601545.14,45026832.74,13599586.43,83482008.28,77430358.49,43710700.0,13387945.71,68484700.0,63199390.8,52140200.0,49228600.0,27212300.0
常用指标,股东权益合计(净资产),1512341707.0,1504178992.3,1495214784.75,1463528739.38,1479359189.54,1467431847.68,1447064830.98,1407605883.07,1462258370.4,1448386557.64,1421225276.97,1354078153.96,1303962050.21,1285039242.79,1268610516.93,1207869536.87,1243682124.81,1268952251.2,1250085214.39,1246835796.78,1080299424.68,1046409088.16,1088759699.15,1043692932.61,1026542888.83,991067138.48,979243702.98,913952878.56,851396582.36,898981269.75,889848157.14,838022048.32,831430715.72,816436403.5,812062302.99,413749113.66,,363223540.01,,309830044.98,261477841.81,261247800.0
常用指标,商誉,,,,,,,,,,,,87505.14,,,,,,,,,,,,,,,,,,,,,,,,,,,,,,
常用指标,经营现金流量净额,5574204.55,188873497.83,116863345.47,52498162.02,15435563.29,192051380.11,124424356.65,56169895.09,18584657.2,315821380.13,235694259.92,117671253.8,43863568.62,113867149.49,54678680.93,-35634868.07,-19667983.8,136989149.73,112778295.22,69848593.0,-10964561.4,158977929.23,54717844.44,-15866782.51,-25194983.44,225082810.55,187898370.02,80425274.41,25235831.89,225382094.51,194316765.0,101113375.62,26489202.44,213246542.1,191454092.6,109758579.77,38770403.31,209686090.74,189917494.41,184126188.49,177132785.38,139313700.0
常用指标,基本每股收益,0.04,0.35,0.31,0.2,0.05,0.39,0.32,0.19,0.04,0.54,0.64,0.23,0.1,0.11,0.01,-0.29,-0.12,0.28,0.24,0.23,-0.04,0.33,0.24,-0.06,-0.23,1.07,0.99,0.46,0.13,0.89,0.82,0.42,0.15,1.3,1.3,0.74,0.23,1.15,1.08,0.9,0.95,0.51
常用指标,每股净资产,5.11446,5.075748,5.029872,4.927414,5.009332,4.958089,4.88646,4.761451,7.211533,7.152773,7.015973,6.703355,6.478141,6.37538,6.28627,5.983652,6.163246,6.278603,6.195812,6.185109,7.886618,7.603824,8.027768,7.685696,7.559514,7.787091,7.696782,7.197815,6.729529,10.320307,10.212878,9.643024,9.650587,9.430181,9.391312,5.943818,,5.208045,,4.469906,3.777696,3.870581
常用指标,每股现金流,0.020635,0.699203,0.432624,0.194346,0.057141,0.710967,0.460614,0.207939,0.099759,1.695282,1.265171,0.631641,0.235453,0.611221,0.293507,-0.191282,-0.105574,0.735337,0.605377,0.374936,-0.091945,1.364025,0.47164,-0.136782,-0.217198,1.940369,1.619813,0.693321,0.21755,2.817276,2.428959,1.263917,0.331115,2.665581,2.393176,1.829309,,3.494768,,3.068769,2.952213,2.321895
常用指标,净资产收益率(ROE),0.76,7.06,6.06,4.04,1.03,7.88,6.21,3.87,0.82,11.67,9.62,5.12,1.6,1.72,0.21,-4.7,-1.85,4.75,4.15,4.19,-0.48,5.59,2.86,-1.12,-2.97,14.46,13.43,6.24,1.8,13.11,13.77,6.58,2.31,19.02,15.41,13.2,4.31,24.57,21.73,22.21,27.29,13.84
常用指标,总资产报酬率(ROA),0.935197,8.200411,7.382718,4.786424,1.241405,9.531134,7.833402,4.884163,1.178305,13.787716,11.788246,6.483494,1.932388,1.985461,0.660615,-3.465065,-1.3123,6.027741,5.224158,4.93265,0.134543,7.293,3.927297,-0.266179,-2.020321,16.392947,15.422975,7.679866,2.020542,14.718875,13.615455,7.349075,2.466065,14.569483,11.728733,8.445952,,13.703034,,11.989521,11.613667,8.129244
常用指标,毛利率,37.568924,50.33228,53.716222,53.546448,41.443704,52.420493,52.835808,52.18118,38.166893,54.335506,56.151038,53.675882,42.417723,36.240473,31.456255,-9.797277,1.138842,50.02503,50.116692,55.704719,36.307366,52.595879,49.13833,33.277235,-50.562767,65.315861,69.137777,65.655295,58.125337,62.103559,67.157568,64.066131,56.237515,63.656874,68.224531,67.68888,58.575222,65.070517,67.914901,66.162634,65.906084,65.881596
常用指标,销售净利率,11.638729,20.427345,24.660969,25.418804,14.703492,22.54975,24.875137,23.576838,13.009158,26.722858,29.420753,25.852653,18.062795,5.742409,1.447364,-64.282447,-40.032236,14.483673,16.574408,22.107825,-4.20466,17.386813,14.407658,-11.335114,-140.72917,28.145371,33.988885,28.595116,17.910856,24.119033,29.656268,26.054928,20.524495,21.188247,25.365415,24.438804,16.699209,19.025846,22.762529,14.827,15.634187,11.492351
常用指标,期间费用率,20.913534,22.696493,20.390116,19.524948,21.239835,21.613505,18.897991,19.680777,19.750429,20.130294,17.418417,18.994456,20.426857,31.8841,31.894534,57.962724,44.728753,31.156849,28.165907,26.097999,41.235869,39.110253,36.840116,53.221317,104.573818,26.772786,23.190257,27.151105,34.10229,30.904622,29.302214,30.300853,33.097055,33.944874,33.138525,33.687849,35.127861,37.726774,36.827249,42.101507,42.518418,45.943006
常用指标,资产负债率,10.430467,11.920393,11.656206,16.794043,16.708006,17.636563,18.915153,21.900788,15.76825,16.770532,16.921861,17.040386,18.077513,18.4117,18.193519,18.230187,18.64871,20.795197,19.674962,19.381756,30.031967,34.965141,30.133826,29.718152,30.741123,19.810668,18.270656,17.791659,23.671632,20.236968,19.865414,22.388904,24.041753,26.136883,38.261966,57.599372,,62.35244,,68.672244,75.565589,74.935296
每股指标,基本每股收益,0.04,0.35,0.31,0.2,0.05,0.39,0.32,0.19,0.04,0.54,0.64,0.23,0.1,0.11,0.01,-0.29,-0.12,0.28,0.24,0.23,-0.04,0.33,0.24,-0.06,-0.23,1.07,0.99,0.46,0.13,0.89,0.82,0.42,0.15,1.3,1.3,0.74,0.23,1.15,1.08,0.9,0.95,0.51
每股指标,稀释每股收益,0.04,0.35,0.31,0.2,0.05,0.39,0.32,0.19,0.04,0.54,0.64,0.23,0.1,0.11,0.01,-0.29,-0.12,0.28,0.24,0.23,-0.04,0.33,0.24,-0.06,-0.23,1.07,0.99,0.46,0.13,0.89,0.82,0.42,0.15,1.3,1.3,0.74,0.23,1.15,1.08,0.9,0.95,0.51
每股指标,摊薄每股收益_最新股数,0.038711,0.352875,0.308203,0.202598,0.051243,0.387455,0.316238,0.194584,0.040523,0.544192,0.444389,0.231124,0.070869,0.075175,0.009198,-0.198724,-0.079556,0.190652,0.162555,0.158337,-0.016881,0.203182,0.10275,-0.039102,-0.097727,0.457974,0.425509,0.198848,0.055532,0.38208,0.350264,0.181497,0.065274,0.312722,0.289798,0.163428,0.050812,0.256503,0.239473,0.200026,0.210741,0.113853
每股指标,摊薄每股净资产_期末股数,5.11446,5.075748,5.029872,4.927414,5.009332,4.958089,4.88646,4.761451,7.211533,7.152773,7.015973,6.703355,6.478141,6.37538,6.28627,5.983652,6.163246,6.278603,6.195812,6.185109,7.886618,7.603824,8.027768,7.685696,7.559514,7.787091,7.696782,7.197815,6.729529,10.320307,10.212878,9.643024,9.650587,9.430181,9.391312,5.943818,,5.208045,,4.469906,3.777696,3.870581
每股指标,调整每股净资产_期末股数,4.696358,4.651171,4.595946,4.489241,4.571991,4.520415,4.433121,4.306224,6.543107,6.481389,6.337325,6.015843,5.782405,5.670212,5.656894,5.347339,5.524685,5.636043,5.584647,5.564032,6.90846,6.593067,7.047492,6.697181,6.567095,6.784821,6.676764,6.166845,5.700351,8.812177,9.126568,8.538221,8.538769,8.300047,8.240568,4.399447,,3.622983,,2.794788,2.048045,2.168135
每股指标,每股净资产_最新股数,5.11446,5.075748,5.029872,4.927414,5.009332,4.958089,4.88646,4.761451,4.973471,4.932947,4.838602,4.623004,4.467683,4.396814,4.335358,4.126657,4.250514,4.330071,4.272974,4.265592,3.481653,3.280793,3.447824,3.300454,3.246268,3.343995,3.305214,3.090944,2.889849,3.056434,3.024618,2.855852,2.858091,2.792817,2.781305,1.320229,,1.1568,,0.992846,0.839094,0.859725
每股指标,每股经营现金流,0.020635,0.699203,0.432624,0.194346,0.057141,0.710967,0.460614,0.207939,0.099759,1.695282,1.265171,0.631641,0.235453,0.611221,0.293507,-0.191282,-0.105574,0.735337,0.605377,0.374936,-0.091945,1.364025,0.47164,-0.136782,-0.217198,1.940369,1.619813,0.693321,0.21755,2.817276,2.428959,1.263917,0.331115,2.665581,2.393176,1.829309,,3.494768,,3.068769,2.952213,2.321895
每股指标,每股现金流量净额,-1.125009,0.077297,-0.931092,-0.617569,-0.397607,0.293534,0.213633,0.241608,-0.052747,0.986065,0.650067,0.166745,-0.112347,-0.191675,-0.363349,-0.772164,-0.482652,-0.767998,-0.731887,-0.746743,-1.145259,2.160725,1.843697,1.784989,1.875857,0.647672,0.799779,0.121914,0.356342,2.191962,2.670353,-0.136955,-0.095787,0.260943,4.889724,0.563991,,0.063461,,-0.650131,-0.619134,-0.053593
每股指标,每股企业自由现金流量,,0.165706,,0.251859,,0.396547,,0.354041,,0.081881,,-0.009372,,-0.087786,,-0.072733,,0.467004,,0.120706,,-1.706803,,-2.563667,,1.255966,,0.995272,,1.334921,,0.642559,,-0.975131,,0.959119,,2.854337,,1.72387,1.917301,-0.743071
每股指标,每股股东自由现金流量,,-0.130451,,0.344408,,0.637174,,0.983375,,-0.079154,,-0.06305,,-0.087786,,-0.072733,,0.110966,,-0.120846,,1.223427,,-0.050564,,1.185276,,0.925445,,0.226421,,0.244559,,-4.935381,,0.320952,,1.03267,,-0.159462,1.963134,2.730428
每股指标,每股未分配利润,2.012329,1.973617,1.949721,1.844116,1.927761,1.876517,1.90215,1.780496,2.894331,2.835571,2.741357,2.432123,2.199754,2.096993,2.004576,1.703087,1.875882,1.991238,1.915908,1.909792,2.909792,3.161127,3.731789,3.401973,3.265454,3.493031,3.479084,2.951264,2.617527,4.357905,4.33038,3.760525,3.768088,3.547682,3.562171,4.129247,,3.393473,,2.712661,2.075066,2.232753
每股指标,每股资本公积金,1.700175,1.700175,1.700175,1.700175,1.700175,1.700175,1.700175,1.700175,2.915255,2.915255,2.915255,2.915255,2.915255,2.915255,2.915255,2.915255,2.915255,2.915255,2.915255,2.915255,3.407663,2.852321,2.759337,2.756583,2.756583,2.756583,2.756583,2.756583,2.756583,4.447046,4.447046,4.447046,4.447046,4.447046,4.447046,0.305111,,0.305111,,0.305111,0.305111,0.305111
每股指标,每股盈余公积金,0.373904,0.373904,0.353128,0.353128,0.353128,0.353128,0.256279,0.256279,0.371605,0.371605,0.321104,0.321104,0.321104,0.321104,0.317853,0.317853,0.317853,0.317853,0.308683,0.308683,0.482226,0.501426,0.417014,0.417071,0.417071,0.417071,0.355418,0.355418,0.355418,0.515356,0.435452,0.435452,0.435452,0.435452,0.382094,0.509459,,0.509459,,0.452133,0.397518,0.332716
每股指标,每股留存收益,2.386233,2.347521,2.30285,2.197244,2.280889,2.229646,2.158429,2.036775,3.265936,3.207177,3.062461,2.753227,2.520858,2.418097,2.32243,2.020941,2.193736,2.309092,2.224591,2.218476,3.392019,3.662553,4.148803,3.819044,3.682526,3.910102,3.834502,3.306682,2.972945,4.873261,4.765832,4.195977,4.20354,3.983134,3.944266,4.638707,,3.902933,,3.164794,2.472584,2.56547
每股指标,每股营业收入,0.370959,1.880858,1.428282,0.911846,0.388421,1.985012,1.497997,0.975145,0.57238,3.381152,2.548634,1.519284,0.645552,1.978438,1.303534,0.476107,0.301297,2.247181,1.705331,1.220352,0.6542,3.210999,1.929742,0.867586,0.182281,4.337669,3.335309,1.895185,0.766021,6.117827,4.592348,2.74072,1.126356,5.758548,4.386888,3.572226,,7.029778,,7.048762,6.809868,5.303208
每股指标,每股营业总收入,0.370959,1.880858,1.428282,0.911846,0.388421,1.985012,1.497997,0.975145,0.57238,3.381152,2.548634,1.519284,0.645552,1.978438,1.303534,0.476107,0.301297,2.247181,1.705331,1.220352,0.6542,3.210999,1.929742,0.867586,0.182281,4.337669,3.335309,1.895185,0.766021,6.117827,4.592348,2.74072,1.126356,5.758548,4.386888,3.572226,,7.029778,,7.048762,6.809868,5.303208
每股指标,每股息税前利润,0.058789,0.52965,0.474752,0.31368,0.081751,0.62133,0.511087,0.320265,0.109935,1.226819,1.039567,0.558099,0.164238,0.169304,0.055901,-0.286371,-0.110273,0.519494,0.443812,0.417764,0.017786,0.890081,0.472947,-0.031217,-0.236699,1.669659,1.545767,0.741112,0.195304,2.053653,1.885552,1.003657,0.339072,1.885051,1.671443,1.365857,,2.231076,,2.057318,2.044407,1.412176
盈利能力,净资产收益率(ROE),0.76,7.06,6.06,4.04,1.03,7.88,6.21,3.87,0.82,11.67,9.62,5.12,1.6,1.72,0.21,-4.7,-1.85,4.75,4.15,4.19,-0.48,5.59,2.86,-1.12,-2.97,14.46,13.43,6.24,1.8,13.11,13.77,6.58,2.31,19.02,15.41,13.2,4.31,24.57,21.73,22.21,27.29,13.84
盈利能力,摊薄净资产收益率,0.756906,6.952185,6.127465,4.111661,1.02296,7.814609,6.471731,4.086666,0.8148,11.031801,9.18425,4.999442,1.586278,1.709774,0.212179,-4.815633,-1.871684,4.402998,3.804261,3.711968,-0.484861,6.193085,2.980156,-1.184773,-3.010461,13.695415,12.873872,6.433264,1.921638,12.50085,11.58045,6.355296,2.283859,11.197396,10.419529,12.378803,,22.173487,,20.146815,25.115324,13.243013
盈利能力,净资产收益率_平均,0.759781,7.033708,6.171504,4.098903,1.028219,7.834472,6.441093,4.014372,0.818133,11.665742,9.62359,5.124813,1.59896,1.722851,0.212308,-4.6998,-1.85433,5.010021,4.303947,4.196378,-0.499262,6.134001,3.025714,-1.177009,-2.965818,14.310728,13.377321,6.469379,1.867803,13.064245,12.041885,6.426217,2.31024,15.835599,14.717681,13.195527,,23.864662,,21.837711,24.810307,13.243013
盈利能力,净资产收益率_平均_扣除非经常损益,0.723619,6.598483,5.998913,3.963935,0.933575,7.547863,6.263766,3.878358,0.698587,11.078896,9.168667,4.866419,1.412073,1.053553,-0.186741,-4.956858,-1.940046,4.161866,3.921184,4.041929,-0.653243,3.152639,1.854131,-1.860168,-3.211032,14.04951,13.120415,6.225578,1.845549,11.865369,11.530986,5.901843,1.781844,15.649493,14.557482,13.065289,,23.587876,,21.072871,21.4552,11.717575
盈利能力,摊薄净资产收益率_扣除非经常损益,0.720881,6.522004,5.956106,3.976273,0.9288,7.528726,6.29356,3.948202,0.695741,10.476846,8.750095,4.747369,1.400874,1.045557,-0.186627,-5.079027,-1.958202,3.657607,3.465936,3.575348,-0.634399,3.183005,1.826213,-1.872438,-3.259366,13.445428,12.626634,6.190825,1.896542,11.353676,11.089129,5.83671,1.761497,11.0658,10.305491,13.07,,24.28,,19.441216,21.718926,
盈利能力,息税前利润率,15.847961,28.160034,33.239401,34.400607,21.047016,31.301072,34.118034,32.842844,19.206676,36.284062,40.789186,36.734338,25.44161,8.557488,4.288461,-60.148607,-36.599571,23.11758,26.024977,34.233083,2.718828,27.719765,24.508308,-3.598233,-129.85346,38.492098,46.345536,39.105019,25.496023,33.56834,41.058573,36.620212,30.1035,32.734836,38.100887,38.235457,29.076759,31.737508,37.1641,29.186948,30.021239,26.628723
盈利能力,总资产报酬率,0.935197,8.200411,7.382718,4.786424,1.241405,9.531134,7.833402,4.884163,1.178305,13.787716,11.788246,6.483494,1.932388,1.985461,0.660615,-3.465065,-1.3123,6.027741,5.224158,4.93265,0.134543,7.293,3.927297,-0.266179,-2.020321,16.392947,15.422975,7.679866,2.020542,14.718875,13.615455,7.349075,2.466065,14.569483,11.728733,8.445952,,13.703034,,11.989521,11.613667,8.129244
盈利能力,总资本回报率,1.084871,9.617586,8.631964,5.559961,1.443614,11.313268,9.237149,5.720454,1.3998,16.348341,13.952613,7.597494,2.26292,2.359446,0.783156,-4.10024,-1.558192,7.520298,6.474214,6.062999,0.168459,9.285264,4.908633,-0.330378,-2.526334,20.287816,18.896989,9.344607,2.535816,17.701809,16.28596,8.643948,2.879136,17.259637,13.755974,10.066372,,15.866589,,13.536058,12.924651,8.91446
盈利能力,投入资本回报率,0.770702,6.75757,5.893569,3.786584,1.008981,7.509143,6.058392,3.67784,0.834126,10.907783,8.958605,4.780558,1.529651,1.900859,0.563841,-3.864261,-1.49452,4.824478,4.136176,3.896944,0.066812,6.432733,3.557258,-0.312768,-2.217374,13.471292,12.535502,6.076596,1.83496,11.849059,10.820661,5.751655,2.12519,12.032431,9.60388,6.919653,,11.587389,,10.428507,10.109296,6.480397
盈利能力,息前税后总资产报酬率_平均,0.735372,6.246961,5.725244,3.705053,0.956758,7.249107,6.002004,3.678867,0.870439,10.485683,8.764825,4.749265,1.469101,1.65357,0.540952,-3.48226,-1.321269,4.435835,3.890132,3.645122,0.134543,5.768466,3.168202,-0.314097,-2.020321,12.400774,11.655383,5.811413,1.543661,11.181414,9.834331,5.631432,1.681357,11.42611,7.808327,6.654387,,11.129279,,10.07957,9.742201,3.508397
盈利能力,毛利率,37.568924,50.33228,53.716222,53.546448,41.443704,52.420493,52.835808,52.18118,38.166893,54.335506,56.151038,53.675882,42.417723,36.240473,31.456255,-9.797277,1.138842,50.02503,50.116692,55.704719,36.307366,52.595879,49.13833,33.277235,-50.562767,65.315861,69.137777,65.655295,58.125337,62.103559,67.157568,64.066131,56.237515,63.656874,68.224531,67.68888,58.575222,65.070517,67.914901,66.162634,65.906084,65.881596
盈利能力,销售净利率,11.638729,20.427345,24.660969,25.418804,14.703492,22.54975,24.875137,23.576838,13.009158,26.722858,29.420753,25.852653,18.062795,5.742409,1.447364,-64.282447,-40.032236,14.483673,16.574408,22.107825,-4.20466,17.386813,14.407658,-11.335114,-140.72917,28.145371,33.988885,28.595116,17.910856,24.119033,29.656268,26.054928,20.524495,21.188247,25.365415,24.438804,16.699209,19.025846,22.762529,14.827,15.634187,11.492351
盈利能力,成本费用利润率,18.027542,37.49844,48.17996,50.305397,24.474174,43.420751,49.728464,46.936095,22.09694,53.822743,65.095431,54.622268,30.973778,7.499593,2.214464,-38.140176,-27.705352,25.377153,29.75055,44.099948,-4.007167,26.79482,21.829421,-8.910284,-55.158365,61.04983,83.826633,61.970188,31.494203,46.782243,63.61325,52.259428,35.715943,40.192926,52.078362,49.31797,29.182074,34.390571,43.526701,25.647642,26.721431,21.15424
盈利能力,营业利润率,15.068697,27.098241,32.122329,33.183648,19.521946,30.153495,32.866868,31.715716,18.030525,35.619887,39.863774,35.660621,24.135649,7.488892,2.233305,-63.979847,-39.759119,20.75305,23.217214,31.033783,-4.196781,23.365209,19.178887,-10.62176,-140.748384,37.628318,45.270286,38.07041,23.889683,32.351269,39.537914,34.633451,27.439397,28.515412,33.482419,32.281233,22.312721,24.663605,29.37705,18.702681,17.948538,15.30344
盈利能力,总资产净利率_平均,0.615808,5.463459,4.792772,3.091433,0.778141,5.943518,4.846968,2.967484,0.629796,8.868142,7.306817,3.893243,1.209061,1.278314,0.157623,-3.486591,-1.372786,3.207639,2.774507,2.71082,-0.289253,3.858473,1.986621,-0.776409,-1.942454,10.470791,9.886497,4.798455,1.33786,9.24655,8.540182,4.487414,1.603005,8.161275,6.866473,4.549749,,7.09269,,5.248136,5.38974,2.950694
盈利能力,总资产净利率_平均(含少数股东损益),0.686808,5.948594,5.477384,3.536716,0.867248,6.866368,5.71126,3.506186,0.798095,10.154518,8.502721,4.562911,1.371938,1.332322,0.222959,-3.703209,-1.43538,3.776512,3.327086,3.18552,-0.20807,4.574426,2.308734,-0.838515,-2.18953,11.986501,11.3109,5.615817,1.419423,10.575591,9.834331,5.228796,1.681357,9.430375,7.808327,5.398365,,8.214627,,6.090689,6.048059,3.508397
成长能力,归母净利润,10457058.36,95321089.57,83254061.43,54727300.95,13842231.52,104662021.5,85424503.25,52562513.68,10946584.45,147001058.47,120041437.28,62432885.01,19143856.28,20306941.93,2484825.32,-53680841.85,-21490257.14,51500456.54,43910475.51,42771181.41,-4560057.3,54884974.96,27755672.97,-10562742.43,-26398845.39,123711038.58,114941382.3,53714323.83,15000795.0,103210099.45,94615789.72,49027425.9,17632468.29,84474786.27,78282446.27,44146417.15,13725937.5,69288314.17,64688253.15,54032629.33,56926837.8,30754900.0
成长能力,营业总收入,100206078.33,508070184.47,385817300.34,246314050.39,104922974.23,536204952.43,404649241.93,263412922.45,106631129.64,629889317.51,474796023.1,283034061.68,120262712.55,368571764.49,242841024.89,88696027.21,56130080.16,418637154.74,317693427.53,227344738.48,78014046.12,374243833.42,223880982.87,100640090.49,21144673.22,503169612.39,386895958.35,219841537.54,88858467.86,489426187.51,367387866.01,219257649.84,90108485.11,460683872.94,350951108.39,214333614.18,87683784.95,421786734.47,321106649.08,422925749.18,408592135.86,318192500.0
成长能力,净利润,11662714.7,103785251.91,95146285.07,62610087.74,15427341.86,120912881.28,100657056.24,62104439.63,13871812.76,168324430.19,139688567.46,73171815.43,21722807.42,21164899.1,3514793.86,-57015977.06,-22470126.39,60634037.01,52655805.75,50260978.34,-3280225.82,65069077.23,32256008.46,-11407669.36,-29756723.27,141618955.07,131501623.91,62863943.27,15915312.6,118044866.25,108953532.33,57127423.51,18494312.22,97610838.49,89020208.42,52380573.65,14642499.1,80248495.03,73091996.25,62707203.17,63880060.61,36567800.0
成长能力,扣非净利润,9959354.12,89422892.62,80925796.33,52925253.83,12568103.38,100833160.79,83072712.41,50781593.9,9347061.88,139606161.11,114366879.94,59284999.59,16906319.69,12418053.33,-2185586.41,-56616949.39,-22483644.24,42781861.37,40005383.57,41196973.99,-5966452.83,28208750.14,17008433.61,-16693554.26,-28581502.02,121452905.01,112733980.88,51690084.15,14822067.84,93738744.51,90601545.14,45026832.74,13599586.43,83482008.28,77430358.49,43710700.0,13387945.71,68484700.0,63199390.8,52140200.0,49228600.0,27212300.0
成长能力,营业总收入增长率,-4.495579,-5.247017,-4.653892,-6.49128,-1.601929,-14.873147,-14.774087,-6.93243,-11.334837,70.900046,95.51722,219.105681,114.257154,-11.959136,-23.561205,-60.986109,-28.051315,11.862138,41.902819,125.898781,268.953661,-25.622727,-42.13406,-54.22153,-76.204098,2.808068,5.309944,0.266302,-1.387235,6.239053,4.683489,2.297369,2.765277,9.221991,9.294251,,,-0.269317,,3.508049,28.41036,
成长能力,归属母公司净利润增长率,-24.4554,-8.924853,-2.540771,4.1185,26.452516,-28.801858,-28.837487,-15.809571,-42.819334,623.895596,4730.980927,216.303848,189.081559,-60.569394,-94.341155,-225.507035,-371.271646,-6.166566,58.203606,504.924968,82.7263,-55.634537,-75.852323,-119.664666,-275.982975,19.863307,21.482241,9.559747,-14.925155,22.178586,20.86463,11.056409,28.460939,21.917797,21.014933,,,28.234207,,-5.084084,85.098432,
收益质量,经营活动净现金/销售收入,0.055627,0.371746,0.302898,0.213135,0.147113,0.358167,0.307486,0.213238,0.174289,0.501391,0.496411,0.415749,0.364731,0.308941,0.225162,-0.401763,-0.3504,0.327226,0.35499,0.307236,-0.140545,0.424797,0.244405,-0.157658,-1.191552,0.447329,0.485656,0.365832,0.284,0.460502,0.528914,0.461162,0.29397,0.462891,0.545529,0.512092,0.442161,0.497137,0.591446,0.435362,0.433519,0.437828
收益质量,经营性现金净流量/营业总收入,0.055627,0.371746,0.302898,0.213135,0.147113,0.358167,0.307486,0.213238,0.174289,0.501391,0.496411,0.415749,0.364731,0.308941,0.225162,-0.401763,-0.3504,0.327226,0.35499,0.307236,-0.140545,0.424797,0.244405,-0.157658,-1.191552,0.447329,0.485656,0.365832,0.284,0.460502,0.528914,0.461162,0.29397,0.462891,0.545529,0.512092,0.442161,0.497137,0.591446,0.435362,0.433519,0.437828
收益质量,成本费用率,83.34461,72.364212,66.673894,65.9785,79.79613,69.193011,66.062183,67.499596,81.583536,65.794788,61.267378,65.318574,78.009134,95.643627,100.438278,167.760002,143.589911,81.131819,78.049215,70.393279,104.928503,86.514374,87.701785,119.944082,255.136585,61.456925,54.052479,61.49581,75.976953,68.801062,62.144646,66.234721,76.859539,70.288,64.913993,65.998969,76.552638,72.656257,68.912347,75.938873,76.612333,80.061409
收益质量,期间费用率,20.913534,22.696493,20.390116,19.524948,21.239835,21.613505,18.897991,19.680777,19.750429,20.130294,17.418417,18.994456,20.426857,31.8841,31.894534,57.962724,44.728753,31.156849,28.165907,26.097999,41.235869,39.110253,36.840116,53.221317,104.573818,26.772786,23.190257,27.151105,34.10229,30.904622,29.302214,30.300853,33.097055,33.944874,33.138525,33.687849,35.127861,37.726774,36.827249,42.101507,42.518418,45.943006
收益质量,销售成本率,62.431075,49.667719,46.283777,46.453551,58.556295,47.579506,47.164191,47.818819,61.833106,45.664493,43.848961,46.324117,57.582276,63.759526,68.543744,109.797277,98.861157,49.974969,49.883307,44.29528,63.692633,47.40412,50.861669,66.722764,150.562767,34.684138,30.862222,34.344704,41.874662,37.89644,32.842431,35.933868,43.762484,36.343125,31.775468,32.311119,41.424777,34.929482,32.085098,33.837365,34.093915,34.118403
收益质量,经营活动净现金/归属母公司的净利润,0.533056,1.981445,1.403695,0.959268,1.115106,1.834967,1.456541,1.06863,1.697758,2.148429,1.96344,1.884763,2.29126,5.607301,22.00504,,,2.659959,2.568368,1.633076,,2.896565,1.971411,,,1.819423,1.634732,1.497277,1.682299,2.183721,2.053745,2.062383,1.502296,2.52438,2.445683,2.486239,2.824608,3.026283,2.935888,3.407685,3.111586,4.529805
收益质量,所得税/利润总额,22.537494,24.720819,23.230647,23.415989,24.711156,24.944559,24.280537,25.582095,27.837007,24.538474,26.230985,27.539938,25.244126,19.942799,34.925659,,,29.65316,28.620337,28.784135,,24.996614,24.743716,,,24.984382,24.986527,24.965063,25.147924,25.065173,24.982049,24.72695,25.232545,24.999489,24.968031,24.917692,25.248554,23.856722,24.11294,23.872474,23.631035,32.144003
财务风险,流动比率,6.377103,5.211948,5.134072,3.119658,3.112863,2.920473,2.667647,2.193636,3.168319,2.942786,2.736207,2.426933,1.946089,2.033199,1.976508,1.608756,1.729565,1.737531,2.041777,2.097783,2.089725,1.801277,2.507109,2.728893,2.492979,1.328645,1.64102,1.370021,1.421447,1.798401,2.299645,1.712507,1.733684,1.583833,2.520358,0.383233,,0.202213,,0.214115,0.334265,0.637478
财务风险,速动比率,6.300402,5.163344,5.075548,3.087584,3.072834,2.893487,2.649217,2.17746,3.14448,2.919146,2.703891,2.400088,1.920877,2.007136,1.94246,1.568807,1.690634,1.711344,2.009821,2.065898,2.063288,1.781367,2.474993,2.69425,2.461905,1.304731,1.609113,1.339064,1.393778,1.759297,2.227547,1.653916,1.681726,1.537408,2.474418,0.348422,,0.164557,,0.164146,0.299839,0.606354
财务风险,保守速动比率,6.08896,5.080757,4.864982,2.944785,2.965688,2.831114,2.559825,2.100957,3.034135,2.874421,2.6164,2.313235,1.850476,1.951648,1.855765,1.483402,1.614554,1.655572,1.922491,1.976816,1.961127,1.727344,2.351017,2.569472,2.384669,1.252041,1.490501,1.253267,1.352117,1.393256,2.115561,0.269653,0.294575,0.334639,2.447563,0.317728,,0.138108,,0.138182,0.271357,0.454974
财务风险,资产负债率,10.430467,11.920393,11.656206,16.794043,16.708006,17.636563,18.915153,21.900788,15.76825,16.770532,16.921861,17.040386,18.077513,18.4117,18.193519,18.230187,18.64871,20.795197,19.674962,19.381756,30.031967,34.965141,30.133826,29.718152,30.741123,19.810668,18.270656,17.791659,23.671632,20.236968,19.865414,22.388904,24.041753,26.136883,38.261966,57.599372,,62.35244,,68.672244,75.565589,74.935296
财务风险,权益乘数,1.233795,1.287409,1.287668,1.32589,1.321378,1.318153,1.328891,1.352786,1.299044,1.315466,1.31707,1.316335,1.322481,1.347752,1.346936,1.347964,1.350778,1.561902,1.551247,1.54801,1.726039,1.589748,1.523045,1.515964,1.52684,1.366728,1.35309,1.348221,1.396111,1.412877,1.410026,1.432053,1.441193,1.940333,2.143411,2.900275,,3.364684,,4.16104,4.603247,4.4881
财务风险,权益乘数(含少数股权的净资产),1.116451,1.135336,1.131941,1.201837,1.200595,1.21413,1.233276,1.280422,1.1872,1.201497,1.203686,1.205405,1.220666,1.225665,1.222397,1.222945,1.229236,1.262549,1.244941,1.240414,1.429224,1.537636,1.431307,1.422842,1.443858,1.247048,1.22355,1.216421,1.310128,1.253713,1.2479,1.288475,1.316512,1.353855,1.619747,2.358455,,2.656214,,3.192057,4.092588,3.989674
财务风险,产权比率,12.74753,14.847287,14.519786,22.19297,21.930453,23.461489,25.573856,30.68932,20.375329,21.90182,22.148117,22.272278,23.842432,24.416127,24.09155,24.157515,24.830455,28.483558,26.528018,26.014898,49.303212,63.481059,50.420438,49.500564,51.960039,27.105184,24.518828,23.690032,33.824504,27.625605,26.999478,31.337275,34.085803,38.294684,66.986538,157.603455,,192.515021,,253.236201,356.762198,336.317151
财务风险,现金比率,5.9001,4.921264,4.608416,2.837711,2.856557,2.730278,2.410504,1.997822,2.918638,2.740381,2.490524,2.197742,1.808288,1.909101,1.807992,1.459689,1.578569,1.625741,1.870301,1.934561,1.925343,1.685837,2.29557,2.546034,2.370721,1.228625,1.456983,1.21611,1.316733,1.353971,2.079066,0.238208,0.262832,0.279238,2.429215,0.286629,,0.120385,,0.11258,0.244554,0.440411
营运能力,应收账款周转率,4.704084,22.349827,13.732607,10.351575,4.379412,21.034008,12.347788,8.878194,4.377047,35.620289,28.570335,19.121166,14.762882,47.373089,29.086242,14.988938,7.717919,40.217545,25.351304,20.282527,7.417714,39.32945,24.914861,19.625666,4.906872,84.273237,57.289606,32.678522,13.333466,65.581731,56.627436,34.133917,14.001731,76.901426,107.534101,43.100611,,110.663425,,80.285472,86.53188,101.57457
营运能力,应收账款周转天数,19.13231,16.107506,19.661232,17.388656,20.550701,17.115139,21.866264,20.274392,20.561806,10.106599,9.450361,9.413651,6.09637,7.599251,9.282739,12.008856,11.661173,8.951317,10.650339,8.874633,12.133117,9.153446,10.836905,9.171662,18.34162,4.271818,4.712896,5.508205,6.749932,5.489333,4.768006,5.273347,6.427776,4.681317,2.510831,4.176274,,3.253107,,4.483999,4.160316,3.544194
营运能力,存货周转率,8.283215,38.906091,25.959719,16.956495,8.075416,45.707048,40.055564,25.606549,14.271413,58.679677,36.391499,26.252354,14.048081,40.90088,25.373041,13.933378,7.799583,32.368069,23.365439,15.230769,8.240516,29.175667,17.675626,10.657124,5.115942,29.010484,18.18357,12.338394,6.319361,27.465747,15.205275,10.409608,5.549591,23.233402,14.814684,9.519896,,19.052487,,17.504376,18.823925,16.215898
营运能力,存货周转天数,10.865345,9.253049,10.400728,10.6154,11.144935,7.876246,6.740636,7.029451,6.306312,6.135003,7.419315,6.856527,6.406568,8.801766,10.641215,12.918618,11.539077,11.122071,11.555528,11.818181,10.921645,12.339049,15.275271,16.890109,17.592067,12.409306,14.848569,14.588607,14.241945,13.107234,17.756995,17.291716,16.217409,15.494932,18.22516,18.907767,,18.89517,,20.566285,19.124597,22.200434
营运能力,总资产周转率,0.05901,0.291207,0.222107,0.139137,0.058982,0.304498,0.229597,0.148713,0.061348,0.379993,0.289004,0.176496,0.075953,0.232014,0.154044,0.057608,0.035855,0.260742,0.200736,0.14409,0.049485,0.263097,0.160243,0.073975,0.015558,0.425878,0.332782,0.19639,0.079249,0.438474,0.33161,0.200683,0.081919,0.445075,0.307833,0.220893,,0.431761,,0.410783,0.386848,0.305281
营运能力,总资产周转天数,1525.149229,1236.232165,1215.627841,1293.68168,1525.876453,1182.271291,1175.972906,1210.383676,1467.022091,947.384076,934.242498,1019.848367,1184.930023,1551.62711,1752.73613,3124.543768,2510.06735,1380.671183,1345.047929,1249.21777,1818.703591,1368.314112,1684.935408,2433.252655,5784.630046,845.31203,811.341184,916.539881,1135.656482,821.027551,814.208121,896.934361,1098.638813,808.851011,877.097263,814.873475,,833.793663,,876.373696,930.597177,1179.24117
营运能力,流动资产周转率,0.141634,0.727204,0.576971,0.356348,0.15237,0.833857,0.631217,0.411342,0.17957,1.275548,1.015137,0.673123,0.314365,0.898051,0.595598,0.242331,0.144983,0.826428,0.612157,0.441872,0.151945,0.831099,0.510486,0.234064,0.04932,1.655066,1.206976,0.795674,0.311237,1.827097,1.407125,0.918171,0.375778,3.242644,1.497936,3.588502,,11.383588,,7.417292,3.786252,2.320518
营运能力,流动资产周转天数,635.437908,495.046637,467.960392,505.124147,590.665821,431.7283,427.744828,437.591331,501.19644,282.23163,265.973806,267.410002,286.291034,400.867839,453.325392,742.783559,620.761807,435.609294,441.063308,407.357581,592.316387,433.161257,528.907249,769.018565,1824.797903,217.513885,223.699472,226.223287,289.167903,197.033828,191.880497,196.041829,239.502825,111.020491,180.247927,50.160204,,31.624473,,48.535229,95.080811,155.137748
营运能力,应付账款周转率,2.040764,7.200774,5.664214,3.634499,2.044578,6.62107,5.583435,3.832007,1.897531,6.766287,5.043909,3.300273,1.527389,3.818138,2.686464,1.604687,0.941981,2.822135,2.863232,2.148558,1.095243,3.301053,3.443661,2.035048,1.074448,4.904274,4.490003,2.890775,,6.073023,,3.005693,1.674728,4.102694,2.017557,1.768484,,3.222236,,3.154882,3.267116,3.59018
