选项,指标,20260331,20251231,20250930,20250630,20250331,20241231,20240930,20240630,20240331,20231231,20230930,20230630,20230331,20221231,20220930,20220630,20220331,20211231,20210930,20210630,20210331,20201231,20200930,20200630,20200331,20191231,20190930,20190630,20190331,20181231,20180930,20180630,20180331,20171231,20170930,20170630,20170331,20161231,20160930,20160630,20160331,20151231,20150930,20150630,20150331,20141231,20140930,20140630,20140331,20131231,20130930,20130630,20130331,20121231,20120930,20120630,20120331,20111231,20110930,20110630,20110331,20101231,20100930,20100630,20100331,20091231,20090930,20090630,20090331,20081231,20080930,20080630,20080331,20071231,20070930,20070630,20070331,20061231,20060930,20060630,20060331,20051231,20050930,20050630,20050331,20041231,20040930,20040630,20040331,20031231,20030930,20030630,20030331,20021231,20020930,20020630,20020331,20011231,20010630,20001231,19991231,19981231
常用指标,归母净利润,25531408.78,89056545.99,82763168.32,56914699.25,31975942.53,-109444559.74,102963363.2,64729187.01,34774870.1,118791969.48,96584704.88,66291756.9,29107408.58,120975309.36,98117383.24,59569171.76,27454348.01,104714052.41,96717104.71,56145443.69,26869048.96,109973160.3,84001577.7,40606473.32,18395598.48,56311165.2,40759096.96,32581754.41,17121920.32,47125456.84,46681498.47,39265660.47,16612102.56,66140258.47,47431374.67,35883048.08,16308787.64,53255165.94,39014029.66,26790143.34,10084127.34,14125176.34,31358087.84,25938364.8,8357872.02,48585228.31,21807475.62,15182004.73,3675483.14,33784634.25,20498743.87,14244193.46,4873760.74,29234447.23,31044747.33,23591724.52,15074993.21,49770436.6,49432145.06,42480541.3,36815734.67,48318285.73,33282419.67,13873978.83,6708332.11,30596737.32,16431454.41,9350081.47,3692131.98,23305564.6,23402633.77,17735461.47,4771353.01,32117916.0,21418529.08,12452571.39,3694441.4,22461280.74,17945490.08,12415596.12,8252386.43,23387217.23,14085524.19,9433684.79,2513928.57,16360371.7,12599896.25,7426819.21,1466583.7,10179193.39,8083553.51,6265124.21,1653288.78,4157891.09,2869211.16,3324254.22,208503.5,5113908.0,4543086.43,17244077.09,13100581.01,14503290.19
常用指标,营业总收入,567099927.67,2216620805.06,1626083938.65,1029898028.15,495374881.56,1962072062.21,1417122148.19,905903359.33,506187626.17,2035246720.15,1531985499.08,1043055762.39,500151183.76,2233014076.03,1749762704.81,1131042279.61,518396810.26,2339713220.16,1765263918.74,1116555130.67,511337831.14,2199461378.93,1534640168.52,940872982.11,408858279.19,1569254445.34,1160730732.22,735309804.58,364539212.8,1357038374.32,1039213500.71,707687015.53,312755806.77,1221516446.68,952194848.07,592734049.02,266984122.82,840421074.56,709070642.94,464538495.38,183306095.16,869768536.99,679364636.16,448999342.59,197455853.07,910529434.35,595722692.23,360537268.39,118089487.95,756233840.33,560312383.8,356447294.3,162029611.75,698377512.3,504222756.63,346498226.18,180042157.43,763973554.24,609339729.02,397391312.76,185325136.12,799473800.61,579741072.15,394289135.3,194089056.17,424447724.53,311749588.56,188584042.13,116662949.54,618874330.99,492424930.67,346967924.3,163162637.64,804509690.92,608233190.28,380314935.03,162824033.55,869613611.84,614176977.08,379427497.11,130965900.69,824296857.65,606468786.16,350035411.2,119515670.62,538631349.85,370088719.89,242164591.92,96086988.4,507617422.35,370889258.86,260197578.23,108509340.92,229215982.79,138664335.23,93704724.33,32954847.58,136279156.25,75988439.88,154175144.08,145831204.16,146814750.49
常用指标,营业成本,551362107.31,2170828604.55,1576344329.68,989686054.92,473307744.8,1891471871.55,1351362070.94,862152315.53,474269153.45,1907058250.73,1434881708.88,973468559.02,471126358.37,2103512293.09,1649259504.42,1069301763.39,487606228.06,2215176947.66,1656844074.8,1049014210.22,481059568.99,2046781582.79,1432939618.16,883769463.57,390563470.15,1529248346.18,1133926476.95,718070876.72,357746568.75,1327846815.82,999175715.67,675563948.55,304190740.94,1160588597.54,907490380.02,559712764.91,251807168.03,811166369.73,698516222.66,459378874.47,183245270.95,868610322.05,674346074.41,447939198.63,198910218.15,906830687.76,598317793.4,361978414.74,121371355.49,741256095.86,553691423.59,353892260.37,163538985.05,683438015.62,493345268.07,340250763.64,175298973.91,754585181.38,589344137.94,382456193.66,179061228.17,789555819.68,566815810.93,383414769.78,195457094.61,422427745.87,315817266.1,199098919.73,119935928.5,612523249.66,482788243.73,336005924.41,160981177.11,770200662.05,586324776.14,367558384.36,160998970.45,856439432.05,603688232.83,373843135.79,133797754.77,799977298.79,588956678.46,338713089.39,115757004.28,513616707.71,352847307.8,231245938.55,94507300.73,488159334.42,357973074.47,250033796.17,106222742.13,219850942.11,134715484.16,89142757.3,32672054.12,129950776.45,70796764.96,137598839.6,133653119.62,129123344.91
常用指标,净利润,28695955.62,90082151.27,85930487.48,59581541.49,33418593.14,-101013340.11,109680339.93,68462263.94,37417404.09,128676021.36,103599913.49,71326772.18,31627077.72,134660725.81,108102441.39,65903160.54,31010007.63,121124874.52,111906867.85,64586226.34,32000139.68,128591132.41,96991403.29,48325899.66,22534931.72,65638835.92,47276883.93,38537943.0,20087280.68,54433576.63,54593499.62,45191601.61,19450990.38,75120468.04,55536214.06,42255618.52,18508965.14,61691090.83,44864078.72,30485176.84,11973947.15,19802991.77,35700071.82,29321178.25,8699585.13,55824731.27,26116305.79,18357973.16,4376503.24,43151283.21,25100472.44,17540566.22,6331796.26,39088045.29,38360239.68,27602608.63,17147417.84,54464712.35,53869887.47,47292526.98,40068704.53,55471794.34,38198066.22,18184911.57,7758929.42,31354049.55,16754453.84,7736728.33,3348242.17,25543172.04,25601851.54,19715349.26,5498579.28,38363591.52,27125272.01,16036519.07,4289036.81,29733873.09,23539314.86,15723549.44,8560776.29,31196878.92,18939741.07,11857779.95,2879319.77,23519838.96,17079084.99,10767943.84,1975452.65,15322082.04,11452260.8,8392481.05,2626016.35,5630190.19,2936852.86,3324254.22,208503.5,5113908.0,4543086.43,17244077.09,13100581.01,14503290.19
常用指标,扣非净利润,22490539.85,82946705.84,78667109.59,54951551.67,31290991.85,-118160342.79,95732203.64,59554010.26,32379995.23,109321706.17,91511232.08,64007249.2,28708449.2,115380219.75,94817097.03,57599344.56,27031816.72,95982767.35,89631755.67,53884790.26,26075378.65,98208434.99,67890188.97,33687774.05,13571242.54,40836190.79,29100656.43,22294959.38,10842068.79,23327046.48,29203906.14,27018120.98,9343977.02,44161627.92,33272651.57,28884323.64,12719411.65,9930435.65,4733511.0,22321382.22,7335907.78,9459702.14,28592428.13,23866028.49,8177220.36,17445889.67,19405775.5,13679259.29,3469243.59,20833467.89,14064754.75,8317300.91,397575.97,12545665.93,14687748.2,11283199.4,8521992.69,8271691.53,21840817.1,15369740.43,6595968.24,5015887.52,11849773.47,11297830.97,288353.28,10437533.43,9651786.18,2605415.04,-522187.67,12408059.39,15542597.51,13731682.08,4382264.51,19673793.67,9902116.4,10367282.57,2540843.14,5484883.56,6088154.49,96438.24,-3407963.24,18498505.74,11340183.21,7710164.47,1776387.14,14052703.27,10181589.04,5359857.95,944022.12,7086172.27,6979177.5,5721932.44,749373.51,3207565.05,1876716.9,2692989.43,,4747120.27,4573306.52,13914198.18,,
常用指标,股东权益合计(净资产),2214751608.54,2199657149.92,2182770775.36,2165827858.96,2139158534.34,2102349811.26,2307244311.3,2306979764.93,2279081463.74,2236994405.86,2205773300.8,2209433161.53,2176194364.81,2144841113.63,2122679484.4,2108796346.22,2099458640.71,2065295311.02,2070273416.23,2028283677.95,2027978473.7,2003121091.01,1977706764.71,1929321736.54,1883661830.64,1861679735.09,1803302856.51,1801383586.7,1793780450.92,1878992734.66,1966901217.13,1957866612.81,1960455247.93,1940717267.04,1908853562.25,1911292484.12,1906851476.1,1888345226.0,1874264768.91,1840226549.2,1829064285.31,760436899.84,756143626.67,757390849.02,749516610.74,737824318.47,706044400.65,708728484.02,692234373.97,688586515.75,672818846.27,665255631.42,662116517.75,654018174.54,653702863.69,642956744.11,675511878.83,658483957.15,648574124.18,651751670.37,641775308.83,659893302.32,560603024.95,543128423.71,542789252.53,538204784.88,550410146.13,541873210.05,537484723.89,528612330.46,545374994.07,522643114.69,508426344.71,502927765.43,506767948.03,498943767.9,511299119.31,536320738.99,504114300.09,499094940.76,483727188.11,454317236.2,457377996.73,450696165.28,427959566.85,424440247.08,418278969.14,411967827.99,410941646.93,408966194.28,403995394.23,416160625.14,410394160.44,413268144.09,358395467.34,341041162.48,337925411.76,337715908.26,342275628.9,137437909.65,120193832.56,80047154.22
常用指标,商誉,511990.02,511990.02,511990.02,511990.02,511990.02,511990.02,217802214.39,217802214.39,217802214.39,217802214.39,227994616.82,227994616.82,227994616.82,227994616.82,227994616.82,227994616.82,227994616.82,227994616.82,227994616.82,227994616.82,227994616.82,227994616.82,233012893.43,233012893.43,233012893.43,233012893.43,7565649.6,6765064.96,6765064.96,6765064.96,7416764.81,7416764.81,7416764.81,7416764.81,7545345.72,7545345.72,7545345.72,7545345.72,7545345.72,7545345.72,7545345.72,7545345.72,8021061.88,8021061.88,7456111.09,7456111.09,6904774.79,6904774.79,6904774.79,6904774.79,6904774.79,6904774.79,,,,,,,,,,,,,,,,,,,,,,,,,,,,,,,,,,,,,,,,,,,,,,,,,,
常用指标,经营现金流量净额,-181796458.29,236855017.57,-76651719.19,-78157510.26,-109559135.26,190261675.81,-929717.29,40477846.62,-65691036.86,210667090.29,-18945095.1,42541355.46,-64028322.14,190468746.01,18741954.54,86353021.67,-71721051.31,214707891.01,50804702.4,23720961.92,-55886799.91,154809802.11,-61922459.72,-26908558.81,-34055438.3,147012520.82,-43083446.03,-35072507.12,-37987896.35,94205595.31,-79034837.26,11615591.31,-80885387.54,-61078401.87,-160393576.79,-106163968.29,-82532433.41,-13556602.65,-70395571.19,-6919089.72,20492163.55,68978613.82,5541152.27,20527784.81,-910170.24,289882864.54,-37360004.26,21459896.82,2192172.75,10167274.2,-27265915.03,-5997340.43,-7244029.24,41154620.79,26136013.84,12645403.96,13932621.52,43582871.11,-4688934.05,-22042661.08,-31075982.08,95778571.29,-321750.1,-57400087.6,-40414236.85,15542687.95,35481043.49,-4181542.26,-7934667.83,44128846.14,19559503.49,-2328544.75,1001442.25,115909824.55,59479892.75,17318079.94,22879938.24,87070934.9,7009550.7,-31035475.23,-30513056.0,76440499.2,57204666.99,59268600.86,12075740.35,43242916.15,-44312.46,-1157903.8,-10001489.04,72408670.08,58394171.82,71349878.27,-9724051.59,-48976878.37,,-45491939.24,,-39452275.54,-22573266.68,45424459.18,,
常用指标,基本每股收益,0.0235,0.0819,0.0761,0.0523,0.0294,-0.1006,0.0947,0.0595,0.032,0.1092,0.0888,0.0609,0.0268,0.1112,0.0902,0.0548,0.0252,0.0963,0.0889,0.0516,0.0247,0.1011,0.0772,0.0373,0.0169,0.0516,0.0373,0.0297,0.0156,0.042,0.0416,0.035,0.0205,0.0815,0.0585,0.0442,0.0201,0.0657,0.0734,0.0509,0.0197,0.031,0.0687,0.0569,0.0183,0.1065,0.0478,0.0333,0.0081,0.0741,0.0449,0.0312,0.0107,0.0641,0.0681,0.0517,0.033,0.1091,0.1084,0.0931,0.0807,0.1059,0.073,0.0365,0.0176,0.0805,0.0519,0.0295,0.0117,0.0736,0.0739,0.056,0.0151,0.1014,0.068,0.0397,0.0137,0.0815,0.068,0.047,0.047,0.133,,,,0.124,,0.068,,0.093,,0.057,,0.038,,,,0.06,0.057,0.22,0.16,0.18
常用指标,每股净资产,1.874413,1.863635,1.846389,1.823811,1.800016,1.765182,1.955042,1.950038,1.925255,1.88905,1.86358,1.868863,1.834765,1.808428,1.785802,1.775865,1.71046,1.683314,1.667976,1.636335,1.639156,1.616194,1.591122,1.55265,1.516084,1.500204,1.483374,1.476228,2.049271,2.158116,2.255645,2.245798,2.252723,2.231895,2.193642,2.179404,3.268325,3.238165,3.217136,3.190575,3.173271,1.396403,1.443402,1.430822,1.420617,1.39895,1.344191,1.352558,1.321827,1.315367,1.277814,1.263889,1.261038,1.246482,1.245,1.228688,1.20332,1.170536,1.151892,1.3908,1.374635,1.396555,1.365304,1.318474,1.57027,1.555535,1.437161,1.416326,1.398467,1.386812,1.433365,1.372197,1.331275,1.316214,1.298066,1.269764,1.594439,1.58765,1.54346,1.522513,2.25959,2.203433,2.231886,2.208089,2.084826,2.066906,2.038893,3.212135,3.148351,3.135018,3.104674,3.088143,3.046217,3.031188,3.096268,3.100374,3.072049,3.070144,3.111596,1.717973,1.502422,0.955567
常用指标,每股现金流,-0.167132,0.21775,-0.070469,-0.071853,-0.100722,0.174915,-0.000854,0.037212,-0.060392,0.193674,-0.017417,0.03911,-0.058863,0.175105,0.01723,0.079387,-0.063928,0.191379,0.045284,0.021143,-0.049814,0.137989,-0.055194,-0.023984,-0.030355,0.131039,-0.038402,-0.031261,-0.046834,0.116143,-0.097439,0.01432,-0.099721,-0.075301,-0.197744,-0.130886,-0.152628,-0.02507,-0.130183,-0.012795,0.037896,0.162269,0.021384,0.05167,0.001271,0.63544,-0.081895,0.047041,0.004805,0.022287,-0.059768,-0.013146,-0.015879,0.090213,0.057291,0.027719,0.030541,0.095536,-0.010278,-0.057982,-0.081744,0.218108,0.06608,-0.097458,-0.112048,0.049061,0.111998,-0.013199,-0.025046,0.139295,0.06174,-0.00735,0.003161,0.365876,0.187752,0.054665,0.097778,0.287375,0.026551,-0.117558,-0.173369,0.434321,0.325026,0.336753,0.068612,0.245698,-0.000251,-0.010526,-0.090922,0.65826,0.530856,0.648635,-0.0884,-0.445244,,-0.413563,,-0.358657,-0.205211,0.567805,,
常用指标,净资产收益率(ROE),1.26,4.51,4.21,2.92,1.65,-5.52,4.9,3.1,1.68,5.9,4.81,3.31,1.47,6.27,5.1,3.12,1.44,5.66,5.23,3.05,1.47,6.29,4.84,2.37,1.09,3.36,2.44,1.94,1.0,2.6,2.56,2.15,0.91,3.71,2.68,2.03,0.93,3.25,2.43,1.74,0.74,2.18,4.74,3.92,1.27,7.84,3.58,2.49,0.61,5.77,3.56,2.47,0.85,5.3,5.64,4.32,2.78,9.56,8.04,6.95,6.05,8.55,5.25,2.54,1.0283,6.76,,2.11,,5.44,,4.16,,7.18,,3.13,,5.63,,3.08,,6.23,,,,4.63,,2.131,,3.01,,1.861,,1.23,,,,2.32,3.22,13.39,,
常用指标,总资产报酬率(ROA),0.883475,3.037027,2.788713,1.977565,1.113828,-1.864877,3.428701,2.130858,1.215119,4.392984,3.471147,2.371787,1.109985,4.589902,3.734565,2.38772,1.100641,4.557653,4.228664,2.532713,1.158841,5.100837,3.911861,2.116347,0.934418,3.078631,2.57434,1.948261,1.01218,2.692014,2.56794,1.985216,0.875987,3.21677,2.515784,1.900183,0.843727,3.612509,2.507674,1.773405,0.708292,2.413506,3.103106,2.605464,0.988348,4.897089,2.221818,1.596919,0.429237,4.416825,2.633962,1.816633,0.695468,4.513694,4.050329,2.912695,1.783558,6.668423,5.666237,4.694414,3.786715,5.998095,4.053281,1.602898,0.935275,4.875368,2.644331,1.424299,0.653479,4.728724,4.457692,3.307145,1.121655,7.207567,4.879256,3.035428,0.984637,6.842465,5.053259,3.416863,1.785048,6.460555,4.339404,2.722313,1.000729,5.88929,4.050939,2.640088,0.688845,4.123243,2.635481,2.108593,0.63141,2.813664,1.334849,1.456798,0.281455,3.254179,2.037543,8.348853,10.05877,12.981419
常用指标,毛利率,19.85797,20.53935,20.143936,21.5403,22.807695,23.793173,24.178725,24.734575,23.635034,26.773648,24.971153,24.984322,23.495353,25.523201,22.774919,21.711969,22.327662,24.976948,24.362952,23.217852,23.166007,26.079806,24.794366,23.471441,22.168539,19.70153,18.156904,18.562723,17.077853,20.147021,20.78708,20.885526,19.798529,25.642169,24.574693,26.750847,27.917681,28.419599,22.463066,20.31297,23.007636,21.595755,20.757385,21.021737,22.818389,19.222128,19.646391,21.8033,27.984866,25.599793,24.647643,24.51197,22.978141,28.267906,28.059824,27.155516,26.457087,24.936469,24.380128,24.657887,23.876196,16.203237,17.250403,18.007368,15.559334,22.466416,21.290635,19.879043,15.982107,18.09748,17.656186,17.075835,15.978353,16.595341,16.164002,16.616745,15.079317,13.38805,13.452545,14.853315,9.817864,10.987215,12.107568,12.890265,19.709146,20.884414,21.70318,20.45793,21.788484,20.255014,20.598288,19.196506,17.578955,24.299894,22.086851,21.141795,15.620264,25.576422,25.915223,29.831514,29.5745,36.291762
常用指标,销售净利率,5.060123,4.06394,5.284505,5.785188,6.746121,-5.148299,7.739653,7.557347,7.392002,6.322379,6.76246,6.838251,6.323503,6.032319,6.17812,5.826763,5.981905,5.176911,6.339384,5.784418,6.25812,5.846482,6.320139,5.136283,5.511673,4.182803,4.073027,5.241048,5.51032,4.011203,5.253347,6.385817,6.219225,6.149771,5.832442,7.128933,6.932608,7.340497,6.327166,6.562465,6.532214,2.869757,5.846745,7.286336,5.930328,6.131018,4.38397,5.091837,3.70609,5.706076,4.479728,4.920942,3.907801,5.596979,7.607796,7.966161,9.524112,7.129135,8.840698,11.900745,21.62076,6.037331,6.220655,3.3922,3.570151,7.387022,5.37433,4.102536,2.870013,4.12736,5.199137,5.682182,3.369999,4.768567,4.479265,4.24796,2.586176,4.15071,3.86966,4.183112,6.642396,3.830841,3.164784,3.44305,2.425959,4.396616,4.660797,4.491401,2.064338,3.03174,3.093661,3.229955,2.419274,2.48301,2.146249,3.561798,0.637037,3.817961,5.989938,11.430595,9.016466,9.887348
常用指标,期间费用率,16.625027,17.745009,16.339,16.799452,17.490954,19.511454,18.861231,19.124667,16.655947,19.726721,17.911033,17.55743,17.094882,18.892207,16.293463,15.481253,15.556674,18.992191,17.606146,16.541686,16.731597,18.441949,17.573192,16.76088,17.176858,16.444751,15.243494,15.523848,14.530541,17.254046,16.335767,15.733573,16.544366,19.233191,18.509518,19.414458,21.412455,23.908467,19.683129,17.510864,22.332414,19.650483,18.195899,18.476683,21.501405,18.041006,18.880445,20.442547,30.013526,22.181922,21.871353,21.566213,22.81402,25.148174,24.395,23.48562,23.149497,23.096126,20.247131,19.411673,20.137783,16.774813,16.291042,16.252256,17.517822,21.962701,23.024976,24.798106,18.364461,17.093065,16.020075,14.511341,13.995967,11.490333,11.615874,12.223399,13.260677,11.532492,12.235376,13.557351,12.547665,8.778031,10.098784,10.709533,16.860894,16.482013,17.58714,16.554115,20.180335,16.365933,16.824405,14.949577,14.863148,20.950597,20.206653,16.401494,15.374081,21.903195,18.43417,19.848772,20.880356,23.457419
常用指标,资产负债率,44.309677,45.190553,44.773222,43.26305,42.087001,44.281327,41.208944,42.545395,41.372907,43.237007,41.985619,43.369535,42.763123,43.344115,42.957621,41.868819,42.10033,43.666175,40.525938,40.990955,43.529773,44.745536,44.558925,45.215534,44.084548,43.499043,31.525995,32.207065,32.174302,31.13564,30.045979,30.756741,29.592928,30.291059,28.406194,28.090944,27.753431,29.147744,32.859503,28.412439,28.553709,50.217285,49.421428,48.251965,48.619281,51.683607,51.041782,48.678017,46.176844,47.111512,48.403291,48.490188,47.062536,45.651598,46.839468,47.63195,46.948384,47.527377,48.212788,47.834739,46.33848,39.770071,42.264038,40.351933,43.299876,43.584603,37.510695,31.978982,33.133279,35.573809,37.227472,41.710517,42.684,45.097564,41.677677,39.772561,34.754899,38.435161,40.108648,38.090329,38.745838,42.726625,42.354968,44.585517,46.544527,46.542567,48.035198,49.577924,48.010066,48.140634,49.743813,47.563778,46.64298,42.460146,42.071165,41.22761,40.434738,39.846661,41.062389,62.680604,60.617871,68.730089
每股指标,基本每股收益,0.0235,0.0819,0.0761,0.0523,0.0294,-0.1006,0.0947,0.0595,0.032,0.1092,0.0888,0.0609,0.0268,0.1112,0.0902,0.0548,0.0252,0.0963,0.0889,0.0516,0.0247,0.1011,0.0772,0.0373,0.0169,0.0516,0.0373,0.0297,0.0156,0.042,0.0416,0.035,0.0205,0.0815,0.0585,0.0442,0.0201,0.0657,0.0734,0.0509,0.0197,0.031,0.0687,0.0569,0.0183,0.1065,0.0478,0.0333,0.0081,0.0741,0.0449,0.0312,0.0107,0.0641,0.0681,0.0517,0.033,0.1091,0.1084,0.0931,0.0807,0.1059,0.073,0.0365,0.0176,0.0805,0.0519,0.0295,0.0117,0.0736,0.0739,0.056,0.0151,0.1014,0.068,0.0397,0.0137,0.0815,0.068,0.047,0.047,0.133,,,,0.124,,0.068,,0.093,,0.057,,0.038,,,,0.06,0.057,0.22,0.16,0.18
每股指标,稀释每股收益,0.0235,0.0819,0.0761,0.0523,0.0294,-0.1006,0.0947,0.0595,0.032,0.1092,0.0888,0.0609,0.0268,0.1112,0.0902,0.0548,0.0252,0.0963,0.0889,0.0516,0.0247,0.1011,0.0772,0.0373,0.0169,0.0516,0.0373,0.0297,0.0156,0.042,0.0416,0.035,0.0205,0.0815,0.0585,0.0442,0.0201,0.0657,0.0734,0.0509,0.0197,0.031,0.0687,0.0569,0.0183,0.1065,0.0478,0.0333,0.0081,0.0741,0.0449,0.0312,0.0107,0.0641,0.0681,0.0517,0.033,0.1091,0.1084,0.0931,0.0807,0.1059,0.073,0.0365,0.0176,0.0805,0.0519,0.0295,0.0117,0.0736,0.0739,0.056,0.0151,0.1014,0.068,0.0397,0.0137,0.0815,0.068,0.047,0.047,,,,,,,,,,,,,,,,,,,,,
每股指标,摊薄每股收益_最新股数,0.023472,0.081873,0.076087,0.052324,0.029396,-0.100616,0.094658,0.059508,0.031969,0.10921,0.088794,0.060944,0.026759,0.111237,0.090203,0.054764,0.025239,0.096267,0.088916,0.051616,0.024701,0.101102,0.077226,0.037331,0.016911,0.051769,0.037471,0.029953,0.01574,0.043324,0.042916,0.036098,0.015272,0.060805,0.043605,0.032988,0.014993,0.048959,0.035867,0.024629,0.00927,0.015389,0.030695,0.025419,0.009086,0.044666,0.020048,0.013957,0.003379,0.031059,0.018845,0.013095,0.00448,0.026876,0.02854,0.021688,0.013859,0.045756,0.045445,0.039054,0.033846,0.033451,0.024406,0.008722,0.004682,0.028128,0.015106,0.008595,0.003394,0.021425,0.021515,0.016304,0.004386,0.029527,0.0198,0.011557,0.003337,0.024384,0.016245,0.011161,0.007586,0.0215,0.012949,0.008672,0.002311,0.01504,0.011583,0.006827,0.001348,0.009358,0.007431,0.005759,0.001519,0.003822,0.002637,0.003056,0.000191,0.004701,0.004176,0.015853,0.012043,0.013333
每股指标,摊薄每股净资产_期末股数,1.874413,1.863635,1.846389,1.823811,1.800016,1.765182,1.955042,1.950038,1.925255,1.88905,1.86358,1.868863,1.834765,1.808428,1.785802,1.775865,1.71046,1.683314,1.667976,1.636335,1.639156,1.616194,1.591122,1.55265,1.516084,1.500204,1.483374,1.476228,2.049271,2.158116,2.255645,2.245798,2.252723,2.231895,2.193642,2.179404,3.268325,3.238165,3.217136,3.190575,3.173271,1.396403,1.443402,1.430822,1.420617,1.39895,1.344191,1.352558,1.321827,1.315367,1.277814,1.263889,1.261038,1.246482,1.245,1.228688,1.20332,1.170536,1.151892,1.3908,1.374635,1.396555,1.365304,1.318474,1.57027,1.555535,1.437161,1.416326,1.398467,1.386812,1.433365,1.372197,1.331275,1.316214,1.298066,1.269764,1.594439,1.58765,1.54346,1.522513,2.25959,2.203433,2.231886,2.208089,2.084826,2.066906,2.038893,3.212135,3.148351,3.135018,3.104674,3.088143,3.046217,3.031188,3.096268,3.100374,3.072049,3.070144,3.111596,1.717973,1.502422,0.955567
每股指标,调整每股净资产_期末股数,1.728448,1.715436,1.712748,1.688478,1.663644,1.631139,1.625263,1.616617,1.589983,1.551052,1.508197,1.511476,1.474001,1.449229,1.420091,1.408933,1.353497,1.323303,1.309126,1.274767,1.27843,1.251638,1.221772,1.178906,1.141377,1.138205,1.35084,1.34056,1.858809,1.965004,2.061874,2.04934,2.054603,2.029969,1.987956,1.971243,2.95556,2.923305,2.897513,2.90671,2.889851,1.094155,1.143836,1.132458,1.125629,1.101439,1.098163,1.110625,1.0824,1.080875,1.041161,1.03022,1.060585,1.046957,1.046605,1.028698,0.90693,0.874886,0.866866,1.05046,1.037609,1.194399,1.19655,1.150931,1.384769,1.371385,1.255473,1.240474,1.221542,1.208739,1.241122,1.193955,1.156108,1.139968,1.154891,1.128543,1.48235,1.552872,1.497901,1.487346,2.206632,2.150061,2.081049,2.056127,1.931587,1.912009,1.881905,2.963882,2.903183,2.889638,2.815924,2.989706,2.959189,2.943685,2.973829,3.100374,3.072049,3.070144,3.111596,1.717973,1.502422,0.955567
每股指标,每股净资产_最新股数,1.874413,1.863635,1.846389,1.823811,1.800016,1.765182,1.955042,1.950038,1.925255,1.88905,1.86358,1.868863,1.834765,1.808428,1.785802,1.775865,1.764176,1.736178,1.720358,1.687723,1.690633,1.66695,1.64109,1.60141,1.563695,1.547317,1.529958,1.522588,1.528121,1.609286,1.682012,1.674669,1.679833,1.664302,1.635777,1.62516,1.624771,1.609778,1.599324,1.58612,1.577518,0.585646,0.605357,0.600081,0.595801,0.586714,0.563748,0.567257,0.554369,0.55166,0.53591,0.53007,0.528874,0.522769,0.522148,0.515307,0.504667,0.490918,0.483099,0.48608,0.48043,0.488091,0.477169,0.460802,0.457337,0.453045,0.418569,0.412501,0.407299,0.403905,0.417463,0.399648,0.38773,0.383343,0.378058,0.369815,0.38698,0.385332,0.374607,0.369523,0.36561,0.356524,0.361128,0.357277,0.337333,0.334433,0.329901,0.324835,0.318385,0.317036,0.313968,0.312296,0.308056,0.306536,0.313118,0.313533,0.310668,0.310476,0.314668,0.126352,0.110499,0.07359
每股指标,每股经营现金流,-0.167132,0.21775,-0.070469,-0.071853,-0.100722,0.174915,-0.000854,0.037212,-0.060392,0.193674,-0.017417,0.03911,-0.058863,0.175105,0.01723,0.079387,-0.063928,0.191379,0.045284,0.021143,-0.049814,0.137989,-0.055194,-0.023984,-0.030355,0.131039,-0.038402,-0.031261,-0.046834,0.116143,-0.097439,0.01432,-0.099721,-0.075301,-0.197744,-0.130886,-0.152628,-0.02507,-0.130183,-0.012795,0.037896,0.162269,0.021384,0.05167,0.001271,0.63544,-0.081895,0.047041,0.004805,0.022287,-0.059768,-0.013146,-0.015879,0.090213,0.057291,0.027719,0.030541,0.095536,-0.010278,-0.057982,-0.081744,0.218108,0.06608,-0.097458,-0.112048,0.049061,0.111998,-0.013199,-0.025046,0.139295,0.06174,-0.00735,0.003161,0.365876,0.187752,0.054665,0.097778,0.287375,0.026551,-0.117558,-0.173369,0.434321,0.325026,0.336753,0.068612,0.245698,-0.000251,-0.010526,-0.090922,0.65826,0.530856,0.648635,-0.0884,-0.445244,,-0.413563,,-0.358657,-0.205211,0.567805,,
每股指标,每股现金流量净额,-0.176203,0.037608,-0.187099,-0.084969,-0.156465,0.0725,-0.085109,0.008774,-0.066062,0.102146,-0.088713,-0.014263,-0.046525,0.059211,-0.042776,-0.0511,-0.096779,0.019611,-0.096403,-0.096975,-0.033759,0.153125,-0.022418,0.024819,-0.05358,0.019821,0.109687,0.157034,-0.142053,-0.160408,-0.14518,0.318336,-0.146253,0.159113,0.026656,0.18682,0.238405,0.132536,0.204513,-0.00018,0.071693,-0.111741,-0.21935,-0.162464,-0.124362,0.28693,-0.124839,0.004315,-0.065691,-0.086631,-0.115031,-0.029734,0.039529,0.059399,-0.022457,-0.041043,0.006257,0.021482,-0.031373,0.00236,0.054402,-0.220769,-0.26703,-0.206924,-0.278287,0.284324,0.057837,-0.062898,-0.053224,-0.116959,-0.248733,-0.12377,-0.055451,0.050686,-0.032245,-0.136628,-0.150035,0.128353,-0.023074,-0.083787,-0.151503,0.027829,-0.054055,-0.048804,0.029982,-0.183423,-0.239993,-0.223233,-0.219891,-0.066987,0.043694,0.449026,0.01882,-1.280232,,-0.338188,,1.34134,1.605743,0.665658,,
每股指标,每股企业自由现金流量,,0.073663,,0.038115,,-0.13695,,0.014403,,0.085926,,0.024006,,0.011319,,-0.013859,,0.064134,,0.019809,,0.159558,,0.119959,,0.292907,,0.136969,,0.182819,,0.03928,,0.037492,,0.034641,,-1.831998,,-1.909866,,0.141245,,0.14858,,0.0467,,0.052121,,0.190192,,0.059335,,0.032643,,0.054099,,0.335657,,0.312336,,0.04297,,-0.011595,,0.118052,,-0.006375,,0.046689,,0.092595,,0.432787,,0.172414,,0.059311,-0.03836,-0.108666,-0.229614,0.007023,-0.065295,-0.025155,-0.050029,0.407078,0.20328,0.165516,0.079729,0.759763,0.49692,0.390536,0.080675,0.346701,,0.137581,,-1.745152,-1.785491,-0.718886,,
每股指标,每股股东自由现金流量,,-0.028986,,0.05314,,-0.157878,,0.026682,,0.054668,,-0.00909,,0.131955,,0.024036,,0.059321,,0.03104,,0.20983,,0.202854,,0.247537,,0.134294,,0.206244,,0.063814,,0.133533,,0.010107,,-2.181499,,-1.98382,,0.086421,,0.049915,,-0.059614,,0.055409,,0.161504,,0.095395,,-0.004507,,0.038974,,0.438684,,0.478056,,-0.301358,,-0.035006,,0.58333,,-0.028471,,-0.151065,,0.004802,,0.510017,,0.176982,,-0.048642,-0.119937,-0.18456,-0.212569,-0.003446,-0.075765,-0.20608,-0.02162,0.278101,0.136803,0.140971,0.075183,0.956894,0.952034,0.800196,0.396699,0.230428,,0.301218,,-1.672425,-1.721855,-0.312941,,
每股指标,每股未分配利润,0.515728,0.492256,0.497195,0.473431,0.450504,0.421107,0.620802,0.618599,0.591061,0.559091,0.54075,0.5469,0.512715,0.485956,0.469218,0.462779,0.420062,0.395591,0.38849,0.352326,0.356287,0.332158,0.320317,0.281637,0.261839,0.245442,0.235342,0.228053,0.296372,0.275263,0.287299,0.278156,0.283227,0.262746,0.244472,0.230234,0.339153,0.308993,0.282656,0.260051,0.240156,0.262869,0.302424,0.289844,0.282901,0.261235,0.213657,0.222134,0.196911,0.188854,0.163241,0.149531,0.14899,0.138307,0.150241,0.133903,0.109716,0.07667,0.07822,0.300595,0.284577,0.224114,0.198679,0.153804,0.370694,0.354615,0.331106,0.308753,0.290894,0.279239,0.295204,0.277315,0.236393,0.221332,0.138699,0.110397,0.198606,0.090425,0.176983,0.156037,0.211964,0.165075,0.178703,0.152272,0.115392,0.101108,0.133517,0.1666,0.112416,0.099083,0.131557,0.115026,0.0731,0.05807,0.128245,0.132381,0.104056,0.102161,0.158567,0.176906,0.02602,-0.044432
每股指标,每股资本公积金,0.274689,0.274131,0.274449,0.276777,0.276186,0.275532,0.272797,0.272371,0.271758,0.271129,0.266952,0.266439,0.265896,0.265355,0.264524,0.264064,0.395084,0.395084,0.395458,0.395458,0.395458,0.395458,0.394549,0.394549,0.394549,0.394549,0.394549,0.394549,0.928877,0.928877,0.928877,0.928877,0.928877,0.928877,0.925655,0.925655,1.888483,1.888483,1.88745,1.88745,1.88745,0.079406,0.077827,0.077827,0.077026,0.077026,0.080965,0.080855,0.075347,0.076945,0.067204,0.06699,0.064679,0.060807,0.050184,0.050209,0.048683,0.048945,0.04822,0.059662,0.057293,0.077698,0.072327,0.070372,0.086419,0.087763,0.007234,0.008752,0.008752,0.008752,0.052031,0.008752,0.008752,0.008752,0.032079,0.032079,0.243087,0.243087,0.232432,0.232432,0.846559,0.83729,0.918594,0.921228,0.837282,0.833646,0.826998,1.920133,1.910532,1.910532,1.89924,1.89924,1.89924,1.89924,1.902811,1.90278,1.90278,1.902771,1.902771,0.46525,0.46525,
每股指标,每股盈余公积金,0.076685,0.076685,0.06596,0.06596,0.06596,0.06596,0.061593,0.061593,0.061593,0.061593,0.059532,0.059532,0.059532,0.059532,0.055236,0.055236,0.053554,0.053554,0.053554,0.053554,0.053554,0.053554,0.042245,0.042245,0.042245,0.042245,0.038483,0.038483,0.053228,0.053228,0.040646,0.040646,0.040646,0.040646,0.035854,0.035854,0.053782,0.053782,0.053782,0.053782,0.053782,0.06375,0.060689,0.060689,0.060689,0.060689,0.049568,0.049568,0.049568,0.049568,0.047367,0.047367,0.047367,0.047367,0.044575,0.044575,0.04492,0.04492,0.025451,0.030542,0.032763,0.094743,0.094297,0.094297,0.113156,0.113156,0.09882,0.09882,0.09882,0.09882,0.086129,0.086129,0.086129,0.086129,0.127288,0.127288,0.152745,0.154138,0.134044,0.134044,0.201066,0.201066,0.134588,0.134588,0.132151,0.132151,0.078376,0.125402,0.125402,0.125402,0.073877,0.073877,0.073877,0.073877,0.065211,0.065211,0.065211,0.065211,0.050257,0.075817,0.011151,
每股指标,每股留存收益,0.592413,0.568941,0.563155,0.539392,0.516465,0.487068,0.682395,0.680193,0.652655,0.620685,0.600282,0.606433,0.572247,0.545488,0.524454,0.518015,0.473617,0.449145,0.442044,0.405881,0.409841,0.385712,0.362562,0.323882,0.304085,0.287688,0.273825,0.266536,0.349601,0.328492,0.327945,0.318802,0.323873,0.303392,0.280327,0.266089,0.392935,0.362775,0.336439,0.313833,0.293938,0.32662,0.363114,0.350534,0.343591,0.321924,0.263226,0.271702,0.246479,0.238422,0.210609,0.196899,0.196358,0.185674,0.194816,0.178479,0.154636,0.121591,0.103672,0.331138,0.317341,0.318857,0.292976,0.248101,0.48385,0.467772,0.429927,0.407574,0.389714,0.37806,0.381333,0.363445,0.322523,0.307461,0.265987,0.237685,0.351352,0.244563,0.311028,0.290081,0.41303,0.366142,0.313291,0.28686,0.247544,0.23326,0.211894,0.292002,0.237818,0.224485,0.205434,0.188903,0.146977,0.131947,0.193457,0.197593,0.169268,0.167373,0.208825,0.252723,0.037172,-0.044432
每股指标,每股营业收入,0.521358,2.037831,1.494926,0.946827,0.455418,1.803813,1.302818,0.832834,0.465359,1.871086,1.408417,0.958924,0.459809,2.052902,1.608629,1.039813,0.462072,2.0855,1.573466,0.99524,0.45578,1.960487,1.367899,0.838646,0.364435,1.398753,1.034616,0.655417,0.44943,1.673056,1.281218,0.872488,0.385588,1.505974,1.173935,0.730765,0.493736,1.554198,1.311291,0.859075,0.338989,1.904315,1.487735,0.983061,0.432188,1.995934,1.305859,0.790319,0.258859,1.657709,1.228238,0.781353,0.355178,1.530885,1.105286,0.759544,0.394663,1.674675,1.335708,1.045326,0.487492,1.531876,1.130431,0.775581,0.442969,1.339797,0.984058,0.595277,0.368254,1.953517,1.554371,1.095227,0.515033,2.539487,1.919927,1.200489,0.60976,3.053206,2.27725,1.398879,0.732277,4.62705,3.4003,1.956804,0.674362,3.039506,2.082052,2.179506,0.869947,4.594445,3.365315,2.362115,0.986778,2.06135,1.243968,0.848461,0.297547,1.217667,0.689502,1.885736,1.816202,1.751065
每股指标,每股营业总收入,0.521358,2.037831,1.494926,0.946827,0.455418,1.803813,1.302818,0.832834,0.465359,1.871086,1.408417,0.958924,0.459809,2.052902,1.608629,1.039813,0.462072,2.0855,1.573466,0.99524,0.45578,1.960487,1.367899,0.838646,0.364435,1.398753,1.034616,0.655417,0.44943,1.673056,1.281218,0.872488,0.385588,1.505974,1.173935,0.730765,0.493736,1.554198,1.311291,0.859075,0.338989,1.904315,1.487735,0.983061,0.432188,1.995934,1.305859,0.790319,0.258859,1.657709,1.228238,0.781353,0.355178,1.530885,1.105286,0.759544,0.394663,1.674675,1.335708,1.045326,0.487492,1.531876,1.130431,0.775581,0.442969,1.339797,0.984058,0.595277,0.368254,1.953517,1.554371,1.095227,0.515033,2.539487,1.919927,1.200489,0.60976,3.074669,2.295327,1.405741,0.737111,4.683504,3.445845,1.988837,0.679066,3.060405,2.102776,2.201496,0.873518,4.614703,3.37172,2.365432,0.986448,2.083781,1.260584,0.851861,0.299589,1.238901,0.690803,1.927189,1.82289,1.75261
每股指标,每股息税前利润,0.032448,0.108701,0.099032,0.068999,0.03823,-0.066127,0.123964,0.07793,0.043725,0.156032,0.121075,0.083812,0.038716,0.157224,0.126817,0.080054,0.03577,0.148105,0.133924,0.079719,0.03727,0.157318,0.119636,0.064294,0.02775,0.082646,0.06152,0.046763,0.033526,0.091478,0.088578,0.068671,0.030069,0.108054,0.08268,0.062351,0.041383,0.139396,0.099694,0.066879,0.026642,0.079535,0.102783,0.085403,0.032344,0.151843,0.066823,0.046958,0.012175,0.121282,0.072385,0.049675,0.018706,0.121615,0.110297,0.079256,0.049422,0.178162,0.151229,0.150166,0.118469,0.148546,0.102621,0.039308,0.028213,0.136777,0.071131,0.03642,0.016784,0.130241,0.125573,0.094614,0.03192,0.203187,0.133921,0.081374,0.03084,0.209593,0.156474,0.103503,0.080273,0.291316,0.195694,0.124305,0.045333,0.264781,0.183389,0.192683,0.049441,0.280619,0.181194,0.14399,0.042414,0.162437,0.071603,0.075601,0.01444,0.137518,0.087893,0.35142,0.352803,0.396695
盈利能力,净资产收益率(ROE),1.26,4.51,4.21,2.92,1.65,-5.52,4.9,3.1,1.68,5.9,4.81,3.31,1.47,6.27,5.1,3.12,1.44,5.66,5.23,3.05,1.47,6.29,4.84,2.37,1.09,3.36,2.44,1.94,1.0,2.6,2.56,2.15,0.91,3.71,2.68,2.03,0.93,3.25,2.43,1.74,0.74,2.18,4.74,3.92,1.27,7.84,3.58,2.49,0.61,5.77,3.56,2.47,0.85,5.3,5.64,4.32,2.78,9.56,8.04,6.95,6.05,8.55,5.25,2.54,1.0283,6.76,,2.11,,5.44,,4.16,,7.18,,3.13,,5.63,,3.08,,6.23,,,,4.63,,2.131,,3.01,,1.861,,1.23,,,,2.32,3.22,13.39,,
盈利能力,摊薄净资产收益率,1.252235,4.393206,4.120885,2.868937,1.633141,-5.700085,4.84176,3.051642,1.660557,5.78123,4.764715,3.261058,1.458477,6.151048,5.051137,3.083815,1.430691,5.544818,5.16846,3.058369,1.461099,6.065139,4.705781,2.331144,1.081529,3.345737,2.449185,1.967291,1.030081,2.692148,2.55148,2.155561,0.909148,3.653511,2.665742,2.029877,0.922796,3.041391,2.242647,1.5528,0.587679,2.627862,5.070642,4.236005,1.525157,7.612971,3.556285,2.460511,0.609525,5.630206,3.51651,2.470478,0.847204,5.141159,5.466015,4.208915,2.746175,9.320489,9.406968,8.034496,7.044977,6.853546,5.114846,1.892945,1.023931,6.208833,3.61,2.08,0.83,5.3,5.15,4.08,1.13,7.7,5.24,3.13,0.86,6.33,4.337,3.02,2.08,6.03,3.59,2.43,0.69,4.5,3.51,2.102,0.42,2.95,2.367,1.844,0.49,1.25,0.84,0.97,0.061701,1.76,1.33,12.55,10.899545,18.118433
盈利能力,净资产收益率_平均,1.255846,4.512398,4.213544,2.915804,1.649097,-5.506868,4.924879,3.100121,1.676319,5.907309,4.836297,3.314665,1.469026,6.276425,5.122307,3.118662,1.442134,5.657614,5.249951,3.077307,1.471405,6.29088,4.844181,2.371192,1.087223,3.280055,2.387295,1.912832,1.003432,2.646904,2.564984,2.162254,0.913371,3.714353,2.687097,2.039529,0.927074,4.437565,3.266375,2.256521,0.852741,2.625468,5.149942,4.283715,1.536877,7.847399,3.594827,2.49481,0.611018,5.781596,3.560157,2.487608,0.852122,5.3027,5.634516,4.31093,2.7841,8.85703,8.863908,7.595303,6.618829,7.10876,5.247494,1.909013,1.028758,6.580226,3.682287,2.110964,0.838929,5.443197,5.373326,4.164774,1.137763,7.454244,5.032241,2.968449,0.838589,6.573847,4.443817,3.074513,2.101201,6.223481,3.723434,2.507627,0.688082,4.61748,3.581056,2.127458,0.424376,2.977318,2.375961,1.846413,0.490579,1.239041,0.845993,0.979512,0.06172,2.152527,1.894083,13.386609,13.084814,18.118433
盈利能力,净资产收益率_平均_扣除非经常损益,1.106271,4.202819,4.00501,2.81523,1.613772,-5.945416,4.579002,2.852262,1.560874,5.43637,4.582252,3.200437,1.448891,5.985081,4.950013,3.015535,1.419939,5.185869,4.865347,2.953402,1.427941,5.617893,3.915073,1.967179,0.802092,2.378657,1.70445,1.308907,0.635401,1.310214,1.604652,1.487815,0.513753,2.480061,1.884972,1.641734,0.723035,0.827468,0.396304,1.880119,0.620344,1.48362,4.41017,3.697523,1.271468,2.817829,3.198921,2.247869,0.576732,3.565251,2.442722,1.452535,0.069511,2.2756,2.665776,2.061785,1.57387,1.47201,3.916378,2.748031,1.18584,0.979944,2.34225,2.273148,0.058238,2.244727,2.162964,0.588223,-0.118651,2.897999,3.568634,3.224577,1.044982,4.566089,2.313617,2.447943,0.587009,1.359421,1.531076,0.024422,-0.867726,4.922565,2.997718,2.049487,0.486211,3.966174,2.893741,1.535364,0.273166,2.072638,2.051357,1.686327,0.222361,0.955846,0.553354,0.793506,,1.99814,1.906682,10.801617,,
盈利能力,摊薄净资产收益率_扣除非经常损益,1.10309,4.091804,3.916937,2.76998,1.598157,-6.15402,4.501721,2.80766,1.546198,5.320342,4.514431,3.148677,1.438486,5.865523,4.881237,2.981839,1.408672,5.082479,4.789827,2.935226,1.41794,5.416301,3.803218,1.933954,0.797891,2.426289,1.748637,1.346173,0.652275,1.33261,1.596203,1.48321,0.511378,2.439437,1.869992,1.633964,0.719699,0.567125,0.272096,1.293783,0.427519,1.484973,4.342261,3.656342,1.261772,2.733651,3.164624,2.216965,0.575323,3.471895,2.412774,1.442532,0.06911,2.206276,2.586056,2.012995,1.552431,1.549036,4.156321,2.906933,1.262189,0.944763,2.283042,2.254016,0.057964,2.118033,2.12,0.58,-0.12,2.82,3.42,3.16,1.04,4.72,4.31,2.58,0.6,1.31,1.494122,0.02,-0.856943,4.77,2.886923,1.983966,0.484122,3.86,2.83732,1.517,0.272587,2.05,2.043597,1.684,0.223637,0.96,,0.789637,,1.41,1.34,,,
盈利能力,息税前利润率,6.223892,5.334157,6.624591,7.287441,8.394496,-3.665979,9.515121,9.357308,9.396114,8.339164,8.596564,8.74028,8.420169,7.658653,7.883568,7.698922,7.74127,7.101692,8.511441,8.010044,8.177356,8.024443,8.745984,7.666452,7.614745,5.908575,5.946198,7.134953,7.459666,5.467759,6.913648,7.870807,7.798293,7.175047,7.043039,8.532411,8.381767,8.969023,7.60275,7.78506,7.859364,4.176592,6.908693,8.687538,7.483809,7.607661,5.117215,5.941663,4.703656,7.316287,5.893439,6.357612,5.266855,7.944106,9.979116,10.434795,12.522703,10.638633,11.322072,14.365508,24.301855,9.697026,9.078047,5.068251,6.369119,10.208789,7.228344,6.118245,4.557766,6.667046,8.078709,8.638797,6.197665,8.001136,6.975326,6.778442,5.057842,6.816777,6.817098,7.362885,10.890326,6.220047,5.67914,6.250173,6.675826,8.651833,8.721298,8.752404,5.660024,6.080994,5.373947,6.087269,4.299672,7.795318,5.680141,8.874826,4.820099,11.100047,12.723406,18.234887,19.354049,22.634543
盈利能力,总资产报酬率,0.883475,3.037027,2.788713,1.977565,1.113828,-1.864877,3.428701,2.130858,1.215119,4.392984,3.471147,2.371787,1.109985,4.589902,3.734565,2.38772,1.100641,4.557653,4.228664,2.532713,1.158841,5.100837,3.911861,2.116347,0.934418,3.078631,2.57434,1.948261,1.01218,2.692014,2.56794,1.985216,0.875987,3.21677,2.515784,1.900183,0.843727,3.612509,2.507674,1.773405,0.708292,2.413506,3.103106,2.605464,0.988348,4.897089,2.221818,1.596919,0.429237,4.416825,2.633962,1.816633,0.695468,4.513694,4.050329,2.912695,1.783558,6.668423,5.666237,4.694414,3.786715,5.998095,4.053281,1.602898,0.935275,4.875368,2.644331,1.424299,0.653479,4.728724,4.457692,3.307145,1.121655,7.207567,4.879256,3.035428,0.984637,6.842465,5.053259,3.416863,1.785048,6.460555,4.339404,2.722313,1.000729,5.88929,4.050939,2.640088,0.688845,4.123243,2.635481,2.108593,0.63141,2.813664,1.334849,1.456798,0.281455,3.254179,2.037543,8.348853,10.05877,12.981419
盈利能力,总资本回报率,1.627946,5.242091,4.760767,3.268122,1.810468,-2.949907,5.439624,3.35752,1.895839,6.991648,5.661932,3.87082,1.793677,7.562986,6.114155,3.866822,1.816688,7.970108,7.47302,4.485799,2.086217,9.392321,7.215817,3.879102,1.7069,5.030674,3.767233,2.831319,1.457314,3.860282,3.661874,2.842906,1.249744,4.719633,3.746555,2.8584,1.261358,6.133414,4.218286,2.985975,1.189195,5.182578,6.596399,5.582103,2.113518,9.44859,3.982887,2.810192,0.743543,7.544354,4.529368,3.121936,1.172225,7.883917,7.135932,5.149194,3.219908,12.299244,10.381892,8.474417,6.740924,8.37477,5.442097,2.074153,1.241767,6.985847,4.123258,2.21452,1.023156,7.664507,7.257712,5.417028,1.827607,11.698673,7.921288,4.842061,1.531057,10.252066,7.612221,5.113427,2.605495,9.241634,6.19137,4.057462,1.380742,8.09526,5.577435,3.651556,0.940867,5.632455,3.639955,2.910694,0.869857,3.471377,1.518178,1.602253,0.310835,3.742229,2.396429,10.343288,12.53795,16.278687
盈利能力,投入资本回报率,1.333974,4.584859,4.126467,2.815058,1.520492,-3.892447,4.594207,2.857521,1.506319,5.689576,4.706053,3.198997,1.410681,6.11049,4.83572,2.952733,1.359751,6.017752,5.487285,3.300559,1.474809,6.724001,5.109438,2.546273,1.15503,3.824556,2.76546,2.083248,1.072126,3.001892,2.709445,2.170869,0.901033,3.680264,2.631083,2.058502,0.916071,4.544421,3.047044,2.275372,0.823994,2.782883,4.766789,4.167366,1.44966,7.274767,3.135844,2.267506,0.574122,5.465386,3.412092,2.418039,0.833482,5.302777,5.174861,3.977741,2.47428,8.623679,8.218107,6.680925,5.527518,7.119395,4.910262,2.104299,1.16285,5.914391,3.841769,2.428467,1.015026,6.128345,5.812835,4.27652,1.446773,7.943832,5.401881,3.273253,1.150339,6.60963,4.733806,3.153022,1.841422,6.011094,3.997094,2.738635,0.963372,4.877865,3.604207,2.253095,0.715003,3.472593,2.522769,1.953711,0.612192,2.428389,1.256155,1.349304,0.301586,3.363253,2.204528,9.244576,9.730138,12.484799
盈利能力,息前税后总资产报酬率_平均,0.80315,2.6826,2.499155,1.773681,0.974072,-2.242141,3.066616,1.907372,1.032972,3.830689,3.070019,2.091123,0.939383,4.076241,3.224015,1.996961,0.921325,3.891351,3.532526,2.10255,0.961424,4.189784,3.148536,1.615675,0.75654,2.65023,2.132884,1.65469,0.855022,2.358549,2.182823,1.727134,0.698609,2.837961,2.083357,1.607864,0.697851,3.094145,2.086938,1.539345,0.588688,1.840782,2.626121,2.281309,0.783188,4.282224,1.903454,1.525288,0.338203,3.947433,2.00213,1.67129,0.51601,3.837604,3.087856,2.573161,1.356481,5.269326,4.42441,4.258562,3.368947,4.968594,2.777476,1.072826,0.524259,3.527789,1.966081,0.955051,0.411494,2.927405,2.868794,2.175279,0.609903,5.707476,3.133256,1.902262,0.503464,5.26876,2.845843,2.52054,1.081624,5.186246,2.386234,2.139096,0.36114,4.453421,2.143548,2.045168,0.25021,3.241836,1.514305,1.705688,0.35539,2.200129,0.497726,1.226812,0.036944,2.924628,1.874381,5.120935,4.668884,5.665617
盈利能力,毛利率,19.85797,20.53935,20.143936,21.5403,22.807695,23.793173,24.178725,24.734575,23.635034,26.773648,24.971153,24.984322,23.495353,25.523201,22.774919,21.711969,22.327662,24.976948,24.362952,23.217852,23.166007,26.079806,24.794366,23.471441,22.168539,19.70153,18.156904,18.562723,17.077853,20.147021,20.78708,20.885526,19.798529,25.642169,24.574693,26.750847,27.917681,28.419599,22.463066,20.31297,23.007636,21.595755,20.757385,21.021737,22.818389,19.222128,19.646391,21.8033,27.984866,25.599793,24.647643,24.51197,22.978141,28.267906,28.059824,27.155516,26.457087,24.936469,24.380128,24.657887,23.876196,16.203237,17.250403,18.007368,15.559334,22.466416,21.290635,19.879043,15.982107,18.09748,17.656186,17.075835,15.978353,16.595341,16.164002,16.616745,15.079317,13.38805,13.452545,14.853315,9.817864,10.987215,12.107568,12.890265,19.709146,20.884414,21.70318,20.45793,21.788484,20.255014,20.598288,19.196506,17.578955,24.299894,22.086851,21.141795,15.620264,25.576422,25.915223,29.831514,29.5745,36.291762
盈利能力,销售净利率,5.060123,4.06394,5.284505,5.785188,6.746121,-5.148299,7.739653,7.557347,7.392002,6.322379,6.76246,6.838251,6.323503,6.032319,6.17812,5.826763,5.981905,5.176911,6.339384,5.784418,6.25812,5.846482,6.320139,5.136283,5.511673,4.182803,4.073027,5.241048,5.51032,4.011203,5.253347,6.385817,6.219225,6.149771,5.832442,7.128933,6.932608,7.340497,6.327166,6.562465,6.532214,2.869757,5.846745,7.286336,5.930328,6.131018,4.38397,5.091837,3.70609,5.706076,4.479728,4.920942,3.907801,5.596979,7.607796,7.966161,9.524112,7.129135,8.840698,11.900745,21.62076,6.037331,6.220655,3.3922,3.570151,7.387022,5.37433,4.102536,2.870013,4.12736,5.199137,5.682182,3.369999,4.768567,4.479265,4.24796,2.586176,4.15071,3.86966,4.183112,6.642396,3.830841,3.164784,3.44305,2.425959,4.396616,4.660797,4.491401,2.064338,3.03174,3.093661,3.229955,2.419274,2.48301,2.146249,3.561798,0.637037,3.817961,5.989938,11.430595,9.016466,9.887348
盈利能力,成本费用利润率,5.813961,4.821166,6.208581,6.861822,8.23737,-4.603794,9.235592,9.046231,9.460764,7.95001,8.345058,8.504117,8.138573,7.378688,7.758757,7.557613,7.769158,6.610776,8.301484,7.655996,8.177359,7.881709,8.65149,7.449891,7.326975,5.173489,5.245524,6.514125,6.842866,4.828183,6.583236,7.81148,7.739299,7.473695,7.535236,9.109876,8.987637,9.035059,7.803926,7.808772,7.941157,3.937455,7.015473,8.585695,7.462187,7.170912,4.785611,5.432274,4.101017,6.713048,5.258188,5.594392,4.537379,7.005448,9.237928,9.532379,11.65851,9.536728,10.508894,13.967258,24.267942,7.657937,7.13317,3.200479,3.956979,8.834034,5.679104,4.175565,3.135761,5.153809,6.466652,7.112787,4.301015,6.779939,5.914806,5.639293,3.484391,5.837852,5.605655,6.204451,9.36226,5.187276,4.483416,4.911078,4.271811,6.820804,6.836022,6.746966,2.94424,4.512888,3.967156,4.589649,2.85845,4.34691,3.149465,5.21573,0.783373,5.15087,7.57761,14.89733,14.639445,17.400404
盈利能力,营业利润率,4.963698,4.596002,5.795772,6.532108,7.798823,-4.526648,8.59495,8.486926,8.716127,7.227584,7.691898,7.788692,7.604958,6.886602,7.252505,7.088399,7.229475,6.228508,7.723779,7.124913,7.618807,7.273154,8.035802,6.947748,6.947697,4.990327,5.069913,6.282917,6.625946,4.712051,6.131544,7.31222,7.474875,6.862178,6.94602,8.186577,7.939473,4.809098,4.225168,5.898454,5.340692,2.493678,5.776463,7.044699,6.161672,6.331731,4.255135,4.843492,3.852273,5.891061,4.553454,4.704494,4.249122,4.505911,5.829385,6.230415,6.413612,7.462062,9.502743,12.52977,22.463222,5.177421,3.664545,0.85466,2.339665,5.340471,3.576234,0.738296,-0.378469,3.965884,5.389458,5.519097,3.638796,5.900181,5.160322,5.207092,2.579092,5.668778,5.419192,6.277296,9.544994,4.632722,3.806931,4.161576,3.440302,6.09503,5.730885,5.380456,2.407047,4.234538,3.681019,4.419496,2.867737,4.187857,2.881852,4.868449,0.858124,4.884617,7.037287,10.961923,8.83562,12.323754
盈利能力,总资产净利率_平均,0.639069,2.28748,2.142589,1.499636,0.856472,-2.837523,2.618127,1.627128,0.888433,3.074731,2.545668,1.724655,0.767182,3.247381,2.656342,1.633414,0.752978,2.872246,2.722035,1.589957,0.744655,3.178314,2.448249,1.191397,0.552111,1.869717,1.520266,1.209929,0.637304,1.709745,1.668467,1.399458,0.596646,2.427514,1.779316,1.348196,0.614897,2.552281,1.814812,1.313709,0.495777,1.113528,2.20966,1.849054,0.662073,3.434765,1.58941,1.131758,0.28403,2.69701,1.635075,1.141868,0.397187,2.378437,2.498986,1.900508,1.192537,4.08348,4.059932,3.493269,3.095439,3.864779,2.758241,1.017724,0.533005,3.44258,1.928178,1.15421,0.453757,2.670962,2.622363,1.956829,0.529239,3.596277,2.476948,1.480266,0.438965,3.279926,2.161565,1.518116,1.04266,2.946938,1.774647,1.173857,0.315311,2.067551,1.581378,0.925088,0.185757,1.359694,1.068869,0.834058,0.223747,0.654736,0.486262,0.582334,0.036944,1.10012,0.957429,5.120935,4.668884,5.665617
盈利能力,总资产净利率_平均(含少数股东损益),0.718279,2.313823,2.224585,1.569904,0.895113,-2.618931,2.788925,1.720968,0.955945,3.330563,2.730567,1.855646,0.833593,3.615225,2.926668,1.807094,0.850497,3.322386,3.14954,1.828988,0.88686,3.716389,2.826841,1.417886,0.676346,2.179427,1.763371,1.431114,0.747679,1.974888,1.951253,1.610664,0.698609,2.75711,2.083357,1.587626,0.697851,2.956578,2.086938,1.494902,0.588688,1.658332,2.626121,2.185232,0.783188,3.946566,1.903454,1.368514,0.338203,3.444744,2.00213,1.406117,0.51601,3.1801,3.087856,2.223618,1.356481,4.468628,4.42441,3.888969,3.368947,3.734391,2.777476,1.072826,0.524259,3.527789,1.966081,0.955051,0.411494,2.927405,2.868794,2.175279,0.609903,4.295611,3.133256,1.902262,0.503464,4.137267,2.845843,1.931763,1.081624,3.931005,2.386234,1.475493,0.36114,2.972333,2.143548,1.34126,0.25021,2.046659,1.514305,1.117268,0.35539,0.886577,0.497726,0.582334,0.036944,1.10012,0.957429,5.120935,4.668884,5.665617
成长能力,归母净利润,25531408.78,89056545.99,82763168.32,56914699.25,31975942.53,-109444559.74,102963363.2,64729187.01,34774870.1,118791969.48,96584704.88,66291756.9,29107408.58,120975309.36,98117383.24,59569171.76,27454348.01,104714052.41,96717104.71,56145443.69,26869048.96,109973160.3,84001577.7,40606473.32,18395598.48,56311165.2,40759096.96,32581754.41,17121920.32,47125456.84,46681498.47,39265660.47,16612102.56,66140258.47,47431374.67,35883048.08,16308787.64,53255165.94,39014029.66,26790143.34,10084127.34,14125176.34,31358087.84,25938364.8,8357872.02,48585228.31,21807475.62,15182004.73,3675483.14,33784634.25,20498743.87,14244193.46,4873760.74,29234447.23,31044747.33,23591724.52,15074993.21,49770436.6,49432145.06,42480541.3,36815734.67,48318285.73,33282419.67,13873978.83,6708332.11,30596737.32,16431454.41,9350081.47,3692131.98,23305564.6,23402633.77,17735461.47,4771353.01,32117916.0,21418529.08,12452571.39,3694441.4,22461280.74,17945490.08,12415596.12,8252386.43,23387217.23,14085524.19,9433684.79,2513928.57,16360371.7,12599896.25,7426819.21,1466583.7,10179193.39,8083553.51,6265124.21,1653288.78,4157891.09,2869211.16,3324254.22,208503.5,5113908.0,4543086.43,17244077.09,13100581.01,14503290.19
成长能力,营业总收入,567099927.67,2216620805.06,1626083938.65,1029898028.15,495374881.56,1962072062.21,1417122148.19,905903359.33,506187626.17,2035246720.15,1531985499.08,1043055762.39,500151183.76,2233014076.03,1749762704.81,1131042279.61,518396810.26,2339713220.16,1765263918.74,1116555130.67,511337831.14,2199461378.93,1534640168.52,940872982.11,408858279.19,1569254445.34,1160730732.22,735309804.58,364539212.8,1357038374.32,1039213500.71,707687015.53,312755806.77,1221516446.68,952194848.07,592734049.02,266984122.82,840421074.56,709070642.94,464538495.38,183306095.16,869768536.99,679364636.16,448999342.59,197455853.07,910529434.35,595722692.23,360537268.39,118089487.95,756233840.33,560312383.8,356447294.3,162029611.75,698377512.3,504222756.63,346498226.18,180042157.43,763973554.24,609339729.02,397391312.76,185325136.12,799473800.61,579741072.15,394289135.3,194089056.17,424447724.53,311749588.56,188584042.13,116662949.54,618874330.99,492424930.67,346967924.3,163162637.64,804509690.92,608233190.28,380314935.03,162824033.55,869613611.84,614176977.08,379427497.11,130965900.69,824296857.65,606468786.16,350035411.2,119515670.62,538631349.85,370088719.89,242164591.92,96086988.4,507617422.35,370889258.86,260197578.23,108509340.92,229215982.79,138664335.23,93704724.33,32954847.58,136279156.25,75988439.88,154175144.08,145831204.16,146814750.49
成长能力,净利润,28695955.62,90082151.27,85930487.48,59581541.49,33418593.14,-101013340.11,109680339.93,68462263.94,37417404.09,128676021.36,103599913.49,71326772.18,31627077.72,134660725.81,108102441.39,65903160.54,31010007.63,121124874.52,111906867.85,64586226.34,32000139.68,128591132.41,96991403.29,48325899.66,22534931.72,65638835.92,47276883.93,38537943.0,20087280.68,54433576.63,54593499.62,45191601.61,19450990.38,75120468.04,55536214.06,42255618.52,18508965.14,61691090.83,44864078.72,30485176.84,11973947.15,19802991.77,35700071.82,29321178.25,8699585.13,55824731.27,26116305.79,18357973.16,4376503.24,43151283.21,25100472.44,17540566.22,6331796.26,39088045.29,38360239.68,27602608.63,17147417.84,54464712.35,53869887.47,47292526.98,40068704.53,55471794.34,38198066.22,18184911.57,7758929.42,31354049.55,16754453.84,7736728.33,3348242.17,25543172.04,25601851.54,19715349.26,5498579.28,38363591.52,27125272.01,16036519.07,4289036.81,29733873.09,23539314.86,15723549.44,8560776.29,31196878.92,18939741.07,11857779.95,2879319.77,23519838.96,17079084.99,10767943.84,1975452.65,15322082.04,11452260.8,8392481.05,2626016.35,5630190.19,2936852.86,3324254.22,208503.5,5113908.0,4543086.43,17244077.09,13100581.01,14503290.19
成长能力,扣非净利润,22490539.85,82946705.84,78667109.59,54951551.67,31290991.85,-118160342.79,95732203.64,59554010.26,32379995.23,109321706.17,91511232.08,64007249.2,28708449.2,115380219.75,94817097.03,57599344.56,27031816.72,95982767.35,89631755.67,53884790.26,26075378.65,98208434.99,67890188.97,33687774.05,13571242.54,40836190.79,29100656.43,22294959.38,10842068.79,23327046.48,29203906.14,27018120.98,9343977.02,44161627.92,33272651.57,28884323.64,12719411.65,9930435.65,4733511.0,22321382.22,7335907.78,9459702.14,28592428.13,23866028.49,8177220.36,17445889.67,19405775.5,13679259.29,3469243.59,20833467.89,14064754.75,8317300.91,397575.97,12545665.93,14687748.2,11283199.4,8521992.69,8271691.53,21840817.1,15369740.43,6595968.24,5015887.52,11849773.47,11297830.97,288353.28,10437533.43,9651786.18,2605415.04,-522187.67,12408059.39,15542597.51,13731682.08,4382264.51,19673793.67,9902116.4,10367282.57,2540843.14,5484883.56,6088154.49,96438.24,-3407963.24,18498505.74,11340183.21,7710164.47,1776387.14,14052703.27,10181589.04,5359857.95,944022.12,7086172.27,6979177.5,5721932.44,749373.51,3207565.05,1876716.9,2692989.43,,4747120.27,4573306.52,13914198.18,,
成长能力,营业总收入增长率,14.478942,12.973465,14.745503,13.687405,-2.136113,-3.59537,-7.497678,-13.149095,1.206923,-8.85652,-12.446099,-7.779242,-3.519625,-4.560351,-0.878124,1.297486,1.380492,6.376644,15.027871,18.672249,25.06481,40.159639,32.213279,27.955995,12.157558,15.638177,11.693192,3.903249,16.557136,11.094564,9.138744,19.393683,17.143972,45.345765,34.287726,27.596325,45.649342,-3.374169,4.372616,3.46084,-7.166036,-4.590303,13.927646,24.387957,66.958928,20.403159,6.319744,1.147427,-27.118576,8.284391,11.123977,2.871318,-10.004626,-8.586166,-17.250963,-12.806793,-2.850654,-4.440451,5.105495,0.786777,-4.515411,37.203743,37.849359,56.34681,20.289126,-31.416169,-36.690941,-45.647989,-28.49898,-23.074347,-19.040108,-8.768262,0.207957,-7.486534,-0.967764,0.233888,22.914937,-1.526632,-0.082815,6.022328,8.547795,53.03544,63.871189,44.544422,24.382783,6.109705,-0.215843,-6.930497,-11.448187,121.458127,167.472712,177.678185,229.266705,68.195921,,23.314446,,-11.60757,,5.721642,-0.669923,
成长能力,归属母公司净利润增长率,-20.154319,181.371377,-19.618818,-12.072587,-8.048707,-192.131278,6.604211,-2.35711,19.470855,-1.804781,-1.562086,11.285342,6.021124,15.549677,1.447808,6.097962,2.178339,-4.782174,15.137247,38.267224,46.06238,95.295479,106.092833,24.629486,7.438874,19.49203,-12.686828,-17.022268,3.068953,-28.749209,-1.58097,9.426769,1.859825,24.195009,21.575174,33.941232,61.727307,277.023016,24.414568,3.283855,20.654244,-65.544616,53.106151,82.121289,168.92118,43.808655,6.384448,6.583814,-24.586303,15.56447,-33.970331,-39.622076,-67.669897,-41.26142,-37.197248,-44.464632,-59.052852,3.005385,48.523291,206.188598,448.806082,18.922769,61.566996,1.475414,37.960032,31.285115,-29.788012,-47.280303,-22.618763,-27.437494,9.263496,42.424089,29.149511,42.992362,20.016989,1.257153,-56.015197,13.410818,25.450405,28.692589,228.266543,42.950402,11.790795,27.021871,71.413917,60.723655,55.870759,18.54225,-11.29295,144.816258,181.734353,88.46706,692.930948,-18.694448,,-26.828285,,-70.343973,,31.628338,-9.671661,
收益质量,经营活动净现金/销售收入,-0.320572,0.106854,-0.047138,-0.075888,-0.221164,0.096969,-0.000656,0.044682,-0.129776,0.103509,-0.012366,0.040785,-0.128017,0.085296,0.010711,0.076348,-0.138351,0.091766,0.02878,0.021244,-0.109295,0.070385,-0.040349,-0.028599,-0.083293,0.093683,-0.037117,-0.047697,-0.104207,0.069419,-0.076052,0.016413,-0.258621,-0.050002,-0.168446,-0.179108,-0.309128,-0.01613,-0.099278,-0.014894,0.111792,0.085211,0.014374,0.05256,0.002943,0.318367,-0.062713,0.059521,0.018563,0.013444,-0.048661,-0.016825,-0.044708,0.058928,0.051834,0.036494,0.077385,0.057047,-0.007695,-0.055468,-0.167683,0.142379,0.058456,-0.125659,-0.252947,0.036618,0.113812,-0.022173,-0.068013,0.071305,0.03972,-0.006711,0.006137,0.144075,0.097791,0.045536,0.160355,0.094122,0.011659,-0.084037,-0.236754,0.093865,0.095587,0.172093,0.101743,0.080834,-0.00012,-0.004829,-0.104515,0.143273,0.157743,0.274599,-0.089584,-0.215996,,-0.487427,,-0.294544,-0.297622,0.301105,,
收益质量,经营性现金净流量/营业总收入,-0.320572,0.106854,-0.047138,-0.075888,-0.221164,0.096969,-0.000656,0.044682,-0.129776,0.103509,-0.012366,0.040785,-0.128017,0.085296,0.010711,0.076348,-0.138351,0.091766,0.02878,0.021244,-0.109295,0.070385,-0.040349,-0.028599,-0.083293,0.093683,-0.037117,-0.047697,-0.104207,0.069419,-0.076052,0.016413,-0.258621,-0.050002,-0.168446,-0.179108,-0.309128,-0.01613,-0.099278,-0.014894,0.111792,0.085211,0.014374,0.05256,0.002943,0.318367,-0.062713,0.059521,0.018563,0.013444,-0.048661,-0.016825,-0.044708,0.058928,0.051834,0.036494,0.077385,0.057047,-0.007695,-0.055468,-0.167683,0.142379,0.058456,-0.125659,-0.252947,0.036618,0.113812,-0.022173,-0.068013,0.071305,0.03972,-0.006711,0.006137,0.144075,0.097791,0.045536,0.160355,0.093465,0.011567,-0.083627,-0.235201,0.092734,0.094324,0.169321,0.101038,0.080282,-0.000119,-0.004781,-0.104087,0.142644,0.157443,0.274214,-0.089614,-0.213671,,-0.485481,,-0.289496,-0.297061,0.294628,,
收益质量,成本费用率,96.767057,97.205658,96.195063,95.259152,94.683259,95.718281,94.682505,94.390091,93.020913,92.953073,92.939879,92.573107,93.599528,93.369006,93.518543,93.769284,93.229011,94.015242,93.243194,93.323833,93.565589,92.362142,92.778825,93.289439,95.008319,96.743221,97.086589,96.961125,97.452687,97.107024,95.548686,94.848046,96.745837,93.591022,93.934825,92.66361,93.494773,95.488868,97.220063,97.197894,99.324777,98.054728,97.438513,97.454945,98.683015,98.818877,99.234053,98.639247,102.028659,96.582129,97.22371,97.054243,99.835879,96.880268,96.335176,96.330103,96.692409,98.159656,95.867003,94.753785,96.261587,100.571576,99.040638,98.244887,101.958488,99.496285,101.734341,104.919063,102.382354,98.995585,98.363889,97.435506,98.017614,94.894992,95.451871,95.606653,98.18136,98.144441,98.782831,98.704035,102.7298,97.790816,97.991215,97.819268,97.151747,95.597598,95.883959,96.096185,98.39185,96.110919,96.226117,95.75307,97.284193,96.650703,98.119802,95.259699,99.753817,96.326773,92.518947,90.017258,91.305856,87.165656
收益质量,期间费用率,16.625027,17.745009,16.339,16.799452,17.490954,19.511454,18.861231,19.124667,16.655947,19.726721,17.911033,17.55743,17.094882,18.892207,16.293463,15.481253,15.556674,18.992191,17.606146,16.541686,16.731597,18.441949,17.573192,16.76088,17.176858,16.444751,15.243494,15.523848,14.530541,17.254046,16.335767,15.733573,16.544366,19.233191,18.509518,19.414458,21.412455,23.908467,19.683129,17.510864,22.332414,19.650483,18.195899,18.476683,21.501405,18.041006,18.880445,20.442547,30.013526,22.181922,21.871353,21.566213,22.81402,25.148174,24.395,23.48562,23.149497,23.096126,20.247131,19.411673,20.137783,16.774813,16.291042,16.252256,17.517822,21.962701,23.024976,24.798106,18.364461,17.093065,16.020075,14.511341,13.995967,11.490333,11.615874,12.223399,13.260677,11.532492,12.235376,13.557351,12.547665,8.778031,10.098784,10.709533,16.860894,16.482013,17.58714,16.554115,20.180335,16.365933,16.824405,14.949577,14.863148,20.950597,20.206653,16.401494,15.374081,21.903195,18.43417,19.848772,20.880356,23.457419
收益质量,销售成本率,80.142029,79.460649,79.856063,78.459699,77.192304,76.206826,75.821274,75.265424,76.364965,73.226351,75.028846,75.015677,76.504646,74.476798,77.22508,78.28803,77.672337,75.023051,75.637047,76.782147,76.833992,73.920193,75.205633,76.528558,77.83146,80.298469,81.843095,81.437276,82.922146,79.852978,79.212919,79.114473,80.20147,74.35783,75.425306,73.249152,72.082318,71.5804,77.536933,79.687029,76.992363,78.404244,79.242614,78.978262,77.18161,80.777871,80.353608,78.196699,72.015133,74.400206,75.352356,75.488029,77.021858,71.732093,71.940175,72.844483,73.542912,75.06353,75.619871,75.342112,76.123803,83.796762,82.749596,81.992631,84.440665,77.533583,78.709364,80.120956,84.017892,81.902519,82.343813,82.924164,84.021646,83.404658,83.835997,83.383254,84.920682,86.611949,86.547454,85.146684,90.182135,89.012784,87.892431,87.109734,80.290853,79.115585,78.296819,79.542069,78.211515,79.744985,79.401711,80.803493,82.421044,75.700105,77.913148,78.858204,84.379735,74.423577,74.084776,70.168485,70.425499,63.708237
收益质量,经营活动净现金/归属母公司的净利润,-7.120502,2.659602,-0.926157,-1.373239,-3.426298,,-0.009029,0.625341,-1.889037,1.773411,-0.19615,0.641729,-2.199725,1.574164,0.191015,1.449626,-2.612374,2.05042,0.525291,0.422491,-2.079969,1.407705,-0.737158,-0.662666,-1.851281,2.610717,-1.057026,-1.076446,-2.21867,1.999038,-1.693065,0.29582,-4.869063,-0.923467,-3.381592,-2.95861,-5.060611,-0.254559,-1.804365,-0.258269,2.03212,4.422058,0.292182,0.852512,0.058706,5.966481,-1.713174,1.413508,0.596431,0.300943,-1.330126,-0.421037,-1.486332,1.407744,0.841881,0.53601,0.92422,0.875677,-0.094855,-0.518888,-0.844095,2.278757,0.946266,-3.904918,-6.968817,0.507985,2.159336,-0.447219,-2.149074,1.893489,0.835782,-0.131293,0.209886,3.608883,2.761672,1.377547,7.111545,2.860355,0.396684,-2.556368,-3.697482,3.268473,4.061238,6.282656,4.803533,2.643149,-0.003516,-0.155908,-6.819582,7.113399,7.223824,11.388421,-5.881641,-11.779259,,-13.684855,,-7.714701,-4.968707,2.634206,,
收益质量,所得税/利润总额,10.05823,13.28311,11.517144,11.49428,13.504723,,11.491093,11.49348,16.004638,14.444274,12.808678,13.13777,16.988965,12.440672,14.853576,17.779119,17.412472,16.704797,18.101826,19.04094,18.207266,19.688031,21.261544,26.096242,20.823354,16.427497,20.022241,17.02173,17.368614,14.445993,16.483563,13.810422,16.937996,12.079662,17.60005,15.549368,17.498121,14.917204,16.60497,13.53758,17.183092,25.670535,14.468407,12.917703,19.467681,13.47964,7.685604,4.973856,11.426821,11.992225,12.371908,9.368158,13.733775,17.53258,14.513136,13.246752,15.513157,23.843943,12.247321,10.077906,7.448173,21.610492,11.947813,-7.883845,11.508943,15.956623,6.979866,6.355404,10.604475,19.103793,18.263479,18.010532,20.06174,25.882819,20.66189,21.210626,24.403425,27.555813,30.118056,31.693628,30.936657,24.480914,27.964275,28.329231,41.545101,32.572661,28.893256,30.72649,28.739547,30.102016,18.959802,26.503883,13.001412,40.89927,30.547715,28.312239,18.479496,23.050842,14.56035,14.761731,32.545162,34.810886
财务风险,流动比率,1.663599,1.627348,1.658914,1.700746,1.756454,1.690897,1.695186,1.671726,1.675203,1.630993,1.654451,1.639238,1.64022,1.615116,1.600165,1.625984,1.588824,1.535428,1.620265,1.593383,1.532348,1.491457,1.48416,1.457349,1.454165,1.555583,2.219655,2.183805,2.218107,2.328499,2.445677,2.404857,2.496554,2.418282,2.56193,2.587418,2.623792,2.511381,2.212062,2.602916,2.601151,1.068565,1.069464,1.07096,1.123843,1.111975,1.042981,1.067484,1.071728,1.086562,1.133238,1.151046,1.225482,1.177996,1.151413,1.117375,1.124857,1.126819,1.150432,1.173316,1.191328,1.234693,1.236911,1.207853,1.130141,1.124111,1.129336,1.246635,1.221317,1.153767,1.189427,1.100501,1.09564,1.076024,1.296581,1.315055,1.414907,1.372064,1.411538,1.467456,1.48182,1.282997,1.286428,1.264939,1.236052,1.186662,1.286638,1.305192,1.320143,1.334813,1.352526,1.491595,1.662316,1.895498,2.257129,2.563843,2.809587,2.871544,2.634888,1.467028,1.011501,1.174419
财务风险,速动比率,1.29899,1.325391,1.36616,1.377041,1.448434,1.399707,1.349702,1.35263,1.394277,1.338874,1.326978,1.328891,1.301484,1.32453,1.292404,1.313998,1.259835,1.162457,1.23309,1.170488,1.163659,1.122027,1.07678,1.043913,1.03711,1.136001,1.833263,1.770412,1.83838,1.920856,2.031835,2.013298,2.115932,2.067292,2.173734,2.175371,2.215055,2.14779,1.892006,2.317622,2.318669,0.808167,0.828428,0.817163,0.86361,0.870512,0.733211,0.778913,0.766325,0.793789,0.833726,0.836403,0.935975,0.849929,0.84673,0.806213,0.77066,0.730436,0.774058,0.802294,0.814156,0.862377,0.935614,0.849106,0.812468,0.866795,0.826133,0.867638,0.84436,0.787849,0.766786,0.744149,0.776544,0.790953,0.933675,0.967056,1.020146,1.01693,1.041575,1.042828,1.1016,0.979592,0.869447,0.828301,0.647895,0.670418,0.673231,0.711495,0.771691,0.873279,0.871287,0.991312,1.12674,1.273884,1.62285,1.995793,2.163427,2.226781,2.201794,0.974717,0.637423,0.691831
财务风险,保守速动比率,1.129903,1.151782,1.242394,1.270213,1.321095,1.279877,1.167384,1.142031,1.182817,1.07288,1.142762,1.12581,1.074267,1.07153,1.067902,1.016159,0.962541,0.900888,1.045678,0.952587,0.981031,0.90741,0.904676,0.848543,0.786645,0.789258,1.745489,1.669874,1.328134,1.373522,1.628589,1.894873,1.585575,1.614203,1.745547,1.810441,1.753515,1.384706,1.23915,0.84782,0.834774,0.765446,0.788497,0.786043,0.824503,0.84327,0.695778,0.740188,0.724657,0.7582,0.797286,0.803822,0.895625,0.816288,0.79241,0.759716,0.719621,0.68512,0.707092,0.747489,0.749771,0.716035,0.751475,0.803716,0.773179,0.829318,0.775794,0.793479,0.764666,0.721447,0.682707,0.662513,0.710545,0.735354,0.824766,0.808103,0.857368,0.958239,0.891203,0.898831,0.923739,0.810879,0.733078,0.611874,0.492292,0.545767,0.494733,0.523104,0.564244,0.682598,0.710042,0.942273,0.839843,0.941,1.348013,1.706495,1.861375,2.105843,2.071602,0.915808,0.543179,0.688726
财务风险,资产负债率,44.309677,45.190553,44.773222,43.26305,42.087001,44.281327,41.208944,42.545395,41.372907,43.237007,41.985619,43.369535,42.763123,43.344115,42.957621,41.868819,42.10033,43.666175,40.525938,40.990955,43.529773,44.745536,44.558925,45.215534,44.084548,43.499043,31.525995,32.207065,32.174302,31.13564,30.045979,30.756741,29.592928,30.291059,28.406194,28.090944,27.753431,29.147744,32.859503,28.412439,28.553709,50.217285,49.421428,48.251965,48.619281,51.683607,51.041782,48.678017,46.176844,47.111512,48.403291,48.490188,47.062536,45.651598,46.839468,47.63195,46.948384,47.527377,48.212788,47.834739,46.33848,39.770071,42.264038,40.351933,43.299876,43.584603,37.510695,31.978982,33.133279,35.573809,37.227472,41.710517,42.684,45.097564,41.677677,39.772561,34.754899,38.435161,40.108648,38.090329,38.745838,42.726625,42.354968,44.585517,46.544527,46.542567,48.035198,49.577924,48.010066,48.140634,49.743813,47.563778,46.64298,42.460146,42.071165,41.22761,40.434738,39.846661,41.062389,62.680604,60.617871,68.730089
财务风险,权益乘数,1.965118,1.97265,1.966566,1.94434,1.925453,1.94073,1.881069,1.905271,1.886826,1.921244,1.899813,1.921929,1.914832,1.932765,1.928331,1.909291,1.91524,1.969752,1.928686,1.935465,1.975952,1.979313,1.97863,1.990261,1.969208,1.754305,1.570313,1.580944,1.574495,1.548128,1.537329,1.545064,1.53084,1.530105,1.510184,1.512783,1.507688,1.738665,1.799841,1.717671,1.72001,2.357792,2.330649,2.316705,2.32131,2.284697,2.261736,2.204366,2.151239,2.143706,2.177366,2.178543,2.145388,2.229489,2.25472,2.268303,2.334601,2.16899,2.183264,2.174267,2.138251,1.83937,1.902478,1.875766,1.930109,1.911422,1.909723,1.828925,1.848849,2.037916,2.049039,2.128327,2.149808,2.072767,2.031629,2.005347,1.910378,2.004266,2.055832,2.025215,2.015231,2.111846,2.098126,2.136227,2.182232,2.233308,2.264516,2.299734,2.284575,2.189697,2.222873,2.213768,2.192561,1.892426,1.739787,1.682044,1.670627,1.956629,1.978299,2.614094,2.802556,3.197962
财务风险,权益乘数(含少数股权的净资产),1.795644,1.824502,1.810715,1.762519,1.726728,1.79473,1.700939,1.740504,1.705696,1.761711,1.72371,1.765833,1.747125,1.765041,1.753082,1.720247,1.727125,1.775132,1.681405,1.694655,1.770844,1.809808,1.803716,1.825334,1.788414,1.769881,1.460408,1.475079,1.474367,1.452129,1.42951,1.444183,1.420311,1.434536,1.396768,1.390645,1.384148,1.411387,1.489414,1.39689,1.399652,2.008729,1.977121,1.93244,1.946255,2.06969,2.042558,1.948482,1.857936,1.89077,1.938108,1.941377,1.889021,1.83998,1.881094,1.909561,1.884956,1.905755,1.930978,1.916984,1.863532,1.660304,1.732022,1.6765,1.763664,1.772565,1.600273,1.470133,1.495512,1.552163,1.593053,1.715575,1.744713,1.821412,1.714609,1.660372,1.532682,1.624303,1.66969,1.615256,1.632542,1.746012,1.734754,1.804582,1.870715,1.870647,1.924379,1.983258,1.923449,1.928292,1.989804,1.907078,1.874167,1.737925,1.726256,1.701479,1.67883,1.662418,1.696709,2.679571,2.539222,3.197962
财务风险,产权比率,86.428141,89.46702,88.111028,83.247614,79.399036,87.018585,76.049152,80.538779,76.800825,82.925564,78.750697,83.236648,81.46804,83.418336,82.294401,78.629046,79.552081,84.769665,75.386073,76.749157,85.007577,89.463033,89.044942,91.413195,87.313617,85.158164,49.889462,51.673417,51.192121,48.532411,46.174656,47.741217,45.096101,46.583574,42.565994,42.23674,41.447724,44.365287,52.728753,42.33337,42.600453,116.640173,112.206498,108.195173,109.437177,123.669113,120.0393,108.944587,98.488558,102.218499,108.276866,108.616458,102.322391,96.6107,101.411159,104.333617,108.899573,111.692381,114.905169,113.034971,106.049343,69.588219,79.06495,73.304813,83.324793,84.375798,72.567974,56.776755,60.115037,67.130091,71.227383,86.031761,89.776816,99.072995,88.063449,81.909119,64.704007,75.568924,82.852097,76.396633,76.939168,87.396186,85.552543,93.309332,101.553883,101.583981,107.748004,114.642162,109.576479,110.087807,117.089283,111.12602,107.063698,90.244444,76.422449,70.147921,67.883088,66.241812,69.670943,167.957182,153.922285,219.796246
财务风险,现金比率,0.462224,0.555952,0.420847,0.497116,0.474777,0.529375,0.438509,0.486394,0.442164,0.47118,0.374674,0.41384,0.39205,0.417196,0.355756,0.354754,0.31449,0.367483,0.303469,0.302448,0.339149,0.372712,0.247795,0.265726,0.19963,0.252398,0.541309,0.585929,0.239403,0.382378,0.403987,0.8496,0.415877,0.557629,0.474637,0.665142,0.649231,0.441677,0.41566,0.349205,0.405623,0.339972,0.266093,0.315392,0.352028,0.401897,0.144724,0.241143,0.222185,0.279391,0.26336,0.315792,0.392942,0.371093,0.286859,0.262487,0.287807,0.28294,0.237512,0.26905,0.287795,0.300965,0.357338,0.378646,0.38664,0.498795,0.330785,0.278863,0.278603,0.308792,0.152182,0.237465,0.291716,0.309893,0.270571,0.196943,0.16478,0.266745,0.122485,0.077448,0.062877,0.13544,0.093705,0.08939,0.135081,0.114085,0.087342,0.135786,0.147314,0.220088,0.257564,0.420098,0.284554,0.346264,0.829612,1.075374,1.207647,1.511774,1.488104,0.459917,0.111767,0.098504
营运能力,应收账款周转率,0.569378,2.385484,1.524056,1.046857,0.491016,2.05526,1.3509,0.891105,0.478371,2.063201,1.424523,0.984391,0.492429,2.447953,1.822343,1.261749,0.577736,2.820777,1.917577,1.304277,0.569077,2.840231,1.768999,1.16023,0.525177,2.554818,1.92893,1.304372,0.597605,2.788796,1.748425,1.25353,0.57894,2.654565,1.688873,1.105282,0.524176,2.399979,1.694273,1.659066,0.715191,3.505174,2.438005,1.682525,0.748119,3.812164,2.226555,1.393338,0.501194,3.691544,2.417767,1.633643,0.77878,3.853318,2.392879,1.647737,0.913795,4.101935,2.807602,1.884642,0.91479,4.766329,3.166017,2.174301,1.054152,3.626833,2.506308,1.601056,0.999566,4.650106,3.149274,2.309371,1.101961,4.508295,3.210086,1.957859,0.874048,3.856485,2.60416,1.584309,0.537589,4.558719,3.460214,2.146482,0.962737,3.801468,2.69757,1.747489,0.686253,3.642401,2.681592,1.817764,0.777424,2.185633,1.666186,1.070461,0.394535,1.956394,1.000053,2.229109,1.981718,2.034693
营运能力,应收账款周转天数,158.067137,150.912762,177.158789,171.94321,183.29318,175.160309,199.866727,201.996307,188.138446,174.486104,189.537085,182.854059,182.767363,147.061625,148.160835,142.659071,155.780383,127.624404,140.802627,138.007404,158.150683,126.750227,152.628621,155.141652,171.370676,140.910186,139.973958,137.997431,150.601016,129.087923,154.424667,143.594479,155.456415,135.615423,159.869864,162.854275,171.697893,150.001259,159.360354,108.494751,125.840428,102.705303,110.746274,106.982004,120.301579,94.434535,121.263533,129.186142,179.570873,97.520168,111.673262,110.183143,115.565299,93.425964,112.83477,109.240693,98.490354,87.763456,96.167449,95.508827,98.383212,75.529816,85.280637,82.785198,85.376626,99.260146,107.728151,112.42575,90.039006,77.417587,85.734027,77.943281,81.672508,79.852794,84.109885,91.937153,102.969101,93.349248,103.680233,113.614143,167.414135,78.969536,78.029834,83.858109,93.483457,94.700244,100.090052,103.004926,131.146912,98.835883,100.686445,99.02274,115.76688,164.71194,162.04665,168.151695,228.116455,184.011996,179.990357,161.499494,181.66048,176.930806
营运能力,存货周转率,0.796537,3.572861,2.712156,1.662251,0.838903,3.194073,2.13672,1.379705,0.852563,3.214365,2.425557,1.655684,0.788874,3.219108,2.566647,1.709244,0.752115,3.014895,2.401375,1.479002,0.688056,2.779796,1.898352,1.174388,0.533674,2.74881,2.969205,1.784346,0.948639,3.538652,2.676136,1.844729,0.864452,3.313332,2.650255,1.566198,0.705057,2.635725,2.338437,1.899774,0.729176,3.713724,3.053659,1.999296,0.846698,4.183268,2.487232,1.603448,0.502497,3.371696,2.516724,1.570986,0.789778,2.582291,1.901779,1.297291,0.627544,2.861273,2.342179,1.549375,0.763039,4.044339,3.098321,2.028236,0.994785,3.067082,2.359688,1.478814,0.942193,4.494314,3.186949,2.29224,1.149203,5.731092,4.117373,2.746394,1.221039,6.485057,4.665353,2.696897,1.06081,5.02778,3.230465,1.744973,0.492445,2.493854,1.542897,1.039402,0.444613,2.697126,1.928533,1.399917,0.594743,1.433843,0.982981,0.765966,0.286495,1.148474,0.739046,1.427165,1.54625,1.479892
营运能力,存货周转天数,112.989026,100.759581,99.551765,108.286878,107.282961,112.70874,126.36187,130.462651,105.563938,111.99721,111.31463,108.716338,114.086527,111.832198,105.195578,105.309707,119.662484,119.407134,112.435537,121.70365,130.803302,129.505905,142.228621,153.271226,168.642049,130.965736,90.933405,100.877295,94.872698,101.733648,100.891712,97.57529,104.112115,108.651929,101.876977,114.927991,127.649129,136.584777,115.461701,94.748066,123.426963,96.937726,88.418503,90.031646,106.29526,86.057107,108.55438,112.258041,179.105213,106.771188,107.282312,114.57768,113.956055,139.411048,141.972291,138.750643,143.416135,125.818091,115.277267,116.175807,117.949349,89.013305,87.143951,88.747058,90.471782,117.375382,114.421886,121.719099,95.52178,80.101205,84.720509,78.525796,78.315119,62.815248,65.575787,65.540479,73.7077,55.512229,57.873432,66.743354,84.840823,71.602173,83.579279,103.153454,182.761317,144.354833,174.995429,173.176361,202.422979,133.475399,140.002783,128.57903,151.325692,251.073492,274.674471,234.997129,314.140631,313.459215,243.556984,252.248259,232.821316,243.260862
营运能力,总资产周转率,0.141949,0.569354,0.420963,0.271366,0.132685,0.508698,0.360342,0.227721,0.129321,0.526789,0.403783,0.271362,0.131824,0.599309,0.473715,0.310136,0.142178,0.64177,0.496821,0.316192,0.141713,0.635662,0.447275,0.276053,0.122711,0.521044,0.432938,0.273058,0.135687,0.492343,0.37143,0.252225,0.11233,0.448327,0.357201,0.222701,0.100662,0.402776,0.329837,0.227795,0.09012,0.577865,0.449159,0.299908,0.132064,0.643704,0.434185,0.268766,0.091256,0.603697,0.446931,0.285741,0.132046,0.568181,0.40588,0.279132,0.142426,0.626812,0.500459,0.326783,0.15582,0.618549,0.446492,0.316262,0.146845,0.477565,0.365828,0.232795,0.143377,0.709268,0.551782,0.382824,0.18098,0.900818,0.699502,0.447806,0.194675,1.003768,0.741262,0.464065,0.163911,1.038666,0.764095,0.435558,0.149903,0.680698,0.464488,0.301641,0.121703,0.678054,0.490418,0.346393,0.14685,0.360942,0.235002,0.164149,0.058392,0.293168,0.160141,0.45785,0.519724,0.573522
营运能力,总资产周转天数,634.030063,632.294805,641.38534,663.310262,678.295063,707.688633,749.287349,790.439967,695.939822,683.384913,668.675727,663.318626,682.725181,600.691422,569.962824,580.388678,633.007489,560.948623,543.455073,569.273902,635.084099,566.338333,603.655322,652.048682,733.426328,690.919799,623.644638,659.19886,663.290762,731.197272,726.919173,713.647939,801.206289,802.984646,755.875705,808.255512,894.079008,893.79652,818.584031,790.180923,998.659682,622.982862,601.122612,600.183588,681.483134,559.262478,621.854666,669.7266,986.234247,596.32504,604.119806,629.939927,681.579009,633.600365,665.220263,644.85392,631.907059,574.334872,539.504256,550.823007,577.589497,582.006335,604.713242,569.147085,612.889813,753.822808,738.051551,773.2109,627.715285,507.565323,489.32299,470.189126,497.291439,399.636766,385.988779,401.959622,462.308096,358.64846,364.243438,387.876012,549.077192,346.598239,353.359082,413.262962,600.386479,528.868514,581.285089,596.734795,739.501008,530.931089,550.550521,519.639609,612.867254,997.387927,1148.921939,1096.561091,1541.30617,1227.96448,1124.006937,786.282786,692.674867,627.699913
营运能力,流动资产周转率,0.201056,0.805186,0.592308,0.384098,0.188834,0.736192,0.539157,0.339167,0.193696,0.787934,0.610756,0.407679,0.199242,0.910634,0.722343,0.474954,0.217984,0.985697,0.772948,0.493504,0.218657,0.971294,0.687005,0.424813,0.190709,0.773043,0.633383,0.398841,0.198115,0.708359,0.531173,0.359262,0.160387,0.64595,0.520537,0.324951,0.146942,0.646986,0.526389,0.360506,0.142653,1.087897,0.851733,0.572868,0.245717,1.239909,0.879931,0.55345,0.193295,1.241052,0.905465,0.573988,0.263105,1.138776,0.817882,0.56312,0.284439,1.209867,0.946186,0.616734,0.300089,1.27615,0.885617,0.648298,0.300445,1.052633,0.87445,0.573662,0.350999,1.577941,1.187678,0.810582,0.379729,1.760933,1.296451,0.843224,0.37674,1.867343,1.356336,0.838352,0.292161,1.914158,1.412463,0.790935,0.281235,1.236053,0.820253,0.530226,0.217139,1.144431,0.832212,0.57557,0.234391,0.531371,0.323804,0.217485,0.077699,0.415164,0.223668,0.729041,0.8558,0.955367
营运能力,流动资产周转天数,447.635445,447.101486,455.843314,468.62988,476.608269,489.002219,500.781516,530.710854,464.643709,456.890921,442.074418,441.523404,451.710793,395.328534,373.783337,378.983935,412.873355,365.223733,349.311924,364.738008,411.602056,370.639564,393.009698,423.715765,471.921936,465.691952,426.281895,451.30699,454.280982,508.216328,508.308241,501.026478,561.142309,557.318011,518.694693,553.928625,612.483114,556.426042,512.927779,499.297267,630.898476,330.913466,317.000739,314.20838,366.274914,290.343741,306.842227,325.232251,465.607504,290.076412,298.189119,313.594934,342.067728,316.128818,330.12092,319.647394,316.412061,297.553165,285.356016,291.859957,299.910408,282.098455,304.87215,277.649907,299.555264,341.999521,308.765446,313.77312,256.410911,228.145404,227.334191,222.06248,237.010861,204.436979,208.260747,213.46618,238.891469,192.787252,199.065665,214.706855,308.048543,188.072219,191.155441,227.578534,320.016705,291.249494,329.166562,339.47739,414.479717,314.566618,324.436507,312.733341,383.972565,677.492176,833.836165,827.639686,1158.31482,867.125746,804.762424,493.799029,420.658583,376.818164
营运能力,应付账款周转率,1.567925,5.019153,3.763492,2.430428,1.112788,4.037473,3.099843,1.985587,0.921239,4.062033,3.259941,2.278408,1.224824,4.437618,3.906495,2.510563,1.079669,5.449412,4.05338,2.750958,1.184376,4.728209,3.523364,2.123609,0.942566,5.714496,5.384922,3.467022,,6.732934,,3.487987,1.664907,5.494053,4.289536,2.659441,1.25119,3.994524,3.600674,2.249582,0.925749,4.264145,3.28976,2.236967,0.986849,4.888965,3.42404,1.91546,0.59938,4.026376,2.905364,1.917796,0.804245,3.09072,2.000317,1.316296,0.696975,4.101022,3.233958,2.104264,1.081275,7.361766,5.383761,3.803626,1.861576,4.07999,2.916159,1.598313,1.076158,4.515874,3.673217,2.580789,1.284354,5.863719,4.702731,3.018241,1.310305,7.870717,6.193588,4.005783,1.72116,8.096707,6.378043,3.881778,1.665022,5.895175,4.064928,2.870885,1.273274,6.542471,4.714735,3.558208,1.827993,5.935367,3.760842,2.767559,0.983978,3.178046,1.210635,3.213654,3.978285,6.202324
