选项,指标,20260331,20251231,20250930,20250630,20250331,20241231,20240930,20240630,20240331,20231231,20230930,20230630,20230331,20221231,20220930,20220630,20220331,20211231,20210930,20210630,20210331,20201231,20200930,20200630,20200331,20191231,20190930,20190630,20190331,20181231,20180930,20180630,20180331,20171231,20170930,20170630,20170331,20161231,20160930,20160630,20160331,20151231,20150930,20150630,20150331,20141231,20140930,20140630,20140331,20131231,20130930,20130630,20130331,20121231,20120930,20120630,20120331,20111231,20110930,20110630,20110331,20101231,20100930,20100630,20100331,20091231,20090930,20090630,20090331,20081231,20080930,20080630,20080331,20071231,20070930,20070630,20070331,20061231,20060930,20051231,20041231
常用指标,归母净利润,6780890.47,7751651.84,26173904.4,12382916.67,4214426.49,34130944.17,70451607.46,29335636.14,15307127.61,60039528.22,71746407.21,27916682.04,9174028.5,-277060469.86,-175424457.77,-152712913.83,-47281014.49,-156928433.06,-66825182.95,-42452924.26,-47085212.75,-261861440.9,-202209630.63,-148426732.55,-88500985.0,44627861.62,52604109.95,32278296.71,10641463.19,73042196.67,128578366.72,77792441.22,37180980.67,135995995.61,133669556.13,76800050.48,35533669.92,139589795.19,129664503.51,70666887.47,33563084.42,131138526.6,122893053.68,68473501.86,32222083.32,125512222.03,120645123.18,64156545.02,30888281.53,110063761.53,117133690.33,61580447.51,37460644.64,152054225.81,135366630.62,89833459.32,42232814.59,129175606.2,102242106.05,65186649.19,30356530.57,100285720.61,80809182.94,52258096.8,25678864.46,84441112.36,67030675.47,42219690.74,21165998.13,75651300.03,61043781.14,32993112.21,17351554.23,64319978.45,55760284.27,37838708.15,26811524.12,61942825.76,44241284.82,47554022.43,37646313.82
常用指标,营业总收入,332868145.37,1254781187.0,958346641.37,629791304.59,331971798.59,1402344888.3,1084374327.94,687104013.26,357946698.78,1432347624.15,1090018021.42,667946014.39,319634209.69,718795481.38,564336602.36,327334630.27,213953176.66,947745796.76,726382359.62,479435359.2,205652008.01,783317921.52,515624321.6,312609159.75,180258042.16,1566318940.67,1190960483.3,758267928.88,400797521.39,1777258646.53,1362932112.14,875922217.55,443225697.09,1860556610.96,1383500740.72,863557232.56,436612171.87,1847183555.36,1399498572.04,873529342.3,442243184.66,1853205659.21,1404626793.69,892223590.92,445408692.32,1846023899.6,1394672990.9,872064243.82,441759111.6,1902362622.43,1399581542.76,850149275.03,448846325.61,1943689532.72,1451694083.27,909424833.18,447692535.2,1802313803.25,1338557164.3,802979964.65,383502280.65,1339337523.56,985393092.94,612275718.33,305206523.63,1201763824.05,877317400.87,537756967.29,270642302.55,1112076158.13,769782082.53,469346170.0,232790200.55,916616270.33,676786610.25,428253204.49,217324560.43,800356047.15,478309975.4,557312667.27,444922055.49
常用指标,营业成本,332546022.11,1266374671.83,948689121.84,630553509.69,334032482.11,1402751544.48,1043506494.67,674889898.92,353142490.53,1410030802.38,1045484201.78,658611085.57,320773073.13,1044785652.86,767212594.01,494184254.71,276007808.16,1174020130.76,842898127.12,551602612.5,263629195.59,1103445120.76,759433221.43,486363656.69,279865816.22,1545833044.02,1149886144.6,740460301.04,393106754.78,1674532137.59,1205104020.79,781821062.09,396674824.48,1698815471.63,1216251442.8,768068695.6,394855838.52,1690591263.66,1238996392.48,787074088.09,401169418.55,1698223071.62,1252501520.51,809190066.85,404750626.41,1700805431.5,1241482499.14,792544177.65,402253286.64,1747158840.57,1250812380.94,774080541.61,401497549.51,1748751041.53,1271790214.69,797039618.89,392602102.17,1625982684.1,1203709828.89,718939914.39,344565768.72,1209441853.0,881740014.42,545757360.23,272519029.11,1085992694.16,789310850.11,483119074.18,244272892.85,1015872713.57,690427096.77,427578915.33,211209280.07,827302133.72,597994483.83,377767035.28,181789663.07,717462190.12,418417154.32,492203027.62,393904180.5
常用指标,净利润,7220468.41,9805379.38,27328246.44,14086806.14,4756833.6,36008844.33,71659778.91,30119221.48,16458350.43,56697987.89,71677267.92,26637814.63,8178182.3,-295158038.88,-186138346.72,-160735633.87,-50430610.72,-171384205.97,-76243076.33,-49183357.29,-50998071.22,-284317256.33,-219044926.23,-159588670.27,-96409220.05,39254516.05,50870569.11,29363134.26,7929749.5,82088930.8,138911975.71,84140147.05,40367587.39,150662736.95,145902499.92,84247075.78,39099378.41,150076430.23,137129685.59,74326259.02,35405694.44,142780128.18,131196676.22,72824933.74,35191018.75,138424094.58,131502779.64,71049106.73,33891109.77,121889942.46,127098789.42,67236167.08,41570040.44,165682404.54,148582281.02,97767552.54,47069975.91,143692918.16,111989317.56,70447099.61,32905068.91,107408428.43,87894324.11,56038175.96,27764423.77,89389062.75,70157516.77,43627672.09,21272035.26,78835241.81,63165719.3,34052246.29,17770915.73,68305279.48,58600303.43,39792110.32,29134593.85,63318510.75,45073658.82,48471257.21,37662867.91
常用指标,扣非净利润,4603974.87,-6219590.39,16117385.59,3904435.41,1868171.98,16141328.16,64821318.49,25375922.74,12644370.4,47186199.71,63938775.48,23272943.2,6739458.0,-286130307.76,-176652783.28,-154327402.18,-50095276.78,-187004478.63,-79342677.06,-50538540.4,-49839927.4,-279877962.86,-214495410.72,-156363160.87,-91611436.0,20302309.69,39021703.73,22903827.1,6789062.04,57160961.08,123979773.66,75213341.21,36347956.49,119441389.56,128307517.3,74996053.48,35081801.01,126633679.22,128016968.41,69257935.02,33133709.73,119096588.43,121538950.04,67668400.4,32112317.09,117414161.89,120316202.21,63142033.96,30625587.15,121231991.61,116374935.58,60906339.3,37192770.06,147624209.85,131660064.51,86422324.35,42149530.12,126359770.8,102183780.86,65223485.78,30254110.3,97042481.62,79680812.75,52094406.39,25712149.9,85654264.32,66272962.77,41644825.7,20605157.1,75200981.43,62862949.22,33280659.16,17052670.18,53999450.13,51520000.3,,18941492.73,55265950.17,,43434489.35,33324261.74
常用指标,股东权益合计(净资产),888408216.45,881187748.04,899475231.37,886233791.07,874345096.04,869588262.44,906243077.99,854363357.72,840786711.6,824328361.17,843905912.97,798795617.88,779890213.33,767079781.34,872272866.86,897547199.29,1007674128.8,1058098203.69,1162351586.9,1189411305.94,1187596592.01,1267801506.71,1336295410.38,1396506956.34,1478515814.22,1574925034.27,1578041381.51,1563945505.53,1599226385.08,1600658353.15,1657481398.04,1605030073.2,1643661434.29,1603293846.9,1598533609.88,1536878185.74,1578814329.41,1539714951.0,1526268206.35,1463944248.23,1503071226.06,1467665531.62,1445370826.88,1386999084.4,1423576511.64,1388385492.89,1402019774.1,1003319506.52,1028940609.86,1008486019.27,1013694866.21,951832243.87,1008907782.84,967527742.4,946171132.01,895356403.53,938463018.2,891393042.29,862599948.41,825390320.98,858628290.28,825723221.37,789342132.31,757741514.79,804937225.59,778261155.72,758550921.5,732021076.82,775439601.77,754167566.51,736854765.29,707141292.28,741520916.64,724907757.05,316654317.12,,295923392.66,320940470.59,,242481494.33,193458027.76
常用指标,商誉,2699470.15,2699470.15,3441520.15,3441520.15,3441520.15,3441520.15,3441520.15,3441520.15,3441520.15,3441520.15,3441520.15,3441520.15,3441520.15,3441520.15,,,,,,,,,,,,,6992594.62,6992594.62,6992594.62,6992594.62,32497444.43,32497444.43,32497444.43,32497444.43,47222256.17,47222256.17,47222256.17,47222256.17,53605124.23,53605124.23,53605124.23,53605124.23,51630993.86,51630993.86,51630993.86,51630993.86,51630993.86,51630993.86,51630993.86,51630993.86,51630993.86,51630993.86,51630993.86,51630993.86,47269470.31,47269470.31,47269470.31,42741920.59,42741920.59,42741920.59,42741920.59,42741920.59,,,,,,,,,,,,,,,,,,,
常用指标,经营现金流量净额,38899555.01,96854056.31,96863872.35,45072118.49,17672976.99,100410325.69,130275062.58,52318402.44,23595222.41,124203722.03,151505865.12,76627864.48,19756852.49,-177231264.07,-97586330.42,-111142513.03,-50319656.38,-88476020.37,-23781797.74,-24932950.81,-47679203.1,-150966203.04,-101955130.39,-100862631.83,-54427608.92,68510033.5,84661842.04,10041422.49,-19400100.13,79983725.24,127336293.81,55399198.8,-23289063.57,223850457.65,211183505.31,88169935.24,48844223.46,216742807.14,209388959.54,74439503.57,-14894927.0,241391041.68,231744743.95,115107013.21,16975021.74,179898798.69,195579428.46,97563000.7,19873155.27,205720788.05,257368304.9,127230336.49,36477942.61,272641460.2,228555350.49,118115527.32,55252252.05,297309154.69,266863794.65,99792973.34,60342283.04,186036547.31,177464796.83,94439140.3,51149075.6,196346313.03,160863306.0,80868732.57,40491453.4,119506298.95,131687009.61,57776532.94,36461274.51,117801630.42,109333773.32,70934886.43,48969106.23,137579931.36,,94566198.51,68445742.59
常用指标,基本每股收益,0.0221,0.0253,0.0853,0.0403,0.0137,0.1112,0.2295,0.0956,0.0499,0.1956,0.2338,0.091,0.0299,-0.9027,-0.5716,-0.4976,-0.154,-0.511,-0.2175,-0.1381,-0.153,-0.849,-0.6555,-0.4812,-0.2869,0.1447,0.1705,0.1046,0.0345,0.2368,0.4168,0.2522,0.1205,0.4409,0.4333,0.249,0.1152,0.4525,0.4204,0.2291,0.1088,0.4251,0.3984,0.222,0.1045,0.4243,0.4178,0.2266,0.1091,0.3888,0.4137,0.2175,0.1323,0.5371,0.9562,0.6346,0.2983,0.9125,0.7223,0.4605,0.2144,0.7084,0.5708,0.3692,0.1814,0.5962,0.4735,0.2982,0.1507,0.5344,0.4312,0.2331,0.1226,0.59,0.5282,,0.2427,0.5868,,0.4505,0.3566
常用指标,每股净资产,2.780335,2.758242,2.818264,2.773331,2.746717,2.732986,2.851415,2.717453,2.67202,2.609036,2.660012,2.517921,2.458646,2.411027,2.74302,2.816259,3.157485,3.310778,3.631553,3.710564,3.695547,3.942876,4.150211,4.327017,4.58127,4.868178,4.862082,4.796189,4.906045,4.871547,5.051588,4.886946,5.015289,4.894753,4.887211,4.702848,4.809068,4.693872,4.661696,4.470433,4.570147,4.46134,4.434609,4.258188,4.342666,4.238206,4.244307,3.230017,3.332511,3.223411,3.248383,3.052165,6.433945,6.169317,6.051434,5.729781,5.993523,5.695185,5.504923,5.243158,5.497113,5.28267,5.145158,4.943469,5.249717,5.078041,4.955306,4.780037,5.071311,4.921791,4.811232,4.613078,4.86046,4.737886,2.60381,,2.421289,2.671318,,2.281509,1.824264
常用指标,每股现金流,0.126741,0.315566,0.315598,0.146852,0.057581,0.327153,0.424457,0.170461,0.076877,0.402652,0.491162,0.248417,0.064049,-0.57456,-0.316362,-0.360309,-0.163129,-0.286827,-0.077097,-0.080829,-0.154569,-0.489412,-0.330525,-0.326983,-0.176447,0.2221,0.274462,0.032552,-0.062892,0.259296,0.412807,0.179596,-0.0755,0.725272,0.684629,0.285835,0.158346,0.702651,0.678811,0.241323,-0.048287,0.782558,0.751286,0.373161,0.05503,0.583208,0.634043,0.344599,0.070193,0.72662,0.909043,0.449386,0.257685,1.925978,1.614547,0.834384,0.390309,2.100234,1.885163,0.704951,0.426266,1.314188,1.253636,0.667131,0.361324,1.389466,1.136361,0.571268,0.286037,0.844209,0.930255,0.408141,0.257567,0.832167,1.03575,,0.331093,1.303333,,0.895852,0.648406
常用指标,净资产收益率(ROE),0.8,0.92,3.07,1.47,0.5,4.15,8.39,3.58,1.88,7.75,9.14,3.66,1.22,-31.35,-18.69,-16.08,-4.74,-14.24,-6.3,-3.63,-4.0,-19.26,-14.52,-10.42,-6.07,3.0,3.51,2.15,0.71,4.89,8.41,5.11,2.43,9.27,9.07,5.21,2.42,9.97,9.19,5.05,2.41,9.85,9.16,5.14,2.43,11.38,12.69,6.87,3.33,12.41,12.06,6.64,4.2,18.42,16.37,10.92,5.1,16.88,13.46,8.61,3.98,13.9,11.11,7.24,3.51,12.1,,6.15,,11.13,,4.98,,19.27,20.29,,10.28,27.1,,21.97,19.12
常用指标,总资产报酬率(ROA),0.599359,1.30443,2.220532,1.223544,0.43603,2.976385,5.151553,2.374546,1.240604,4.595742,5.007314,2.089836,0.695733,-17.662156,-10.652754,-9.229619,-2.734267,-9.568602,-4.026004,-2.442047,-2.656402,-15.161739,-11.356009,-8.200558,-4.776973,3.525078,3.927923,2.297213,0.96027,5.888504,8.781927,5.41804,2.548831,10.124654,9.359989,5.533331,2.395024,10.283528,9.442336,5.322597,2.52703,10.5954,9.495349,5.386887,2.655086,11.470296,10.729375,5.671205,3.267997,11.412583,11.980937,6.467559,4.105537,16.730882,15.649538,9.974746,4.920197,16.167734,12.29763,7.67069,3.495372,12.875299,10.984367,6.994013,3.416916,12.212492,9.837223,6.011833,3.0296,10.94712,8.80876,5.007813,2.585762,12.927768,13.260355,,5.589085,16.825457,12.513986,16.724941,13.773534
常用指标,毛利率,16.102977,17.01616,17.791463,16.872445,15.972611,17.470011,20.064816,18.788519,19.381565,18.138059,21.023884,18.974784,17.547552,-12.888858,-7.301878,-17.339306,-2.250088,2.60471,7.894514,8.740368,0.26563,-9.237071,-12.180563,-17.318497,-16.448169,58.480563,58.916306,58.038334,56.430623,60.028562,62.278825,61.097069,59.597372,61.870922,63.017141,62.534868,61.193325,60.839375,61.022143,59.649837,58.147247,58.23194,58.807266,57.210518,55.476563,56.834835,56.761594,55.770386,54.174344,56.406942,56.313252,56.596834,56.01496,56.928153,56.428138,56.654579,56.543816,55.962688,56.390159,56.632313,55.313083,57.333787,58.364335,58.002301,55.324295,57.54776,58.060608,57.637391,55.519284,54.635187,55.181033,54.260328,54.052598,54.515865,55.056334,56.265098,55.505292,57.455557,59.028576,59.192903,59.721951
常用指标,销售净利率,2.169167,0.781441,2.851603,2.236741,1.432902,2.567759,6.608398,4.383502,4.597989,3.958395,6.575787,3.988019,2.558606,-41.133995,-32.928102,-49.047974,-23.567808,-18.083351,-10.496273,-10.2586,-24.798236,-36.296534,-42.481496,-51.050541,-53.484004,2.506163,4.27139,3.872395,1.978492,4.618851,10.192141,9.605892,9.107682,8.097723,10.545892,9.755818,8.955173,8.124608,9.798486,8.50873,8.005933,7.704494,9.340322,8.162184,7.900837,7.498499,9.428932,8.147233,7.671853,6.407292,9.081199,7.908748,9.26153,8.524118,10.235095,10.750481,10.513906,7.972691,8.36642,8.773207,8.580149,8.019519,8.919721,9.152441,9.096929,7.435617,7.996822,8.112897,7.859833,7.089014,8.205662,7.255251,7.633876,7.451894,8.658608,9.291725,14.832254,7.911292,9.423524,8.697318,8.465048
常用指标,期间费用率,14.972626,16.846434,15.68352,15.946086,15.642823,16.552268,15.362958,16.061907,17.221173,15.742587,16.070001,16.622214,16.972895,31.002759,27.174112,31.90189,25.536614,25.097306,22.54902,22.362013,27.064748,30.052848,33.209242,35.923849,36.598247,56.097868,54.537266,54.691205,53.522083,53.407565,49.916271,49.558821,48.309082,50.963533,50.097477,50.69809,50.751513,50.06371,47.53703,46.883576,44.836426,45.784377,43.850675,43.899567,42.508914,44.49478,41.682061,42.670836,41.321559,43.977482,41.18752,43.204356,41.027497,42.386742,39.390404,39.551772,39.528998,41.707894,41.699041,41.596647,40.682716,43.121656,43.29353,42.74161,40.459934,43.432899,43.354927,42.965539,41.308289,41.723244,40.461908,41.117718,40.57966,40.724314,39.132032,40.217391,33.347475,42.539396,41.864731,42.443688,42.950825
常用指标,资产负债率,41.964772,41.239446,41.519003,41.101412,41.826295,41.757761,41.591246,43.54156,44.076305,45.685819,47.971127,47.811748,50.109899,49.187706,44.272495,42.782482,40.533799,40.446691,38.974161,36.514461,36.708681,27.26566,27.395004,25.239295,24.289222,21.187676,21.867006,19.883696,19.268758,20.767798,20.30413,19.857709,19.49301,22.530111,24.408432,21.354034,21.475314,22.254629,23.626508,19.795748,18.596787,21.102053,22.603273,20.120974,18.29972,19.483969,21.150016,42.699542,25.208666,28.15213,30.851189,28.067983,24.40186,29.04865,29.952038,30.098669,27.503335,29.961018,38.067949,37.217264,38.164043,34.522414,32.565633,30.556991,27.343847,27.593296,33.839401,30.542655,28.067376,30.808065,34.535018,37.379567,33.687326,34.32042,58.232051,,58.472151,56.864009,,52.259492,56.925575
每股指标,基本每股收益,0.0221,0.0253,0.0853,0.0403,0.0137,0.1112,0.2295,0.0956,0.0499,0.1956,0.2338,0.091,0.0299,-0.9027,-0.5716,-0.4976,-0.154,-0.511,-0.2175,-0.1381,-0.153,-0.849,-0.6555,-0.4812,-0.2869,0.1447,0.1705,0.1046,0.0345,0.2368,0.4168,0.2522,0.1205,0.4409,0.4333,0.249,0.1152,0.4525,0.4204,0.2291,0.1088,0.4251,0.3984,0.222,0.1045,0.4243,0.4178,0.2266,0.1091,0.3888,0.4137,0.2175,0.1323,0.5371,0.9562,0.6346,0.2983,0.9125,0.7223,0.4605,0.2144,0.7084,0.5708,0.3692,0.1814,0.5962,0.4735,0.2982,0.1507,0.5344,0.4312,0.2331,0.1226,0.59,0.5282,,0.2427,0.5868,,0.4505,0.3566
每股指标,稀释每股收益,0.0,0.0,0.0,0.0,0.0,0.0,0.0,0.0,0.0,0.0,0.0,0.0,0.0,0.0,0.0,0.0,0.0,0.0,0.0,0.0,0.0,0.0,0.0,0.0,0.0,0.0,0.0,0.0,0.0,0.0,0.0,0.0,0.0,0.0,0.0,0.0,0.0,0.0,0.0,0.0,0.0,0.0,0.0,0.0,0.0,0.0,0.4178,0.0,0.0,0.0,0.4137,0.2175,0.1323,0.0,0.9562,0.6346,0.2983,0.9125,0.7223,0.4605,0.2144,0.7084,0.5708,0.3692,0.1814,0.5962,0.4735,0.2982,0.1507,0.5344,0.4312,0.2331,0.1226,0.59,0.5282,,0.2427,0.5868,,0.4505,0.3566
每股指标,摊薄每股收益_最新股数,0.022093,0.025256,0.085278,0.040345,0.013731,0.111204,0.229542,0.09558,0.049873,0.195618,0.233761,0.090957,0.02989,-0.904262,-0.57061,-0.497003,-0.154063,-0.511298,-0.217727,-0.138318,-0.153411,-0.853186,-0.658831,-0.483598,-0.28835,0.145404,0.171392,0.105167,0.034671,0.237983,0.418929,0.25346,0.121141,0.443096,0.435516,0.250226,0.115774,0.454806,0.422467,0.230244,0.109353,0.42727,0.400405,0.223097,0.104984,0.408939,0.393081,0.209032,0.100638,0.358605,0.38164,0.200639,0.122052,0.495417,0.441046,0.292691,0.137601,0.420874,0.333121,0.212388,0.098906,0.326747,0.263289,0.170265,0.083665,0.275005,0.218396,0.137558,0.068962,0.246484,0.19889,0.107496,0.056534,0.209564,0.181675,0.123284,0.083474,0.201819,0.144145,0.154938,0.122657
每股指标,摊薄每股净资产_期末股数,2.780335,2.758242,2.818264,2.773331,2.746717,2.732986,2.851415,2.717453,2.67202,2.609036,2.660012,2.517921,2.458646,2.411027,2.74302,2.816259,3.157485,3.310778,3.631553,3.710564,3.695547,3.942876,4.150211,4.327017,4.58127,4.868178,4.862082,4.796189,4.906045,4.871547,5.051588,4.886946,5.015289,4.894753,4.887211,4.702848,4.809068,4.693872,4.661696,4.470433,4.570147,4.46134,4.434609,4.258188,4.342666,4.238206,4.244307,3.230017,3.332511,3.223411,3.248383,3.052165,6.433945,6.169317,6.051434,5.729781,5.993523,5.695185,5.504923,5.243158,5.497113,5.28267,5.145158,4.943469,5.249717,5.078041,4.955306,4.780037,5.071311,4.921791,4.811232,4.613078,4.86046,4.737886,2.60381,,2.421289,2.671318,,2.281509,1.824264
每股指标,调整每股净资产_期末股数,2.229337,2.223157,2.253233,2.195511,2.149346,2.146152,2.245611,2.099647,2.079924,1.99438,2.014114,1.84188,1.748752,1.854313,2.224645,2.279854,2.59891,2.743303,3.069403,3.185023,3.147085,3.399171,3.656512,3.816335,4.05199,4.320248,4.296912,4.239635,4.341545,4.291091,4.360742,4.192763,4.334347,4.209266,4.159194,3.956296,4.043023,3.931842,3.884017,3.726235,3.817645,3.692401,3.723214,3.527451,3.613458,3.488363,3.467507,2.362409,2.447465,2.31483,2.376537,2.17176,4.62297,4.293629,4.285287,3.899538,4.108984,3.806426,3.644638,3.313145,3.508019,3.245294,4.034573,3.798821,4.108082,3.935224,3.877606,3.681949,3.94617,3.763753,3.696051,3.509307,3.835003,3.775297,1.858247,,1.729225,1.960304,,1.685078,1.21474
每股指标,每股净资产_最新股数,2.780335,2.758242,2.818264,2.773331,2.746717,2.732986,2.851415,2.717453,2.67202,2.622147,2.673379,2.530575,2.471002,2.423143,2.756805,2.830412,3.173352,3.327415,3.649802,3.729211,3.714118,3.96269,4.171067,4.348761,4.604292,4.892642,4.886516,4.820291,4.930699,4.896028,5.076973,4.911505,5.040493,4.919351,4.911771,4.726481,4.833235,4.71746,4.685122,4.492898,4.593114,4.48376,4.456895,4.279587,4.364489,4.259504,4.265636,2.979531,3.074077,2.973438,2.996473,2.815471,2.967498,2.845445,2.791074,2.64272,2.764364,2.626763,2.539009,2.418277,2.535407,2.436501,2.373077,2.280053,2.421302,2.342121,2.285512,2.204674,2.339017,2.270054,2.219062,2.127668,2.241767,2.185233,0.895532,,0.832757,0.91875,0.896843,0.784683,0.627421
每股指标,每股经营现金流,0.126741,0.315566,0.315598,0.146852,0.057581,0.327153,0.424457,0.170461,0.076877,0.402652,0.491162,0.248417,0.064049,-0.57456,-0.316362,-0.360309,-0.163129,-0.286827,-0.077097,-0.080829,-0.154569,-0.489412,-0.330525,-0.326983,-0.176447,0.2221,0.274462,0.032552,-0.062892,0.259296,0.412807,0.179596,-0.0755,0.725272,0.684629,0.285835,0.158346,0.702651,0.678811,0.241323,-0.048287,0.782558,0.751286,0.373161,0.05503,0.583208,0.634043,0.344599,0.070193,0.72662,0.909043,0.449386,0.257685,1.925978,1.614547,0.834384,0.390309,2.100234,1.885163,0.704951,0.426266,1.314188,1.253636,0.667131,0.361324,1.389466,1.136361,0.571268,0.286037,0.844209,0.930255,0.408141,0.257567,0.832167,1.03575,,0.331093,1.303333,,0.895852,0.648406
每股指标,每股现金流量净额,0.041824,-0.113517,-0.004501,-0.070633,0.023306,0.050219,0.141452,0.004161,0.020613,-0.157636,0.038564,0.075105,0.057862,-0.138383,0.10986,-0.065332,-0.183998,-0.092992,0.108702,0.242589,0.804317,-1.584335,-1.32037,-1.30979,-1.425298,-0.952602,-1.112873,-2.35965,-1.913207,-0.116377,-1.784993,-1.804169,-0.298151,0.432887,-1.081439,-1.501201,-0.982845,0.368565,-0.712582,-1.132746,-1.17593,0.456318,-0.445638,-0.830384,0.044172,1.204405,1.344509,1.329232,-0.030897,0.071697,0.354875,-0.03076,-0.110062,0.267144,0.717874,0.058226,0.229242,0.106823,0.736206,0.457124,1.089976,-0.507084,-0.295426,-0.468143,-0.449801,0.153647,0.49379,-0.014202,0.146551,-1.148158,-0.595339,-0.455191,-0.260307,2.465912,0.153657,,0.266605,0.175981,,-0.062609,0.091084
每股指标,每股企业自由现金流量,,0.000836,,0.004994,,-0.05073,,0.013655,,0.07712,,0.033501,,0.015816,,-0.041832,,0.258985,,0.187133,,-0.024787,,-0.047061,,1.17076,,0.174438,,0.258946,,0.276792,,0.234381,,0.31721,,0.24673,,0.228801,,0.260179,,0.296263,,-0.732661,,0.320932,,0.447931,,0.326606,,1.025388,,0.785533,,0.366989,,0.159321,,1.549554,,0.602983,,0.480012,,0.235802,,0.501381,,0.491129,,-1.757531,,,0.033159,0.537133,,0.41524,0.570684
每股指标,每股股东自由现金流量,,0.000836,,0.004994,,-0.05073,,0.013655,,0.026871,,-0.016747,,0.066065,,-0.041832,,0.258985,,0.187133,,-0.024787,,-0.047061,,1.17076,,0.174438,,0.258946,,0.276792,,0.234381,,0.31721,,0.24673,,0.228801,,0.260179,,0.296263,,-0.85261,,0.402169,,0.409079,,0.287753,,0.877041,,0.84911,,-0.558413,,0.611426,,2.185327,,0.817027,,0.091484,,0.200482,,0.254136,,0.773695,,-1.185335,,,1.439942,0.593973,,0.595232,0.513844
每股指标,每股未分配利润,-0.468787,-0.49088,-0.430858,-0.475791,-0.502405,-0.516137,-0.397798,-0.53176,-0.577468,-0.624204,-0.573118,-0.715208,-0.77597,-0.823589,-0.491605,-0.418367,-0.077141,0.076151,0.393617,0.472629,0.457612,0.672049,0.865451,1.039808,1.294061,1.58097,1.606828,1.540934,1.65079,1.616292,1.837019,1.672377,1.80072,1.680184,1.722991,1.538628,1.644848,1.529652,1.545415,1.354153,1.453867,1.34506,1.365119,1.188698,1.273175,1.168716,1.19382,1.101166,1.20366,1.09456,1.168277,0.972059,2.273732,2.009105,1.891222,1.569569,1.833311,1.534972,1.353531,1.091766,1.345721,1.131278,1.071405,0.869717,1.171957,0.990558,0.934978,0.759709,1.050983,0.901463,0.858505,0.660351,0.909857,0.787283,1.023084,,0.737558,0.577859,,0.671766,0.288596
每股指标,每股资本公积金,1.741195,1.741195,1.741195,1.741195,1.741195,1.741195,1.741195,1.741195,1.741195,1.777313,1.777543,1.777543,1.779029,1.779029,1.779029,1.779029,1.779029,1.779029,1.782371,1.782371,1.782371,1.782371,1.78182,1.78182,1.78182,1.78182,1.749866,1.749866,1.749866,1.749866,1.749866,1.749866,1.749866,1.749866,1.749866,1.749866,1.749866,1.749866,1.749866,1.749866,1.749866,1.749866,1.749866,1.749866,1.749866,1.749866,1.771745,0.825159,0.825159,0.825159,0.825159,0.825159,2.650318,2.650318,2.650318,2.650318,2.650318,2.650318,2.650318,2.650318,2.650318,2.650318,2.646963,2.646963,2.65097,2.660693,2.660693,2.660693,2.660693,2.660693,2.653323,2.653323,2.6512,2.6512,0.230331,,0.333336,0.740064,,0.313024,0.306271
每股指标,每股盈余公积金,0.507927,0.507927,0.507927,0.507927,0.507927,0.507927,0.507927,0.507927,0.507927,0.505387,0.505387,0.505387,0.505387,0.505387,0.505387,0.505387,0.505387,0.505387,0.505387,0.505387,0.505387,0.505387,0.505387,0.505387,0.505387,0.505387,0.505387,0.505387,0.505387,0.505387,0.464702,0.464702,0.464702,0.464702,0.414353,0.414353,0.414353,0.414353,0.366413,0.366413,0.366413,0.366413,0.319623,0.319623,0.319623,0.319623,0.27874,0.303692,0.303692,0.303692,0.254946,0.254946,0.509893,0.509893,0.509893,0.509893,0.509893,0.509893,0.501073,0.501073,0.501073,0.501073,0.426789,0.426789,0.426789,0.426789,0.359634,0.359634,0.359634,0.359634,0.299402,0.299402,0.299402,0.299402,0.350394,,0.350394,0.353394,,0.296718,0.229396
每股指标,每股留存收益,0.039139,0.017046,0.077069,0.032135,0.005521,-0.008209,0.110128,-0.023833,-0.06954,-0.118816,-0.06773,-0.209821,-0.270582,-0.318201,0.013781,0.08702,0.428245,0.581539,0.899005,0.978017,0.963,1.177437,1.370838,1.545196,1.799449,2.086358,2.112216,2.046322,2.156178,2.12168,2.301721,2.13708,2.265422,2.144887,2.137345,1.952981,2.059201,1.944005,1.911829,1.720566,1.82028,1.711473,1.684743,1.508321,1.592799,1.488339,1.472561,1.404858,1.507352,1.398252,1.423224,1.227006,2.783626,2.518999,2.401116,2.079463,2.343205,2.044866,1.854604,1.592839,1.846794,1.632352,1.498195,1.296506,1.598746,1.417347,1.294612,1.119343,1.410617,1.261098,1.157908,0.959754,1.20926,1.086686,1.373478,,1.087953,0.931254,,0.968485,0.517992
每股指标,每股营业收入,1.084538,4.088279,3.122447,2.051961,1.081617,4.569065,3.533066,2.238695,1.166248,4.643484,3.533696,2.165394,1.036212,2.330241,1.829505,1.061176,0.693608,3.072468,2.354837,1.554267,0.666697,2.539414,1.671586,1.013438,0.584373,5.077802,3.860938,2.458205,1.299333,5.761641,4.418448,2.839625,1.43688,6.031682,4.485129,2.79954,1.415439,5.988328,4.536992,2.831868,1.433694,6.007851,4.553617,2.892472,1.443957,5.984569,4.521348,3.080193,1.560324,6.71928,4.943421,3.002787,3.170714,13.730499,10.254973,6.424306,3.162563,12.731801,9.455758,5.672364,2.709114,9.461271,6.960957,4.325202,2.156022,8.488904,6.197495,3.798791,1.911855,7.855864,5.43785,3.315528,1.644463,6.475107,6.411392,,1.784721,7.582001,,5.279581,4.214873
每股指标,每股营业总收入,1.084538,4.088279,3.122447,2.051961,1.081617,4.569065,3.533066,2.238695,1.166248,4.643484,3.533696,2.165394,1.036212,2.330241,1.829505,1.061176,0.693608,3.072468,2.354837,1.554267,0.666697,2.539414,1.671586,1.013438,0.584373,5.077802,3.860938,2.458205,1.299333,5.761641,4.418448,2.839625,1.43688,6.031682,4.485129,2.79954,1.415439,5.988328,4.536992,2.831868,1.433694,6.007851,4.553617,2.892472,1.443957,5.984569,4.521348,3.080193,1.560324,6.71928,4.943421,3.002787,3.170714,13.730499,10.254973,6.424306,3.162563,12.731801,9.455758,5.672364,2.709114,9.461271,6.960957,4.325202,2.156022,8.488904,6.197495,3.798791,1.911855,7.855864,5.43785,3.315528,1.644463,6.475107,6.411392,,1.784721,7.582001,,5.279581,4.214873
每股指标,每股息税前利润,0.029589,0.063595,0.109648,0.059752,0.021281,0.145984,0.257581,0.117247,0.061058,0.227504,0.256343,0.10389,0.034954,-0.940014,-0.577072,-0.500489,-0.153848,-0.545921,-0.238047,-0.143158,-0.155848,-0.919489,-0.706625,-0.513929,-0.305945,0.229615,0.257216,0.147914,0.062279,0.390364,0.590654,0.35764,0.169854,0.664666,0.621314,0.352903,0.154939,0.640197,0.590579,0.317967,0.15183,0.615629,0.552832,0.302184,0.149201,0.581576,0.553353,0.315952,0.160409,0.557748,0.59871,0.306894,0.391269,1.557947,1.450123,0.89967,0.44614,1.446934,1.152748,0.69786,0.327121,1.062229,0.871096,0.535042,0.26341,0.933493,0.777087,0.455236,0.231989,0.848203,0.693597,0.394963,0.20293,0.843703,0.943492,,0.385615,0.997745,,0.758168,0.586021
盈利能力,净资产收益率(ROE),0.8,0.92,3.07,1.47,0.5,4.15,8.39,3.58,1.88,7.75,9.14,3.66,1.22,-31.35,-18.69,-16.08,-4.74,-14.24,-6.3,-3.63,-4.0,-19.26,-14.52,-10.42,-6.07,3.0,3.51,2.15,0.71,4.89,8.41,5.11,2.43,9.27,9.07,5.21,2.42,9.97,9.19,5.05,2.41,9.85,9.16,5.14,2.43,11.38,12.69,6.87,3.33,12.41,12.06,6.64,4.2,18.42,16.37,10.92,5.1,16.88,13.46,8.61,3.98,13.9,11.11,7.24,3.51,12.1,,6.15,,11.13,,4.98,,19.27,20.29,,10.28,27.1,,21.97,19.12
盈利能力,摊薄净资产收益率,0.794624,0.91566,3.025932,1.454767,0.499916,4.06896,8.050129,3.517271,1.866493,7.460238,8.744039,3.594323,1.209649,-37.317745,-20.698251,-17.559403,-4.854918,-15.366222,-5.965451,-3.709054,-4.130487,-21.530492,-15.795275,-11.120366,-6.262644,2.971906,3.507461,2.181774,0.703178,4.860741,8.25155,5.160542,2.403368,9.007221,8.8668,5.294148,2.395381,9.640908,9.017221,5.124622,2.380823,9.529288,8.983953,5.213065,2.40543,9.600624,9.215067,7.015611,3.273795,12.060296,12.73632,7.126301,4.112987,17.410882,15.802025,10.92,4.977683,16.022567,13.120125,8.782641,3.901008,13.410502,11.09485,7.47,3.455407,11.74172,9.56,6.24,2.95,10.86,8.96,5.05,2.52,9.59,20.29,,10.02,21.97,16.072499,19.75,19.55
盈利能力,净资产收益率_平均,0.797794,0.919871,3.072417,1.465427,0.501168,4.153177,8.387321,3.580051,1.884076,7.747173,9.16479,3.668741,1.220289,-31.449549,-18.757059,-16.142169,-4.73986,-14.027178,-5.72026,-3.596469,-3.996744,-19.269444,-14.537789,-10.465903,-6.072495,2.970878,3.50405,2.164768,0.705659,4.84919,8.38166,5.156423,2.4326,9.195922,9.045725,5.299205,2.424418,9.885776,9.215252,5.129839,2.409506,9.773704,9.187402,5.225326,2.434712,11.30768,10.859986,7.022792,3.328275,12.325576,13.065585,7.088569,4.199346,18.106661,16.281265,11.10894,5.104731,16.624647,13.390434,8.749672,3.978611,13.670568,11.163718,7.364653,3.51161,11.925187,9.588124,6.14824,2.992456,11.064789,9.031659,4.984898,2.554061,13.50296,20.027303,,9.531749,23.695633,17.144563,21.944355,19.549486
盈利能力,净资产收益率_平均_扣除非经常损益,0.541673,-0.738065,1.891935,0.462061,0.222158,1.964135,7.717031,3.096817,1.556331,6.08865,8.167454,3.058473,0.896453,-32.423233,-18.919865,-16.331197,-5.021513,-16.715551,-6.791762,-4.281456,-4.230573,-20.595215,-15.421071,-11.025518,-6.285918,1.351525,2.599303,1.536062,0.450197,3.794853,8.081891,4.985469,2.378099,8.076515,8.682864,5.174729,2.393588,8.968221,9.098162,5.027561,2.378681,8.876223,9.08617,5.163887,2.426418,10.578108,10.830378,6.91174,3.299969,13.576259,12.98095,7.010972,4.169317,17.579134,15.835457,10.687114,5.094665,16.262255,13.382795,8.754617,3.965188,13.228462,11.007835,7.341584,3.516161,12.10168,9.47974,6.064525,2.913164,10.998925,9.300812,5.028343,2.510067,11.336329,18.504329,,7.047004,21.141458,,20.043349,17.305073
盈利能力,摊薄净资产收益率_扣除非经常损益,0.53952,-0.734686,1.86331,0.4587,0.221602,1.924307,7.406786,3.042511,1.541806,5.863142,7.79249,2.996433,0.888636,-38.47311,-20.877905,-17.765027,-5.143408,-18.311228,-7.082882,-4.415483,-4.372141,-23.011828,-16.754959,-11.714976,-6.482751,1.351993,2.601833,1.548129,0.448614,3.803892,7.956434,4.989451,2.349522,7.910784,8.511116,5.169791,2.36492,8.746081,8.902647,5.022448,2.350365,8.654251,8.884963,5.151771,2.397235,8.981191,9.189944,6.904673,3.245952,13.284061,12.653818,7.048291,4.083575,16.903626,15.369338,10.5,4.967866,15.673299,13.11264,8.787604,3.887846,12.976806,10.939928,7.444211,3.459886,11.915498,9.45,6.15,2.87,10.79,9.23,5.1,2.48,8.05,18.75,,7.41,19.6,,18.03,17.31
盈利能力,息税前利润率,2.728284,1.555546,3.511619,2.911964,1.967587,3.195068,7.290583,5.237319,5.235502,4.899434,7.254259,4.797779,3.37328,-40.339794,-31.54252,-47.163672,-22.180891,-17.768158,-10.10889,-9.21067,-23.376206,-36.208698,-42.272753,-50.711501,-52.354497,4.521955,6.662021,6.017157,4.793162,6.775238,13.367908,12.594647,11.82104,11.01959,13.852766,12.605777,10.946413,10.690761,13.01699,11.228194,10.590146,10.247086,12.140518,10.447258,10.332809,9.717936,12.238686,10.257559,10.280532,8.300712,12.111259,10.220328,12.340112,11.346621,14.140685,14.004165,14.106933,11.364725,12.190966,12.302808,12.07485,11.227138,12.514035,12.370355,12.217416,10.996628,12.53873,11.983707,12.134267,10.797078,12.755001,11.912545,12.340219,13.029958,14.715874,15.054617,21.606496,13.159388,15.514233,14.360385,13.903647
盈利能力,总资产报酬率,0.599359,1.30443,2.220532,1.223544,0.43603,2.976385,5.151553,2.374546,1.240604,4.595742,5.007314,2.089836,0.695733,-17.662156,-10.652754,-9.229619,-2.734267,-9.568602,-4.026004,-2.442047,-2.656402,-15.161739,-11.356009,-8.200558,-4.776973,3.525078,3.927923,2.297213,0.96027,5.888504,8.781927,5.41804,2.548831,10.124654,9.359989,5.533331,2.395024,10.283528,9.442336,5.322597,2.52703,10.5954,9.495349,5.386887,2.655086,11.470296,10.729375,5.671205,3.267997,11.412583,11.980937,6.467559,4.105537,16.730882,15.649538,9.974746,4.920197,16.167734,12.29763,7.67069,3.495372,12.875299,10.984367,6.994013,3.416916,12.212492,9.837223,6.011833,3.0296,10.94712,8.80876,5.007813,2.585762,12.927768,13.260355,,5.589085,16.825457,12.513986,16.724941,13.773534
盈利能力,总资本回报率,0.875147,1.928893,3.28692,1.797435,0.639948,4.496389,7.740797,3.57023,1.870439,7.164637,8.014591,3.331157,1.105199,-25.806603,-15.188009,-12.92381,-3.798122,-13.496984,-5.697532,-3.408737,-3.70238,-20.871258,-15.670775,-11.178222,-6.475416,4.715039,5.285111,3.059953,1.273916,7.99412,11.876811,7.312447,3.427919,13.863647,12.969607,7.511211,3.260883,13.985429,12.947001,7.119922,3.362244,14.153144,12.748632,7.113231,3.477532,15.897181,15.113115,9.298138,4.76022,16.880239,18.051753,9.53526,5.926661,24.551995,22.938159,14.437005,7.049988,22.471221,17.396064,10.111285,4.562329,16.927164,14.972406,9.078105,4.447037,15.633166,12.767448,7.588737,3.775581,13.861702,11.438401,6.340121,3.266746,18.782761,22.120737,,8.808732,27.901155,23.588476,24.988419,21.581006
盈利能力,投入资本回报率,0.837501,1.508593,3.110975,1.590488,0.599428,4.216216,7.488435,3.321653,1.738851,6.991798,7.91163,3.372493,1.170141,-23.889232,-14.3562,-12.305406,-3.557248,-11.666121,-4.506767,-2.831509,-3.409046,-19.252277,-14.53551,-10.46441,-6.07195,3.004291,3.505692,2.165888,0.706235,4.871646,8.382809,5.157299,2.396386,9.217006,9.191012,5.301398,2.464866,9.905316,9.607745,5.130667,2.5213,9.775404,9.490582,5.240235,2.528319,11.241668,11.202528,6.733181,3.477996,12.01158,13.396715,6.970656,4.331028,17.39392,16.33082,10.501471,5.131628,15.587349,12.89366,7.462059,3.342479,11.953066,10.932361,6.625874,3.239386,10.991737,9.378615,5.521412,2.831542,10.402425,8.649739,4.819555,2.524067,12.851249,15.484953,,6.421916,19.555862,16.548467,17.29665,15.110151
盈利能力,息前税后总资产报酬率_平均,0.602588,1.157449,2.177836,1.196351,0.44463,2.91567,5.062331,2.260923,1.229537,4.269396,4.942275,2.033979,0.672908,-17.454336,-10.709231,-9.266844,-2.741697,-9.092025,-3.700951,-2.400715,-2.662151,-15.186048,-11.410432,-8.25429,-4.879631,1.978653,2.519628,1.479233,0.396808,4.030883,6.696485,4.132968,1.963782,7.455479,7.125611,4.283951,1.95935,7.829492,7.10768,4.034085,1.910382,7.967653,7.305258,4.219932,2.030174,8.93677,8.266128,4.543745,2.438745,8.975637,8.983481,5.149031,3.081297,12.886897,11.32721,7.877031,3.667026,12.36078,8.439621,6.069375,2.483742,9.704367,7.829408,5.455382,2.544191,9.043924,6.273882,4.505437,1.962389,8.50548,5.666931,3.049973,1.599598,7.393452,7.802202,,3.83675,10.115296,7.60114,10.129403,8.385831
盈利能力,毛利率,16.102977,17.01616,17.791463,16.872445,15.972611,17.470011,20.064816,18.788519,19.381565,18.138059,21.023884,18.974784,17.547552,-12.888858,-7.301878,-17.339306,-2.250088,2.60471,7.894514,8.740368,0.26563,-9.237071,-12.180563,-17.318497,-16.448169,58.480563,58.916306,58.038334,56.430623,60.028562,62.278825,61.097069,59.597372,61.870922,63.017141,62.534868,61.193325,60.839375,61.022143,59.649837,58.147247,58.23194,58.807266,57.210518,55.476563,56.834835,56.761594,55.770386,54.174344,56.406942,56.313252,56.596834,56.01496,56.928153,56.428138,56.654579,56.543816,55.962688,56.390159,56.632313,55.313083,57.333787,58.364335,58.002301,55.324295,57.54776,58.060608,57.637391,55.519284,54.635187,55.181033,54.260328,54.052598,54.515865,55.056334,56.265098,55.505292,57.455557,59.028576,59.192903,59.721951
盈利能力,销售净利率,2.169167,0.781441,2.851603,2.236741,1.432902,2.567759,6.608398,4.383502,4.597989,3.958395,6.575787,3.988019,2.558606,-41.133995,-32.928102,-49.047974,-23.567808,-18.083351,-10.496273,-10.2586,-24.798236,-36.296534,-42.481496,-51.050541,-53.484004,2.506163,4.27139,3.872395,1.978492,4.618851,10.192141,9.605892,9.107682,8.097723,10.545892,9.755818,8.955173,8.124608,9.798486,8.50873,8.005933,7.704494,9.340322,8.162184,7.900837,7.498499,9.428932,8.147233,7.671853,6.407292,9.081199,7.908748,9.26153,8.524118,10.235095,10.750481,10.513906,7.972691,8.36642,8.773207,8.580149,8.019519,8.919721,9.152441,9.096929,7.435617,7.996822,8.112897,7.859833,7.089014,8.205662,7.255251,7.633876,7.451894,8.658608,9.291725,14.832254,7.911292,9.423524,8.697318,8.465048
盈利能力,成本费用利润率,2.1791,0.958344,2.981983,2.322979,1.398708,2.657321,7.066944,4.764005,4.747255,4.411995,7.017657,4.215423,2.684698,-28.916659,-24.361878,-32.737442,-18.395917,-15.485277,-9.866554,-9.165938,-19.517201,-26.016586,-29.079688,-33.096772,-34.211124,4.599503,6.96495,6.223253,4.934517,7.235252,15.252174,14.235688,13.466006,12.349881,15.729827,14.294051,12.071073,11.965149,14.589832,12.869893,11.810041,11.702536,13.936178,12.026157,11.5528,11.002709,13.915655,11.72201,11.200928,9.340762,13.540435,11.537503,13.725397,13.025079,16.149464,16.521179,15.993282,12.419002,12.652218,13.348555,13.053954,12.571173,13.628465,14.012183,13.776449,11.979634,12.859635,13.026974,12.652768,10.905271,12.945053,11.38257,11.85666,12.912786,15.050064,15.352094,24.991171,13.72224,16.755657,15.559078,15.175264
盈利能力,营业利润率,2.077856,0.926845,2.888882,2.239246,1.264128,2.744886,6.826509,4.742824,4.58313,4.364181,6.740904,4.190519,2.795138,-41.565659,-32.859363,-48.925349,-23.723756,-18.755044,-11.568933,-10.84239,-24.900136,-36.018067,-42.266462,-50.682272,-52.418511,4.493047,6.628466,5.972225,4.733737,6.667957,13.10389,12.356482,11.73187,10.83571,13.477493,12.449574,10.6513,10.518554,12.496612,11.078759,10.108574,10.180113,11.767382,10.334213,10.021815,9.439756,11.769229,10.004078,9.654837,9.11476,11.412072,9.877597,11.580119,10.812178,13.12707,13.302465,13.227132,10.446502,10.77563,11.329248,11.0836,10.421469,11.342549,11.827594,11.731955,10.354993,10.852539,10.97281,10.565142,9.434979,11.254636,9.980316,10.130827,10.573883,12.451112,12.533128,18.546135,11.064135,13.373075,11.987371,11.464932
盈利能力,总资产净利率_平均,0.447519,0.51804,1.727012,0.826152,0.281332,2.267265,4.590791,1.935729,1.013328,3.931864,4.543371,1.820515,0.591966,-16.905448,-10.480802,-9.119502,-2.724399,-8.91694,-3.663917,-2.347687,-2.601784,-13.998116,-10.534978,-7.677987,-4.479735,2.2211,2.604229,1.625166,0.531921,3.571935,6.19755,3.820569,1.808761,6.715803,6.528177,3.903798,1.780665,7.26904,6.720746,3.834883,1.810961,7.316841,6.842898,3.957166,1.858896,8.025078,7.583627,4.067464,2.222666,7.954623,8.279137,4.583774,2.776696,11.535166,10.319712,7.035839,3.290183,10.196245,7.705062,5.061556,2.291373,8.586918,7.198281,4.825594,2.353081,7.800475,5.994263,3.938625,1.952607,6.897242,5.47656,2.955109,1.56185,6.962078,7.424074,,3.517781,9.895527,7.46077,9.937722,8.382145
盈利能力,总资产净利率_平均(含少数股东损益),0.47653,0.655291,1.803179,0.93983,0.31754,2.392011,4.669519,1.987434,1.089539,3.713034,4.538993,1.737117,0.527708,-18.009885,-11.120702,-9.598364,-2.905234,-9.738341,-4.180285,-2.719887,-2.817997,-15.198519,-11.412084,-8.255385,-4.880033,1.953672,2.518408,1.478392,0.396374,4.014342,6.695636,4.132319,1.963782,7.440081,7.125611,4.282336,1.95935,7.815124,7.10768,4.033466,1.910382,7.966381,7.305258,4.208641,2.030174,8.850645,8.266128,4.504446,2.438745,8.809335,8.983481,5.004761,3.081297,12.56903,11.32721,7.657245,3.667026,11.342144,8.439621,5.470015,2.483742,9.196796,7.829408,5.174653,2.544191,8.257751,6.273882,4.069974,1.962389,7.187527,5.666931,3.049973,1.599598,7.393452,7.802202,,3.83675,10.115296,7.60114,10.129403,8.385831
成长能力,归母净利润,6780890.47,7751651.84,26173904.4,12382916.67,4214426.49,34130944.17,70451607.46,29335636.14,15307127.61,60039528.22,71746407.21,27916682.04,9174028.5,-277060469.86,-175424457.77,-152712913.83,-47281014.49,-156928433.06,-66825182.95,-42452924.26,-47085212.75,-261861440.9,-202209630.63,-148426732.55,-88500985.0,44627861.62,52604109.95,32278296.71,10641463.19,73042196.67,128578366.72,77792441.22,37180980.67,135995995.61,133669556.13,76800050.48,35533669.92,139589795.19,129664503.51,70666887.47,33563084.42,131138526.6,122893053.68,68473501.86,32222083.32,125512222.03,120645123.18,64156545.02,30888281.53,110063761.53,117133690.33,61580447.51,37460644.64,152054225.81,135366630.62,89833459.32,42232814.59,129175606.2,102242106.05,65186649.19,30356530.57,100285720.61,80809182.94,52258096.8,25678864.46,84441112.36,67030675.47,42219690.74,21165998.13,75651300.03,61043781.14,32993112.21,17351554.23,64319978.45,55760284.27,37838708.15,26811524.12,61942825.76,44241284.82,47554022.43,37646313.82
成长能力,营业总收入,332868145.37,1254781187.0,958346641.37,629791304.59,331971798.59,1402344888.3,1084374327.94,687104013.26,357946698.78,1432347624.15,1090018021.42,667946014.39,319634209.69,718795481.38,564336602.36,327334630.27,213953176.66,947745796.76,726382359.62,479435359.2,205652008.01,783317921.52,515624321.6,312609159.75,180258042.16,1566318940.67,1190960483.3,758267928.88,400797521.39,1777258646.53,1362932112.14,875922217.55,443225697.09,1860556610.96,1383500740.72,863557232.56,436612171.87,1847183555.36,1399498572.04,873529342.3,442243184.66,1853205659.21,1404626793.69,892223590.92,445408692.32,1846023899.6,1394672990.9,872064243.82,441759111.6,1902362622.43,1399581542.76,850149275.03,448846325.61,1943689532.72,1451694083.27,909424833.18,447692535.2,1802313803.25,1338557164.3,802979964.65,383502280.65,1339337523.56,985393092.94,612275718.33,305206523.63,1201763824.05,877317400.87,537756967.29,270642302.55,1112076158.13,769782082.53,469346170.0,232790200.55,916616270.33,676786610.25,428253204.49,217324560.43,800356047.15,478309975.4,557312667.27,444922055.49
成长能力,净利润,7220468.41,9805379.38,27328246.44,14086806.14,4756833.6,36008844.33,71659778.91,30119221.48,16458350.43,56697987.89,71677267.92,26637814.63,8178182.3,-295158038.88,-186138346.72,-160735633.87,-50430610.72,-171384205.97,-76243076.33,-49183357.29,-50998071.22,-284317256.33,-219044926.23,-159588670.27,-96409220.05,39254516.05,50870569.11,29363134.26,7929749.5,82088930.8,138911975.71,84140147.05,40367587.39,150662736.95,145902499.92,84247075.78,39099378.41,150076430.23,137129685.59,74326259.02,35405694.44,142780128.18,131196676.22,72824933.74,35191018.75,138424094.58,131502779.64,71049106.73,33891109.77,121889942.46,127098789.42,67236167.08,41570040.44,165682404.54,148582281.02,97767552.54,47069975.91,143692918.16,111989317.56,70447099.61,32905068.91,107408428.43,87894324.11,56038175.96,27764423.77,89389062.75,70157516.77,43627672.09,21272035.26,78835241.81,63165719.3,34052246.29,17770915.73,68305279.48,58600303.43,39792110.32,29134593.85,63318510.75,45073658.82,48471257.21,37662867.91
成长能力,扣非净利润,4603974.87,-6219590.39,16117385.59,3904435.41,1868171.98,16141328.16,64821318.49,25375922.74,12644370.4,47186199.71,63938775.48,23272943.2,6739458.0,-286130307.76,-176652783.28,-154327402.18,-50095276.78,-187004478.63,-79342677.06,-50538540.4,-49839927.4,-279877962.86,-214495410.72,-156363160.87,-91611436.0,20302309.69,39021703.73,22903827.1,6789062.04,57160961.08,123979773.66,75213341.21,36347956.49,119441389.56,128307517.3,74996053.48,35081801.01,126633679.22,128016968.41,69257935.02,33133709.73,119096588.43,121538950.04,67668400.4,32112317.09,117414161.89,120316202.21,63142033.96,30625587.15,121231991.61,116374935.58,60906339.3,37192770.06,147624209.85,131660064.51,86422324.35,42149530.12,126359770.8,102183780.86,65223485.78,30254110.3,97042481.62,79680812.75,52094406.39,25712149.9,85654264.32,66272962.77,41644825.7,20605157.1,75200981.43,62862949.22,33280659.16,17052670.18,53999450.13,51520000.3,,18941492.73,55265950.17,,43434489.35,33324261.74
成长能力,营业总收入增长率,0.270006,-10.522639,-11.622156,-8.341198,-7.256639,-2.094654,-0.517761,2.868195,11.986354,99.270538,93.150332,104.056018,49.394467,-24.157354,-22.308603,-31.724971,4.036512,20.991205,40.874339,53.365742,14.087563,-49.989883,-56.705169,-58.773258,-55.02516,-11.868824,-12.617769,-13.432047,-9.572589,-4.477045,-1.486708,1.431866,1.514736,0.72397,-1.143111,-1.141588,-1.273284,-0.324956,-0.365094,-2.095242,-0.710697,0.389039,0.713701,2.311681,0.826147,-2.961513,-0.350715,2.577778,-1.578984,-2.126209,-3.589774,-6.517917,0.257719,7.844123,8.452154,13.256229,16.737906,34.567558,35.839917,31.146792,25.653369,11.447648,12.318881,13.857328,12.771182,8.058184,13.969579,14.575765,16.260178,21.324069,13.740737,9.595483,7.116379,14.526062,41.495399,,,43.609879,,25.260741,
成长能力,归属母公司净利润增长率,60.897111,-77.288492,-62.848392,-57.788825,-72.467555,-43.152544,-1.804689,5.082817,66.852845,121.670189,140.898748,118.280498,119.403197,-76.856216,-162.075879,-259.318274,-0.425293,40.071958,66.952522,71.39806,46.796961,-686.766722,-484.39892,-559.834463,-931.661806,-38.90126,-59.0879,-58.507155,-71.379283,-46.290921,-3.808787,1.292174,4.635915,-2.574543,3.088781,8.678977,5.871288,6.444535,5.510034,3.203261,4.161745,4.482674,1.863258,6.728786,4.318148,14.035919,2.997799,4.183304,-17.544714,-27.615453,-13.469302,-31.450432,-11.299673,17.711253,32.398124,37.809598,39.122665,28.807576,26.52288,24.739807,18.216016,18.764092,20.555525,23.776597,21.321301,11.571207,9.807541,27.965165,21.983298,17.61711,9.475376,-12.805923,-35.283223,3.837656,26.036765,,,30.257804,,26.317871,
收益质量,经营活动净现金/销售收入,0.116861,0.077188,0.101073,0.071566,0.053236,0.071601,0.120138,0.076143,0.065918,0.086713,0.138993,0.114721,0.06181,-0.246567,-0.172922,-0.339537,-0.23519,-0.093354,-0.03274,-0.052004,-0.231844,-0.192726,-0.197731,-0.322647,-0.301942,0.043739,0.071087,0.013242,-0.048403,0.045003,0.093428,0.063246,-0.052544,0.120243,0.152644,0.1021,0.11187,0.117336,0.149617,0.085216,-0.03368,0.130255,0.164986,0.129011,0.038111,0.097452,0.140233,0.111875,0.044986,0.108139,0.183889,0.149656,0.08127,0.14027,0.15744,0.129879,0.123415,0.164959,0.199366,0.124278,0.157345,0.138901,0.180095,0.154242,0.167588,0.16368,0.183358,0.150381,0.149612,0.107462,0.17107,0.1231,0.156627,0.128517,0.161548,0.165637,0.185515,0.171898,,0.169682,0.153837
收益质量,经营性现金净流量/营业总收入,0.116861,0.077188,0.101073,0.071566,0.053236,0.071601,0.120138,0.076143,0.065918,0.086713,0.138993,0.114721,0.06181,-0.246567,-0.172922,-0.339537,-0.23519,-0.093354,-0.03274,-0.052004,-0.231844,-0.192726,-0.197731,-0.322647,-0.301942,0.043739,0.071087,0.013242,-0.048403,0.045003,0.093428,0.063246,-0.052544,0.120243,0.152644,0.1021,0.11187,0.117336,0.149617,0.085216,-0.03368,0.130255,0.164986,0.129011,0.038111,0.097452,0.140233,0.111875,0.044986,0.108139,0.183889,0.149656,0.08127,0.14027,0.15744,0.129879,0.123415,0.164959,0.199366,0.124278,0.157345,0.138901,0.180095,0.154242,0.167588,0.16368,0.183358,0.150381,0.149612,0.107462,0.17107,0.1231,0.156627,0.128517,0.161548,0.165637,0.185515,0.171898,,0.169682,0.153837
收益质量,成本费用率,98.869649,99.830274,97.892057,99.07364,99.670212,99.082257,95.298141,97.273388,97.839608,97.604527,95.046117,97.647429,99.425342,143.891618,134.475991,149.241196,127.786703,122.492595,114.654505,113.621645,126.799117,139.289919,145.389806,153.242347,153.046417,97.617304,95.62096,96.65287,97.09146,93.379003,87.637446,88.461752,88.711709,89.09261,87.080336,88.163222,89.558187,89.224335,86.514886,87.233738,86.689179,87.552437,85.043409,86.689048,87.03235,87.659945,84.920466,86.900449,87.147215,87.570539,84.874268,86.607522,85.012536,85.458589,82.962265,82.897193,82.985181,85.745205,85.308882,84.964334,85.369632,85.787868,84.929195,84.739308,85.135639,85.885138,85.294318,85.328147,85.789005,87.088056,85.280874,86.85739,86.527061,86.208449,84.075698,83.952292,77.842183,85.083839,82.836154,83.250784,83.228874
收益质量,期间费用率,14.972626,16.846434,15.68352,15.946086,15.642823,16.552268,15.362958,16.061907,17.221173,15.742587,16.070001,16.622214,16.972895,31.002759,27.174112,31.90189,25.536614,25.097306,22.54902,22.362013,27.064748,30.052848,33.209242,35.923849,36.598247,56.097868,54.537266,54.691205,53.522083,53.407565,49.916271,49.558821,48.309082,50.963533,50.097477,50.69809,50.751513,50.06371,47.53703,46.883576,44.836426,45.784377,43.850675,43.899567,42.508914,44.49478,41.682061,42.670836,41.321559,43.977482,41.18752,43.204356,41.027497,42.386742,39.390404,39.551772,39.528998,41.707894,41.699041,41.596647,40.682716,43.121656,43.29353,42.74161,40.459934,43.432899,43.354927,42.965539,41.308289,41.723244,40.461908,41.117718,40.57966,40.724314,39.132032,40.217391,33.347475,42.539396,41.864731,42.443688,42.950825
收益质量,销售成本率,83.897022,82.983839,82.208536,83.127554,84.027388,82.529988,79.935183,81.21148,80.618434,81.86194,78.976115,81.025215,82.452447,112.888858,107.301878,117.339306,102.250088,97.395289,92.105485,91.259631,99.734369,109.237071,112.180563,117.318497,116.448169,41.519436,41.083693,41.961665,43.569376,39.971437,37.721174,38.90293,40.402627,38.129077,36.982858,37.465131,38.806674,39.160624,38.977856,40.350162,41.852752,41.768059,41.192733,42.789481,44.523436,43.165164,43.238405,44.229613,45.825655,43.593057,43.686747,43.403165,43.985039,43.071846,43.571861,43.34542,43.456183,44.037311,43.60984,43.367686,44.686916,42.666212,41.635664,41.997698,44.675704,42.452239,41.939391,42.362608,44.480715,45.364812,44.818966,45.739671,45.947401,45.484134,44.943665,43.734901,44.494707,42.544442,40.971423,40.807096,40.278048
收益质量,经营活动净现金/归属母公司的净利润,5.736644,12.494634,3.70078,3.639862,4.193447,2.941914,1.849142,1.783441,1.541453,2.068699,2.111685,2.744877,2.153563,,,,,,,,,,,,,1.53514,1.609414,0.311088,-1.823066,1.095034,0.990339,0.712141,-0.62637,1.645051,1.579892,1.148045,1.374589,1.552712,1.614851,1.053385,-0.443788,1.840733,1.885743,1.681044,0.526813,1.433316,1.621113,1.520702,0.643388,1.869105,2.197218,2.066083,0.973767,1.793054,1.688417,1.314827,1.308277,2.301589,2.610116,1.53088,1.987785,1.855065,2.196096,1.807167,1.991874,2.330344,2.399846,1.915426,1.913042,1.579699,2.157255,1.751169,2.101326,1.831493,1.960782,1.874664,1.364166,2.221079,,1.988605,1.818126
收益质量,所得税/利润总额,-0.682221,18.320601,2.31306,2.812075,-2.783696,2.475377,1.874898,5.40788,1.005595,8.079123,1.412651,3.115288,4.145842,,,,,,,,,,,,,44.182332,35.864551,35.620521,58.703932,31.635441,23.749273,23.721226,23.759085,26.403274,23.009119,22.58575,17.163291,23.897136,22.372093,24.211145,21.801995,24.8038,21.190687,21.708379,21.421243,22.254807,20.210358,20.01915,21.405393,21.668905,20.980454,20.851938,20.626623,23.420346,23.607065,21.504084,20.78162,25.129901,22.486251,22.645163,23.007335,25.63876,22.936744,22.919199,22.438511,27.730435,27.09309,27.013906,27.590394,25.356708,25.671022,26.615326,25.590089,33.058273,31.571146,27.906492,23.75602,32.239694,32.10591,32.855078,32.977723
财务风险,流动比率,0.732515,0.726529,0.771001,0.749054,0.741479,0.758023,0.816249,0.705072,0.667134,0.652804,0.738268,0.641826,0.603895,0.576961,0.766984,0.789069,0.966193,1.045768,1.252573,1.295548,1.419978,1.526409,1.630881,1.798568,1.869996,2.182808,2.872675,3.064202,3.172471,2.928441,3.00141,2.995679,3.090188,2.676083,2.457499,2.652726,2.696473,2.531309,2.405698,2.691539,2.877477,2.5091,2.37447,2.449491,2.712176,2.473666,2.316147,1.09091,1.280938,1.149082,1.471044,1.392159,1.620444,1.334539,1.359425,1.221393,1.36233,1.152743,1.076636,0.936254,1.032095,0.75647,1.045111,0.906045,1.360136,1.257388,1.149096,1.059507,1.219081,1.046089,1.12668,1.038632,1.256086,1.321547,0.461358,,0.556637,0.499438,,0.673247,0.472805
财务风险,速动比率,0.557773,0.531674,0.579132,0.554179,0.569561,0.54888,0.629115,0.525933,0.504945,0.49366,0.569871,0.491852,0.474142,0.441904,0.624225,0.651417,0.820612,0.92395,1.104224,1.197122,1.289636,1.40761,1.429609,1.570659,1.658934,1.96309,2.676377,2.871838,2.998455,2.739733,2.767458,2.808075,2.914781,2.537633,2.27396,2.484095,2.545236,2.375419,2.234902,2.507972,2.666985,2.310589,2.155332,2.289061,2.54446,2.273626,2.107787,1.002427,1.085275,0.944398,1.273825,1.158458,1.379291,1.083078,1.113113,0.987522,1.113008,0.852908,0.824853,0.778431,0.896205,0.594274,0.778646,0.77404,1.198738,1.106807,0.994427,0.931923,1.088684,0.880627,0.989102,0.957232,1.170211,1.226092,0.333216,,0.504262,0.42046,,0.584676,0.377815
财务风险,保守速动比率,0.419116,0.396521,0.443155,0.423548,0.435529,0.424025,0.501854,0.414567,0.395975,0.38925,0.468789,0.396823,0.384936,0.342784,0.515359,0.555214,0.717719,0.819145,0.990501,1.07877,1.171923,1.295432,1.322233,1.468942,1.548709,1.845101,2.55684,2.73318,2.861946,2.611924,1.294231,1.370982,2.643948,2.423231,1.255644,1.250945,1.606262,2.27665,1.371018,1.371267,1.485609,2.207927,1.348829,1.322598,2.418748,2.160939,2.005264,0.938285,0.959708,0.843033,1.016798,0.861469,1.031535,0.822049,1.017153,0.878624,1.018586,0.788696,0.782379,0.716342,0.863299,0.557712,0.701942,0.685933,0.820292,1.053795,0.925985,0.879839,1.042562,0.849063,0.957507,0.901241,1.079925,1.168389,0.25849,,0.282554,0.226289,,0.181356,0.214863
财务风险,资产负债率,41.964772,41.239446,41.519003,41.101412,41.826295,41.757761,41.591246,43.54156,44.076305,45.685819,47.971127,47.811748,50.109899,49.187706,44.272495,42.782482,40.533799,40.446691,38.974161,36.514461,36.708681,27.26566,27.395004,25.239295,24.289222,21.187676,21.867006,19.883696,19.268758,20.767798,20.30413,19.857709,19.49301,22.530111,24.408432,21.354034,21.475314,22.254629,23.626508,19.795748,18.596787,21.102053,22.603273,20.120974,18.29972,19.483969,21.150016,42.699542,25.208666,28.15213,30.851189,28.067983,24.40186,29.04865,29.952038,30.098669,27.503335,29.961018,38.067949,37.217264,38.164043,34.522414,32.565633,30.556991,27.343847,27.593296,33.839401,30.542655,28.067376,30.808065,34.535018,37.379567,33.687326,34.32042,58.232051,,58.472151,56.864009,,52.259492,56.925575
财务风险,权益乘数,1.782703,1.775673,1.779035,1.773797,1.781409,1.8318,1.826987,1.849458,1.859294,1.970356,2.017178,2.015221,2.061416,1.86032,1.789658,1.770071,1.739781,1.573093,1.561241,1.531919,1.536154,1.376574,1.379954,1.363104,1.355547,1.33757,1.345523,1.332028,1.326621,1.35758,1.352415,1.349648,1.344898,1.369295,1.385643,1.357448,1.361523,1.359983,1.371165,1.337678,1.330512,1.335781,1.342618,1.320471,1.309762,1.409043,1.43203,1.726577,1.497424,1.549485,1.578133,1.546448,1.512353,1.569692,1.577686,1.578907,1.551503,1.630467,1.737874,1.728652,1.736343,1.592022,1.550886,1.526164,1.492345,1.528776,1.59955,1.561011,1.532543,1.604233,1.649148,1.686874,1.635279,1.939501,2.697616,,2.709591,2.39458,2.297961,2.208187,2.332277
财务风险,权益乘数(含少数股权的净资产),1.723091,1.701821,1.709957,1.697833,1.718989,1.716966,1.712072,1.771214,1.78815,1.841139,1.922009,1.91614,2.004405,1.968027,1.794446,1.747716,1.681627,1.679167,1.63865,1.575161,1.579995,1.374866,1.377315,1.337601,1.320815,1.268837,1.279869,1.248185,1.238677,1.262113,1.25477,1.24778,1.242128,1.290824,1.322898,1.271521,1.273484,1.28625,1.309354,1.246816,1.228452,1.26746,1.292044,1.251893,1.223986,1.241988,1.268231,1.745186,1.337053,1.391829,1.446156,1.390201,1.322783,1.409416,1.427593,1.430587,1.379373,1.427776,1.614672,1.592794,1.617182,1.52724,1.482923,1.440029,1.376345,1.381087,1.511473,1.439732,1.390189,1.445255,1.527534,1.596922,1.508007,1.522543,2.39418,,2.408022,2.318249,,2.094657,2.321563
财务风险,产权比率,75.280258,73.052577,73.82647,72.655905,74.569997,74.327228,73.736188,79.000198,80.803078,86.155664,94.829071,94.221687,103.28614,99.649007,81.899869,77.253311,70.521494,70.36692,66.267978,59.769238,60.424126,39.076009,39.385169,35.322701,33.565378,28.195392,29.447367,26.235968,25.222379,27.92004,27.099725,26.38205,25.72511,30.882201,34.23913,28.765871,29.107106,30.440406,32.835178,26.202638,24.357979,28.524386,30.858028,26.598864,23.8035,25.69914,28.724469,81.757758,36.75756,43.299302,49.176385,42.980432,35.755708,45.357699,47.228234,47.531244,41.962535,47.297435,68.039582,65.921956,68.099397,58.216882,52.336449,47.646473,40.763621,41.231207,55.309145,47.570786,42.146648,48.196224,57.073649,64.63876,54.748906,56.478058,160.618512,,163.020747,150.036556,,110.213555,132.766227
财务风险,现金比率,0.256894,0.231391,0.293162,0.267417,0.289131,0.29516,0.383823,0.302779,0.283589,0.273631,0.368901,0.31423,0.284832,0.263512,0.444397,0.475905,0.615404,0.741454,0.917406,0.990418,1.105819,1.204532,1.23122,1.326551,1.379066,1.685591,2.392019,2.517988,2.62833,2.426236,1.159829,1.219673,2.430708,2.266905,1.12562,1.08244,1.429049,2.105104,1.230764,1.251692,1.275677,2.081842,1.224217,1.137676,2.19405,2.008902,1.876521,0.894492,0.811491,0.728621,0.867222,0.745419,0.844052,0.717963,0.90233,0.711084,0.879092,0.697459,0.669179,0.639539,0.782227,0.463173,0.6162,0.630985,0.705262,0.949227,0.84586,0.792386,0.92572,0.764897,0.870033,0.849352,1.026174,1.122278,0.190329,,0.203962,0.158212,,0.113466,0.158511
营运能力,应收账款周转率,4.550509,18.850497,14.80088,9.90473,5.411486,23.421326,18.56405,12.192764,6.244576,27.257891,20.685588,14.723036,6.133872,17.150194,15.078086,8.627054,4.905259,23.736571,18.27757,11.410599,5.925081,14.60914,9.276934,4.738911,2.487932,22.072398,16.206613,9.68052,4.927661,24.207104,21.597668,13.540671,5.784801,25.877525,20.110783,12.342141,5.976107,30.75785,25.186247,19.758003,7.645129,38.471088,28.038953,16.017694,7.560702,40.495026,31.364986,23.685664,9.877498,48.775752,29.165872,23.250753,10.26134,61.33846,43.266638,23.063656,13.582965,53.623585,29.632864,22.642844,10.099912,38.779688,32.537861,26.19623,9.793397,42.764346,30.970984,20.053387,8.969669,51.007808,31.322513,24.940234,12.897148,44.079376,26.343565,,7.069864,41.481482,,46.028264,42.374872
营运能力,应收账款周转天数,19.778003,19.097639,18.242157,18.173134,16.63129,15.370606,14.544239,14.762853,14.412507,13.207184,13.052565,12.225738,14.672622,20.991015,17.906781,20.864594,18.347652,15.16647,14.772203,15.774806,15.189663,24.642106,29.104442,37.983408,36.174608,16.309963,16.659865,18.594041,18.264241,14.871667,12.501349,13.293284,15.55801,13.911685,13.425632,14.584178,15.059971,11.704329,10.720135,9.110232,11.7722,9.357676,9.62946,11.237572,11.903655,8.88998,8.608325,7.599533,9.111618,7.380716,9.257394,7.741684,8.770783,5.869074,6.240373,7.804486,6.625946,6.713463,9.111505,7.949531,8.910968,9.28321,8.298025,6.871217,9.189865,8.418227,8.717837,8.976039,10.033814,7.057742,8.619997,7.217253,6.978286,8.167084,10.249182,,12.730089,8.678571,,7.821281,8.4956
营运能力,存货周转率,3.382421,11.343054,8.461418,5.780026,3.26407,12.88972,10.0383,6.680042,3.57476,14.708056,9.646662,6.77802,3.433888,11.797183,9.076005,6.134201,3.372624,16.12967,10.172467,8.615869,3.746882,11.818018,6.064457,3.734005,2.220201,7.738095,6.048832,4.261608,2.463541,10.15147,6.465483,5.037833,2.743904,10.995618,6.493829,4.852829,2.632382,10.289073,7.168683,5.123165,2.588283,11.138438,7.492134,6.435477,3.422466,11.393347,7.981489,5.548307,2.937832,10.234141,7.368565,4.563685,2.579074,9.459034,7.217073,4.866697,2.447416,10.017566,6.460107,5.266038,2.659836,10.34963,5.888527,6.115894,3.080178,10.732099,6.67057,4.959064,2.669345,11.536048,8.059083,6.36781,3.262367,13.139009,7.730673,,3.507575,14.567091,,12.77888,10.125384
营运能力,存货周转天数,26.608156,31.737484,31.909543,31.141724,27.572931,27.929232,26.896983,26.945936,25.176514,24.47638,27.988954,26.556427,26.209354,30.515757,29.748771,29.34367,26.685445,22.319117,26.542233,20.891682,24.019965,30.46196,44.521708,48.205606,40.536861,46.523072,44.636713,42.237577,36.532771,35.462842,41.76022,35.729647,32.799969,32.740314,41.577928,37.091766,34.189554,34.988571,37.663817,35.134524,34.772083,32.320507,36.037793,27.96995,26.29682,31.597385,33.828271,32.442323,30.634828,35.176375,36.642138,39.44181,34.896238,38.058851,37.411284,36.986069,36.773476,35.93687,41.794967,34.181292,33.836672,34.783849,45.851873,29.431509,29.219086,33.544228,40.476299,36.297169,33.716133,31.206525,33.502567,28.267171,27.587329,27.399326,34.925807,,25.658748,24.713238,,28.171482,35.554206
营运能力,总资产周转率,0.219683,0.838567,0.632338,0.420178,0.221606,0.931556,0.706603,0.453389,0.236959,0.938014,0.690258,0.435584,0.206248,0.437834,0.337726,0.195693,0.123271,0.538525,0.398263,0.265132,0.113637,0.418731,0.268636,0.16171,0.091242,0.779547,0.589599,0.381777,0.200341,0.869121,0.656941,0.430185,0.215618,0.918786,0.675676,0.438952,0.218795,0.961907,0.725385,0.474038,0.23862,1.033991,0.78212,0.515626,0.256956,1.180322,0.876677,0.55288,0.317882,1.374891,0.989239,0.632813,0.332698,1.474525,1.106702,0.712269,0.348778,1.422624,1.008749,0.62349,0.289475,1.146801,0.877763,0.565385,0.279675,1.110567,0.784546,0.501667,0.249673,1.013896,0.690612,0.420381,0.209539,0.992157,0.901091,,0.258676,1.278589,0.806613,1.164658,0.990641
营运能力,总资产周转天数,409.680215,429.303706,426.986409,428.389312,406.124872,386.450192,382.1095,397.009467,379.810945,383.789204,391.157786,413.238225,436.367424,822.228344,799.462747,919.80621,730.096968,668.492323,677.9427,678.90607,791.995551,859.738513,1005.075232,1113.103432,986.378595,461.806544,457.938164,471.479157,449.232363,414.211406,410.995789,418.423712,417.404463,391.821042,399.599496,410.067607,411.34325,374.256211,372.215893,379.715909,377.16732,348.165345,345.215329,349.089658,350.253284,305.001459,307.981151,325.567605,283.123796,261.838755,272.936918,284.444088,270.515171,244.146344,243.9679,252.713173,258.043287,253.05347,267.658155,288.697043,310.907195,313.916561,307.599846,318.367116,321.801134,324.15874,344.147657,358.803576,360.471274,355.065821,390.957432,428.182497,429.513391,362.845669,299.636455,,347.925369,281.560243,,309.103543,363.400768
营运能力,流动资产周转率,1.020864,3.720985,2.699375,1.866031,0.99049,4.063263,2.96339,2.047216,1.079525,4.294143,2.817188,1.956375,0.933251,1.693187,1.238157,0.734984,0.437063,1.563707,1.077825,0.72645,0.316885,0.981888,0.602254,0.360143,0.20333,1.49137,0.97791,0.646176,0.337465,1.474069,1.113206,0.738758,0.368274,1.625312,1.203818,0.810439,0.398763,1.833018,1.374727,0.935744,0.470857,2.131276,1.584958,1.098725,0.547086,3.023011,2.204252,1.443127,1.061921,4.307871,2.662949,1.874832,0.990615,4.814428,3.556704,2.520299,1.239189,5.419643,3.349588,2.300597,0.984904,3.991347,2.685199,1.912156,0.821166,3.500136,2.305475,1.634026,0.792197,2.734746,1.716563,1.045457,0.499519,2.77093,3.740132,,0.981778,5.025858,,4.973422,5.050579
营运能力,流动资产周转天数,88.160609,96.748561,100.023148,96.461375,90.864036,88.598729,91.111865,87.924274,83.369992,83.83512,95.840241,92.006865,96.43702,212.616707,218.065906,244.902957,205.919912,230.222023,250.504466,247.780168,284.014232,366.640446,448.31574,499.800732,442.629069,241.388748,276.098869,278.561764,266.693782,244.221835,242.542538,243.651859,244.383179,221.495871,224.286336,222.10174,225.697886,196.397312,196.402512,192.360137,191.140734,168.912844,170.351444,163.826247,164.507724,119.086531,122.490504,124.729084,84.751997,83.567959,101.391327,96.008559,90.852581,74.775226,75.912962,71.420077,72.628094,66.42503,80.606923,78.240527,91.379458,90.195101,100.551172,94.134534,109.600137,102.853136,117.11248,110.15736,113.607975,131.639243,157.290982,172.173462,180.172975,129.920247,72.189947,,91.670356,71.629557,,72.384767,71.278954
营运能力,应付账款周转率,2.118767,7.420089,5.090178,3.493861,1.780933,7.450997,5.173109,3.464969,1.790828,7.230138,4.799483,3.405434,1.618561,5.461263,3.947693,2.734929,1.538302,6.230985,3.920799,2.707657,1.340584,6.139384,3.935649,2.73866,1.639306,6.686897,4.489911,3.27441,,8.261031,,4.090629,2.155024,8.128625,5.275716,4.03022,1.987296,8.515132,5.485952,4.381554,2.441063,8.70367,5.401611,4.157078,2.11374,7.888939,5.625337,3.877163,2.210893,9.128223,6.224927,4.694217,2.926404,10.483904,6.99632,4.651208,2.443341,11.720174,6.192511,7.621749,3.08403,12.908335,7.097565,8.597791,3.579555,12.704062,7.071028,6.606827,3.063447,15.179245,9.145817,8.181101,3.54982,18.31598,8.966996,,2.985768,16.494395,,10.086459,7.951597
