选项,指标,20250930,20250630,20250331,20241231,20240930,20240630,20240331,20231231,20230930,20230630,20230331,20221231,20220930,20220630,20220331,20211231,20210930,20210630,20210331,20201231,20200930,20200630,20200331,20191231,20190630,20181231,20180630,20171231,20170630,20161231,20160630,20151231,20150630,20141231,20131231
常用指标,归母净利润,9903316.14,6169727.65,2856548.12,25199661.98,18313183.55,13697595.81,4659965.54,30519867.0,23966900.67,20089280.18,4089836.34,29745862.48,25922709.83,14728050.74,3924683.57,36917591.44,33711226.75,26193014.64,7081665.4,35066042.12,18211796.45,4189379.78,-3023900.0,72253788.98,35455018.09,60206921.26,30272251.74,59403620.2,30480415.86,35649513.09,18922224.26,32935254.83,18858234.01,18960648.31,8340477.31
常用指标,营业总收入,505919166.92,326414311.23,162191937.58,675849372.65,503016707.35,330507304.99,160119133.47,533978862.98,381523384.08,220712555.85,95720135.25,341937569.43,247511077.4,140469033.54,61505943.43,277510567.12,211927432.33,146449681.92,63883624.72,256033890.55,168004846.59,88865132.87,,381636174.39,186426939.74,341156363.8,167179328.11,321924145.22,155326089.49,312568702.88,149818368.38,273989838.71,126078623.39,227022347.38,185983226.79
常用指标,营业成本,496352419.37,323965248.2,160707984.4,635928864.29,478268370.74,312070274.27,154590696.37,478871266.11,332095155.08,190453971.23,89683142.14,303827300.44,217655349.47,125787131.04,58627143.94,241749682.42,173496532.73,115837487.58,57972024.7,219415986.76,152684588.3,90078836.59,,297803433.44,149753432.73,271659603.38,131829987.95,247101937.67,120599853.86,263962123.03,125335513.76,248117543.39,116805744.87,201880524.17,174014765.82
常用指标,净利润,10909560.31,7752413.85,4249976.93,32103901.81,23181446.72,17125398.79,6215768.82,42313701.28,33298500.7,25667870.41,5829383.18,32731511.63,28329361.74,14921825.73,3503163.26,34116389.63,32142101.93,25385123.11,5866467.53,33170417.78,15619802.46,2022455.88,-3728600.0,73386242.96,35257094.12,56078473.55,28958360.26,58507900.9,30649776.55,36160134.65,19213887.74,33393997.3,19102044.0,19140135.51,8614136.72
常用指标,扣非净利润,7191742.09,2917355.13,1864340.02,21703454.0,16795751.59,13744287.06,4670373.03,27593515.11,22057180.9,18459718.35,3063583.17,25476135.79,21742095.96,12193030.37,2871662.6,31166098.22,30775020.62,23452800.0,5556300.0,30357500.0,13801500.0,-600053.79,,64563500.0,29829400.0,55326600.0,29675854.59,52623400.0,25711545.7,33375300.0,17504358.63,27223301.08,15480029.75,13886662.92,5933373.95
常用指标,股东权益合计(净资产),949245986.35,948388007.54,977823227.52,972573250.59,963650795.5,963812747.57,982070774.5,975855005.68,966835726.1,959609174.81,965697493.78,959868110.6,457756933.37,444749397.34,473600734.89,468633987.27,477583999.79,282473584.25,262954900.0,285100064.19,267549448.87,253952102.29,,252329646.41,234194552.57,203968246.04,176848132.75,164890472.49,116214989.65,85565213.1,82717194.23,63503306.49,48874719.89,38798778.17,19787920.23
常用指标,商誉,108766759.3,108766759.3,108766759.3,108766759.3,108766759.3,108766759.3,108766759.3,108766759.3,108766759.3,108766759.3,108766759.3,108766759.3,108854134.49,108854134.49,108854134.49,31855232.43,31855232.43,31855232.43,,31855232.43,31855232.43,31855232.43,,31855232.43,31855232.43,14396530.35,14396530.35,14396530.35,14396530.35,14396530.35,14396530.35,14396530.35,14396530.35,14396530.35,14396530.35
常用指标,经营现金流量净额,190614891.41,117534834.05,63070790.66,261418596.53,174801519.6,113554084.7,50933191.1,244852479.67,145001948.89,45870895.31,19535045.03,120094802.1,70063131.35,25451793.85,12050695.82,134505702.35,90292778.92,75360669.38,28963765.3,49324697.62,10538066.84,5150170.53,-7870100.0,138956030.07,27164582.71,74718569.48,25164563.06,105383607.51,71828783.44,78342031.37,45850069.77,72890132.21,13634640.81,53627233.34,43465976.81
常用指标,基本每股收益,0.05,0.03,0.01,0.13,0.09,0.07,0.02,0.16,0.12,0.1,0.02,0.18,0.21,0.08,0.03,0.38,0.56,0.29,0.12,0.58,0.3,0.07,,1.2,0.59,1.0,0.5,1.46,1.02,0.91,1.26,2.2,1.26,1.26,0.56
常用指标,每股净资产,4.90975,4.890549,5.023511,5.00882,4.973405,4.949669,5.053191,5.029226,4.995506,4.975585,7.539958,7.508409,3.905739,3.813076,6.085477,6.036748,6.095176,4.87764,4.561253,4.896463,4.617442,4.385302,,4.315948,4.037747,3.450792,2.955226,4.091107,3.834944,5.63786,5.426094,4.164612,3.203702,2.548227,1.292802
常用指标,每股现金流,0.980271,0.604444,0.324353,1.344392,0.898948,0.583972,0.261933,1.259198,0.745698,0.235899,0.150693,0.926414,0.579944,0.210676,0.149623,1.670048,1.121092,1.247589,0.479493,0.816566,0.174456,0.08526,,2.300406,0.449707,1.23696,0.416597,2.616925,2.394292,5.222802,3.056671,4.859342,0.908976,3.575148,2.897731
常用指标,净资产收益率(ROE),1.01,0.63,0.29,2.51,1.87,1.39,0.48,3.04,2.46,2.04,0.42,5.67,5.39,3.03,0.8,11.32,11.82,9.57,2.68,12.6,6.75,1.59,,30.58,15.68,32.51,16.83,51.82,30.54,53.41,26.31,66.62,39.57,65.67,30.11
常用指标,总资产报酬率(ROA),2.221258,1.518413,0.729661,3.926435,2.849605,1.897701,0.775911,4.664309,3.564862,2.533404,0.837306,4.387021,3.756307,2.067072,0.689119,7.104025,6.972664,6.206939,,9.292606,4.511301,0.970271,,22.818836,10.949186,19.881312,10.771646,22.663218,13.390925,20.076378,10.838745,19.194255,10.126852,15.283682,9.706182
常用指标,毛利率,28.83898,28.159165,27.992082,32.6556,30.832397,31.177701,30.124824,39.737542,41.46226,42.743584,33.056243,35.995777,36.098063,35.488631,28.845724,33.271124,35.263975,37.405149,27.51426,25.136672,21.177,13.149426,,34.859685,32.139655,34.94026,36.879392,37.86594,38.428726,36.077445,38.358588,39.354107,35.073939,37.099108,33.111879
常用指标,销售净利率,2.156384,2.375022,2.620337,4.750156,4.608484,5.181549,3.881965,7.924227,8.727774,11.629546,6.090028,9.572364,11.445694,10.622857,5.695649,12.293726,15.16656,17.333682,9.183108,12.955479,9.297233,2.275871,-9.916623,19.229372,18.912016,16.437762,17.321735,18.174436,19.732536,11.568699,12.824787,12.188042,15.150898,8.430947,4.631673
常用指标,期间费用率,26.768748,27.227029,26.884628,26.550042,25.717534,25.404704,26.447615,29.220544,28.31106,28.829038,26.513525,24.520406,23.754757,24.71748,23.94766,20.190979,16.852102,16.180161,,10.496882,11.72193,14.205824,,12.541485,12.124921,14.112791,15.192429,14.149811,15.084098,18.313767,17.914611,24.04318,21.253323,20.485016,20.934521
常用指标,资产负债率,61.11233,61.179718,61.498461,61.819997,60.798149,60.5788,59.557991,59.75515,60.184476,59.923183,55.327033,52.533901,66.62122,67.832868,66.758531,65.861834,61.910422,73.598188,75.889375,36.876101,38.246135,40.943933,,44.656613,46.972392,47.347915,48.453996,57.116544,62.946978,76.156355,75.12892,79.988425,85.105783,87.522663,91.463387
每股指标,基本每股收益,0.05,0.03,0.01,0.13,0.09,0.07,0.02,0.16,0.12,0.1,0.02,0.18,0.21,0.08,0.03,0.38,0.56,0.29,0.12,0.58,0.3,0.07,,1.2,0.59,1.0,0.5,1.46,1.02,0.91,1.26,2.2,1.26,1.26,0.56
每股指标,稀释每股收益,0.05,0.03,0.01,0.13,0.09,0.07,0.02,0.16,0.12,0.1,0.02,0.18,0.21,0.08,0.03,0.38,0.56,0.29,0.12,0.58,0.3,0.07,,1.2,0.59,1.0,0.5,1.46,1.02,0.91,1.26,2.2,1.26,1.26,0.56
每股指标,摊薄每股收益_最新股数,0.050929,0.031728,0.01469,0.129593,0.094178,0.070442,0.023964,0.156953,0.123254,0.103312,0.021032,0.152973,0.133312,0.075741,0.020183,0.189855,0.173366,0.134702,0.036418,0.180333,0.093657,0.021544,-0.017744,0.371578,0.182333,0.309625,0.15568,0.305493,0.156751,0.183334,0.09731,0.169375,0.096981,0.097508,0.042892
每股指标,摊薄每股净资产_期末股数,4.90975,4.890549,5.023511,5.00882,4.973405,4.949669,5.053191,5.029226,4.995506,4.975585,7.539958,7.508409,3.905739,3.813076,6.085477,6.036748,6.095176,4.87764,4.561253,4.896463,4.617442,4.385302,,4.315948,4.037747,3.450792,2.955226,4.091107,3.834944,5.63786,5.426094,4.164612,3.203702,2.548227,1.292802
每股指标,调整每股净资产_期末股数,2.100031,2.003378,2.066031,2.13639,2.041634,2.115341,2.136239,2.651271,2.677601,3.073931,4.853237,4.774602,0.895999,0.82623,1.514552,3.704133,3.71182,1.579983,4.561253,1.456603,0.98878,0.612315,,0.829602,0.016943,0.220725,0.230565,-0.29515,-0.78538,-4.930572,-5.727418,-4.932747,-4.932018,-4.185982,-6.019721
每股指标,每股净资产_最新股数,4.90975,4.890549,5.023511,5.00882,4.973405,4.949669,5.053191,5.029226,4.995506,4.975585,5.026638,5.005606,2.426587,2.369016,2.520554,2.50037,2.524571,1.515208,1.416924,1.521055,1.434379,1.362266,,1.340722,1.2543,1.071967,0.918022,0.847251,0.591657,0.434905,0.41857,0.321259,0.247134,0.19657,0.099727
每股指标,每股经营现金流,0.980271,0.604444,0.324353,1.344392,0.898948,0.583972,0.261933,1.259198,0.745698,0.235899,0.150693,0.926414,0.579944,0.210676,0.149623,1.670048,1.121092,1.247589,0.479493,0.816566,0.174456,0.08526,,2.300406,0.449707,1.23696,0.416597,2.616925,2.394292,5.222802,3.056671,4.859342,0.908976,3.575148,2.897731
每股指标,每股现金流量净额,-0.502655,-0.582955,-0.230226,-0.461294,-1.097042,-0.719913,-0.173887,-0.982509,-0.830637,-0.696067,-0.512202,3.515517,-0.893298,-0.883513,-1.528968,1.449627,2.260245,-1.096259,,0.187297,-0.998883,-1.135608,,0.902347,0.008854,-0.479541,-0.579286,-0.703691,-1.268607,1.440178,-0.291539,3.932125,3.681425,0.185943,0.382858
每股指标,每股企业自由现金流量,,0.320618,,0.568871,,0.176483,,0.933297,,0.397253,,-2.565351,,1.010083,,-0.703884,,2.199218,,0.103334,0.149603,0.120378,,0.432525,,1.020018,0.849734,0.359657,-0.040327,,0.652992,2.383215,1.980425,-11.538759,5.407626
每股指标,每股股东自由现金流量,,0.320618,,0.568871,,0.176483,,0.933297,,0.397253,,-2.565351,,1.010083,,-0.703884,,2.199218,,0.103334,0.149603,0.120378,,0.184201,,0.080174,0.406538,-2.092788,-2.632327,,0.652992,0.716548,1.913758,1.46124,7.407626
每股指标,每股未分配利润,0.752096,0.732896,0.876527,0.861837,0.870964,0.847227,0.95075,0.926785,0.900002,0.880082,1.396703,1.365154,1.469399,1.376736,2.430967,2.382238,2.462329,3.158643,,3.177465,2.988431,2.756291,,2.686937,2.525565,1.93861,1.533923,1.959153,2.613384,4.194741,4.238244,2.976763,2.068838,1.412537,0.217964
每股指标,每股资本公积金,2.936817,2.936817,2.936817,2.936817,2.936817,2.936817,2.936817,2.936817,2.936817,2.936817,4.905226,4.905226,1.217105,1.217105,2.325658,2.325658,2.325658,0.309413,,0.309413,0.309413,0.309413,,0.309413,0.309413,0.309413,0.309413,0.964119,0.093924,0.187849,0.187849,0.187849,,,
每股指标,每股盈余公积金,0.220835,0.220835,0.210165,0.210165,0.165623,0.165623,0.165623,0.165623,0.158685,0.158685,0.238028,0.238028,0.219234,0.219234,0.328851,0.328851,0.307188,0.409584,,0.409584,0.319597,0.319597,,0.319597,0.202768,0.202768,0.111889,0.167834,0.127635,0.25527,,0.0,0.157306,0.156392,0.102787
每股指标,每股留存收益,0.972932,0.953731,1.086693,1.072003,1.036588,1.012851,1.116373,1.092409,1.058688,1.038767,1.634731,1.603182,1.688634,1.59597,2.759819,2.711089,2.769518,3.568227,,3.58705,3.308029,3.075889,,3.006534,2.728334,2.141379,1.645813,2.126987,2.741019,4.450011,4.238244,2.976763,2.226144,1.568929,0.320752
每股指标,每股营业收入,2.601781,1.678645,0.834101,3.475678,2.586855,1.699694,0.823441,2.746083,1.962053,1.135054,0.738387,2.637714,2.048763,1.162726,0.763669,3.445624,2.631331,2.424462,1.057587,4.23862,2.781306,1.471155,0.576013,6.317956,3.086283,5.647816,2.76764,7.994143,5.177536,20.837913,9.987891,18.265989,8.405241,15.134823,12.398881
每股指标,每股营业总收入,2.601781,1.678645,0.834101,3.475678,2.586855,1.699694,0.823441,2.746083,1.962053,1.135054,0.738387,2.637714,2.048763,1.162726,0.763669,3.445624,2.631331,2.424462,1.057587,4.23862,2.781306,1.471155,0.576013,6.317956,3.086283,5.647816,2.76764,7.994143,5.177536,20.837913,9.987891,18.265989,8.405241,15.134823,12.398881
每股指标,每股息税前利润,0.284914,0.194841,0.095443,0.501996,0.35779,0.237623,0.096826,0.533353,0.407954,0.287711,0.135119,0.574456,0.426616,0.235724,0.119679,0.804609,0.738257,0.781739,,0.698107,0.33204,0.071154,,1.592886,0.751366,1.270286,0.648738,2.091769,1.50091,4.525165,2.348094,4.019833,2.157356,2.765096,1.499932
盈利能力,净资产收益率(ROE),1.01,0.63,0.29,2.51,1.87,1.39,0.48,3.04,2.46,2.04,0.42,5.67,5.39,3.03,0.8,11.32,11.82,9.57,2.68,12.6,6.75,1.59,,30.58,15.68,32.51,16.83,51.82,30.54,53.41,26.31,66.62,39.57,65.67,30.11
盈利能力,摊薄净资产收益率,1.037315,0.64878,0.292431,2.587312,1.893649,1.423173,0.474249,3.120837,2.4673,2.076394,0.418425,3.056043,5.493817,3.197178,0.800752,7.593091,6.867151,8.890021,2.57028,11.855812,6.529476,1.581529,,27.714785,14.536695,28.883824,16.958252,36.057068,26.493575,42.154893,23.248427,52.722396,39.242582,49.604811,43.00981
盈利能力,净资产收益率_平均,1.026954,0.641029,0.292859,2.582053,1.883082,1.411827,0.475376,3.128183,2.464809,2.070149,0.419302,4.076045,5.411544,3.110932,0.803971,9.442194,8.570544,8.8729,2.479181,12.6029,6.749841,1.594135,,30.802001,15.676087,32.265749,17.638122,47.653121,30.539013,48.490499,26.306331,65.41743,43.714569,65.817941,43.00981
盈利能力,净资产收益率_平均_扣除非经常损益,0.745769,0.30311,0.191136,2.223818,1.727049,1.416639,0.476438,2.828242,2.268409,1.902227,0.314087,3.490969,4.538812,2.575473,0.58826,7.971168,7.82406,7.944651,1.945165,10.910628,5.115252,-0.228331,,27.523608,13.188775,29.650315,17.290632,42.214082,25.760975,45.397112,24.335165,54.0721,35.883679,48.204658,30.596964
盈利能力,摊薄净资产收益率_扣除非经常损益,0.753293,0.306775,0.190856,2.228348,1.736741,1.428024,0.475308,2.8216,2.270702,1.907965,0.31343,2.617378,4.607816,2.646873,0.585904,6.410143,6.269031,,,10.26384,4.948237,-0.226525,,24.764976,12.230166,26.542536,16.624156,31.941594,22.348473,39.465663,21.506394,43.578763,32.212791,36.33026,30.596964
盈利能力,息税前利润率,10.950737,11.607074,11.442666,14.443123,13.831092,13.980395,11.758765,19.422347,20.792228,25.347769,18.299307,21.77858,20.823108,20.273383,15.671677,23.351622,28.056421,32.243813,,16.470164,11.938304,4.83663,,25.212046,24.345357,22.491633,23.440129,26.166274,28.988886,21.71602,23.509407,22.007201,25.666793,18.269764,12.097322
盈利能力,总资产报酬率,2.221258,1.518413,0.729661,3.926435,2.849605,1.897701,0.775911,4.664309,3.564862,2.533404,0.837306,4.387021,3.756307,2.067072,0.689119,7.104025,6.972664,6.206939,,9.292606,4.511301,0.970271,,22.818836,10.949186,19.881312,10.771646,22.663218,13.390925,20.076378,10.838745,19.194255,10.126852,15.283682,9.706182
盈利能力,总资本回报率,2.380181,1.624891,0.780551,4.252489,3.092062,2.065425,0.846245,5.072659,3.875079,2.712995,0.902043,4.709961,4.097215,2.249898,0.748502,8.164061,8.140714,7.343293,,15.15581,7.433703,1.635496,,39.747308,18.436779,33.509873,17.11114,34.44603,19.517372,26.256329,12.952366,22.940211,12.091019,26.535125,45.55186
盈利能力,投入资本回报率,2.192746,1.493353,0.732486,3.46201,2.624222,1.80304,0.786224,4.007147,3.008734,2.108122,0.750407,3.901968,3.339003,2.010724,0.718504,7.186242,7.132286,6.269679,2.479181,12.794834,6.902975,1.704561,,30.589616,14.777183,27.22924,13.818731,27.117741,15.37482,20.526497,10.489453,20.387186,10.922808,22.141285,36.582207
盈利能力,息前税后总资产报酬率_平均,0.437403,1.458924,0.739514,3.474282,2.617847,1.797404,0.784994,4.214988,3.187222,2.221188,0.779706,3.810315,3.236583,1.861398,0.631365,5.946088,5.92492,5.193271,0.760761,7.427272,3.606214,0.522071,,17.829996,8.728086,15.085342,8.337879,17.600697,10.599076,15.846205,8.867494,17.204148,9.224713,12.819061,7.912988
盈利能力,毛利率,28.83898,28.159165,27.992082,32.6556,30.832397,31.177701,30.124824,39.737542,41.46226,42.743584,33.056243,35.995777,36.098063,35.488631,28.845724,33.271124,35.263975,37.405149,27.51426,25.136672,21.177,13.149426,,34.859685,32.139655,34.94026,36.879392,37.86594,38.428726,36.077445,38.358588,39.354107,35.073939,37.099108,33.111879
盈利能力,销售净利率,2.156384,2.375022,2.620337,4.750156,4.608484,5.181549,3.881965,7.924227,8.727774,11.629546,6.090028,9.572364,11.445694,10.622857,5.695649,12.293726,15.16656,17.333682,9.183108,12.955479,9.297233,2.275871,-9.916623,19.229372,18.912016,16.437762,17.321735,18.174436,19.732536,11.568699,12.824787,12.188042,15.150898,8.430947,4.631673
盈利能力,成本费用利润率,2.87945,2.856394,2.493443,6.830403,6.042427,6.283163,3.887252,10.946457,12.585526,17.138083,7.863343,14.047298,16.344199,14.165894,7.37006,18.522788,23.756455,28.688646,16.35969,19.050545,12.91334,4.462922,,31.84972,29.818741,27.614907,28.881325,31.48696,33.626314,19.631656,21.494867,17.085795,20.233835,13.643911,7.818741
盈利能力,营业利润率,2.006201,1.679902,1.8893,5.933871,5.36306,5.761803,3.778048,9.697229,10.637039,14.327346,6.418874,12.268687,13.804261,12.231303,6.939167,14.798793,18.607161,21.453005,9.935726,15.171892,9.929646,10.935703,,24.227416,23.582651,20.292448,22.421317,23.439611,24.933098,15.559041,16.569261,13.429932,16.342062,11.074602,6.435236
盈利能力,总资产净利率_平均,0.397059,0.247265,0.112306,1.013636,0.750083,0.562563,0.192039,1.3726,1.077041,0.909708,0.195502,1.752346,1.889301,1.06904,0.280586,4.047075,3.953246,3.442929,0.918347,7.727319,4.096285,0.945733,,17.135489,8.55332,15.599727,8.321166,15.982291,9.064743,10.54419,5.822968,10.484144,5.9015,6.986821,3.598125
盈利能力,总资产净利率_平均(含少数股东损益),0.437403,0.310695,0.16709,1.291353,0.949481,0.703344,0.256154,1.903016,1.496391,1.162324,0.278656,1.928232,2.064703,1.083105,0.25045,3.739994,3.769238,3.336736,0.760761,7.309591,3.513281,0.45656,,17.404058,8.505572,14.530038,7.960007,15.741302,9.115111,10.695218,5.912722,10.630174,5.977798,7.05296,3.716183
成长能力,归母净利润,9903316.14,6169727.65,2856548.12,25199661.98,18313183.55,13697595.81,4659965.54,30519867.0,23966900.67,20089280.18,4089836.34,29745862.48,25922709.83,14728050.74,3924683.57,36917591.44,33711226.75,26193014.64,7081665.4,35066042.12,18211796.45,4189379.78,-3023900.0,72253788.98,35455018.09,60206921.26,30272251.74,59403620.2,30480415.86,35649513.09,18922224.26,32935254.83,18858234.01,18960648.31,8340477.31
成长能力,营业总收入,505919166.92,326414311.23,162191937.58,675849372.65,503016707.35,330507304.99,160119133.47,533978862.98,381523384.08,220712555.85,95720135.25,341937569.43,247511077.4,140469033.54,61505943.43,277510567.12,211927432.33,146449681.92,63883624.72,256033890.55,168004846.59,88865132.87,,381636174.39,186426939.74,341156363.8,167179328.11,321924145.22,155326089.49,312568702.88,149818368.38,273989838.71,126078623.39,227022347.38,185983226.79
成长能力,净利润,10909560.31,7752413.85,4249976.93,32103901.81,23181446.72,17125398.79,6215768.82,42313701.28,33298500.7,25667870.41,5829383.18,32731511.63,28329361.74,14921825.73,3503163.26,34116389.63,32142101.93,25385123.11,5866467.53,33170417.78,15619802.46,2022455.88,-3728600.0,73386242.96,35257094.12,56078473.55,28958360.26,58507900.9,30649776.55,36160134.65,19213887.74,33393997.3,19102044.0,19140135.51,8614136.72
成长能力,扣非净利润,7191742.09,2917355.13,1864340.02,21703454.0,16795751.59,13744287.06,4670373.03,27593515.11,22057180.9,18459718.35,3063583.17,25476135.79,21742095.96,12193030.37,2871662.6,31166098.22,30775020.62,23452800.0,5556300.0,30357500.0,13801500.0,-600053.79,,64563500.0,29829400.0,55326600.0,29675854.59,52623400.0,25711545.7,33375300.0,17504358.63,27223301.08,15480029.75,13886662.92,5933373.95
成长能力,营业总收入增长率,0.57701,-1.238397,1.294538,26.568562,31.844266,49.745583,67.278423,56.162677,54.143963,57.125417,55.627456,23.216053,16.790485,-4.083756,-3.721894,8.388216,26.143642,64.799935,82.271994,-32.911524,,-52.332461,,11.865471,11.513152,5.974146,7.631196,2.993083,3.676265,14.080399,18.829318,20.688488,,22.066033,
成长能力,归属母公司净利润增长率,-45.922476,-54.957587,-38.70023,-17.43194,-23.589688,-31.816393,13.940147,2.602057,-7.544771,36.401486,4.208053,-19.426318,-23.103629,-43.771074,-44.579652,5.280177,85.106542,525.224162,334.190945,-51.46823,,-88.183958,,20.009107,17.120518,1.352276,-0.682943,66.632346,61.082626,8.241194,0.339322,73.70321,,127.332892,
收益质量,经营活动净现金/销售收入,0.376769,0.360078,0.388865,0.3868,0.347506,0.343575,0.318095,0.458543,0.38006,0.20783,0.204085,0.351218,0.28307,0.181191,0.195927,0.484686,0.426055,0.514584,0.453383,0.192649,0.062724,0.057954,,0.364106,0.145711,0.219015,0.150524,0.327355,0.462438,0.250639,0.306037,0.266032,0.108143,0.23622,0.233709
收益质量,经营性现金净流量/营业总收入,0.376769,0.360078,0.388865,0.3868,0.347506,0.343575,0.318095,0.458543,0.38006,0.20783,0.204085,0.351218,0.28307,0.181191,0.195927,0.484686,0.426055,0.514584,0.453383,0.192649,0.062724,0.057954,,0.364106,0.145711,0.219015,0.150524,0.327355,0.462438,0.250639,0.306037,0.266032,0.108143,0.23622,0.233709
收益质量,成本费用率,97.929768,99.067863,98.892545,93.894442,94.885136,94.227002,96.322791,89.483002,86.8488,86.085453,93.457282,88.524628,87.656693,89.228849,95.101936,86.919854,81.588127,78.775011,72.485739,85.360209,90.544929,101.056397,,77.6818,79.985266,79.172531,78.313036,76.28387,76.655371,82.236321,79.556023,84.689072,86.179384,83.385907,87.822641
收益质量,期间费用率,26.768748,27.227029,26.884628,26.550042,25.717534,25.404704,26.447615,29.220544,28.31106,28.829038,26.513525,24.520406,23.754757,24.71748,23.94766,20.190979,16.852102,16.180161,,10.496882,11.72193,14.205824,,12.541485,12.124921,14.112791,15.192429,14.149811,15.084098,18.313767,17.914611,24.04318,21.253323,20.485016,20.934521
收益质量,销售成本率,71.161019,71.840834,72.007917,67.344399,69.167602,68.822298,69.875175,60.262457,58.537739,57.256415,66.943756,64.004222,63.901936,64.511368,71.154275,66.728875,64.736024,62.59485,72.485739,74.863327,78.822999,86.850573,,65.140314,67.860344,65.059739,63.120607,62.134059,61.571273,63.922554,61.641411,60.645892,64.92606,62.900891,66.88812
收益质量,经营活动净现金/归属母公司的净利润,19.247582,19.050246,22.079372,10.373892,9.545119,8.290074,10.92995,8.022724,6.050091,2.283351,4.776485,4.037361,2.70277,1.728116,3.070488,3.643404,2.678418,2.877128,4.08995,1.406622,0.578639,1.229339,,1.923165,0.76617,1.241029,0.831274,1.774026,2.356555,2.197562,2.42308,2.213133,0.723007,2.828343,5.211449
收益质量,所得税/利润总额,23.528123,16.070098,-6.265952,25.933525,19.619912,12.48029,-3.676377,19.101063,20.151214,21.173768,17.129701,23.022763,20.109817,15.95883,18.73886,23.64136,21.751054,23.300539,,20.330776,20.484644,49.537989,,22.278671,20.706326,24.816144,23.415618,24.334568,23.447206,28.342123,25.003266,15.769115,13.112602,25.895455,32.54803
财务风险,流动比率,2.057318,2.010407,2.106216,2.008899,1.985214,2.097676,2.10845,2.126552,2.368903,3.040427,3.290052,3.446174,1.359384,1.367575,1.36782,2.50291,2.804344,1.514168,,2.545519,2.224159,1.848735,,1.862936,1.154732,1.197582,1.078794,1.306212,1.494634,1.019541,2.932294,2.516233,2.644803,2.898317,0.522401
财务风险,速动比率,2.043434,1.995082,2.088231,1.992434,1.966388,2.076853,2.080361,2.104733,2.342012,3.033367,3.28602,3.442433,1.355115,1.36357,1.363175,2.497041,2.79896,1.508318,,2.534918,2.214325,1.838536,,1.855091,1.148358,1.189958,1.069836,1.296796,1.478765,1.008784,2.90189,2.466697,2.625718,2.87942,0.516683
财务风险,保守速动比率,1.769863,1.735968,1.819114,1.731587,1.684634,1.790767,1.806538,1.841316,1.92076,2.553269,2.909454,3.113106,0.971672,0.985938,1.016039,2.072256,2.24063,0.952454,,1.618848,1.272081,1.081755,,1.150148,0.543487,0.538515,0.501132,0.779298,0.940193,0.743794,1.649546,1.569162,1.207089,0.366957,0.102394
财务风险,资产负债率,61.11233,61.179718,61.498461,61.819997,60.798149,60.5788,59.557991,59.75515,60.184476,59.923183,55.327033,52.533901,66.62122,67.832868,66.758531,65.861834,61.910422,73.598188,75.889375,36.876101,38.246135,40.943933,,44.656613,46.972392,47.347915,48.453996,57.116544,62.946978,76.156355,75.12892,79.988425,85.105783,87.522663,91.463387
财务风险,权益乘数,2.586401,2.592471,2.607669,2.547317,2.510496,2.50963,2.475412,2.279019,2.288499,2.275619,2.144742,2.32605,2.864309,2.910023,2.865324,2.33309,2.167976,2.577136,2.699611,1.630953,1.647795,1.685606,,1.797556,1.832748,2.068353,2.119669,2.98162,3.368988,4.598788,4.517683,6.239653,7.407365,9.420298,11.953393
财务风险,权益乘数(含少数股权的净资产),2.571509,2.575973,2.597298,2.619172,2.550899,2.536706,2.472676,2.48479,2.511583,2.495208,2.23849,2.106766,2.995915,3.108763,3.00829,2.929272,2.62539,3.787618,4.14755,1.584186,1.619331,1.693306,,1.8069,1.88581,1.89926,1.940014,2.331901,2.698835,4.193989,4.020734,4.997108,6.714015,8.014531,11.714248
财务风险,产权比率,156.252148,157.169002,159.892784,161.684943,154.539425,153.885262,147.18856,148.162677,150.450965,148.300141,122.361763,109.144216,193.629205,203.593923,194.058473,185.957081,158.128243,267.256661,300.397898,56.310977,59.409111,66.466737,,78.097876,85.056087,87.994623,93.126107,133.304623,171.606244,323.165612,306.993868,406.327617,581.14201,712.012027,1093.297855
财务风险,现金比率,1.482477,1.428638,1.523652,1.474445,1.415208,1.489663,1.555063,1.59284,1.708084,2.291378,2.660521,2.844063,0.671694,0.662268,0.75169,1.891585,2.024086,0.716421,,1.317103,0.889151,0.775274,,0.896903,0.30291,0.330258,0.321033,0.616774,0.730181,0.634233,1.426205,1.402447,1.098999,0.288884,0.073375
营运能力,应收账款周转率,6.612976,4.193621,2.119124,9.107306,6.545949,4.072648,2.137229,7.611174,5.876801,3.485228,1.536287,7.361281,5.119245,2.781105,1.424343,10.519736,7.412828,5.153867,,10.075953,5.928695,3.31427,,14.758502,6.527554,15.335187,,17.798624,9.203686,24.279997,14.898797,40.783112,21.893531,45.913529,34.270845
营运能力,应收账款周转天数,40.828813,42.922329,42.470372,39.5287,41.246878,44.197282,42.110584,47.298876,45.943359,51.646544,58.5828,48.904525,52.742149,64.722453,63.187018,34.221389,36.423342,34.925225,34.086746,35.728628,45.541213,54.310601,,24.392719,27.575412,23.475422,20.889049,20.226281,19.557381,14.827019,12.081512,8.827182,8.221606,7.840826,10.504555
营运能力,存货周转率,84.153439,53.209069,24.402525,80.303913,57.500661,35.98616,14.996175,85.060136,48.675158,98.171049,68.501001,240.176628,166.707336,99.338525,45.034359,208.306455,164.288323,110.513731,,228.884916,165.896704,89.57165,,285.174203,143.171405,217.323381,102.146343,144.383658,65.28544,92.645577,44.158791,88.701928,70.392935,132.878864,116.344654
营运能力,存货周转天数,3.208424,3.382881,3.688142,4.482969,4.695598,5.001922,6.00153,4.232299,5.546977,1.833534,1.313849,1.498896,1.619604,1.811985,1.998474,1.728222,1.643452,1.628756,1.65209,1.572842,1.627518,2.009564,,1.262386,1.257234,1.656517,1.762177,2.493356,2.757123,3.885776,4.076198,4.058536,2.557074,2.709234,3.094254
营运能力,总资产周转率,0.202841,0.130817,0.063766,0.271854,0.206028,0.13574,0.065985,0.240151,0.171451,0.099945,0.045756,0.201437,0.180391,0.101959,0.043972,0.304219,0.248522,0.1925,0.082843,0.564208,0.377884,0.200609,,0.905076,0.449744,0.883942,0.459538,0.866123,0.461933,0.924496,0.461038,0.87218,0.39455,0.836556,0.802341
营运能力,总资产周转天数,1331.091611,1375.957718,1411.393302,1324.235423,1310.495553,1326.062682,1363.929492,1499.052497,1574.787876,1800.975316,1966.947935,1787.155218,1496.746366,1765.399532,2046.74277,1183.354935,1086.418766,935.064125,1086.384697,638.062034,714.503805,897.267462,,397.756319,400.227391,407.266264,391.697165,415.645237,389.666835,389.401275,390.422793,412.758529,456.215078,430.335764,448.686821
营运能力,流动资产周转率,0.883067,0.586274,0.283585,1.108572,0.822702,0.52811,0.252252,0.724363,0.491113,0.285234,0.118119,0.560638,0.702681,0.400285,0.177049,0.925296,0.671443,0.70839,,1.280248,0.907152,0.495438,,2.243892,1.251099,2.272711,1.241143,2.063543,1.121773,2.144325,1.06378,1.819914,0.745403,1.724112,1.903699
营运能力,流动资产周转天数,305.75246,307.02361,317.364274,324.741993,328.186645,340.837937,356.785598,496.987928,549.770931,631.059722,761.937501,642.124659,384.242232,449.679262,508.333737,389.064618,402.118884,254.097145,287.554865,281.195329,297.634736,363.31463,,160.435519,143.873492,158.40109,145.027586,174.457161,160.46015,167.884922,169.207764,197.811453,241.479893,208.803051,189.105518
营运能力,应付账款周转率,6.687204,4.511617,2.259237,8.029852,5.891741,4.029852,1.895511,7.585884,4.831082,4.683953,2.47854,10.267225,7.291322,5.057849,2.35469,10.73229,8.502468,5.305568,,8.86997,6.541745,2.894572,,9.943033,4.310637,7.876287,,9.479562,7.621318,13.108431,4.662632,10.33352,5.648362,9.004349,7.49695
