选项,指标,20251231,20250930,20250630,20250331,20241231,20240930,20240630,20240331,20231231,20230930,20230630,20230331,20221231,20220930,20220630,20220331,20211231,20210930,20210630,20210331,20201231,20200930,20200630,20200331,20191231,20190930,20190630,20190331,20181231,20180930,20180630,20180331,20171231,20170930,20170630,20170331,20161231,20160930,20160630,20160331,20151231,20150930,20150630,20150331,20141231,20140930,20140630,20140331,20131231,20130930,20130630,20130331,20121231,20120930,20120630,20120331,20111231,20110930,20110630,20110331,20101231,20100930,20100630,20100331,20091231,20090930,20090630,20090331,20081231,20080930,20080630,20080331,20071231,20070930,20070630,20070331,20061231,20060930,20060630,20051231,20041231
常用指标,归母净利润,143346199.49,138225125.95,67542474.13,30165648.84,141977627.31,155433951.57,76307085.96,33791653.9,127516722.78,133842678.29,50887874.0,28717802.8,-76764627.09,-42503288.56,-54574168.36,-21917587.34,-175599181.36,-7047196.34,5104308.69,-12335790.11,28521111.29,-10630752.89,-113288999.8,-78423261.87,11405762.62,18010299.78,-37199519.44,-38991614.84,134726722.18,158844178.11,96533650.87,-27529808.82,5501395.78,14026879.88,-33570432.64,-29501412.07,-53940340.97,-7753761.02,-28192335.81,-16732072.08,43007066.33,-10886359.0,-29314587.46,-21004109.04,-37265309.72,-23157390.08,-27339238.22,-25862357.87,31231467.03,-21140220.33,-33639244.52,-32580916.86,55211466.41,64751845.81,-23144586.53,-32643213.84,40152973.49,39632615.77,2314675.53,-16782960.97,29757267.99,23755403.66,3656334.6,-11273744.63,22219225.94,17666522.38,2874294.81,-1955923.12,11308871.74,9629932.37,3981818.67,-2677957.74,21438193.98,14769373.94,5387882.75,-2496076.44,15515337.33,9154267.5,1044643.1,12278200.17,13207030.69
常用指标,营业总收入,638399884.92,503208478.1,292234249.15,131585793.25,692467383.93,553431481.15,311426176.65,141533972.82,719034412.03,579136402.67,339781303.21,159690524.48,256187521.94,224272861.33,106411540.14,58474502.01,434567644.07,360926061.83,251160828.27,88936780.34,405354213.35,252547034.08,97395962.44,29825691.75,676642192.08,522537970.63,283124252.34,108524821.52,648200560.82,503611185.45,266811256.99,109670074.96,539440636.97,393842834.08,214866324.32,91969428.86,451356538.9,354394534.84,201536192.45,91974525.19,428640675.9,330189432.67,171835656.44,70478186.74,386299350.5,289947955.59,154049194.95,61515389.96,342795432.43,267927987.66,141274398.62,50536192.99,369832444.93,284638709.42,145641774.51,42984272.18,375442678.81,291988396.89,153428363.17,42333051.36,338991561.6,249609137.17,152090556.34,38242508.15,247895139.4,186925894.3,92745449.41,33774518.5,181568775.23,127719616.89,71038779.55,28981360.69,169779630.94,126567963.69,69412349.29,22679150.9,185117394.53,136861410.79,73408304.61,161981709.72,159285702.6
常用指标,营业成本,406213855.68,313772037.61,196939658.07,90530271.81,433381185.77,321240594.4,200343652.84,92729439.21,451938101.59,341040743.8,219524699.9,100576222.12,349815802.95,263709154.92,166880418.53,79130885.88,414642257.78,330843425.08,225755572.62,98832461.17,510457021.16,348946346.46,225836069.9,109483766.72,580738298.9,426057166.94,279817403.66,138627642.84,548171549.98,402024949.81,259339088.78,124669669.66,497283393.93,346001166.17,227060091.08,112864319.85,442773312.64,314272441.86,202712081.05,98249486.02,392731010.36,290092981.91,183395062.18,87718098.88,381752852.24,282471972.83,174537976.63,85682739.35,339264128.65,257289102.28,162040157.57,79366771.77,342442274.76,256327834.45,154877054.77,70615953.29,296669375.96,219872716.54,134275889.03,54488395.35,278912995.45,205005766.79,136511239.16,45800348.62,194897575.16,143759936.96,79786654.06,32546547.34,149651681.78,103851423.62,61782049.25,30052459.36,134709291.16,96886717.32,57397683.84,25168226.33,151627284.94,114475625.58,66453120.26,137347480.37,127025942.99
常用指标,净利润,154006557.17,145532045.09,71936813.85,31243461.12,164353096.45,165968852.87,80526407.75,35484175.0,140631881.68,148151584.27,57949264.58,31516669.68,-84149411.55,-45108128.75,-57318468.74,-23665129.13,-180160795.28,-2537462.98,8856205.6,-11722451.22,26879373.86,-12615111.02,-118607952.85,-81453802.76,23781794.48,27371380.08,-33586060.2,-38608501.33,141895893.75,164414933.09,98111614.56,-28201310.68,5001827.19,17482704.54,-33785154.64,-30397588.46,-44129637.39,3044808.47,-21012247.4,-17049655.27,62543579.54,6324612.06,-27351162.4,-24274846.97,-25937385.26,-14808060.77,-27660305.49,-29473548.25,42138907.46,-11926463.73,-31104314.78,-32850836.35,59110596.04,67623596.13,-21497243.84,-32339531.16,43482430.03,42978004.05,4291047.76,-16258600.95,32213275.79,24616346.16,4569688.19,-11284419.44,26317104.26,21332325.95,4204740.54,-1775869.53,14076461.63,11854964.58,4494409.09,-2858640.24,24485378.16,17506961.46,6330449.37,-2641630.84,19091673.1,11447429.24,1906561.76,15470208.69,18477779.42
常用指标,扣非净利润,144022821.63,137420499.42,67331555.54,28961752.13,136089004.77,158699483.3,72606210.77,33332874.98,135945678.67,144811346.55,62258339.38,42695093.49,-165060168.86,-57274581.96,-66880390.62,-29819838.16,-241843412.34,-14854833.43,-2469193.94,-16692515.64,-160428598.78,-135354843.25,-152554480.85,-79630933.88,2117166.63,12723698.7,-42459141.5,-42294585.27,5012607.7,34916639.92,-27362537.42,-27997705.23,-30134752.46,506058.52,-35175860.68,-30188655.77,-58499011.82,-9516669.14,-28808595.41,-16502445.6,-25834551.8,-11811658.52,-30767030.68,-21657277.69,-43568037.79,-30147176.68,-33526416.87,-26069218.26,-36797722.77,-22838043.32,-35450424.76,-33461571.39,-11648778.84,-2459013.3,-23206636.53,-32191327.78,40690074.89,40196438.22,2496158.61,-16813174.37,33479683.44,24214689.25,4035832.81,-11114785.2,26334502.21,21815900.88,3676944.29,-1954993.32,11038218.97,10252605.14,4600717.64,-2684746.82,15825112.86,14795873.72,6150000.0,,15154968.08,,,7613888.35,13333878.21
常用指标,股东权益合计(净资产),1517382711.04,1515133227.02,1440068284.76,1445285915.4,1414029615.45,1423691615.99,1340209372.67,1336712151.98,1302240449.98,1310002940.01,1218079416.22,1190669745.15,1160385610.75,1209586291.24,1200059034.87,1240320755.9,1289394947.68,1448097197.84,1472072954.54,1458235964.67,1496632442.72,1124460788.76,1008150634.67,1046694994.59,1121687319.61,1181032587.43,1117965687.79,1182513665.54,975893897.6,1012931768.22,948144465.97,840155113.43,868675263.66,881156140.99,829888281.79,832433698.1,863074186.07,897585194.92,883017986.84,1183730578.98,1201008169.03,1145562928.35,1111887153.88,1123052698.81,1147573357.71,755521363.87,742669119.15,767606149.58,854940107.15,801101726.57,776424684.54,565093958.2,598057124.65,552085680.13,463625083.62,456220036.42,488559567.58,483909389.86,438815286.8,429209263.66,445467864.61,437870934.98,422624277.01,415308366.96,432592786.4,427608008.09,408860422.68,405780312.14,407556181.67,405334684.62,397974129.13,395440572.53,398299212.77,393253145.37,231643805.66,,239917750.87,,,220706231.46,215421048.01
常用指标,商誉,90317048.45,90317048.45,90317048.45,90317048.45,90317048.45,100252850.33,100252850.32,100252850.33,100252850.32,116844591.85,116844591.85,116844591.85,116844591.85,123562498.2,123562498.2,123562498.2,123562498.2,175004184.89,175004184.89,175004184.89,175004184.89,176003819.0,176003819.0,176003819.0,176003819.0,176336993.01,82073191.62,82073191.62,82073191.62,84384347.53,84384347.53,84384347.53,84384347.53,84442915.6,87869851.09,87869851.09,87869851.09,86398695.18,86398695.18,86398695.18,86398695.18,86398695.18,86398695.18,86398695.18,86398695.18,85399061.07,85399061.07,85399061.07,85399061.07,85399061.07,85399061.07,85399061.07,85399061.07,34157868.44,34157868.44,34157868.44,34157868.44,33317868.44,33317868.44,33317868.44,33317868.44,33317868.44,33317868.44,33317868.44,33317868.44,33317868.44,33317868.44,33317868.44,33317868.44,33317868.44,29890932.95,29890932.95,29890932.95,27537601.61,19330373.07,,22286525.57,,,,
常用指标,经营现金流量净额,227833482.42,193019379.44,81199030.78,6735216.71,285283020.89,248002695.93,117572573.19,41629662.39,330784693.05,312756223.05,165511289.03,59837372.23,143018190.02,38984751.82,12736699.13,-12937489.42,96192491.79,78092571.16,75920663.3,-21443387.55,135168555.9,9530653.57,-53847428.79,-46147897.13,292282572.87,197633054.0,75975540.53,-5446168.64,248305221.69,232109563.53,120844472.74,18846304.99,164181040.76,77660749.64,53965452.94,-13251723.06,38033911.31,27807687.15,7151022.19,-33681911.94,29999285.97,54787155.67,-9343113.43,-22404752.79,95085352.12,83975826.86,63064558.58,12102409.24,39731784.38,74883938.43,25806122.45,-7387479.04,72462256.61,85387522.75,15324409.08,-8011502.74,127169482.48,111615616.6,54678654.79,27481027.38,122292909.35,93149942.2,27713616.71,-5515684.06,104892401.22,86307757.39,29670497.02,4736422.28,25649465.84,20399858.97,-7691609.37,-3889302.9,16563999.54,22348752.58,8109633.65,-26318414.18,53437133.31,16625871.68,,57026919.99,21669558.78
常用指标,基本每股收益,0.81,0.78,0.38,0.17,0.8,0.88,0.43,0.19,0.72,0.75,0.29,0.16,-0.43,-0.24,-0.31,-0.12,-0.99,-0.04,0.03,-0.07,0.21,-0.08,-0.82,-0.57,0.08,0.13,-0.27,-0.28,0.97,1.15,0.7,-0.2,0.04,0.1,-0.24,-0.21,-0.39,-0.06,-0.2,-0.12,0.31,-0.08,-0.21,-0.15,-0.3,-0.19,-0.23,-0.22,0.26,-0.18,-0.28,-0.27,0.46,0.54,-0.19,-0.27,0.33,0.33,0.02,-0.14,0.25,0.2,0.03,-0.09,0.19,0.147,0.024,-0.016,0.09,0.08,0.03,-0.03,0.36,0.26,0.11,,0.3,,,0.25,0.26
常用指标,每股净资产,8.242008,8.248235,7.841287,7.866185,7.701615,7.766865,7.271457,7.27247,7.087591,7.130054,6.652472,6.52471,6.361157,6.612337,6.559325,6.757834,6.887511,7.868055,8.007555,7.934738,8.154758,7.726473,6.911745,7.166784,7.685739,8.042244,7.958183,8.44776,6.928252,7.102176,6.652821,5.758133,5.956665,6.018147,5.674897,5.719975,5.932725,6.268305,6.120911,6.787031,6.907695,6.51904,6.386144,6.446076,6.597548,4.381899,4.347051,4.484809,4.803194,4.366206,4.260654,4.1564,4.427907,4.441358,3.708888,3.629733,3.901759,3.910732,3.586416,3.477269,3.617127,3.567112,3.430802,3.340579,3.484527,3.446588,3.323319,3.283068,3.299367,3.285376,3.238308,4.794215,4.82769,4.715756,4.347562,,4.239804,,,3.916816,3.768708
常用指标,每股现金流,1.285007,1.088651,0.457971,0.037987,1.609029,1.398763,0.663122,0.234796,1.865663,1.763981,0.933502,0.337489,0.806639,0.222319,0.074288,-0.070802,0.540017,0.440451,0.428201,-0.120943,0.762366,0.06873,-0.388322,-0.332797,2.107807,1.425238,0.5479,-0.039275,1.790662,1.673867,0.871474,0.13591,1.183997,0.560053,0.389173,-0.095565,0.274283,0.200536,0.051569,-0.242898,0.216341,0.395099,-0.067378,-0.161572,0.685711,0.699798,0.525537,0.100853,0.331094,0.624032,0.215051,-0.061562,0.603852,0.711562,0.127703,-0.066762,1.059745,0.93013,0.455655,0.229008,1.019107,0.776249,0.230946,-0.045964,0.874103,0.719231,0.247254,0.03947,0.213745,0.169998,-0.064096,-0.048616,0.207049,0.279359,0.162192,,1.068742,,,1.140538,0.433391
常用指标,净资产收益率(ROE),10.17,9.76,4.85,2.19,10.86,11.78,5.93,2.65,10.7,11.19,4.41,2.51,-6.37,-3.48,-4.49,-1.78,-12.92,-0.5,0.36,-0.86,2.64,-0.99,-11.19,-7.7,1.08,1.66,-3.45,-4.14,15.08,16.13,11.04,-3.39,0.67,1.69,-4.17,-3.65,-6.11,-0.84,-3.03,-1.76,4.59,-1.2,-3.26,-2.32,-6.2,-4.27,-5.03,-4.65,5.64,-4.06,-6.47,-6.33,11.14,12.94,-5.07,-7.0,8.9,8.73,0.53,-4.0,6.98,5.55,0.87,-2.81,5.46,,0.72,,2.89,,1.03,,7.81,,,,7.45,,,6.39,7.2
常用指标,总资产报酬率(ROA),11.915161,10.362243,5.448031,2.391459,13.581931,13.073508,6.822758,2.918951,12.565747,12.347543,5.568194,2.681087,-1.488586,-0.7559,-1.565398,-0.633625,-3.329714,2.300695,1.918551,0.181347,5.156023,2.518866,-2.551916,-2.068952,6.685002,5.405082,1.590255,-0.130172,10.539585,10.307338,6.227039,0.053836,4.815816,3.981232,0.615457,-0.33943,2.030758,3.289866,0.882756,0.113316,6.66948,3.348634,0.380731,-0.364493,3.081661,2.825547,0.41118,-0.767672,7.247681,2.762437,0.084172,-1.252582,10.432254,10.072352,1.098474,-1.319098,10.307875,9.285452,3.351385,-0.457059,8.794534,6.807939,2.985571,-0.284657,8.309554,6.496163,2.756252,0.709706,6.047894,4.848696,2.396462,0.448979,9.287127,6.653211,3.612339,,8.857106,,,8.099766,8.791344
常用指标,毛利率,62.352611,61.313073,59.475912,59.34579,60.335001,61.932271,59.241286,61.86355,62.561261,66.250821,64.572104,66.983365,29.126234,38.173815,19.510062,26.027994,45.552595,50.781327,52.364513,44.580603,39.084045,33.863325,-7.618863,-63.474751,57.201109,58.352855,53.222235,44.032248,55.613923,56.137168,49.34092,44.42037,52.818259,54.101605,47.436404,41.034802,51.191518,54.465954,50.365656,49.040061,51.950433,52.406803,44.710488,38.005888,49.86169,50.23787,42.124972,36.920183,47.527538,48.258842,40.569741,26.177998,50.674634,52.647404,46.222958,28.717045,55.966872,58.037239,54.989527,48.13818,51.592224,51.954343,47.976428,47.217573,58.251067,59.690439,58.652393,59.305322,55.444945,54.938951,51.255441,49.560718,56.628469,58.767924,56.366579,56.633943,45.152257,42.371551,42.402209,46.515069,53.47774
常用指标,销售净利率,24.123838,28.920825,24.616147,23.743795,23.734416,29.989051,25.857302,25.071136,19.558435,25.581466,17.054871,19.736092,-32.965525,-20.579614,-54.467598,-40.354442,-41.054903,-0.703042,3.526109,-13.180656,6.631082,-4.995153,-121.779127,-273.099458,3.514678,5.23816,-11.862657,-35.575733,21.890739,32.647196,36.771917,-25.714681,0.927224,4.439005,-15.723801,-33.051839,-9.777112,0.859157,-10.426041,-18.537366,14.591144,1.915449,-15.917047,-34.443064,-6.714322,-5.107144,-17.955501,-47.912478,12.292727,-4.451369,-22.01695,-65.004572,15.983074,23.757694,-14.760355,-75.23573,11.581642,14.719079,2.796776,-38.406399,9.502677,9.861957,3.004583,-29.507529,10.616224,11.412183,4.533635,-5.258015,7.752688,9.282023,6.326698,-9.863719,14.421858,13.832063,9.120062,-11.647838,10.184104,8.364249,2.597201,9.550589,11.6004
常用指标,期间费用率,24.874016,22.675514,25.767034,27.022101,21.78483,18.957543,22.432686,26.412583,24.385358,24.273883,28.21754,29.066962,62.39495,52.733417,74.42068,59.532809,39.877852,41.50505,41.346913,54.661159,64.068529,71.171722,123.145761,202.238055,42.171588,39.077694,51.105396,70.689521,39.230248,35.100662,45.561514,55.561231,43.022462,40.785638,51.967098,65.515415,47.169499,41.47977,49.657225,50.533989,39.211813,37.615003,46.326785,56.560834,41.217964,41.44295,50.443512,64.622571,40.314574,39.461135,50.890801,78.838995,37.541855,36.319224,47.570786,88.338303,29.972884,28.865587,34.848889,63.336763,27.943515,28.250045,31.331686,58.314407,31.187703,31.275275,38.91976,48.360355,33.996132,32.512526,37.945148,49.161839,30.065125,29.062388,34.035371,54.693862,22.462442,22.255274,28.903463,26.477684,28.675997
常用指标,资产负债率,20.018367,19.282298,21.220392,19.801321,23.61769,21.184335,22.462133,19.812363,23.248746,26.320271,33.218371,36.612499,38.025263,36.731234,41.391403,48.668412,50.42834,47.159901,44.190995,45.954984,44.83471,57.569922,60.709806,63.114372,60.999013,62.400982,62.536711,60.592188,65.923438,62.449572,62.693535,68.415761,67.491947,67.395553,68.04358,67.826632,66.474659,62.644818,61.614422,46.534887,46.342735,45.697672,48.590489,46.355085,45.110206,56.954318,57.117713,54.352451,48.865793,52.732767,51.194939,60.696221,57.876764,58.593352,63.952146,66.410902,59.558515,56.705107,59.951635,57.622993,55.474959,54.424118,53.69162,53.692185,48.874368,50.376309,50.3375,49.49912,47.212873,46.766667,45.056921,46.860737,46.219882,48.514507,61.219447,,55.039472,,,58.430379,57.80075
每股指标,基本每股收益,0.81,0.78,0.38,0.17,0.8,0.88,0.43,0.19,0.72,0.75,0.29,0.16,-0.43,-0.24,-0.31,-0.12,-0.99,-0.04,0.03,-0.07,0.21,-0.08,-0.82,-0.57,0.08,0.13,-0.27,-0.28,0.97,1.15,0.7,-0.2,0.04,0.1,-0.24,-0.21,-0.39,-0.06,-0.2,-0.12,0.31,-0.08,-0.21,-0.15,-0.3,-0.19,-0.23,-0.22,0.26,-0.18,-0.28,-0.27,0.46,0.54,-0.19,-0.27,0.33,0.33,0.02,-0.14,0.25,0.2,0.03,-0.09,0.19,0.147,0.024,-0.016,0.09,0.08,0.03,-0.03,0.36,0.26,0.11,,0.3,,,0.25,0.26
每股指标,稀释每股收益,0.81,0.78,0.38,0.17,0.8,0.88,0.43,0.19,0.72,0.75,0.29,0.16,-0.43,-0.24,-0.31,-0.12,-0.99,-0.04,0.03,-0.07,0.21,-0.08,-0.82,-0.57,0.08,0.13,-0.27,-0.28,0.97,1.15,0.7,-0.2,0.04,0.1,-0.24,-0.21,-0.39,-0.06,-0.2,-0.12,0.31,-0.08,-0.21,-0.15,-0.3,-0.19,-0.23,-0.22,0.26,-0.18,-0.28,-0.27,0.46,0.54,-0.19,-0.27,0.33,0.33,0.02,-0.14,0.25,0.2,0.03,-0.09,0.19,0.147,0.024,-0.016,0.09,0.08,0.03,-0.03,0.36,0.26,0.11,,,,,,
每股指标,摊薄每股收益_最新股数,0.808489,0.779605,0.380947,0.170137,0.80077,0.876665,0.43038,0.190588,0.719209,0.754888,0.287013,0.161971,-0.434364,-0.245182,-0.311043,-0.123233,-0.980532,-0.039747,0.028788,-0.069575,0.160862,-0.059958,-0.638963,-0.442316,0.064329,0.10158,-0.209809,-0.219917,0.759874,0.895899,0.54446,-0.155271,0.031028,0.079113,-0.189341,-0.166391,-0.304229,-0.043732,-0.159008,-0.09437,0.242564,-0.0614,-0.165337,-0.118465,-0.21018,-0.13061,-0.154196,-0.145866,0.176149,-0.119233,-0.189729,-0.18376,0.311399,0.365207,-0.130538,-0.184111,0.226467,0.223532,0.013055,-0.094657,0.167834,0.133983,0.020622,-0.063585,0.125319,0.099641,0.016211,-0.011031,0.063783,0.054313,0.022457,-0.015103,0.120913,0.0833,0.030388,-0.014078,0.08557,0.051631,0.005891,0.06925,0.074489
每股指标,摊薄每股净资产_期末股数,8.242008,8.248235,7.841287,7.866185,7.701615,7.766865,7.271457,7.27247,7.087591,7.130054,6.652472,6.52471,6.361157,6.612337,6.559325,6.757834,6.887511,7.868055,8.007555,7.934738,8.154758,7.726473,6.911745,7.166784,7.685739,8.042244,7.958183,8.44776,6.928252,7.102176,6.652821,5.758133,5.956665,6.018147,5.674897,5.719975,5.932725,6.268305,6.120911,6.787031,6.907695,6.51904,6.386144,6.446076,6.597548,4.381899,4.347051,4.484809,4.803194,4.366206,4.260654,4.1564,4.427907,4.441358,3.708888,3.629733,3.901759,3.910732,3.586416,3.477269,3.617127,3.567112,3.430802,3.340579,3.484527,3.446588,3.323319,3.283068,3.299367,3.285376,3.238308,4.794215,4.82769,4.715756,4.347562,,4.239804,,,3.916816,3.768708
每股指标,调整每股净资产_期末股数,6.788108,6.788816,6.394929,6.412387,6.244715,6.324126,5.837804,5.843778,5.689553,5.809807,5.310838,5.142901,5.023702,5.246566,5.182829,5.37305,5.49121,6.191079,6.321191,6.569422,6.790179,5.913525,5.070018,5.312112,5.802042,6.169387,6.748004,7.21954,5.685683,5.944909,5.449362,4.371735,4.551469,4.849068,4.460571,4.527415,4.728894,5.216019,5.094862,5.801808,5.918435,5.564533,5.425965,5.47889,5.627296,3.275849,3.239688,3.361103,3.67506,3.245715,3.140799,3.031611,3.306496,3.75514,2.877549,2.792889,3.065044,3.243313,2.915993,2.803195,2.94034,2.88109,2.739371,2.646173,2.80115,2.71463,2.627067,2.624192,2.636836,2.618423,2.618565,3.858006,3.901622,3.823316,3.037323,,2.95274,,,3.027457,2.839244
每股指标,每股净资产_最新股数,8.242008,8.248235,7.841287,7.866185,7.701615,7.766865,7.271457,7.27247,7.087591,7.130054,6.652472,6.52471,6.361157,6.612337,6.559325,6.757834,6.887511,7.868055,8.007555,7.934738,8.154758,6.042844,5.405649,5.605113,6.010986,6.289807,6.224064,6.60696,5.418558,5.554584,5.203145,4.503413,4.658684,4.706769,4.438314,4.473569,4.639961,4.902416,4.78714,5.30811,5.402481,5.098516,4.994578,5.04145,5.159916,2.96573,2.942144,3.035381,3.250868,2.955109,2.883669,2.813109,2.996869,3.005973,2.510227,2.456653,2.640765,2.646838,2.427336,2.353464,2.448122,2.414271,2.322014,2.26095,2.358376,2.332698,2.249269,2.222026,2.233057,2.223588,2.191732,2.163194,2.178298,2.127792,1.226037,,1.195649,,,1.104564,1.062797
每股指标,每股经营现金流,1.285007,1.088651,0.457971,0.037987,1.609029,1.398763,0.663122,0.234796,1.865663,1.763981,0.933502,0.337489,0.806639,0.222319,0.074288,-0.070802,0.540017,0.440451,0.428201,-0.120943,0.762366,0.06873,-0.388322,-0.332797,2.107807,1.425238,0.5479,-0.039275,1.790662,1.673867,0.871474,0.13591,1.183997,0.560053,0.389173,-0.095565,0.274283,0.200536,0.051569,-0.242898,0.216341,0.395099,-0.067378,-0.161572,0.685711,0.699798,0.525537,0.100853,0.331094,0.624032,0.215051,-0.061562,0.603852,0.711562,0.127703,-0.066762,1.059745,0.93013,0.455655,0.229008,1.019107,0.776249,0.230946,-0.045964,0.874103,0.719231,0.247254,0.03947,0.213745,0.169998,-0.064096,-0.048616,0.207049,0.279359,0.162192,,1.068742,,,1.140538,0.433391
每股指标,每股现金流量净额,-0.251134,-0.346787,0.011648,-0.18306,0.996929,0.880215,0.396479,-0.042528,-0.126416,-0.117882,-0.057452,0.062745,-1.797603,-1.944676,-1.284586,-2.920387,-0.285585,-0.126661,-0.692011,0.047047,1.458677,-0.043249,-0.974791,-0.396779,-2.279629,-1.272735,-0.573749,-0.729583,4.03643,2.634521,1.350483,-0.085257,-0.124108,0.67306,-0.245855,-0.131357,-0.52934,0.05191,-0.176724,-0.454047,-1.403816,-1.628008,-0.623705,-0.591249,1.703787,-0.434242,-0.042536,-0.256568,-0.063246,1.464209,1.345348,-0.104751,0.282541,0.340573,0.032812,0.947486,0.183301,-0.061181,0.027286,-0.211008,-0.043675,-0.102799,-0.293305,0.092183,0.036894,0.212846,0.040487,0.104202,-0.478385,-0.373012,-0.496062,-0.168123,1.099048,1.918435,0.496099,,-0.503378,,,0.927594,-0.876396
每股指标,每股企业自由现金流量,0.316983,,0.39596,,0.227868,,0.278959,,-0.170383,,-0.17811,,0.090588,,0.540377,,0.019655,,0.475611,,-0.449508,,1.458429,,4.180199,,0.57269,,-4.370252,,-0.589617,,1.992609,,0.638231,,-1.206559,,-0.142215,,1.315178,,-0.066446,,-0.413826,,0.661729,,-0.680791,,-2.49316,,-0.869517,,0.258598,,1.215407,,-0.551662,,-0.285782,,-0.921479,,-0.83244,,-0.06886,,0.347005,,-0.339153,,-2.779829,,0.04291,,0.960867,,,1.573422,2.096442
每股指标,每股股东自由现金流量,0.001516,,0.080493,,-0.02086,,0.075351,,-1.782716,,-0.814817,,-1.763502,,-0.529685,,0.381718,,0.135851,,0.191025,,1.148099,,2.767025,,0.363266,,-7.762379,,-1.452388,,2.90577,,1.185316,,2.274684,,2.526774,,1.024914,,0.234691,,-0.284739,,1.132562,,-0.783291,,-2.391494,,0.292982,,1.112765,,2.223741,,0.148337,,0.789217,,-0.213145,,-0.66994,,0.260305,,0.490338,,-0.329153,,-2.117329,,1.54291,,0.690867,,,2.299422,1.256442
每股指标,每股未分配利润,2.002456,1.992684,1.594026,1.633217,1.463079,1.583919,1.137635,1.117843,0.927254,0.992904,0.525029,0.399987,0.237576,0.873779,0.807918,0.966992,0.81819,1.758975,1.827511,1.729147,1.798722,2.017529,1.277205,1.52864,2.094193,2.144146,1.745998,1.777311,2.058501,2.339616,1.890261,0.995573,1.194105,1.255587,0.912337,0.941681,1.154431,1.487508,1.340114,1.42276,1.543424,1.180158,1.047262,1.107193,1.258665,1.572023,1.537175,1.599482,1.815002,1.427565,1.323406,1.392226,1.663733,1.778581,1.046111,0.966956,1.238983,1.265272,0.940956,0.831809,0.971667,0.935599,0.768106,0.676986,0.820934,0.790989,0.66772,0.627469,0.643768,0.643359,0.596291,1.01119,1.044664,0.778611,1.158148,,1.050391,,,0.797249,0.727497
每股指标,每股资本公积金,4.72323,4.72323,4.72323,4.72323,4.72323,4.72323,4.72323,4.72323,4.72323,4.72323,4.72323,4.72323,4.72323,4.343671,4.343671,4.343671,4.343671,4.343671,4.343671,4.343671,4.343671,3.308091,3.308091,3.308091,3.308091,3.308091,3.308091,3.308091,3.308091,3.308091,3.308091,3.308091,3.308091,3.308091,3.308091,3.323825,3.323825,3.326328,3.326328,3.909801,3.909801,3.909801,3.909801,3.909801,3.909801,1.314025,1.314049,1.3895,1.492365,1.491808,1.490414,1.317341,1.317341,1.251289,1.251289,1.251289,1.251289,1.251264,1.251264,1.251264,1.251264,1.251264,1.282446,1.282446,1.282446,1.282446,1.282446,1.282446,1.282446,1.282446,1.282446,2.24367,2.24367,2.261482,1.108354,,1.108354,,,1.09223,1.089686
每股指标,每股盈余公积金,0.533265,0.514152,0.514152,0.514152,0.514152,0.469207,0.469207,0.469207,0.469207,0.439518,0.439518,0.439518,0.439518,0.439518,0.439518,0.469744,0.439518,0.439518,0.439518,0.439518,0.439518,0.561975,0.561975,0.561975,0.561975,0.562391,0.562391,0.561659,0.561659,0.454468,0.454468,0.454468,0.454468,0.454468,0.454468,0.454468,0.454468,0.454468,0.454468,0.454468,0.454468,0.42908,0.42908,0.42908,0.42908,0.495826,0.495826,0.495826,0.495826,0.446832,0.446832,0.446832,0.446832,0.411487,0.411487,0.411487,0.411487,0.394195,0.394195,0.394195,0.394195,0.380248,0.380248,0.381146,0.381146,0.373152,0.373152,0.373152,0.373152,0.35957,0.35957,0.539355,0.539355,0.675661,1.081058,,1.081058,,,1.027336,0.951524
每股指标,每股留存收益,2.535721,2.506837,2.108179,2.14737,1.977232,2.053127,1.606842,1.58705,1.396462,1.432422,0.964548,0.839506,0.677095,1.313298,1.247437,1.436737,1.257708,2.198494,2.26703,2.168665,2.238241,2.579504,1.83918,2.090615,2.656168,2.706538,2.30839,2.338971,2.62016,2.794084,2.34473,1.450041,1.648574,1.710055,1.366806,1.396149,1.6089,1.941976,1.794583,1.877229,1.997893,1.609238,1.476342,1.536274,1.687746,2.06785,2.033001,2.095309,2.310828,1.874398,1.770239,1.839058,2.110566,2.190069,1.457599,1.378444,1.65047,1.659468,1.335151,1.226004,1.365862,1.315847,1.148355,1.058132,1.20208,1.164141,1.040872,1.000621,1.01692,1.002929,0.955861,1.550545,1.584019,1.454273,2.239207,,2.131449,,,1.824586,1.679022
每股指标,每股营业收入,3.600649,2.838154,1.648234,0.742159,3.905596,3.121417,1.756479,0.798267,4.055437,3.266396,1.916405,0.900673,1.444927,1.264924,0.600173,0.329802,2.451011,2.035664,1.416576,0.501613,2.286244,1.821252,0.702374,0.215089,4.879631,3.768302,2.041761,0.78263,4.674523,3.631811,1.924119,0.790889,3.890196,2.840212,1.549516,0.663241,3.254975,2.555729,1.453386,0.663277,3.091158,2.381173,1.239199,0.508256,2.785812,2.416232,1.283743,0.512628,2.856628,2.232733,1.177286,0.421134,3.081937,2.371989,1.213681,0.358202,3.128688,2.433236,1.278569,0.352775,2.824929,2.080076,1.267421,0.318687,2.065792,1.557715,0.772878,0.281454,1.513073,1.06433,0.591989,0.362267,2.122245,1.582099,1.388246,,3.682393,,,3.239634,3.185714
每股指标,每股营业总收入,3.600649,2.838154,1.648234,0.742159,3.905596,3.121417,1.756479,0.798267,4.055437,3.266396,1.916405,0.900673,1.444927,1.264924,0.600173,0.329802,2.451011,2.035664,1.416576,0.501613,2.286244,1.821252,0.702374,0.215089,4.879631,3.768302,2.041761,0.78263,4.674523,3.631811,1.924119,0.790889,3.890196,2.840212,1.549516,0.663241,3.254975,2.555729,1.453386,0.663277,3.091158,2.381173,1.239199,0.508256,2.785812,2.416232,1.283743,0.512628,2.856628,2.232733,1.177286,0.421134,3.081937,2.371989,1.213681,0.358202,3.128688,2.433236,1.278569,0.352775,2.824929,2.080076,1.267421,0.318687,2.065792,1.557715,0.772878,0.281454,1.513073,1.06433,0.591989,0.362267,2.122245,1.582099,1.388246,,3.682393,,,3.239634,3.185714
每股指标,每股息税前利润,1.259522,1.089497,0.565267,0.246386,1.358931,1.291509,0.65902,0.276885,1.267908,1.274188,0.581826,0.284264,-0.187821,-0.096219,-0.205255,-0.089669,-0.49438,0.353829,0.289495,0.027673,0.812663,0.501914,-0.500748,-0.426253,1.383572,1.170334,0.335329,-0.027526,2.103868,1.995699,1.170642,0.010351,0.911053,0.757528,0.114761,-0.063174,0.352406,0.550554,0.144467,0.018191,1.041059,0.507159,0.058393,-0.054991,0.418095,0.403478,0.058316,-0.107267,0.933662,0.358497,0.010558,-0.149137,1.142264,1.066574,0.114159,-0.14105,0.948562,0.819516,0.292715,-0.038342,0.676675,0.512549,0.218788,-0.020673,0.560275,0.442219,0.183216,0.046591,0.381189,0.303455,0.146278,0.041664,0.737983,0.538334,0.407516,,0.938352,,,0.843523,0.89757
盈利能力,净资产收益率(ROE),10.17,9.76,4.85,2.19,10.86,11.78,5.93,2.65,10.7,11.19,4.41,2.51,-6.37,-3.48,-4.49,-1.78,-12.92,-0.5,0.36,-0.86,2.64,-0.99,-11.19,-7.7,1.08,1.66,-3.45,-4.14,15.08,16.13,11.04,-3.39,0.67,1.69,-4.17,-3.65,-6.11,-0.84,-3.03,-1.76,4.59,-1.2,-3.26,-2.32,-6.2,-4.27,-5.03,-4.65,5.64,-4.06,-6.47,-6.33,11.14,12.94,-5.07,-7.0,8.9,8.73,0.53,-4.0,6.98,5.55,0.87,-2.81,5.46,,0.72,,2.89,,1.03,,7.81,,,,7.45,,,6.39,7.2
盈利能力,摊薄净资产收益率,9.80937,9.451787,4.858224,2.1629,10.397432,11.287249,5.918769,2.620689,10.147439,10.587411,4.314388,2.482435,-6.82839,-3.707959,-4.742004,-1.823569,-14.236383,-0.505169,0.359521,-0.876844,1.972619,-0.992226,-11.820284,-7.891298,1.070204,1.614996,-3.370942,-3.328568,14.02355,16.129012,10.464073,-3.447858,0.666035,1.680839,-4.266058,-3.719431,-6.55673,-0.892052,-3.321565,-1.77786,4.489878,-1.204278,-3.310342,-2.349831,-4.073334,-4.403985,-5.240954,-4.805547,5.418523,-4.034818,-6.579436,-6.532278,10.390811,12.149406,-5.2,-7.494401,8.575825,8.445266,0.537833,-4.022063,6.86,5.549634,0.888114,-2.812322,5.31,4.27,0.72,-0.5,2.86,2.44,1.02,-0.7,5.55,3.91,2.48,,7.16,,,6.27,7.01
盈利能力,净资产收益率_平均,10.141849,9.775711,4.901881,2.185764,10.829116,11.803399,5.994558,2.654429,10.695427,11.190682,4.410914,2.513912,-6.489874,-3.59582,-4.579527,-1.788252,-13.037028,-0.49613,0.356247,-0.864853,2.271145,-0.994848,-11.193544,-7.615572,1.125675,1.735172,-3.604163,-3.657509,15.080995,17.543836,11.041783,-3.389427,0.667376,1.692853,-4.171301,-3.651523,-6.058879,-0.848763,-3.12098,-1.762196,4.592988,-1.19707,-3.256442,-2.322543,-4.997884,-4.201987,-4.979691,-4.640817,5.638811,-4.006509,-6.452783,-6.325673,11.047152,12.93518,-5.068465,-7.223714,8.900468,8.774652,0.53554,-3.942773,6.983645,5.614628,0.881214,-2.753007,5.458817,4.364719,0.723345,-0.495212,2.891779,2.467756,1.027815,-0.695797,7.140217,4.993561,2.496388,,7.440217,,,6.390298,7.008783
盈利能力,净资产收益率_平均_扣除非经常损益,10.18972,9.718806,4.886574,2.098531,10.379971,12.051378,5.703823,2.61839,11.402403,12.10778,5.396495,3.737463,-13.909517,-4.737595,-5.55375,-2.440575,-18.135891,-1.045796,-0.172333,-1.1703,-12.774984,-12.666794,-15.073178,-7.732847,0.20895,1.225843,-4.113754,-3.967335,0.561099,3.856432,-3.129802,-3.447033,-3.655661,0.061074,-4.370784,-3.736587,-6.570935,-1.041739,-3.189201,-1.738012,-2.75903,-1.298816,-3.417789,-2.394768,-5.843182,-5.470307,-6.106651,-4.677936,-6.643793,-4.328281,-6.800209,-6.496654,-2.330781,-0.491225,-5.082054,-7.123715,9.019524,8.899482,0.57753,-3.949871,7.857248,5.723181,0.972677,-2.71419,6.469857,5.389871,0.92534,-0.495002,2.822571,2.627322,1.187569,-0.697561,5.270721,5.002521,2.849502,,7.431983,,,3.962716,7.076099
盈利能力,摊薄净资产收益率_扣除非经常损益,9.855672,9.396767,4.843053,2.07658,9.966191,11.524384,5.63171,2.585108,10.818193,11.45507,5.278402,3.690665,-14.635047,-4.885341,-5.750791,-2.488775,-19.804321,-1.064849,-0.173917,-1.186525,-11.095802,-12.633404,-15.917143,-8.01282,0.198653,1.140943,-3.847558,-3.610531,0.521756,3.54543,-2.966049,-3.506458,-3.648315,0.06064,-4.470073,-3.806076,-7.11086,-1.09487,-3.394172,-1.753462,-2.697091,-1.306637,-3.474359,-2.422904,-4.762262,-5.733277,-6.427042,-4.843984,-6.384244,-4.358864,-6.933681,-6.708844,-2.192303,-0.461385,-5.21,-7.390655,8.690538,8.56541,0.580002,-4.029304,7.713229,5.656931,0.980293,-2.772668,6.29796,5.27,0.52,-0.5,2.79,2.6,1.18,-0.7,4.1,3.92,2.56,,7.15,,,3.89,7.08
盈利能力,息税前利润率,34.980418,38.387527,34.295309,33.198574,34.79448,41.375733,37.519395,34.685765,31.264396,39.009,30.360295,31.561347,-12.998678,-7.606759,-34.199311,-27.188748,-20.170479,17.381536,20.436274,5.516877,35.545763,27.558738,-71.293608,-198.175251,28.354042,31.057329,16.423527,-3.51716,45.007113,54.950533,60.840445,1.308784,23.419222,26.671545,7.406308,-9.525179,10.826708,21.541971,9.940032,2.742719,33.67863,21.298728,4.71217,-10.8197,15.008026,16.698647,4.542667,-20.925057,32.684063,16.056419,0.896888,-35.413281,37.063201,44.965406,9.40602,-39.377288,30.318205,33.680086,22.894007,-10.868672,23.953706,24.640897,17.262496,-6.486924,27.121584,28.388999,23.705718,16.553968,25.193041,28.511366,24.709654,11.501008,34.773733,34.026602,29.354725,9.729994,25.48212,23.694757,18.612815,26.037614,28.174869
盈利能力,总资产报酬率,11.915161,10.362243,5.448031,2.391459,13.581931,13.073508,6.822758,2.918951,12.565747,12.347543,5.568194,2.681087,-1.488586,-0.7559,-1.565398,-0.633625,-3.329714,2.300695,1.918551,0.181347,5.156023,2.518866,-2.551916,-2.068952,6.685002,5.405082,1.590255,-0.130172,10.539585,10.307338,6.227039,0.053836,4.815816,3.981232,0.615457,-0.33943,2.030758,3.289866,0.882756,0.113316,6.66948,3.348634,0.380731,-0.364493,3.081661,2.825547,0.41118,-0.767672,7.247681,2.762437,0.084172,-1.252582,10.432254,10.072352,1.098474,-1.319098,10.307875,9.285452,3.351385,-0.457059,8.794534,6.807939,2.985571,-0.284657,8.309554,6.496163,2.756252,0.709706,6.047894,4.848696,2.396462,0.448979,9.287127,6.653211,3.612339,,8.857106,,,8.099766,8.791344
盈利能力,总资本回报率,14.417,12.529902,6.656137,2.868367,16.48155,15.86489,8.331853,3.508149,15.199475,15.199841,6.7535,3.21615,-1.779275,-0.899738,-1.856637,-0.745212,-3.884828,2.653938,2.224467,0.209713,6.100065,2.97508,-3.106448,-2.497911,7.727033,6.304877,1.784554,-0.143563,12.384138,12.564297,7.624941,0.068063,6.064036,4.96153,0.7797,-0.4232,2.67047,4.297461,1.135208,0.155083,8.674275,4.221762,0.477443,-0.458946,3.886149,3.658184,0.531469,-0.977802,8.78592,3.424457,0.100969,-1.407392,12.376345,11.96061,1.309804,-1.644279,12.257527,10.351333,3.729619,-0.514851,9.799795,7.57837,3.300725,-0.318656,9.143829,7.16622,2.988803,0.764902,6.544303,5.216019,2.5614,0.484274,10.359437,7.523562,4.104019,,10.312342,,,9.546697,10.438437
盈利能力,投入资本回报率,9.547764,8.996331,4.637834,2.008066,10.031469,10.812057,5.630888,2.457892,9.734824,9.858867,3.985933,2.172338,-2.318932,-1.291239,-1.712413,-0.74305,-5.385449,1.308938,1.283212,-0.006894,4.882319,2.372423,-3.047122,-2.408418,4.670252,3.86851,0.649272,-0.52475,9.261591,9.970068,6.274321,-0.443676,3.610538,2.89243,-0.198361,-0.749488,-0.050573,1.729997,-0.244644,-0.334788,5.508539,1.547115,-0.346103,-0.563666,1.112157,1.406384,-0.146298,-1.061712,5.900389,1.000608,-0.900521,-1.667514,9.117127,9.268059,-0.003083,-1.998527,8.160792,7.011069,1.998832,-1.026591,6.584958,5.191842,1.937054,-0.729268,5.524866,4.28524,1.727163,0.329384,4.001963,3.289008,1.905668,0.252214,7.16058,4.895622,2.795395,,6.548641,,,6.192327,6.497072
盈利能力,息前税后总资产报酬率_平均,8.459695,7.806823,4.034929,1.710384,9.527937,9.475653,4.857374,2.10984,8.781171,8.097317,3.667546,1.67655,-2.285269,-2.045042,-1.573691,-0.940447,-4.789188,-0.093057,1.246981,-0.433267,4.067986,-0.456556,-2.698659,-2.851162,4.471674,0.911626,0.70216,-1.316677,8.141126,6.123793,5.184563,-1.057767,2.848302,0.662605,-0.164881,-1.177805,0.369243,0.131209,0.126155,-0.765877,5.137999,0.301151,-0.183675,-1.160315,1.484051,-0.86417,-0.132051,-1.757753,5.572936,-0.765838,-0.582321,-2.299239,7.981753,5.321777,-1.723776,-2.520319,7.164261,4.057985,1.984691,-1.6151,6.175474,2.724722,1.855967,-1.294842,5.527252,2.611413,1.759567,-0.225423,4.064318,1.578518,1.852936,-0.385062,6.911599,2.704579,1.122298,,6.300201,,,5.866809,6.504389
盈利能力,毛利率,62.352611,61.313073,59.475912,59.34579,60.335001,61.932271,59.241286,61.86355,62.561261,66.250821,64.572104,66.983365,29.126234,38.173815,19.510062,26.027994,45.552595,50.781327,52.364513,44.580603,39.084045,33.863325,-7.618863,-63.474751,57.201109,58.352855,53.222235,44.032248,55.613923,56.137168,49.34092,44.42037,52.818259,54.101605,47.436404,41.034802,51.191518,54.465954,50.365656,49.040061,51.950433,52.406803,44.710488,38.005888,49.86169,50.23787,42.124972,36.920183,47.527538,48.258842,40.569741,26.177998,50.674634,52.647404,46.222958,28.717045,55.966872,58.037239,54.989527,48.13818,51.592224,51.954343,47.976428,47.217573,58.251067,59.690439,58.652393,59.305322,55.444945,54.938951,51.255441,49.560718,56.628469,58.767924,56.366579,56.633943,45.152257,42.371551,42.402209,46.515069,53.47774
盈利能力,销售净利率,24.123838,28.920825,24.616147,23.743795,23.734416,29.989051,25.857302,25.071136,19.558435,25.581466,17.054871,19.736092,-32.965525,-20.579614,-54.467598,-40.354442,-41.054903,-0.703042,3.526109,-13.180656,6.631082,-4.995153,-121.779127,-273.099458,3.514678,5.23816,-11.862657,-35.575733,21.890739,32.647196,36.771917,-25.714681,0.927224,4.439005,-15.723801,-33.051839,-9.777112,0.859157,-10.426041,-18.537366,14.591144,1.915449,-15.917047,-34.443064,-6.714322,-5.107144,-17.955501,-47.912478,12.292727,-4.451369,-22.01695,-65.004572,15.983074,23.757694,-14.760355,-75.23573,11.581642,14.719079,2.796776,-38.406399,9.502677,9.861957,3.004583,-29.507529,10.616224,11.412183,4.533635,-5.258015,7.752688,9.282023,6.326698,-9.863719,14.421858,13.832063,9.120062,-11.647838,10.184104,8.364249,2.597201,9.550589,11.6004
盈利能力,成本费用利润率,54.810609,62.407016,50.552189,48.586937,55.525013,72.359691,58.022536,53.074992,46.866362,63.453418,43.079383,45.465401,-19.515985,-13.969344,-35.043705,-27.931675,-34.151844,7.557364,12.001958,-7.423699,11.307036,1.00002,-50.995474,-73.838994,15.18454,19.136672,-2.748952,-20.993682,38.428931,54.312455,48.801698,-13.732272,11.634942,16.940069,-6.058835,-19.869357,-0.957483,12.276315,-1.920149,-9.388208,25.583605,11.96663,-8.789529,-23.055539,1.167091,2.513163,-11.035921,-31.51577,21.387832,3.809725,-13.519843,-37.943672,28.421648,39.286003,-6.377328,-42.261707,28.143451,34.508151,15.192893,-25.036816,21.78905,22.644501,11.440101,-19.01112,27.006168,29.145966,16.327718,4.081331,20.388551,23.298099,13.762805,-3.744033,31.750538,33.445342,21.986014,-7.934683,22.688322,19.551426,9.735223,20.920629,25.173097
盈利能力,营业利润率,35.051217,38.601199,33.887031,32.607329,34.761767,43.552459,36.859087,34.396393,30.64174,39.367644,31.70559,37.033238,-20.830353,-15.076748,-54.408097,-37.322115,-29.892939,6.936896,10.456557,-7.924403,14.070569,1.339137,-117.130022,-269.983151,13.473824,15.973873,-2.380491,-26.559092,32.514072,42.896639,46.781552,-15.38757,9.631895,14.873852,-7.071551,-25.348385,-1.668946,10.197499,-2.200601,-9.281701,21.915743,9.936322,-9.736745,-28.282586,0.65382,1.588581,-12.623489,-40.597547,20.215156,3.815148,-14.345881,-57.366236,24.768497,32.854528,-6.508991,-66.412713,21.001501,24.700469,12.313227,-28.911627,17.747677,17.487569,9.81943,-20.521558,21.386269,23.102157,13.972432,3.635791,17.605411,18.687961,13.030531,-3.695819,22.211223,23.56266,17.330137,-7.765809,17.539049,15.686787,8.460954,16.607112,19.01979
盈利能力,总资产净利率_平均,7.648359,7.414855,3.671561,1.65138,8.003349,8.874184,4.455679,2.009205,7.127803,7.315255,2.746776,1.527662,-3.442574,-1.92615,-2.372203,-0.8708,-6.604003,-0.258445,0.19079,-0.455936,1.020607,-0.38474,-4.163538,-2.745083,0.397421,0.599848,-1.272215,-1.329742,4.867284,5.916305,3.703086,-1.032581,0.209713,0.531627,-1.298328,-1.143082,-2.241588,-0.334132,-1.242312,-0.751611,1.986936,-0.518362,-1.378377,-1.003977,-1.980806,-1.351421,-1.606379,-1.542388,2.020321,-1.357485,-2.234684,-2.280347,4.202033,5.095778,-1.85587,-2.543986,3.636132,3.742114,0.220844,-1.667189,3.222881,2.629427,0.415783,-1.293617,2.746145,2.162661,0.360333,-0.248266,1.495208,1.282249,0.543613,-0.360724,3.37235,2.28166,0.955194,,2.864125,,,2.357979,2.587151
盈利能力,总资产净利率_平均(含少数股东损益),8.217152,7.806823,3.910434,1.710384,9.264665,9.475653,4.702051,2.10984,7.860901,8.097317,3.127928,1.67655,-3.775154,-2.045042,-2.493134,-0.940447,-6.777284,-0.093057,0.33103,-0.433267,0.961859,-0.456556,-4.359017,-2.851162,0.828651,0.911626,-1.148635,-1.316677,5.126285,6.123793,3.763617,-1.057767,0.19067,0.662605,-1.306632,-1.177805,-1.833886,0.131209,-0.925917,-0.765877,2.889528,0.301151,-1.286057,-1.160315,-1.37868,-0.86417,-1.625245,-1.757753,2.725908,-0.765838,-2.066286,-2.299239,4.498788,5.321777,-1.723776,-2.520319,3.937638,4.057985,0.409411,-1.6151,3.48888,2.724722,0.519646,-1.294842,3.252615,2.611413,0.527123,-0.225423,1.861126,1.578518,0.613593,-0.385062,3.85169,2.704579,1.122298,,3.539803,,,2.970991,3.619648
成长能力,归母净利润,143346199.49,138225125.95,67542474.13,30165648.84,141977627.31,155433951.57,76307085.96,33791653.9,127516722.78,133842678.29,50887874.0,28717802.8,-76764627.09,-42503288.56,-54574168.36,-21917587.34,-175599181.36,-7047196.34,5104308.69,-12335790.11,28521111.29,-10630752.89,-113288999.8,-78423261.87,11405762.62,18010299.78,-37199519.44,-38991614.84,134726722.18,158844178.11,96533650.87,-27529808.82,5501395.78,14026879.88,-33570432.64,-29501412.07,-53940340.97,-7753761.02,-28192335.81,-16732072.08,43007066.33,-10886359.0,-29314587.46,-21004109.04,-37265309.72,-23157390.08,-27339238.22,-25862357.87,31231467.03,-21140220.33,-33639244.52,-32580916.86,55211466.41,64751845.81,-23144586.53,-32643213.84,40152973.49,39632615.77,2314675.53,-16782960.97,29757267.99,23755403.66,3656334.6,-11273744.63,22219225.94,17666522.38,2874294.81,-1955923.12,11308871.74,9629932.37,3981818.67,-2677957.74,21438193.98,14769373.94,5387882.75,-2496076.44,15515337.33,9154267.5,1044643.1,12278200.17,13207030.69
成长能力,营业总收入,638399884.92,503208478.1,292234249.15,131585793.25,692467383.93,553431481.15,311426176.65,141533972.82,719034412.03,579136402.67,339781303.21,159690524.48,256187521.94,224272861.33,106411540.14,58474502.01,434567644.07,360926061.83,251160828.27,88936780.34,405354213.35,252547034.08,97395962.44,29825691.75,676642192.08,522537970.63,283124252.34,108524821.52,648200560.82,503611185.45,266811256.99,109670074.96,539440636.97,393842834.08,214866324.32,91969428.86,451356538.9,354394534.84,201536192.45,91974525.19,428640675.9,330189432.67,171835656.44,70478186.74,386299350.5,289947955.59,154049194.95,61515389.96,342795432.43,267927987.66,141274398.62,50536192.99,369832444.93,284638709.42,145641774.51,42984272.18,375442678.81,291988396.89,153428363.17,42333051.36,338991561.6,249609137.17,152090556.34,38242508.15,247895139.4,186925894.3,92745449.41,33774518.5,181568775.23,127719616.89,71038779.55,28981360.69,169779630.94,126567963.69,69412349.29,22679150.9,185117394.53,136861410.79,73408304.61,161981709.72,159285702.6
成长能力,净利润,154006557.17,145532045.09,71936813.85,31243461.12,164353096.45,165968852.87,80526407.75,35484175.0,140631881.68,148151584.27,57949264.58,31516669.68,-84149411.55,-45108128.75,-57318468.74,-23665129.13,-180160795.28,-2537462.98,8856205.6,-11722451.22,26879373.86,-12615111.02,-118607952.85,-81453802.76,23781794.48,27371380.08,-33586060.2,-38608501.33,141895893.75,164414933.09,98111614.56,-28201310.68,5001827.19,17482704.54,-33785154.64,-30397588.46,-44129637.39,3044808.47,-21012247.4,-17049655.27,62543579.54,6324612.06,-27351162.4,-24274846.97,-25937385.26,-14808060.77,-27660305.49,-29473548.25,42138907.46,-11926463.73,-31104314.78,-32850836.35,59110596.04,67623596.13,-21497243.84,-32339531.16,43482430.03,42978004.05,4291047.76,-16258600.95,32213275.79,24616346.16,4569688.19,-11284419.44,26317104.26,21332325.95,4204740.54,-1775869.53,14076461.63,11854964.58,4494409.09,-2858640.24,24485378.16,17506961.46,6330449.37,-2641630.84,19091673.1,11447429.24,1906561.76,15470208.69,18477779.42
成长能力,扣非净利润,144022821.63,137420499.42,67331555.54,28961752.13,136089004.77,158699483.3,72606210.77,33332874.98,135945678.67,144811346.55,62258339.38,42695093.49,-165060168.86,-57274581.96,-66880390.62,-29819838.16,-241843412.34,-14854833.43,-2469193.94,-16692515.64,-160428598.78,-135354843.25,-152554480.85,-79630933.88,2117166.63,12723698.7,-42459141.5,-42294585.27,5012607.7,34916639.92,-27362537.42,-27997705.23,-30134752.46,506058.52,-35175860.68,-30188655.77,-58499011.82,-9516669.14,-28808595.41,-16502445.6,-25834551.8,-11811658.52,-30767030.68,-21657277.69,-43568037.79,-30147176.68,-33526416.87,-26069218.26,-36797722.77,-22838043.32,-35450424.76,-33461571.39,-11648778.84,-2459013.3,-23206636.53,-32191327.78,40690074.89,40196438.22,2496158.61,-16813174.37,33479683.44,24214689.25,4035832.81,-11114785.2,26334502.21,21815900.88,3676944.29,-1954993.32,11038218.97,10252605.14,4600717.64,-2684746.82,15825112.86,14795873.72,6150000.0,,15154968.08,,,7613888.35,13333878.21
成长能力,营业总收入增长率,-7.807948,-9.074836,-6.162592,-7.028828,-3.69482,-4.438491,-8.34511,-11.369836,180.667226,158.22848,219.308697,173.094287,-41.047722,-37.861826,-57.632111,-34.251609,7.206889,42.914393,157.876016,198.188491,-40.093269,-51.669151,-65.599569,-72.51717,4.387782,3.758213,6.114058,-1.044271,20.161611,27.871105,24.175464,19.246228,19.515414,11.131181,6.614262,-0.005541,5.299511,7.330671,17.284268,30.500697,10.960755,13.878862,11.545961,14.570007,12.690926,8.218614,9.042541,21.725413,-7.310611,-5.870853,-2.99871,17.569032,-1.494298,-2.517116,-5.075064,1.538327,10.752809,16.978248,0.879612,10.696325,36.747966,33.533739,63.987082,13.228877,36.529609,46.356447,30.556084,16.53876,6.943791,0.909908,2.343142,27.788561,-8.285425,-7.521073,-5.443464,,13.666965,,,1.69256,
成长能力,归属母公司净利润增长率,0.963935,-11.071471,-11.485973,-10.730475,11.340398,16.131829,49.951412,17.667964,266.113908,414.899582,193.245349,231.026295,56.142484,-516.85855,-1180.428919,-77.122965,-709.547472,33.709339,104.505564,84.27024,150.058783,-159.025963,-204.544256,-101.12853,-91.534149,-88.661655,-138.535287,-41.634164,2348.955275,1032.427022,387.555575,6.68308,110.199037,280.904206,-19.076449,-76.316549,-225.422042,28.775442,3.828304,20.339053,215.407779,52.989698,-7.225326,18.785018,-219.319754,-9.541857,18.728144,20.621147,-43.433005,-132.648058,-45.343899,0.190842,37.502808,63.380197,-1099.906303,-94.502113,34.935013,66.836212,-36.694099,-48.86767,33.925763,34.465647,27.208057,-476.389967,96.476062,83.454272,-27.814522,26.96587,-47.248953,-34.797964,-26.096783,-7.286687,38.174204,61.338675,415.763015,,23.566638,,,-7.032848,
收益质量,经营活动净现金/销售收入,0.356882,0.383577,0.277855,0.051184,0.41198,0.448118,0.377529,0.294131,0.46004,0.540038,0.487111,0.374708,0.558255,0.175757,0.123778,-0.214681,0.220324,0.216367,0.302279,-0.241108,0.333457,0.037738,-0.552871,-1.547253,0.43196,0.378217,0.268346,-0.050183,0.383068,0.46089,0.452921,0.171845,0.304354,0.197187,0.251158,-0.144088,0.084265,0.078465,0.035482,-0.366209,0.069987,0.165926,-0.054372,-0.317896,0.246144,0.289623,0.409379,0.196737,0.115904,0.279492,0.182666,-0.146181,0.195932,0.299985,0.105219,-0.186382,0.338718,0.38226,0.356379,0.649162,0.360755,0.373183,0.182217,-0.144229,0.423132,0.461721,0.319913,0.140236,0.141265,0.159723,-0.108273,-0.1342,0.097561,0.176575,0.116832,-1.160467,0.29023,0.121479,,0.352057,0.136042
收益质量,经营性现金净流量/营业总收入,0.356882,0.383577,0.277855,0.051184,0.41198,0.448118,0.377529,0.294131,0.46004,0.540038,0.487111,0.374708,0.558255,0.175757,0.123778,-0.214681,0.220324,0.216367,0.302279,-0.241108,0.333457,0.037738,-0.552871,-1.547253,0.43196,0.378217,0.268346,-0.050183,0.383068,0.46089,0.452921,0.171845,0.304354,0.197187,0.251158,-0.144088,0.084265,0.078465,0.035482,-0.366209,0.069987,0.165926,-0.054372,-0.317896,0.246144,0.289623,0.409379,0.196737,0.115904,0.279492,0.182666,-0.146181,0.195932,0.299985,0.105219,-0.186382,0.338718,0.38226,0.356379,0.649162,0.360755,0.373183,0.182217,-0.144229,0.423132,0.461721,0.319913,0.140236,0.141265,0.159723,-0.108273,-0.1342,0.097561,0.176575,0.116832,-1.160467,0.29023,0.121479,,0.352057,0.136042
收益质量,成本费用率,62.521405,61.36244,66.291122,67.676311,61.449829,57.025272,63.1914,64.549032,61.824097,58.023062,63.645435,62.083597,133.268716,114.559601,154.910618,133.504814,94.325257,90.723722,88.9824,110.080555,124.984484,137.308397,230.764625,365.712806,84.970479,80.724839,97.883161,126.657273,83.616324,78.963494,96.220594,111.14086,90.204203,86.684033,104.530693,124.480613,95.97798,87.013815,99.291569,101.493927,87.26138,85.2082,101.616297,118.554945,91.356273,91.20508,108.318539,127.702388,92.787036,91.202292,110.32106,152.660996,86.867221,83.671819,101.347828,159.621258,74.006011,70.828347,79.859361,115.198582,76.351291,76.295702,83.355258,111.096834,72.936635,71.584836,80.267366,89.055033,78.551186,77.573574,86.689706,99.60112,73.436655,70.294464,77.668791,98.059918,77.310185,79.883723,86.501253,79.962614,75.198256
收益质量,期间费用率,24.874016,22.675514,25.767034,27.022101,21.78483,18.957543,22.432686,26.412583,24.385358,24.273883,28.21754,29.066962,62.39495,52.733417,74.42068,59.532809,39.877852,41.50505,41.346913,54.661159,64.068529,71.171722,123.145761,202.238055,42.171588,39.077694,51.105396,70.689521,39.230248,35.100662,45.561514,55.561231,43.022462,40.785638,51.967098,65.515415,47.169499,41.47977,49.657225,50.533989,39.211813,37.615003,46.326785,56.560834,41.217964,41.44295,50.443512,64.622571,40.314574,39.461135,50.890801,78.838995,37.541855,36.319224,47.570786,88.338303,29.972884,28.865587,34.848889,63.336763,27.943515,28.250045,31.331686,58.314407,31.187703,31.275275,38.91976,48.360355,33.996132,32.512526,37.945148,49.161839,30.065125,29.062388,34.035371,54.693862,22.462442,22.255274,28.903463,26.477684,28.675997
收益质量,销售成本率,37.647388,38.686926,40.524087,40.654209,39.664998,38.067728,40.758713,38.136449,37.438738,33.749178,35.427895,33.016634,70.873765,61.826184,80.489937,73.972005,54.447404,49.218672,47.635486,55.419396,60.915954,66.136674,107.618863,163.474751,42.79889,41.647144,46.777764,55.967751,44.386076,43.862831,50.659079,55.579629,47.18174,45.898394,52.563595,58.965197,48.808481,45.534045,49.634343,50.959938,48.049566,47.593196,55.289511,61.994111,50.138309,49.762129,57.875027,63.079816,52.472461,51.741157,59.430258,73.822001,49.325365,47.352595,53.777041,71.282954,44.033127,41.96276,45.010472,51.861819,48.407775,48.045656,52.023571,52.782426,41.748932,40.30956,41.347606,40.694677,44.555054,45.061048,48.744558,50.439281,43.37153,41.232075,43.63342,43.366056,54.847742,57.628448,57.59779,53.48493,46.522259
收益质量,经营活动净现金/归属母公司的净利润,1.589393,1.396413,1.202192,0.223274,2.009351,1.59555,1.540781,1.231951,2.594049,2.336745,3.25247,2.083633,,,,,,,14.873838,,4.739245,,,,25.625868,10.973335,,,1.843028,1.46124,1.251837,,29.843524,5.536566,,,,,,,0.697543,,,,,,,,1.272158,,,,1.312449,1.318688,,,3.167124,2.816256,23.6226,,4.109682,3.92121,7.579617,,4.720794,4.885384,10.322704,,2.268083,2.11838,-1.931682,,0.772639,1.513182,1.505161,,3.522144,1.816188,,4.644566,1.640759
收益质量,所得税/利润总额,29.603178,24.477799,26.544427,27.790567,30.438455,27.32272,29.477366,26.819674,32.498242,30.518407,37.796945,30.079702,,,,,,110.253927,66.982851,,53.077672,463.783254,,,72.759452,66.091762,,,31.87429,23.876263,21.690707,,91.165255,69.770471,,,,91.957025,,,34.640981,81.214729,,,729.736834,322.811917,,,38.056724,228.113287,,,35.262616,27.725143,,,44.393468,39.778462,76.948914,,42.879591,42.917856,68.491955,,46.103396,45.302277,65.407489,244.664359,51.592437,48.641969,46.972322,,38.147502,41.165752,46.592193,,41.939103,46.44621,69.158367,42.908892,38.718617
财务风险,流动比率,2.418192,2.291859,1.802163,1.916682,1.635053,1.598745,1.193814,1.120029,0.933048,0.847747,0.638374,0.606475,0.537368,0.457607,0.55257,0.862553,0.776658,0.820626,0.797591,0.926696,0.930075,0.600085,0.406919,0.577203,0.680789,0.794802,1.063886,1.19616,1.117707,0.592239,0.518787,0.352906,0.374907,0.476124,0.411647,0.480162,0.504366,0.455661,0.406608,0.391237,0.464312,0.422824,0.616425,0.664582,0.765271,0.475838,0.520981,0.532911,0.713446,1.180374,1.342009,0.773744,0.76081,0.602328,0.551108,0.689894,0.643855,1.241759,1.153528,0.870941,1.028602,1.242964,1.393685,1.430012,1.236684,0.848789,0.835438,0.921386,0.870026,1.208133,1.340867,1.308794,1.122317,1.196356,0.45657,,0.419529,,,0.547891,0.624207
财务风险,速动比率,2.36977,2.251712,1.764957,1.874056,1.603507,1.566627,1.164827,1.084971,0.906743,0.824694,0.626173,0.592147,0.522415,0.439885,0.541486,0.85345,0.768208,0.813298,0.789319,0.921804,0.925777,0.596094,0.403488,0.573939,0.677354,0.79221,1.061071,1.193076,0.96739,0.455634,0.365622,0.127505,0.143522,0.256132,0.132576,0.182926,0.195482,0.285619,0.232186,0.209867,0.343894,0.315164,0.530939,0.578642,0.691015,0.380673,0.417996,0.429112,0.585508,0.843098,0.94807,0.442632,0.45665,0.368215,0.234748,0.389755,0.280356,0.456715,0.440869,0.276829,0.384469,0.57792,0.614246,0.577884,0.464629,0.481584,0.443079,0.514123,0.465861,0.723998,0.78889,0.877743,0.796073,0.998079,0.373773,,0.339817,,,0.496044,0.577385
财务风险,保守速动比率,1.659778,1.539581,1.650852,1.74675,1.510231,1.458901,1.05897,0.944148,0.791692,0.698053,0.502166,0.490441,0.416577,0.378259,0.495161,0.04301,0.676408,0.722157,0.720191,0.845744,0.876178,0.433802,0.225157,0.285995,0.373361,0.454651,0.626145,0.688543,0.776351,0.387024,0.289148,0.073702,0.087895,0.198234,0.082105,0.108639,0.138769,0.204779,0.181895,0.148997,0.225267,0.232729,0.368747,0.392066,0.520458,0.154834,0.246844,0.204027,0.319823,0.755982,0.851792,0.311083,0.323167,0.264471,0.190402,0.356089,0.229885,0.356826,0.35665,0.206626,0.315948,0.299088,0.248189,0.461363,0.391661,0.408249,0.362041,0.419761,0.370494,0.590824,0.593915,0.739523,0.672437,0.844217,0.26222,,0.219277,,,0.322814,0.25326
财务风险,资产负债率,20.018367,19.282298,21.220392,19.801321,23.61769,21.184335,22.462133,19.812363,23.248746,26.320271,33.218371,36.612499,38.025263,36.731234,41.391403,48.668412,50.42834,47.159901,44.190995,45.954984,44.83471,57.569922,60.709806,63.114372,60.999013,62.400982,62.536711,60.592188,65.923438,62.449572,62.693535,68.415761,67.491947,67.395553,68.04358,67.826632,66.474659,62.644818,61.614422,46.534887,46.342735,45.697672,48.590489,46.355085,45.110206,56.954318,57.117713,54.352451,48.865793,52.732767,51.194939,60.696221,57.876764,58.593352,63.952146,66.410902,59.558515,56.705107,59.951635,57.622993,55.474959,54.424118,53.69162,53.692185,48.874368,50.376309,50.3375,49.49912,47.212873,46.766667,45.056921,46.860737,46.219882,48.514507,61.219447,,55.039472,,,58.430379,57.80075
财务风险,权益乘数,1.326016,1.318395,1.335094,1.323598,1.353073,1.330082,1.345374,1.321133,1.500522,1.529773,1.605851,1.645594,1.88518,1.866842,1.930495,2.053574,1.974109,1.919669,1.867216,1.896871,2.225287,2.585767,2.688468,2.774259,2.832445,2.892686,2.832982,2.750539,3.098441,2.965336,2.981778,3.282479,3.182324,3.184284,3.212824,3.194454,2.70294,2.540203,2.512233,2.344557,2.311592,2.30933,2.362518,2.313342,2.523156,3.109308,3.099945,3.008851,2.791047,2.95142,2.887559,2.773995,2.629001,2.53841,2.731045,2.839525,2.447784,2.344838,2.424965,2.364922,2.166895,2.135305,2.119406,2.128146,1.98781,2.018216,2.007433,1.994685,1.934031,1.924552,1.89071,1.928887,2.117281,2.188564,2.613485,,2.597727,,,2.710073,2.709074
财务风险,权益乘数(含少数股权的净资产),1.250287,1.238885,1.269364,1.246903,1.309203,1.268783,1.289692,1.247075,1.30291,1.357225,1.497417,1.577598,1.61356,1.580558,1.706234,1.948118,2.017281,1.892502,1.791825,1.850309,1.812734,2.356818,2.545164,2.711083,2.564037,2.659643,2.669279,2.537567,2.934568,2.663085,2.6805,3.166136,3.07616,3.067066,3.129261,3.10816,2.982818,2.677004,2.605145,1.870378,1.86368,1.841541,1.945165,1.864109,1.821832,2.323113,2.331965,2.190698,1.955638,2.11563,2.048967,2.544284,2.373986,2.415071,2.77409,2.977156,2.472708,2.309741,2.49698,2.35977,2.245927,2.194142,2.159436,2.159462,1.955966,2.015166,2.013591,1.980163,1.894401,1.878522,1.820065,1.881847,1.859423,1.942294,2.578612,,2.224173,,,2.405602,2.36971
财务风险,产权比率,25.988934,24.749578,27.901228,25.586127,32.019116,27.788202,30.11455,25.613731,31.390235,37.01773,51.369092,59.448897,63.12157,59.898511,72.875288,98.146991,105.384833,92.646197,82.100707,88.137388,84.127996,142.400903,162.532524,180.216611,164.611919,175.763008,169.110891,155.212544,196.512829,171.053221,172.717055,227.924734,218.344961,218.259113,224.55286,221.251989,208.019814,173.176022,166.991992,109.47353,108.291369,106.644586,118.674573,108.567903,103.088219,190.107883,189.632279,169.830179,141.748245,170.577819,159.295673,174.964295,154.648382,146.584367,184.806664,207.090153,153.671203,135.054843,152.635656,139.866916,127.868616,122.15308,119.021237,120.122501,98.900066,104.957247,103.916556,100.955124,92.06784,90.323377,83.985414,90.921638,88.631303,98.224002,168.221039,,137.216229,,,158.406871,156.586512
财务风险,现金比率,1.593012,1.50811,1.613234,1.706024,1.478464,1.422405,1.023384,0.908408,0.74728,0.654675,0.477597,0.466152,0.40119,0.359589,0.481857,0.029086,0.66256,0.711172,0.703988,0.831049,0.865012,0.415169,0.212177,0.274292,0.354322,0.443081,0.618312,0.674784,0.764497,0.381375,0.280799,0.065398,0.078394,0.190038,0.072184,0.095659,0.125422,0.193149,0.17347,0.138147,0.213182,0.220321,0.359281,0.382213,0.507314,0.140517,0.233926,0.192565,0.304765,0.742534,0.841286,0.302367,0.314649,0.254864,0.184398,0.349292,0.217299,0.334495,0.348828,0.198516,0.308394,0.286544,0.240714,0.452052,0.381907,0.401859,0.355885,0.411619,0.365128,0.577068,0.577623,0.729182,0.665238,0.840553,0.259788,,0.215354,,,0.31668,0.240508
营运能力,应收账款周转率,58.314179,68.982032,34.708885,16.221593,69.914211,53.120366,29.547065,14.709934,71.173271,53.478093,35.290914,15.575167,25.98833,21.038935,10.720455,5.447784,46.05736,44.136344,27.394133,9.79127,31.971872,15.631126,6.559071,2.021831,48.717298,46.868345,32.908699,,63.100621,,27.67406,10.944921,49.974546,40.229941,20.782109,8.099394,42.731149,33.475668,23.055577,9.658125,43.522741,36.931688,20.022475,8.23411,47.323038,38.243354,22.202576,9.531897,64.95858,55.591674,36.84167,13.254571,72.644628,47.589263,29.156228,8.07453,88.918268,78.389384,73.841172,18.202703,151.090074,85.271723,73.693479,17.057585,135.952546,120.850804,64.097465,20.625015,126.863768,64.398142,35.61969,16.846949,129.824866,128.971198,76.609221,,139.408221,,,92.266534,83.239748
营运能力,应收账款周转天数,6.173455,3.914062,5.185991,5.54816,5.149167,5.082796,6.091975,6.118314,5.058078,5.048796,5.100462,5.778428,13.852371,12.833349,16.790331,16.520477,7.81634,6.117407,6.570749,9.191861,11.259897,17.273227,27.442909,44.514104,7.389572,5.760817,5.469678,8.313582,5.705173,5.640174,6.504285,8.222991,7.203667,6.711419,8.661295,11.111942,8.424767,8.065559,7.807221,9.318578,8.271537,7.310794,8.989897,10.930142,7.607288,7.06005,8.107167,9.441981,5.541993,4.856842,4.885771,6.790109,4.955631,5.673548,6.173637,11.146158,4.048661,3.444343,2.437664,4.94432,2.382684,3.166348,2.442549,5.276244,2.647982,2.234159,2.808223,4.363633,2.837689,4.192667,5.053384,5.342213,2.772966,2.09349,2.349586,,2.582344,,,3.901739,4.324856
营运能力,存货周转率,26.651013,23.833623,14.193454,6.465001,36.720114,28.176037,17.438522,7.545464,35.482576,25.666302,17.732367,6.881906,11.547306,8.460031,5.6367,2.892683,48.279415,40.533774,28.463891,15.299086,80.561097,52.837326,32.96199,15.048826,4.444262,3.351402,2.042223,0.937239,1.501145,1.056554,0.648336,0.236887,0.993513,0.74604,0.429047,0.207479,1.236352,1.228356,0.787767,0.374246,2.663124,2.495138,1.552233,0.730105,3.481442,2.550133,1.56234,0.685879,1.845338,0.980178,0.598308,0.265651,1.138414,0.842377,0.416491,0.163983,0.908179,0.664646,0.377193,0.11986,0.891323,0.644846,0.426289,0.105896,0.729612,0.750505,0.38466,0.139912,0.960609,0.740181,0.452306,0.196056,1.593304,1.471489,1.278908,,5.818356,,,8.440447,10.546564
营运能力,存货周转天数,13.507929,11.328533,12.681902,13.921109,9.80389,9.58261,10.321975,11.927695,10.145824,10.519629,10.150928,13.077771,31.176102,31.914776,31.933576,31.112981,7.456593,6.661111,6.323801,5.882704,4.468658,5.110023,5.460835,5.980532,81.003315,80.563287,88.139225,96.026692,239.816819,255.547729,277.633624,379.927821,362.350524,361.910593,419.534212,433.776907,291.179076,219.805918,228.493953,240.482892,135.179574,108.210414,115.961921,123.269888,103.405411,105.876799,115.211765,131.218342,195.086153,275.459899,300.84835,338.790106,316.22933,320.521228,432.182086,548.835826,396.397295,406.23085,477.208324,750.872882,403.893737,418.704381,422.248258,849.88316,493.412316,359.757377,467.945561,643.259493,374.762147,364.775217,397.960419,459.051932,225.945481,183.48758,140.74498,,61.873145,,,42.651764,34.134336
营运能力,总资产周转率,0.340623,0.269937,0.158856,0.072035,0.390347,0.31597,0.181846,0.084154,0.401918,0.31653,0.183403,0.084948,0.114518,0.099372,0.045772,0.023304,0.165078,0.132364,0.093879,0.032871,0.145053,0.091399,0.035794,0.01044,0.235768,0.174035,0.096827,0.03701,0.234175,0.187574,0.10235,0.041134,0.205635,0.149268,0.083099,0.035635,0.187569,0.152718,0.088808,0.041315,0.198033,0.157222,0.080797,0.033687,0.205334,0.169208,0.090515,0.036686,0.221749,0.172045,0.093849,0.03537,0.281472,0.224002,0.116784,0.033498,0.339989,0.275695,0.146387,0.042052,0.367147,0.276286,0.172951,0.043881,0.306381,0.228826,0.116269,0.042872,0.240062,0.170061,0.096984,0.039038,0.267073,0.195529,0.123058,,0.347581,,,0.311079,0.312027
营运能力,总资产周转天数,1056.884609,1000.23054,1133.098292,1249.392528,922.255643,854.510339,989.84755,1069.465703,895.703426,852.998016,981.440724,1059.466163,3143.603398,2717.056805,3932.466155,3861.885278,2180.779687,2039.824145,1917.347193,2737.936924,2481.849455,2954.051044,5028.711388,8620.676942,1526.91877,1551.406352,1858.968799,2431.739789,1537.305365,1439.42532,1758.66567,2187.929276,1750.672895,1808.8162,2166.090027,2525.599121,1919.289849,1767.954126,2026.840397,2178.368328,1817.878627,1717.313891,2227.792343,2671.579525,1753.239174,1595.667617,1988.617237,2453.200875,1623.452044,1569.350848,1917.958245,2544.498725,1278.990269,1205.345045,1541.304259,2686.649441,1058.855848,979.340887,1229.617232,2140.161453,980.533374,977.247529,1040.755187,2050.966125,1175.005359,1179.931758,1548.127316,2099.256712,1499.612007,1587.657434,1855.959809,2305.428629,1347.945669,1380.864384,1462.722472,,1035.729134,,,1157.260719,1153.743094
营运能力,流动资产周转率,1.394137,1.130114,0.699617,0.329365,2.093782,1.716724,1.112704,0.587759,2.653054,2.093696,1.180085,0.53578,0.539605,0.497899,0.2105,0.090917,0.686914,0.560825,0.432405,0.13688,0.639263,0.457613,0.192999,0.049121,0.85647,0.584371,0.294805,0.113522,0.952996,0.901541,0.55608,0.267576,1.294572,0.863032,0.525984,0.216671,1.121829,0.862344,0.541167,0.258884,0.904611,0.784215,0.326913,0.13227,0.855161,0.929386,0.487355,0.194834,1.035135,0.628917,0.339994,0.148839,1.106425,0.840674,0.440994,0.112696,1.224595,0.996651,0.521206,0.150966,1.151249,0.773559,0.483575,0.122274,0.97602,0.833197,0.434587,0.155704,0.79939,0.560984,0.320032,0.120371,0.950506,0.614066,0.541333,,1.447963,,,1.370657,1.700474
营运能力,流动资产周转天数,258.224094,238.913782,257.283401,273.252421,171.937596,157.276219,161.768024,153.123797,135.692666,128.958505,152.531301,167.979113,667.153659,542.278251,855.104433,989.910584,524.082347,481.433239,416.276137,657.505557,563.148042,590.017889,932.64517,1832.195649,420.329958,462.03466,610.572107,792.791357,377.755902,299.48708,323.694047,336.352875,278.084082,312.850439,342.21549,415.375024,320.904305,313.099865,332.614412,347.644885,397.960948,344.29314,550.604423,680.425879,420.973001,290.51413,369.340372,461.929806,347.780484,429.309265,529.41993,604.679687,325.37225,321.170866,408.168329,798.607132,293.974605,270.90701,345.352637,596.158459,312.703649,349.036007,372.227544,736.051429,368.844862,324.052977,414.185752,578.017663,450.34309,481.296796,562.443753,747.688019,378.745376,439.691627,332.512051,,248.625135,,,262.647727,211.705663
营运能力,应付账款周转率,45.637011,36.075924,24.791477,11.64325,55.141658,43.813056,24.92631,11.436309,56.922432,41.233442,22.945402,11.958108,40.440064,31.308687,18.626826,6.244764,63.496124,47.426037,32.575179,12.995243,51.318002,29.654993,18.132607,8.897685,31.500195,16.097593,1.740688,,29.733118,,6.389575,10.86301,51.843585,34.215449,28.702925,17.321591,114.840758,56.060906,49.660102,32.63746,94.030875,67.379928,49.101126,24.389783,91.770396,95.640882,48.240874,15.007345,68.802579,96.930408,68.159804,27.073637,109.744452,58.942736,86.159474,36.64863,173.868867,120.432751,82.788975,36.598032,238.352804,45.898685,127.98944,49.381569,144.40774,51.439244,24.151686,9.385121,47.006499,23.447618,17.440309,8.91907,28.39408,15.900451,6.618168,,22.746537,,,22.949301,17.189631
