选项,指标,20251231,20250930,20250630,20250331,20241231,20240930,20240630,20240331,20231231,20230930,20230630,20230331,20221231,20220930,20220630,20220331,20211231,20210930,20210630,20210331,20201231,20200930,20200630,20200331,20191231,20190930,20190630,20190331,20181231,20180930,20180630,20180331,20171231,20170930,20170630,20170331,20161231,20160930,20160630,20160331,20151231,20150930,20150630,20150331,20141231,20140930,20140630,20140331,20131231,20130930,20130630,20130331,20121231,20120930,20120630,20120331,20111231,20110930,20110630,20110331,20101231,20100930,20100630,20100331,20091231,20090930,20090630,20090331,20081231,20080930,20080630,20080331,20071231,20070930,20070630,20070331,20061231,20060930,20060630,20060331,20051231,20041231,20031231
常用指标,归母净利润,63431196.44,40073729.56,23250966.78,6445924.69,33258908.33,43501064.35,24154600.39,7886253.27,61324594.87,55288652.33,31181057.52,9939064.28,41672895.29,30150982.1,3067171.72,-9284155.62,28038597.47,12007862.47,16713351.65,-13594805.31,43399109.91,15066642.3,312388.44,-18909819.88,73858564.48,59304311.55,36024989.28,12931122.7,77415593.01,59953954.44,47072920.48,15776124.97,103477134.3,72810899.81,48658694.72,9162556.41,41628178.0,35703774.75,17126954.55,9593957.23,53102957.47,23012219.96,16565234.47,3169805.08,39852369.62,19667108.78,15583826.63,6996493.16,72193258.78,43108101.9,24353883.53,6163265.79,110185117.99,60672312.58,26872337.33,12886334.8,117123459.62,55447232.82,29095807.07,13326918.03,112468134.66,54120717.42,24125535.14,11561250.55,85377406.42,43796424.76,23381955.19,8580602.39,64878539.21,47605873.83,25811027.14,9800762.8,58543252.13,40169795.67,20960434.8,7993645.83,43505560.28,35179498.43,18129218.32,4445749.7,38892443.2,27242985.92,12121466.36
常用指标,营业总收入,1822615352.54,1283343678.21,850915882.91,446684371.18,1870275580.61,1403958158.54,915228172.23,561690825.86,1834461165.37,1352565467.16,886535501.59,481210388.16,1414842364.07,1064223287.96,658154786.99,379466375.85,1373972572.41,945469053.97,617030456.48,323514307.84,1140251437.78,807371312.4,491659481.43,261054974.69,1210715414.19,942116864.14,571251457.6,305651068.73,1035797443.12,786687437.6,496138552.37,266898968.94,938412720.82,682381451.5,427500288.52,220692798.66,834650864.45,605639735.35,392205867.41,203802055.33,758999317.03,537260574.46,341621423.45,170704781.6,612738650.77,394423285.69,270111415.09,144277000.37,534713684.74,366979875.66,246418322.37,131579785.26,606627910.15,452199222.53,287432270.95,171283425.8,700370845.06,512271699.51,311543541.14,178192792.87,514503929.32,375336956.76,239709929.96,134254905.04,442181331.61,326148058.54,205951204.65,121754226.41,421886725.14,320798063.61,209628553.72,115359295.53,409232545.34,304364218.76,201760096.2,114905660.5,341482455.97,251881402.02,163605944.02,96582875.15,317645343.74,293595837.88,228577418.74
常用指标,营业成本,1684858543.21,1210704448.68,801724630.36,425323219.09,1743028444.91,1295285547.25,850309734.17,530820658.11,1683465699.73,1247115587.34,825557831.16,462128131.62,1313434365.71,1011464895.47,646340197.2,383271833.6,1258519554.71,883370632.4,566497979.97,324541347.84,1028712398.16,765076686.35,482131946.23,275246285.65,1065484123.72,831950048.39,504136092.44,282569218.18,913491637.75,702288399.32,437345168.01,247529638.03,847998597.17,618041392.33,391966362.93,206620932.0,780916789.9,572051116.62,370582879.54,195720220.67,742895738.01,533904553.82,344980741.32,180486519.79,598029151.78,383141080.36,258961036.29,139491670.71,484585300.22,336336048.11,218395609.61,122156487.05,514808874.78,390120088.16,239431232.71,149963873.81,551607531.31,418980830.9,263153838.31,156487447.58,417191104.63,313516739.35,201753306.58,114163833.59,344885231.47,270237180.14,175076420.32,105703270.87,333502599.75,258219011.87,167632150.03,98690538.39,335842639.24,252492063.32,171534330.03,101113798.88,285377804.99,212915816.58,138747051.14,84414299.01,269774069.01,253251344.58,210687870.83
常用指标,净利润,99770655.83,56410813.45,34627666.35,12215325.62,72330393.16,74763054.21,45224486.15,20096896.82,118354811.25,94368602.46,55307279.85,24039966.38,84902090.41,55555293.02,15912741.52,-3727728.9,80804075.05,45888869.95,42200611.16,-3460016.71,89945774.23,42691875.51,14917910.73,-15386247.99,117500080.69,90341735.87,55310785.63,22378954.31,116042613.24,86295342.12,66824767.43,22677215.58,136412521.18,95664659.93,61718416.19,12950002.73,52667766.21,43092182.12,22576048.0,11736874.23,42693046.0,11227933.87,6895851.3,-4045127.28,32084641.88,16621724.82,14339471.33,7023679.4,74908905.15,44032326.44,26060431.78,6194488.4,125740207.44,69802211.28,33909484.4,16111369.6,140688658.91,65033515.94,34501790.31,16145467.61,121571835.82,57708153.08,26602011.0,13385574.88,92080356.1,45491305.78,24098666.33,9353337.65,69412738.94,49684760.36,27009762.26,10512456.95,59985032.67,40784157.15,21275954.77,8317798.54,43985670.36,35370305.46,18202841.47,4476615.08,39109019.64,27479980.25,12091992.55
常用指标,扣非净利润,57536559.75,36061415.92,21202039.38,5208106.32,30876553.02,34858634.24,17733734.95,4514077.86,31322021.06,37741400.55,18910695.16,4564492.29,16784074.24,10806773.77,-9331715.24,-13448785.74,13266042.23,-2930704.96,3092838.9,-17958980.29,21388771.25,1583435.4,-10094313.65,-21049527.75,62940798.78,54081570.66,31276679.93,9314750.64,66303863.9,49235160.08,37727364.2,10734505.87,85257065.43,61269636.95,39943269.03,6146892.31,18011543.61,15714779.65,6454082.22,1898386.23,29317892.73,7148675.1,175845.61,-4975077.74,23584314.26,13597914.43,12125145.28,5581952.0,69587407.98,41242525.59,23137126.44,5591741.62,102444374.34,60094848.05,23985038.07,10462235.37,101716628.39,52555889.07,26051430.01,11266788.35,103060854.25,48136778.79,20861802.44,10168970.21,76569608.95,39940052.34,21901088.69,7806753.5,60281524.34,46864925.16,25015546.72,9326052.91,56714044.9,43739374.97,23521710.08,9509029.03,41975669.01,34075198.43,,,38273700.0,26744800.0,11705500.0
常用指标,股东权益合计(净资产),2418967493.88,2375607651.5,2353519233.94,2383140293.21,2370924967.59,2381266049.4,2364634340.99,2401114252.74,2385623574.43,2358690813.65,2326942891.04,2349075577.57,2326023467.54,2295687860.92,2273158709.42,2292468239.0,2297395967.9,2292418436.8,2298825555.06,2280978327.19,2284438343.9,2251392379.95,2242468335.17,2212164176.45,2227610418.38,2194384120.16,2168484009.92,2195632823.18,2183837240.54,2152889969.42,2133419394.73,2170264342.88,2147587127.3,2112839266.05,2122393022.31,2078124608.85,2065174606.12,2055668173.74,2050152039.63,2036389237.15,2101200478.42,1996789695.3,2006043436.91,1997781933.41,2007059060.69,1991597864.99,2013313890.14,2005998098.22,2006344418.81,1975467840.1,1991995945.44,1934339952.06,1879145463.66,1823207467.5,1787314740.62,1771380825.82,1755269456.22,1594844313.25,1594312587.62,1512749164.92,1496603297.31,1414739646.07,1310133453.99,1298112017.87,1284726442.99,1240527392.67,1141060353.22,1126315024.54,1116961686.89,1096737246.08,1104062247.98,1006432316.4,997098685.72,982761705.0,873246017.65,858447365.09,404133885.05,369946881.2,,,353882283.78,326173264.14,307559332.65
常用指标,商誉,,,,,,,,,,,,,,,,,,,,,,,,,,,,,,,,,,,,,,,,,,,,,,,,,,,,,,,,,,,,,,,,,,,,,,,,,,54062.61,54062.61,,,,,,,,
常用指标,经营现金流量净额,151168901.12,120334065.8,-4043485.5,-18416049.16,122813733.34,56662582.07,195503648.3,94867390.32,296109020.77,319019767.65,233781711.29,147216212.88,-4276672.86,156794697.67,16845049.75,73610704.58,251057972.53,182297284.11,45244879.79,85379002.88,134135176.01,198922350.25,94945316.39,59321039.51,74914512.55,108815776.64,28491714.8,-22095086.58,198562306.42,269820540.08,125759879.17,32018546.18,283411099.05,177621951.75,98025951.54,58103905.6,116178640.14,103202935.47,14161374.8,-7555588.58,130796604.55,88082837.7,38080751.25,1320572.02,108947081.32,106618358.31,52263081.81,8751193.79,52906994.68,56955024.34,40565622.19,3513394.64,111722205.61,36677705.19,15113090.28,7438089.99,91347652.65,61881137.16,17555684.94,12901955.1,62330876.62,49337052.58,14822251.73,-6614987.71,65041481.19,16984003.55,25680427.68,6224997.66,58111459.01,48165222.96,24635747.28,-621731.56,66571866.13,45930477.34,27667306.48,7710221.18,65294637.31,57824281.7,37160165.91,8121850.55,73770110.23,52420146.55,63329049.97
常用指标,基本每股收益,0.163,0.103,0.06,0.017,0.085,0.112,0.062,0.02,0.157,0.142,0.08,0.025,0.107,0.077,0.008,-0.024,0.072,0.031,0.043,-0.045,0.145,0.05,0.001,-0.063,0.246,0.198,0.12,0.043,0.258,0.2,0.157,0.053,0.345,0.243,0.162,0.031,0.139,0.119,0.057,0.032,0.177,0.077,0.055,0.011,0.133,0.066,0.052,0.023,0.2406,0.144,0.081,0.021,0.367,0.202,0.09,0.043,0.39,0.185,0.097,0.044,0.375,0.18,0.08,0.039,0.285,0.146,0.078,0.029,0.22,0.159,0.086,0.033,0.22,0.171,0.1,0.033,0.23,0.185,,,0.2,0.14,0.06
常用指标,每股净资产,4.121127,4.061236,4.017318,4.044228,4.0277,4.06357,4.015804,4.095136,4.076338,4.064365,4.002551,4.048084,4.022599,3.990582,3.921137,3.969467,3.993272,3.918256,5.110403,5.059376,5.104692,5.019387,4.976472,4.912398,4.95694,4.906458,4.827333,4.950622,4.906846,4.848641,4.805704,4.941381,4.888794,4.786574,4.826066,4.694412,4.663871,4.644249,4.632327,4.695153,4.667341,4.570181,4.591535,4.551731,4.541165,4.473886,4.54027,4.511645,4.488324,4.391373,4.443859,4.383224,4.362679,4.197637,4.08497,4.03835,3.995396,3.789808,3.80197,3.749407,3.704984,3.510493,3.410509,3.368628,3.33009,3.191487,3.123439,3.074101,3.045499,2.986269,3.013619,2.960252,2.927582,2.883753,2.814947,2.765782,1.975034,1.925888,,,1.841813,1.697116,1.599515
常用指标,每股现金流,0.387612,0.308548,-0.010367,-0.04722,0.314907,0.142252,0.499315,0.242165,0.762647,0.817999,0.59944,0.377477,-0.010965,0.402037,0.043192,0.188745,0.643738,0.467428,0.150816,0.284596,0.447117,0.663074,0.316484,0.197736,0.237094,0.364315,0.091973,-0.074515,0.661874,0.899401,0.419199,0.106728,0.944703,0.592073,0.326753,0.193679,0.387262,0.344009,0.047204,-0.020916,0.419022,0.276772,0.119844,0.004401,0.363156,0.355394,0.17421,0.02917,0.176356,0.18985,0.135218,0.011711,0.372407,0.122259,0.050376,0.024793,0.304492,0.20627,0.058518,0.043006,0.207769,0.164456,0.049407,-0.022049,0.216804,0.056613,0.085601,0.020749,0.193704,0.16055,0.082119,-0.002072,0.221906,0.153101,0.092224,0.0257,0.343655,0.304338,,,0.388263,0.275895,0.33331
常用指标,净资产收益率(ROE),3.99,2.54,1.48,0.41,2.1,2.73,1.53,0.49,3.87,3.51,1.99,0.63,2.67,1.94,0.2,-0.6,1.82,0.78,1.09,-0.9,2.87,1.0,0.02,-1.27,4.98,3.98,2.46,0.87,5.33,4.07,3.35,1.07,7.21,5.1,3.42,0.65,2.97,2.52,1.21,0.66,3.74,1.637,1.176,0.23,2.94,1.456,1.151,0.52,5.44,3.259,1.844,0.47,8.79,4.937,2.217,1.07,10.14,4.896,2.584,1.19,10.66,5.274,2.386,1.15,8.93,,2.527,,7.22,,2.9,,8.35,,4.56,,11.98,,,,11.67,8.7,4.07
常用指标,总资产报酬率(ROA),4.381949,2.492304,1.557093,0.627391,3.569439,3.157863,2.011795,0.962037,5.128506,3.91524,2.350237,0.990341,3.78627,2.366053,0.954328,0.215288,4.584349,2.658027,2.167978,0.327108,4.356622,2.266123,1.012405,-0.244103,5.550354,4.355084,2.766185,1.137941,5.197507,3.982585,3.057929,0.967085,5.837183,3.957824,2.668692,0.666559,3.308665,2.536555,1.549856,0.660977,2.879403,1.347638,1.012098,0.248824,1.921768,0.830612,0.764288,0.315294,3.436561,2.062877,1.500011,0.3565,6.988658,3.651811,2.396566,0.892208,8.673511,4.36208,2.558476,1.213705,8.947169,4.583632,2.38928,1.229648,8.492726,4.322484,2.310331,0.927653,7.52658,4.969006,2.710184,0.876907,10.325505,7.523987,4.596081,1.98825,12.663319,9.765339,,,11.918637,9.564194,4.599177
常用指标,毛利率,24.107822,24.69745,24.765142,22.591964,24.558703,26.150108,26.046354,20.30388,27.751127,26.812606,26.232289,20.526985,30.22982,25.801406,24.399956,20.417689,32.224248,29.499525,32.7256,27.978035,34.012602,47.125554,44.942892,37.066958,55.923575,53.405791,55.636749,50.854841,59.890856,62.70404,64.44249,60.305067,59.737622,61.66909,62.910046,58.250439,60.379878,62.268158,63.467694,59.264214,61.459733,63.229434,63.62348,57.602582,51.875125,52.777306,52.216173,49.050987,57.378067,59.377187,60.234333,53.729851,58.266417,55.862896,58.716642,48.169848,54.602713,50.941462,53.215614,46.880758,50.654059,47.45062,49.038917,42.91274,50.595534,47.760105,47.985284,40.200444,52.773562,50.035244,50.556774,42.717854,50.582353,48.661878,47.234478,40.054038,54.056158,54.20282,55.648806,44.767427,55.484804,56.811475,58.643514
常用指标,销售净利率,5.474037,4.395612,4.069458,2.734665,3.867365,5.266241,4.892928,3.514754,6.431299,6.977008,6.238586,4.995728,5.986959,5.220266,2.417781,-0.98236,5.881054,4.853555,6.839307,-1.069509,7.88824,5.287762,3.034195,-5.893872,10.004211,9.821506,9.89569,7.533154,11.203214,10.969457,13.468972,8.496554,14.536516,14.019235,14.437046,5.867886,6.310155,7.115151,5.756172,4.863478,5.028561,1.342571,1.279813,-2.369662,5.236268,4.214184,5.308724,4.86819,14.009161,11.998567,10.575687,4.707781,20.727731,15.436163,11.797382,9.406263,20.087737,12.695121,11.074468,9.060898,23.628942,15.375038,11.097584,9.970268,20.824116,13.948053,11.701153,7.682146,16.452932,15.487861,12.884581,9.112795,14.657933,15.007992,12.261246,8.940628,12.880799,14.042444,11.126026,4.634998,12.312165,9.359798,5.290108
常用指标,期间费用率,14.826914,17.198608,17.19325,16.142819,15.990579,16.647409,17.141495,13.359317,19.030005,18.584239,18.931599,16.196645,22.599794,20.383988,22.148757,20.999421,22.731562,22.39237,23.96382,27.71708,23.461888,41.161749,42.228824,41.711319,40.727345,38.637722,40.62464,40.376445,44.805171,48.759597,49.222757,49.534645,46.429541,48.326861,50.823091,47.969183,50.519825,55.128571,54.801262,52.799812,55.859741,59.316044,61.440854,59.812863,45.681774,45.820528,44.098328,42.26485,44.791803,47.570736,45.827179,43.571009,39.8727,38.746759,38.708314,32.938096,29.299158,29.470271,34.40129,31.575181,28.747705,28.335298,30.204687,25.363863,25.454233,27.607707,30.124687,24.580809,28.68378,27.412694,27.541078,25.784606,29.393731,28.548278,29.310042,25.595915,34.120526,35.029788,36.93001,29.34094,36.803757,39.320504,48.556751
常用指标,资产负债率,25.278535,30.785199,30.669382,31.417672,28.567751,36.044267,41.308955,39.939982,33.234547,39.699432,40.434097,39.714295,43.291596,39.253547,39.465355,41.202455,38.034281,38.877613,39.069131,33.09486,28.486769,29.382297,28.33475,29.63912,31.206629,27.324508,28.412299,28.182887,29.314712,27.716532,26.963941,28.518981,27.400087,30.207531,29.041257,30.282904,32.492888,33.173906,35.095008,37.487569,37.440647,38.378478,38.194477,38.363254,37.817563,35.153902,34.024185,32.29135,33.235524,24.56514,21.996857,21.676368,23.730973,28.959088,27.826433,24.404362,26.625832,20.916337,18.87976,17.703687,18.211711,16.734472,18.359421,14.488549,14.92649,12.724573,15.142947,11.41347,13.20072,12.615757,11.515233,14.270581,15.781383,15.371916,15.293865,15.164854,24.033772,28.874813,,,25.878758,26.476976,25.754805
每股指标,基本每股收益,0.163,0.103,0.06,0.017,0.085,0.112,0.062,0.02,0.157,0.142,0.08,0.025,0.107,0.077,0.008,-0.024,0.072,0.031,0.043,-0.045,0.145,0.05,0.001,-0.063,0.246,0.198,0.12,0.043,0.258,0.2,0.157,0.053,0.345,0.243,0.162,0.031,0.139,0.119,0.057,0.032,0.177,0.077,0.055,0.011,0.133,0.066,0.052,0.023,0.2406,0.144,0.081,0.021,0.367,0.202,0.09,0.043,0.39,0.185,0.097,0.044,0.375,0.18,0.08,0.039,0.285,0.146,0.078,0.029,0.22,0.159,0.086,0.033,0.22,0.171,0.1,0.033,0.23,0.185,,,0.2,0.14,0.06
每股指标,稀释每股收益,0.163,0.103,0.06,0.017,0.085,0.112,0.062,0.02,0.157,0.142,0.08,0.025,0.107,0.077,0.008,-0.024,0.072,0.031,0.043,-0.045,0.145,0.05,0.001,-0.063,0.246,0.198,0.12,0.043,0.258,0.2,0.157,0.053,0.345,0.243,0.162,0.031,0.139,0.119,0.057,0.032,0.177,0.077,0.055,0.011,0.133,0.066,0.052,0.023,0.241,0.144,0.081,0.021,0.367,,0.09,0.043,0.39,,0.097,0.044,0.375,0.18,0.08,0.039,0.285,0.146,0.078,0.029,0.22,0.159,0.086,0.033,0.22,0.171,0.1,0.033,0.23,0.185,,,,,
每股指标,摊薄每股收益_最新股数,0.162644,0.102753,0.059617,0.016528,0.085279,0.107232,0.059466,0.018797,0.152654,0.141765,0.079951,0.025484,0.106726,0.07731,0.007864,-0.023805,0.071893,0.030789,0.042854,-0.034858,0.111279,0.038632,0.0008,-0.048486,0.193052,0.153547,0.092681,0.033673,0.198501,0.153728,0.120699,0.040451,0.265325,0.186694,0.124765,0.023493,0.106738,0.091548,0.043915,0.021393,0.127828,0.053089,0.038746,0.008127,0.102185,0.050428,0.039958,0.017939,0.18511,0.110533,0.062445,0.015803,0.282525,0.15557,0.068903,0.033041,0.300316,0.142172,0.074604,0.034171,0.288379,0.138771,0.06186,0.029644,0.218916,0.112298,0.059953,0.022001,0.166355,0.122066,0.066182,0.02513,0.15011,0.11555,0.062622,0.02551,0.111552,0.090203,0.046485,0.011399,0.099724,0.069853,0.03108
每股指标,摊薄每股净资产_期末股数,4.121127,4.061236,4.017318,4.044228,4.0277,4.06357,4.015804,4.095136,4.076338,4.064365,4.002551,4.048084,4.022599,3.990582,3.921137,3.969467,3.993272,3.918256,5.110403,5.059376,5.104692,5.019387,4.976472,4.912398,4.95694,4.906458,4.827333,4.950622,4.906846,4.848641,4.805704,4.941381,4.888794,4.786574,4.826066,4.694412,4.663871,4.644249,4.632327,4.695153,4.667341,4.570181,4.591535,4.551731,4.541165,4.473886,4.54027,4.511645,4.488324,4.391373,4.443859,4.383224,4.362679,4.197637,4.08497,4.03835,3.995396,3.789808,3.80197,3.749407,3.704984,3.510493,3.410509,3.368628,3.33009,3.191487,3.123439,3.074101,3.045499,2.986269,3.013619,2.960252,2.927582,2.883753,2.814947,2.765782,1.975034,1.925888,,,1.841813,1.697116,1.599515
每股指标,调整每股净资产_期末股数,3.191791,3.117452,3.06298,3.064706,3.03089,2.952885,2.895111,2.959197,2.980158,3.159281,3.09217,3.124252,3.089403,3.056167,2.977564,3.026375,3.042667,2.975009,3.867856,3.818925,3.858111,3.774313,3.718337,3.644701,3.680058,3.629676,3.543334,3.661123,3.604484,3.548339,3.491406,3.617799,3.550641,3.432938,3.461677,3.317318,3.272816,3.283674,3.243527,3.296652,3.25584,3.140396,3.154588,3.166875,3.079003,4.392064,4.466278,4.4475,4.428053,4.316065,4.368838,4.307305,4.286564,4.081296,3.969073,3.942412,3.904897,3.710547,3.722989,3.688679,3.644111,3.509347,3.409357,3.367472,3.32894,3.188861,3.122081,3.072905,3.044497,2.984011,3.011477,2.958028,2.925207,2.88205,2.813324,2.764876,1.971887,1.924798,,,1.84163,1.696841,1.599148
每股指标,每股净资产_最新股数,4.121127,4.061236,4.017318,4.044228,4.0277,4.06357,4.015804,4.095136,4.076338,4.064365,4.002551,4.048084,4.022599,3.990582,3.921137,3.969467,3.993272,3.918256,3.931079,3.891827,3.926686,3.861067,3.828055,3.778768,3.813031,3.774198,3.713333,3.808171,3.774497,3.729724,3.696695,3.801063,3.760611,3.68198,3.712359,3.611086,3.587593,3.572499,3.563328,3.611656,3.590263,3.515524,3.53195,3.501331,3.493204,3.441451,3.492515,3.470496,3.452557,3.377979,3.418353,3.37171,3.355907,3.228951,3.142285,3.106423,3.073381,2.915237,2.924592,2.884159,2.849988,2.700379,2.623468,2.591252,2.561608,2.45499,2.402645,2.364693,2.342691,2.29713,2.318168,2.277117,2.251986,2.218272,2.165344,2.127525,0.962196,0.938253,,,0.897293,0.8268,0.77925
每股指标,每股经营现金流,0.387612,0.308548,-0.010367,-0.04722,0.314907,0.142252,0.499315,0.242165,0.762647,0.817999,0.59944,0.377477,-0.010965,0.402037,0.043192,0.188745,0.643738,0.467428,0.150816,0.284596,0.447117,0.663074,0.316484,0.197736,0.237094,0.364315,0.091973,-0.074515,0.661874,0.899401,0.419199,0.106728,0.944703,0.592073,0.326753,0.193679,0.387262,0.344009,0.047204,-0.020916,0.419022,0.276772,0.119844,0.004401,0.363156,0.355394,0.17421,0.02917,0.176356,0.18985,0.135218,0.011711,0.372407,0.122259,0.050376,0.024793,0.304492,0.20627,0.058518,0.043006,0.207769,0.164456,0.049407,-0.022049,0.216804,0.056613,0.085601,0.020749,0.193704,0.16055,0.082119,-0.002072,0.221906,0.153101,0.092224,0.0257,0.343655,0.304338,,,0.388263,0.275895,0.33331
每股指标,每股现金流量净额,0.306004,0.371766,0.039855,0.55683,0.080146,0.078062,0.141542,0.470384,0.287546,0.207791,0.145174,-0.125067,-0.491041,-0.342928,-0.436541,-0.19583,0.219202,0.202272,0.521209,0.078791,-0.723791,-0.511908,-0.79239,-0.702185,0.770708,-0.188041,0.108773,0.00435,0.130305,-0.198811,0.161959,0.044188,-0.121694,-0.143804,0.177854,-0.100395,-0.76965,-0.4671,-0.774217,-0.366717,0.234912,-0.095611,0.026938,0.107831,-0.362639,-0.500607,-0.319252,-0.593091,-0.067941,-0.666171,-0.451562,-0.288596,-0.289927,0.159326,0.129855,-0.316361,0.11106,-0.476463,-0.442957,-0.179562,0.357633,0.283672,0.134197,-0.018969,-0.186865,-0.152573,0.01683,-0.178646,-0.017876,0.005133,-0.015832,-0.018624,1.343443,1.255857,1.503437,1.450213,0.214834,0.243128,,,0.150839,-0.05442,-0.218737
每股指标,每股企业自由现金流量,0.096518,,0.075039,,0.677473,,0.9677,,0.278366,,0.21029,,0.411052,,0.186936,,0.444297,,0.260566,,0.473871,,0.171807,,0.45423,,0.407361,,0.518181,,0.478734,,0.775804,,0.403999,,0.829855,,0.303833,,-0.706844,,-0.817358,,-0.09184,,-0.571306,,-0.976504,,-0.365025,,-0.135896,,-0.392912,,-0.42237,,-0.148367,,-0.233228,,0.048321,,-0.159025,,0.002252,,-0.16079,,-0.303002,,-1.677296,,-1.352948,,-0.246916,,,,0.420084,0.060066,0.36075
每股指标,每股股东自由现金流量,0.184139,,0.276275,,0.352575,,1.00024,,0.16425,,0.165523,,0.402791,,0.163824,,0.697182,,0.041422,,0.311788,,-0.001525,,0.260897,,0.300694,,0.427838,,0.301419,,0.344585,,0.144664,,0.097117,,0.065441,,-0.339444,,-0.428908,,0.366324,,-0.264441,,0.022017,,-0.471915,,-0.382125,,-0.022822,,0.304072,,-0.115034,,-0.166561,,0.114988,,-0.166358,,0.002252,,-0.25979,,-0.503002,,-1.570963,,-1.253001,,-0.247118,,,,0.41971,0.056284,-0.166084
每股指标,每股未分配利润,1.947449,1.903873,1.861878,1.888788,1.87226,1.899984,1.852218,1.93155,1.912752,1.917825,1.85601,1.901544,1.876059,1.854268,1.784822,1.833152,1.856957,1.823759,2.387556,2.336529,2.381845,2.301173,2.251992,2.206823,2.248926,2.216535,2.13741,2.260699,2.216923,2.174362,2.131426,2.267103,2.214516,2.144609,2.184102,2.052448,2.021906,2.012353,2.000431,1.95197,1.924158,1.849507,1.870861,1.831057,1.820491,1.77073,1.837113,1.808489,1.785167,1.709364,1.76185,1.701215,1.680671,1.546282,1.433615,1.386995,1.344041,1.169981,1.182143,1.12958,1.085157,0.92366,0.823676,0.781795,0.743257,0.629969,0.561921,0.512583,0.483981,0.444282,0.471632,0.418265,0.385595,0.358075,0.289269,0.240104,0.329423,0.301227,,,0.217152,0.114072,0.051046
每股指标,每股资本公积金,0.831948,0.831948,0.831948,0.831948,0.831948,0.845227,0.845227,0.845227,0.845227,0.845227,0.845227,0.845227,0.845227,0.843908,0.843908,0.843908,0.843908,0.805626,1.347314,1.347314,1.347314,1.356451,1.362717,1.343812,1.346251,1.346251,1.346251,1.346251,1.346251,1.346251,1.346251,1.346251,1.346251,1.346251,1.346251,1.346251,1.346251,1.346251,1.346251,1.457538,1.457538,1.457538,1.457538,1.457538,1.457538,1.457538,1.457538,1.457538,1.457538,1.457538,1.457538,1.457538,1.457538,1.457538,1.457538,1.457538,1.457538,1.457538,1.457538,1.457538,1.457538,1.457538,1.457538,1.457538,1.457538,1.457538,1.457538,1.457538,1.457538,1.457538,1.457538,1.457538,1.457538,1.457538,1.457538,1.457538,0.54098,0.54098,,,0.54098,0.54098,0.535717
每股指标,每股盈余公积金,0.343652,0.327337,0.327337,0.327337,0.327337,0.322204,0.322204,0.322204,0.322204,0.305159,0.305159,0.305159,0.305159,0.297533,0.297533,0.297533,0.297533,0.28887,0.375531,0.375531,0.375531,0.361762,0.361762,0.361762,0.361762,0.343672,0.343672,0.343672,0.343672,0.328027,0.328027,0.328027,0.328027,0.295713,0.295713,0.295713,0.295713,0.285645,0.285645,0.285645,0.285645,0.263135,0.263135,0.263135,0.263135,0.245618,0.245618,0.245618,0.245618,0.22447,0.22447,0.22447,0.22447,0.193816,0.193816,0.193816,0.193816,0.162288,0.162288,0.162288,0.162288,0.129294,0.129294,0.129294,0.129294,0.103979,0.103979,0.103979,0.103979,0.084448,0.084448,0.084448,0.084448,0.068139,0.068139,0.068139,0.104629,0.08368,,,0.08368,0.042062,0.012751
每股指标,每股留存收益,2.291102,2.231211,2.189216,2.216126,2.199598,2.222189,2.174423,2.253755,2.234957,2.222984,2.16117,2.206703,2.181218,2.151802,2.082356,2.130686,2.154491,2.112629,2.763088,2.712061,2.757377,2.662935,2.613754,2.568585,2.610689,2.560207,2.481082,2.604371,2.560595,2.50239,2.459453,2.59513,2.542543,2.440322,2.479815,2.348161,2.317619,2.297998,2.286076,2.237615,2.209803,2.112643,2.133997,2.094193,2.083627,2.016348,2.082731,2.054107,2.030785,1.933835,1.986321,1.925685,1.905141,1.740098,1.627432,1.580812,1.537857,1.33227,1.344432,1.291869,1.247446,1.052955,0.952971,0.91109,0.872552,0.733949,0.665901,0.616563,0.587961,0.52873,0.556081,0.502713,0.470044,0.426215,0.357409,0.308244,0.434053,0.384907,,,0.300832,0.156135,0.063797
每股指标,每股营业收入,4.673372,3.290624,2.181835,1.145344,4.795578,3.558351,2.319513,1.425626,4.647357,3.468116,2.273167,1.233872,3.6278,2.728777,1.687576,0.97299,3.523006,2.424279,2.056768,1.078381,3.800838,2.691237,1.638864,0.870183,3.962735,3.085777,1.867202,0.999164,3.452658,2.622291,1.653795,0.889663,3.128042,2.274604,1.425,0.735642,2.782169,2.018799,1.307352,0.655586,2.452449,1.728681,1.098174,0.569015,2.042462,1.314744,0.900371,0.480923,1.782378,1.223266,0.821394,0.438599,2.022093,1.50733,0.958107,0.570944,2.334569,1.707572,1.038478,0.593975,1.715013,1.251123,0.799033,0.447516,1.473937,1.08716,0.686504,0.405847,1.406289,1.069326,0.698761,0.38453,1.364108,1.014547,0.672533,0.383018,1.797276,1.325691,,,1.671817,1.545241,1.203039
每股指标,每股营业总收入,4.673372,3.290624,2.181835,1.145344,4.795578,3.558351,2.319513,1.425626,4.647357,3.468116,2.273167,1.233872,3.6278,2.728777,1.687576,0.97299,3.523006,2.424279,2.056768,1.078381,3.800838,2.691237,1.638864,0.870183,3.962735,3.085777,1.867202,0.999164,3.452658,2.622291,1.653795,0.889663,3.128042,2.274604,1.425,0.735642,2.782169,2.018799,1.307352,0.655586,2.452449,1.728681,1.098174,0.569015,2.042462,1.314744,0.900371,0.480923,1.782378,1.223266,0.821394,0.438599,2.022093,1.50733,0.958107,0.570944,2.334569,1.707572,1.038478,0.593975,1.715013,1.251123,0.799033,0.447516,1.473937,1.08716,0.686504,0.405847,1.406289,1.069326,0.698761,0.38453,1.364108,1.014547,0.672533,0.383018,1.797276,1.325691,,,1.671817,1.545241,1.203039
每股指标,每股息税前利润,0.368333,0.215723,0.134024,0.054647,0.315633,0.295602,0.196204,0.093441,0.509045,0.40591,0.243507,0.102482,0.379017,0.2271,0.091305,0.020994,0.405653,0.236665,0.251748,0.036002,0.467217,0.242788,0.107471,-0.025973,0.58459,0.443416,0.282088,0.116577,0.523877,0.394044,0.299634,0.096615,0.585402,0.401489,0.269102,0.0671,0.351331,0.270061,0.167142,0.072371,0.310377,0.145277,0.109195,0.026827,0.199633,0.084118,0.077151,0.03136,0.313239,0.174746,0.12544,0.029313,0.565621,0.3018,0.194466,0.070416,0.610335,0.279646,0.161833,0.074198,0.498057,0.245163,0.124039,0.06206,0.395898,0.195104,0.101327,0.039553,0.309941,0.201991,0.109838,0.034461,0.295297,0.212334,0.11972,0.05116,0.336387,0.256358,,,0.288892,0.215919,0.100273
盈利能力,净资产收益率(ROE),3.99,2.54,1.48,0.41,2.1,2.73,1.53,0.49,3.87,3.51,1.99,0.63,2.67,1.94,0.2,-0.6,1.82,0.78,1.09,-0.9,2.87,1.0,0.02,-1.27,4.98,3.98,2.46,0.87,5.33,4.07,3.35,1.07,7.21,5.1,3.42,0.65,2.97,2.52,1.21,0.66,3.74,1.637,1.176,0.23,2.94,1.456,1.151,0.52,5.44,3.259,1.844,0.47,8.79,4.937,2.217,1.07,10.14,4.896,2.584,1.19,10.66,5.274,2.386,1.15,8.93,,2.527,,7.22,,2.9,,8.35,,4.56,,11.98,,,,11.67,8.7,4.07
盈利能力,摊薄净资产收益率,3.946592,2.530095,1.484021,0.408681,2.117318,2.638872,1.480818,0.45903,3.744884,3.488017,1.997511,0.629551,2.65318,1.937316,0.200567,-0.599715,1.800373,0.785793,1.090152,-0.895683,2.833935,1.000563,0.020924,-1.283135,5.062976,4.068346,2.495924,0.884249,5.259018,4.121701,3.265072,1.064218,7.055394,5.070494,3.360824,0.6506,2.975223,2.562579,1.232422,0.592349,3.560409,1.510144,1.097023,0.232131,2.925267,1.465326,1.144118,0.51692,5.36156,3.27218,1.826781,0.468701,8.418763,4.817973,2.19278,1.063663,9.771534,4.876871,2.55094,1.184802,10.118632,5.138946,2.35796,1.144011,8.546053,4.574,2.495,0.93,7.1,5.314,2.85,1.104,6.67,5.209,2.89,1.2,11.59,9.614017,,,11.11,8.45,3.99
盈利能力,净资产收益率_平均,3.99184,2.540584,1.482106,0.409518,2.101916,2.631374,1.467856,0.459502,3.769228,3.505561,1.992252,0.631454,2.662887,1.936663,0.198739,-0.597923,1.81551,0.784948,1.090761,-0.89169,2.870219,1.004943,0.020926,-1.27493,5.088689,4.068186,2.475536,0.888175,5.268709,4.104704,3.237087,1.069911,7.221518,5.136329,3.418265,0.652723,2.931161,2.519227,1.20999,0.585556,3.609194,1.514953,1.103074,0.232401,2.942386,1.462965,1.150701,0.51826,5.437669,3.282905,1.843621,0.469802,8.788714,4.936902,2.217088,1.06935,10.140057,4.932066,2.583897,1.191862,10.657846,5.274473,2.386091,1.150593,8.927529,4.681365,2.526847,0.934767,7.241212,5.366595,2.896274,1.109718,9.340532,7.266241,4.004585,1.65132,11.998206,9.828551,,,11.568304,8.698827,3.988533
盈利能力,净资产收益率_平均_扣除非经常损益,3.620879,2.286213,1.351499,0.330877,1.951355,2.193321,1.122392,0.282932,1.983028,2.392982,1.208261,0.289994,1.073771,0.694142,-0.604655,-0.866135,0.858981,-0.191578,0.201847,-1.177939,1.414555,0.105614,-0.676192,-1.419192,4.253998,3.67403,2.142051,0.629962,4.512473,3.37085,2.594417,0.727996,5.949966,4.322169,2.806008,0.437893,1.268245,1.108821,0.455969,0.13323,2.122522,0.52306,0.012836,-0.364759,1.74128,1.011499,0.895314,0.413479,5.241394,3.140832,1.75151,0.426236,8.171288,4.889914,1.978873,0.86819,8.806198,4.674879,2.313537,1.007619,9.766381,4.691293,2.063298,1.012031,8.006537,4.26916,2.366813,0.850464,6.728131,5.283068,2.807012,1.055968,9.048683,7.052561,3.856837,1.578273,11.576284,9.520028,,,11.384263,8.539754,3.85166
盈利能力,摊薄净资产收益率_扣除非经常损益,3.579836,2.276773,1.353246,0.330201,1.965653,2.19957,1.132303,0.282641,1.970221,2.381006,1.211451,0.28912,1.069857,0.694376,-0.610217,-0.868732,0.851819,-0.191784,0.201734,-1.183214,1.396673,0.105154,-0.676135,-1.428326,4.232503,3.674175,2.159693,0.627177,4.504173,3.384807,2.616845,0.724123,5.813093,4.26677,2.758855,0.436468,1.287309,1.127902,0.464423,0.134776,2.093832,0.521399,0.012765,-0.364335,1.731149,1.013132,0.890192,0.41241,5.168031,3.130571,1.735512,0.425238,7.827327,4.772116,1.957177,0.863573,8.486152,4.622562,2.284028,1.00165,9.272269,4.570751,2.038972,1.006242,7.664416,4.172,2.337,0.847,6.6,5.231,2.77,1.05,6.46,5.056,2.79,1.15,11.19,9.312229,,,10.94,8.29,3.85
盈利能力,息税前利润率,7.881524,6.555693,6.142761,4.771253,6.581764,8.307296,8.458862,6.554394,10.953444,11.704068,10.71225,8.305795,10.447586,8.322422,5.410456,2.157738,11.514412,9.762301,12.239986,3.338532,12.292495,9.021455,6.557652,-2.98481,14.752182,14.369686,15.107559,11.667531,15.173151,15.026721,18.117986,10.859828,18.714649,17.65094,18.884404,9.121307,12.627965,13.377326,12.784774,11.039198,12.655813,8.403961,9.943394,4.714641,9.774152,6.398095,8.568812,6.520828,17.574238,14.285256,15.271632,6.683405,27.972098,20.022152,20.296942,12.333383,26.143399,16.37682,15.583667,12.491807,29.041014,19.595492,15.523674,13.867696,26.859907,17.946246,14.759999,9.745783,22.039658,18.889581,15.719018,8.961849,21.647679,20.929019,17.801422,13.357235,18.716505,19.337728,16.651389,9.199227,17.280143,13.973211,8.335033
盈利能力,总资产报酬率,4.381949,2.492304,1.557093,0.627391,3.569439,3.157863,2.011795,0.962037,5.128506,3.91524,2.350237,0.990341,3.78627,2.366053,0.954328,0.215288,4.584349,2.658027,2.167978,0.327108,4.356622,2.266123,1.012405,-0.244103,5.550354,4.355084,2.766185,1.137941,5.197507,3.982585,3.057929,0.967085,5.837183,3.957824,2.668692,0.666559,3.308665,2.536555,1.549856,0.660977,2.879403,1.347638,1.012098,0.248824,1.921768,0.830612,0.764288,0.315294,3.436561,2.062877,1.500011,0.3565,6.988658,3.651811,2.396566,0.892208,8.673511,4.36208,2.558476,1.213705,8.947169,4.583632,2.38928,1.229648,8.492726,4.322484,2.310331,0.927653,7.52658,4.969006,2.710184,0.876907,10.325505,7.523987,4.596081,1.98825,12.663319,9.765339,,,11.918637,9.564194,4.599177
盈利能力,总资本回报率,7.79899,4.538604,2.831552,1.131798,6.510466,5.779403,3.921835,1.834864,10.166445,7.992289,4.861928,2.047589,7.571355,4.586947,1.848321,0.421526,8.438661,5.03685,4.081719,0.575557,7.891927,4.153967,1.851872,-0.445919,9.821916,7.437812,4.756636,1.926247,8.645322,6.588759,5.007185,1.582458,9.443566,6.428506,4.303216,1.071311,5.267176,3.956273,2.421755,1.026344,4.570073,2.149991,1.61195,0.396729,3.17421,1.359522,1.241957,0.518977,5.724779,3.485314,2.561726,0.597435,12.525674,6.832903,4.468778,1.695589,15.464282,7.330324,4.217904,1.955746,14.026338,7.098735,3.64432,1.834639,12.40492,6.24169,3.27731,1.289575,10.177321,6.69889,3.626264,1.128648,13.770212,10.028326,5.747613,2.485467,17.62417,13.606261,,,16.321613,13.0755,6.248267
盈利能力,投入资本回报率,4.002796,2.589029,1.561515,0.502971,2.64199,2.787867,1.706919,0.639518,4.313384,3.73516,2.209613,0.819812,3.354857,2.029795,0.529889,-0.177921,2.809488,1.296561,1.216853,-0.454277,3.12315,1.31424,0.33909,-0.894438,4.854779,3.911142,2.434505,0.927741,5.130971,3.98546,3.176855,1.037516,6.667725,4.531716,3.137777,0.638156,3.533886,2.766847,1.582266,0.750125,4.292032,2.206021,1.639413,0.523738,2.668657,0.945322,0.939136,0.377583,4.546029,2.771949,1.879663,0.404232,9.459403,4.949359,2.976289,0.975462,10.193124,4.451191,2.71061,1.194647,10.724878,5.206043,2.422627,1.133853,8.933721,4.493503,2.366234,0.767007,7.125098,4.668803,2.255776,0.552667,9.110624,6.904762,3.991025,1.679111,11.996658,9.827134,,,11.564809,8.682941,4.243828
盈利能力,息前税后总资产报酬率_平均,3.357528,1.90569,1.197597,0.448651,2.583007,2.381158,1.430465,0.657998,3.649384,2.796499,1.665302,0.745949,2.781234,1.72567,0.617855,0.055227,3.055271,1.659915,1.377951,0.048762,3.173575,1.577594,0.644303,-0.38003,4.124602,3.306232,2.046161,0.855475,4.362129,2.907274,2.612059,0.756631,5.21609,3.143496,2.377641,0.428808,2.589175,1.349146,1.191064,0.291203,2.306665,0.215291,0.692744,-0.125063,1.366437,0.547093,0.536845,0.235385,2.828274,1.732665,1.168653,0.251118,5.918489,2.815379,1.885239,0.680457,6.833343,3.381434,1.929073,0.880357,7.386356,3.596415,1.708052,0.884063,6.595555,3.35949,1.83154,0.731225,5.636352,4.074165,2.221486,0.891677,6.999589,5.395376,3.165684,1.330829,8.714964,7.091279,,,8.492072,6.406468,3.11665
盈利能力,毛利率,24.107822,24.69745,24.765142,22.591964,24.558703,26.150108,26.046354,20.30388,27.751127,26.812606,26.232289,20.526985,30.22982,25.801406,24.399956,20.417689,32.224248,29.499525,32.7256,27.978035,34.012602,47.125554,44.942892,37.066958,55.923575,53.405791,55.636749,50.854841,59.890856,62.70404,64.44249,60.305067,59.737622,61.66909,62.910046,58.250439,60.379878,62.268158,63.467694,59.264214,61.459733,63.229434,63.62348,57.602582,51.875125,52.777306,52.216173,49.050987,57.378067,59.377187,60.234333,53.729851,58.266417,55.862896,58.716642,48.169848,54.602713,50.941462,53.215614,46.880758,50.654059,47.45062,49.038917,42.91274,50.595534,47.760105,47.985284,40.200444,52.773562,50.035244,50.556774,42.717854,50.582353,48.661878,47.234478,40.054038,54.056158,54.20282,55.648806,44.767427,55.484804,56.811475,58.643514
盈利能力,销售净利率,5.474037,4.395612,4.069458,2.734665,3.867365,5.266241,4.892928,3.514754,6.431299,6.977008,6.238586,4.995728,5.986959,5.220266,2.417781,-0.98236,5.881054,4.853555,6.839307,-1.069509,7.88824,5.287762,3.034195,-5.893872,10.004211,9.821506,9.89569,7.533154,11.203214,10.969457,13.468972,8.496554,14.536516,14.019235,14.437046,5.867886,6.310155,7.115151,5.756172,4.863478,5.028561,1.342571,1.279813,-2.369662,5.236268,4.214184,5.308724,4.86819,14.009161,11.998567,10.575687,4.707781,20.727731,15.436163,11.797382,9.406263,20.087737,12.695121,11.074468,9.060898,23.628942,15.375038,11.097584,9.970268,20.824116,13.948053,11.701153,7.682146,16.452932,15.487861,12.884581,9.112795,14.657933,15.007992,12.261246,8.940628,12.880799,14.042444,11.126026,4.634998,12.312165,9.359798,5.290108
盈利能力,成本费用利润率,8.065112,6.420056,5.937238,4.376194,6.219132,8.077033,8.054446,6.003075,10.506705,11.246752,10.097678,7.364295,9.483807,7.900784,4.42499,0.618261,10.741239,9.171192,12.38477,1.77598,12.550447,8.53799,5.569671,-4.043978,16.265421,15.583614,16.270681,11.650065,16.065539,15.755291,19.002909,10.815511,19.064993,18.322869,18.764681,8.738055,10.046802,10.578572,9.54288,7.628117,7.993549,3.927094,4.515883,0.340034,8.59288,7.454141,8.553025,7.108314,19.58489,16.63454,16.297205,7.619428,30.648473,22.846943,20.161976,15.054527,34.317974,21.974255,18.363043,14.570321,36.744448,24.286255,18.811504,16.868808,35.833229,23.112544,18.817231,13.032308,28.965771,26.576578,23.710668,15.733545,27.446288,26.694141,21.377058,15.187871,23.376823,23.924846,19.895415,10.419877,21.249835,16.935372,8.871746
盈利能力,营业利润率,7.254912,5.869682,5.543671,3.989917,6.931443,7.295704,7.325178,5.602731,9.4455,10.022128,8.90309,6.758996,8.464001,7.321752,4.193141,0.541981,10.32998,8.940617,11.101955,1.483505,11.018848,7.784113,5.197817,-4.475058,13.520848,13.15301,13.659789,10.101375,13.41224,13.335117,15.893414,7.782294,16.283034,14.009044,14.039778,6.71739,6.231174,6.278466,6.149485,3.098654,5.234999,0.95957,1.247905,-2.436663,6.384845,5.841152,6.936717,6.618148,17.143576,14.698253,13.944417,6.846332,24.179039,18.681965,15.726512,12.088177,25.14467,16.907543,14.366757,11.728328,28.469178,19.493707,15.038533,13.506846,25.801678,18.225938,15.359874,10.932812,21.707083,20.238931,17.73357,12.520809,20.96424,20.675128,16.878765,12.420441,18.050908,18.683671,16.12643,8.756129,17.261508,13.741071,7.823982
盈利能力,总资产净利率_平均,1.934928,1.187132,0.692636,0.189753,0.964406,1.145542,0.609746,0.193537,1.537951,1.367411,0.771659,0.246271,1.066168,0.805459,0.0822,-0.244112,0.812482,0.3458,0.479767,-0.411732,1.348932,0.468759,0.009809,-0.592395,2.382807,1.960517,1.181501,0.427305,2.560194,2.019837,1.601347,0.526374,3.439316,2.392532,1.608493,0.303396,1.306778,1.117827,0.529376,0.254007,1.541636,0.640215,0.466864,0.098001,1.278794,0.64733,0.514597,0.234474,2.640115,1.696297,0.970742,0.249852,4.53805,2.447137,1.103897,0.544249,5.548156,2.882992,1.533286,0.726653,6.734644,3.37284,1.549043,0.763574,6.104993,3.234325,1.777069,0.670814,5.251677,3.903696,2.122893,0.831311,6.823491,5.322811,3.125308,1.288838,8.619839,7.053025,,,8.445045,6.351217,2.926136
盈利能力,总资产净利率_平均(含少数股东损益),3.043441,1.671097,1.031543,0.359592,2.097359,2.001863,1.163699,0.515887,3.011195,2.333946,1.368727,0.595665,2.169711,1.484114,0.426462,-0.098015,2.341483,1.3215,1.211395,-0.10479,2.795696,1.328247,0.468435,-0.482011,3.763979,2.976647,1.811895,0.734712,3.83762,2.907274,2.273275,0.756631,4.534004,3.143496,2.040204,0.428808,1.653329,1.349146,0.697802,0.291203,1.144079,0.215291,0.130267,-0.125063,1.029541,0.547093,0.473507,0.235385,2.739427,1.732665,1.038765,0.251118,5.178697,2.815379,1.392978,0.680457,6.664443,3.381434,1.81817,0.880357,7.279778,3.596415,1.708052,0.884063,6.584293,3.35949,1.83154,0.731225,5.618704,4.074165,2.221486,0.891677,6.991537,5.395376,3.165684,1.330829,8.714964,7.091279,,,8.492072,6.406468,2.919021
成长能力,归母净利润,63431196.44,40073729.56,23250966.78,6445924.69,33258908.33,43501064.35,24154600.39,7886253.27,61324594.87,55288652.33,31181057.52,9939064.28,41672895.29,30150982.1,3067171.72,-9284155.62,28038597.47,12007862.47,16713351.65,-13594805.31,43399109.91,15066642.3,312388.44,-18909819.88,73858564.48,59304311.55,36024989.28,12931122.7,77415593.01,59953954.44,47072920.48,15776124.97,103477134.3,72810899.81,48658694.72,9162556.41,41628178.0,35703774.75,17126954.55,9593957.23,53102957.47,23012219.96,16565234.47,3169805.08,39852369.62,19667108.78,15583826.63,6996493.16,72193258.78,43108101.9,24353883.53,6163265.79,110185117.99,60672312.58,26872337.33,12886334.8,117123459.62,55447232.82,29095807.07,13326918.03,112468134.66,54120717.42,24125535.14,11561250.55,85377406.42,43796424.76,23381955.19,8580602.39,64878539.21,47605873.83,25811027.14,9800762.8,58543252.13,40169795.67,20960434.8,7993645.83,43505560.28,35179498.43,18129218.32,4445749.7,38892443.2,27242985.92,12121466.36
成长能力,营业总收入,1822615352.54,1283343678.21,850915882.91,446684371.18,1870275580.61,1403958158.54,915228172.23,561690825.86,1834461165.37,1352565467.16,886535501.59,481210388.16,1414842364.07,1064223287.96,658154786.99,379466375.85,1373972572.41,945469053.97,617030456.48,323514307.84,1140251437.78,807371312.4,491659481.43,261054974.69,1210715414.19,942116864.14,571251457.6,305651068.73,1035797443.12,786687437.6,496138552.37,266898968.94,938412720.82,682381451.5,427500288.52,220692798.66,834650864.45,605639735.35,392205867.41,203802055.33,758999317.03,537260574.46,341621423.45,170704781.6,612738650.77,394423285.69,270111415.09,144277000.37,534713684.74,366979875.66,246418322.37,131579785.26,606627910.15,452199222.53,287432270.95,171283425.8,700370845.06,512271699.51,311543541.14,178192792.87,514503929.32,375336956.76,239709929.96,134254905.04,442181331.61,326148058.54,205951204.65,121754226.41,421886725.14,320798063.61,209628553.72,115359295.53,409232545.34,304364218.76,201760096.2,114905660.5,341482455.97,251881402.02,163605944.02,96582875.15,317645343.74,293595837.88,228577418.74
成长能力,净利润,99770655.83,56410813.45,34627666.35,12215325.62,72330393.16,74763054.21,45224486.15,20096896.82,118354811.25,94368602.46,55307279.85,24039966.38,84902090.41,55555293.02,15912741.52,-3727728.9,80804075.05,45888869.95,42200611.16,-3460016.71,89945774.23,42691875.51,14917910.73,-15386247.99,117500080.69,90341735.87,55310785.63,22378954.31,116042613.24,86295342.12,66824767.43,22677215.58,136412521.18,95664659.93,61718416.19,12950002.73,52667766.21,43092182.12,22576048.0,11736874.23,42693046.0,11227933.87,6895851.3,-4045127.28,32084641.88,16621724.82,14339471.33,7023679.4,74908905.15,44032326.44,26060431.78,6194488.4,125740207.44,69802211.28,33909484.4,16111369.6,140688658.91,65033515.94,34501790.31,16145467.61,121571835.82,57708153.08,26602011.0,13385574.88,92080356.1,45491305.78,24098666.33,9353337.65,69412738.94,49684760.36,27009762.26,10512456.95,59985032.67,40784157.15,21275954.77,8317798.54,43985670.36,35370305.46,18202841.47,4476615.08,39109019.64,27479980.25,12091992.55
成长能力,扣非净利润,57536559.75,36061415.92,21202039.38,5208106.32,30876553.02,34858634.24,17733734.95,4514077.86,31322021.06,37741400.55,18910695.16,4564492.29,16784074.24,10806773.77,-9331715.24,-13448785.74,13266042.23,-2930704.96,3092838.9,-17958980.29,21388771.25,1583435.4,-10094313.65,-21049527.75,62940798.78,54081570.66,31276679.93,9314750.64,66303863.9,49235160.08,37727364.2,10734505.87,85257065.43,61269636.95,39943269.03,6146892.31,18011543.61,15714779.65,6454082.22,1898386.23,29317892.73,7148675.1,175845.61,-4975077.74,23584314.26,13597914.43,12125145.28,5581952.0,69587407.98,41242525.59,23137126.44,5591741.62,102444374.34,60094848.05,23985038.07,10462235.37,101716628.39,52555889.07,26051430.01,11266788.35,103060854.25,48136778.79,20861802.44,10168970.21,76569608.95,39940052.34,21901088.69,7806753.5,60281524.34,46864925.16,25015546.72,9326052.91,56714044.9,43739374.97,23521710.08,9509029.03,41975669.01,34075198.43,,,38273700.0,26744800.0,11705500.0
成长能力,营业总收入增长率,-2.548299,-8.59103,-7.026913,-20.475045,1.952312,2.60183,2.038807,15.54081,28.103976,27.094142,34.700152,26.812392,2.974571,12.560351,6.664878,17.295082,20.497333,17.104613,25.499554,23.925739,-5.820028,-14.302424,-13.932914,-14.590524,14.773471,17.674851,12.90409,12.308172,10.3776,15.285583,16.055723,20.936872,12.431767,12.671182,8.998952,8.287817,9.967274,12.727373,14.807163,15.214057,20.073198,31.484249,21.969037,18.31739,14.591914,7.478178,9.614988,9.649822,-11.85475,-18.845531,-14.269082,-23.180083,-13.384756,-11.726682,-7.739293,-3.877467,36.12546,36.483149,29.96689,32.727212,16.355868,15.081769,16.391613,10.267141,4.810439,1.667714,-1.754221,5.543489,3.092173,5.399401,3.899907,0.394789,19.839991,20.83632,23.320761,18.971049,7.504316,,,,8.191364,28.444812,
成长能力,归属母公司净利润增长率,90.719418,-7.878737,-3.741041,-18.263788,-45.765792,-24.359438,-25.621371,-26.238561,42.862937,83.372641,916.606188,207.054046,48.450586,151.093666,-81.648374,31.708064,-35.393611,-20.301668,5250.1825,28.107166,-41.240247,-74.594355,-99.132856,-246.234942,-2.744883,-0.117467,-23.212809,-16.755533,-25.185797,-17.657995,-3.258974,72.180385,148.574737,103.930537,184.105937,-4.496588,-21.60855,55.15137,3.390957,163.218494,25.094058,5.276792,-3.033616,-54.694373,-44.797657,-54.377233,-36.010917,13.51925,-34.480027,-28.949301,-9.371919,-52.17208,-5.923955,9.423517,-7.64189,-3.305964,4.139239,2.45103,20.601706,15.272287,31.730558,23.573368,3.180144,34.73705,31.595759,-8.002056,-9.410985,-12.449647,10.821549,18.511615,23.141658,22.606918,34.564988,28.09903,34.71503,123.789822,11.861216,,,,42.761308,124.749919,
收益质量,经营活动净现金/销售收入,0.08294,0.093766,-0.004751,-0.041228,0.065666,0.039976,0.215267,0.169865,0.164103,0.235862,0.263702,0.305929,-0.003022,0.147332,0.025594,0.193984,0.182724,0.192811,0.073326,0.263911,0.117636,0.246382,0.193111,0.227235,0.059831,0.118062,0.049257,-0.074577,0.191699,0.342983,0.253477,0.119965,0.302011,0.260297,0.2293,0.263279,0.139194,0.170403,0.036106,-0.031905,0.170858,0.160106,0.10913,0.007735,0.177803,0.270314,0.193487,0.060655,0.098944,0.155199,0.16462,0.026701,0.184169,0.081109,0.052579,0.043425,0.130427,0.120797,0.05635,0.072404,0.121147,0.131447,0.061834,-0.049271,0.147092,0.052074,0.124691,0.051127,0.137741,0.150141,0.11752,-0.005389,0.162674,0.150906,0.137129,0.0671,0.191209,0.229569,0.227132,0.084092,0.23224,0.178545,0.277057
收益质量,经营性现金净流量/营业总收入,0.08294,0.093766,-0.004751,-0.041228,0.065666,0.039976,0.215267,0.169865,0.164103,0.235862,0.263702,0.305929,-0.003022,0.147332,0.025594,0.193984,0.182724,0.192811,0.073326,0.263911,0.117636,0.246382,0.193111,0.227235,0.059831,0.118062,0.049257,-0.074577,0.191699,0.342983,0.253477,0.119965,0.302011,0.260297,0.2293,0.263279,0.139194,0.170403,0.036106,-0.031905,0.170858,0.160106,0.10913,0.007735,0.177803,0.270314,0.193487,0.060655,0.098944,0.155199,0.16462,0.026701,0.184169,0.081109,0.052579,0.043425,0.130427,0.120797,0.05635,0.072404,0.121147,0.131447,0.061834,-0.049271,0.147092,0.052074,0.124691,0.051127,0.137741,0.150141,0.11752,-0.005389,0.162674,0.150906,0.137129,0.0671,0.191209,0.229569,0.227132,0.084092,0.23224,0.178545,0.277057
收益质量,成本费用率,90.719092,92.501157,92.428107,93.550855,91.431875,90.4973,91.09514,93.055437,91.278877,91.771633,92.69931,95.669659,92.369974,94.582581,97.7488,100.581731,90.507313,92.892844,91.238219,99.739044,89.449285,94.036195,97.285931,104.644361,84.803769,85.23193,84.98789,89.521603,84.914314,86.055556,84.780267,89.229577,86.691918,86.65777,87.913045,89.718744,90.139946,92.860412,91.333568,93.535597,94.400008,96.08661,97.817373,102.210281,93.806649,93.043221,91.882155,93.213863,87.413736,88.193548,85.592845,89.841158,81.606282,82.883863,79.991672,84.768247,74.696445,78.528809,81.185676,84.694422,78.093645,80.884677,81.165769,82.451122,74.858699,79.847602,82.139403,84.380365,75.910217,77.37745,76.984304,83.066752,78.811378,79.8864,82.075563,85.541876,80.064367,80.826968,81.281203,84.573513,81.318953,82.509029,89.913237
收益质量,期间费用率,14.826914,17.198608,17.19325,16.142819,15.990579,16.647409,17.141495,13.359317,19.030005,18.584239,18.931599,16.196645,22.599794,20.383988,22.148757,20.999421,22.731562,22.39237,23.96382,27.71708,23.461888,41.161749,42.228824,41.711319,40.727345,38.637722,40.62464,40.376445,44.805171,48.759597,49.222757,49.534645,46.429541,48.326861,50.823091,47.969183,50.519825,55.128571,54.801262,52.799812,55.859741,59.316044,61.440854,59.812863,45.681774,45.820528,44.098328,42.26485,44.791803,47.570736,45.827179,43.571009,39.8727,38.746759,38.708314,32.938096,29.299158,29.470271,34.40129,31.575181,28.747705,28.335298,30.204687,25.363863,25.454233,27.607707,30.124687,24.580809,28.68378,27.412694,27.541078,25.784606,29.393731,28.548278,29.310042,25.595915,34.120526,35.029788,36.93001,29.34094,36.803757,39.320504,48.556751
收益质量,销售成本率,75.892177,75.302549,75.234857,77.408035,75.441296,73.849891,73.953645,79.696119,72.248872,73.187393,73.76771,79.473014,69.770179,74.198593,75.600043,79.58231,67.775751,70.500474,67.274399,72.021964,65.987397,52.874445,55.057107,62.933041,44.076424,46.594208,44.36325,49.145158,40.109143,37.295959,35.557509,39.694932,40.262377,38.330909,37.089953,41.74956,39.620121,37.731841,36.532305,40.735785,38.540266,36.770565,36.376519,42.397417,48.124874,47.222693,47.783826,50.949012,42.621932,40.622812,39.765666,46.270148,41.733582,44.137103,41.283357,51.830151,45.397286,49.058537,46.784385,53.119241,49.34594,52.549379,50.961082,57.087259,49.404465,52.239894,52.014715,59.799555,47.226437,49.964755,49.443225,57.282145,49.417646,51.338121,52.765521,59.945961,45.943841,45.797179,44.351193,55.232572,44.515195,43.188524,41.356485
收益质量,经营活动净现金/归属母公司的净利润,2.383194,3.002816,-0.173906,-2.857006,3.692656,1.326578,8.396545,12.882543,4.995917,5.770076,7.497555,14.811878,-0.102746,5.200318,5.492046,,8.954013,15.181493,2.707109,,3.090735,13.202832,303.933514,,0.944717,1.825121,0.763351,-1.702205,2.564887,4.500462,2.671597,2.029557,2.738876,2.439496,2.014561,6.341451,2.790865,2.890532,0.826847,-0.752081,2.521551,4.010251,2.379273,0.416609,2.733766,5.42115,3.353674,1.250797,0.732852,1.321213,1.665673,0.570054,1.01395,0.604521,0.562403,0.577207,0.779926,1.116036,0.603375,0.968112,0.554209,0.911611,0.61438,-0.572168,0.761811,0.387794,1.098301,0.725473,0.895696,1.011749,0.954465,-0.063437,1.137139,1.019214,1.132848,0.774963,1.500834,1.643692,2.049739,1.826879,1.896772,1.92417,5.224537
收益质量,所得税/利润总额,25.183282,25.982674,25.843703,33.202546,31.987645,27.953433,33.313501,37.081333,32.940255,32.402031,33.351846,29.092292,31.657199,30.142775,44.1024,257.971872,39.505329,43.029244,39.473249,160.378353,29.73419,34.140081,44.003102,,27.472548,26.055208,28.437864,27.769489,17.876691,19.094177,16.397434,11.958602,12.048129,11.707599,12.484727,25.151393,30.322124,27.568672,33.957434,31.836365,33.360442,64.42023,71.027361,781.81914,35.039474,39.238121,32.447836,26.528241,18.170232,18.213473,24.184497,31.226909,17.125802,18.484298,26.851104,26.291635,21.637288,26.431195,25.715397,26.574435,17.655072,21.731069,27.31714,28.315399,22.368433,24.420508,24.295549,30.141411,25.173059,24.685607,29.413063,30.27351,32.23582,29.622508,30.116797,31.183535,31.179463,27.383175,31.198647,47.40401,28.749636,33.016122,33.68194
财务风险,流动比率,1.964522,1.663887,1.642979,1.640736,1.689071,1.483789,1.27747,1.548406,1.789767,1.508748,1.44936,1.463697,1.375532,1.447807,1.455522,1.43407,1.513427,1.485442,1.47578,1.69785,1.758841,1.767197,1.782083,1.736609,1.695945,1.933488,1.766386,1.942531,1.790178,1.762247,1.817666,1.872673,1.934438,1.831789,1.901806,1.977934,1.843101,2.22225,2.12726,2.138332,2.103516,2.040156,2.05573,1.887324,1.499952,1.821602,1.996615,1.793685,1.90686,2.00713,2.144603,2.34571,2.236525,1.931312,2.085924,2.094715,2.02905,2.432755,2.784281,2.982965,3.023642,3.067421,2.781938,3.538464,3.430585,3.758774,3.54815,3.724131,3.533516,3.66457,3.952614,3.36353,3.047163,3.061846,3.810304,3.843946,1.402529,1.058151,,,0.771604,0.90938,0.691437
财务风险,速动比率,1.206541,0.950287,0.981125,0.933818,1.002187,0.874666,0.824522,1.103942,1.164456,1.006281,0.988601,0.979909,0.948876,1.007601,1.030953,1.042994,1.075335,1.003303,0.975826,1.052418,1.180926,1.16342,1.208799,1.155087,1.201764,1.254342,1.094773,1.158094,1.198555,1.073856,1.089123,1.26417,1.298514,1.218316,1.243855,1.325026,1.291415,1.569265,1.584072,1.652286,1.622313,1.570769,1.562812,1.427357,1.119632,1.303612,1.435926,1.251566,1.413009,1.355239,1.485488,1.671486,1.660992,1.589544,1.690088,1.740458,1.716729,2.021196,2.302856,2.507998,2.540013,2.629564,2.383978,3.051054,2.978189,3.44159,3.185208,3.41602,3.201635,3.438558,3.698394,3.172962,2.853334,2.908474,3.701289,3.674486,1.23515,0.912068,,,0.616955,0.762773,0.53028
财务风险,保守速动比率,0.995695,0.85029,0.730892,0.780946,0.759193,0.716454,0.621353,0.874234,1.039317,0.900638,0.84259,0.788504,0.676855,0.866678,0.853204,0.836876,0.874438,0.826599,0.727118,0.925832,0.844523,1.034196,0.870942,0.842663,0.750921,0.881061,0.777084,0.77726,0.741499,0.751814,0.841542,0.876945,0.929992,0.903577,1.140483,1.063983,0.997232,1.300919,1.135229,1.154014,1.503641,1.225726,1.229043,1.159733,0.840514,0.960859,1.145865,0.964925,1.136748,0.994671,1.082065,1.323254,1.375469,1.221633,1.273587,1.060831,1.099529,1.267862,1.455092,2.27161,2.338141,2.467149,2.188032,2.770048,2.702107,3.129891,3.032141,3.184215,3.016002,3.296536,3.580051,3.038943,2.775666,2.816917,3.612164,3.626337,0.903949,0.832367,,,0.559245,0.35715,0.466861
财务风险,资产负债率,25.278535,30.785199,30.669382,31.417672,28.567751,36.044267,41.308955,39.939982,33.234547,39.699432,40.434097,39.714295,43.291596,39.253547,39.465355,41.202455,38.034281,38.877613,39.069131,33.09486,28.486769,29.382297,28.33475,29.63912,31.206629,27.324508,28.412299,28.182887,29.314712,27.716532,26.963941,28.518981,27.400087,30.207531,29.041257,30.282904,32.492888,33.173906,35.095008,37.487569,37.440647,38.378478,38.194477,38.363254,37.817563,35.153902,34.024185,32.29135,33.235524,24.56514,21.996857,21.676368,23.730973,28.959088,27.826433,24.404362,26.625832,20.916337,18.87976,17.703687,18.211711,16.734472,18.359421,14.488549,14.92649,12.724573,15.142947,11.41347,13.20072,12.615757,11.515233,14.270581,15.781383,15.371916,15.293865,15.164854,24.033772,28.874813,,,25.878758,26.476976,25.754805
财务风险,权益乘数,2.063042,2.140102,2.139803,2.158154,2.179492,2.297056,2.407322,2.374236,2.45081,2.563647,2.581776,2.564058,2.497623,2.404422,2.417746,2.449371,2.234521,2.269946,2.27352,2.1657,2.127771,2.143835,2.1333,2.152159,2.135585,2.075056,2.095246,2.078551,2.057933,2.032195,2.021476,2.032602,2.099695,2.146816,2.125134,2.151388,2.243043,2.253681,2.285689,2.305269,2.341145,2.366318,2.362729,2.371416,2.300906,2.259998,2.236118,2.210303,2.059632,1.935336,1.899185,1.880314,1.936671,2.017419,2.008419,1.964815,1.827644,1.710745,1.685201,1.640207,1.58254,1.563807,1.540364,1.506851,1.462332,1.447401,1.421918,1.393479,1.378837,1.374747,1.364304,1.334901,1.368878,1.365113,1.28134,1.281247,1.391929,1.393522,,,1.369833,1.369631,1.363071
财务风险,权益乘数(含少数股权的净资产),1.338303,1.444777,1.442364,1.458101,1.399927,1.563581,1.703837,1.665001,1.49778,1.658359,1.678812,1.658768,1.763407,1.646186,1.651946,1.700751,1.613795,1.636061,1.641204,1.494653,1.398342,1.416075,1.395376,1.421244,1.453628,1.375979,1.396888,1.392425,1.414721,1.383442,1.369186,1.398972,1.377412,1.432819,1.409269,1.434368,1.481325,1.496421,1.540713,1.599681,1.598482,1.622809,1.617978,1.622408,1.608171,1.542112,1.515706,1.476916,1.497802,1.325647,1.281999,1.276753,1.311148,1.407639,1.385548,1.322827,1.362877,1.264483,1.232737,1.215121,1.222668,1.200977,1.224881,1.169434,1.175454,1.145797,1.178452,1.128839,1.152083,1.144371,1.130138,1.16646,1.187385,1.18164,1.180552,1.178756,1.316374,1.405971,,,1.34914,1.360118,1.346888
财务风险,产权比率,50.916191,66.710595,66.450282,69.21673,60.363965,84.68222,106.267179,99.977505,74.570483,97.966265,101.189222,98.020146,113.154273,95.316897,96.909232,103.769666,90.545322,95.419179,96.144833,74.336821,59.421747,62.208739,59.387385,63.231945,67.781314,56.051552,59.42862,58.014449,61.525212,56.751904,54.631603,58.409869,55.264158,63.683524,59.995784,64.095462,71.044061,73.243102,79.768761,86.698309,86.631585,90.705355,89.998321,91.059641,89.597809,80.442411,76.227469,70.683217,74.174925,48.830984,42.136203,40.710982,44.673824,59.018243,56.230274,47.201671,53.140139,37.100399,32.531995,28.931194,29.981865,26.998144,28.79572,21.763986,22.56299,18.890487,21.730852,15.735134,18.592594,17.673908,15.892349,18.864547,21.273778,20.633947,18.670134,18.494252,34.072062,41.044068,,,35.306962,36.427402,35.105641
财务风险,现金比率,0.907749,0.735061,0.658994,0.705956,0.676961,0.640763,0.572548,0.798621,0.96423,0.832886,0.776984,0.732627,0.62467,0.805136,0.767717,0.783523,0.821268,0.776639,0.68427,0.865504,0.78503,0.972172,0.798652,0.783081,0.70599,0.762965,0.681482,0.679576,0.67299,0.628078,0.721312,0.753734,0.798006,0.768228,1.001402,0.937192,0.884356,1.155517,0.974472,1.022975,1.387725,1.102637,1.11171,1.049633,0.758468,0.86144,1.033566,0.844215,1.02553,0.849115,0.954073,1.160988,1.230768,1.099746,1.171967,0.951548,1.006248,1.11219,1.316479,2.087206,2.200742,2.335601,2.07105,2.615833,2.57515,2.957361,2.940967,3.045504,2.91715,3.173247,3.45317,2.956552,2.680886,2.711482,3.536416,3.558367,0.788231,0.707775,,,0.461995,0.241996,0.3665
营运能力,应收账款周转率,27.737606,14.428598,12.613478,6.389798,28.767,19.95956,14.217767,7.103399,26.162662,16.855993,11.045923,6.6036,21.556048,16.722371,8.622009,6.261319,27.791105,18.857264,13.362447,7.226419,28.732235,20.138466,11.719604,6.875993,33.605496,18.536679,12.445567,6.909272,22.743071,13.835444,9.446856,4.793283,17.728465,11.902013,7.750759,4.247416,15.561026,10.873738,6.280945,3.334147,14.036463,9.563544,6.290302,3.236739,11.615273,7.628206,5.146232,2.610118,9.35316,6.439935,4.566376,2.251731,10.695181,7.235724,5.278745,3.080506,14.857275,10.517381,7.405163,3.893992,15.668315,12.408459,8.278157,4.74607,20.702144,13.59035,12.748068,6.595392,24.456468,17.233263,11.665727,7.321623,25.515686,18.496726,15.445719,9.361748,25.892154,16.689751,,,24.894177,24.348155,21.551542
营运能力,应收账款周转天数,12.978769,18.712836,14.270448,14.08495,12.514339,13.527352,12.660215,12.669989,13.760067,16.01804,16.295604,13.628928,16.700649,16.146035,20.876803,14.373967,12.953784,14.318089,13.470586,12.454301,12.529481,13.407177,15.358879,13.089017,10.712533,14.565715,14.46298,13.025974,15.828996,19.515094,19.053956,18.776274,20.306325,22.685237,23.223531,21.189351,23.13472,24.830466,28.658105,26.99341,25.647485,28.232209,28.615476,27.80576,30.993674,35.394952,34.977046,34.481186,38.489663,41.925883,39.418561,39.969245,33.660016,37.314852,34.099009,29.215973,24.230552,25.671789,24.307364,23.112523,22.976305,21.759349,21.743967,18.963057,17.389502,19.867036,14.119786,13.645889,14.720031,15.667374,15.429814,12.292355,14.108967,14.597177,11.653714,9.613588,13.903825,16.177592,,,14.461212,14.785514,16.70414
营运能力,存货周转率,2.481711,1.546479,1.079233,0.55436,2.60881,1.807926,1.196253,0.82774,2.292811,1.586149,1.076202,0.624361,1.833549,1.627913,1.060891,0.643604,2.117607,1.373639,0.837148,0.509488,1.904682,1.068729,0.724123,0.433175,1.521018,1.262573,0.717014,0.40942,1.425363,0.989693,0.618719,0.389819,1.470955,0.971679,0.598237,0.353447,1.366474,0.948847,0.617209,0.346966,1.23436,0.827628,0.511602,0.312237,1.229721,0.748839,0.521674,0.29645,0.946125,0.619991,0.402644,0.256273,1.214576,1.050052,0.601782,0.484724,1.971828,1.71918,0.991193,0.692775,2.185905,1.901505,1.21428,0.809945,2.937001,2.995818,1.813307,1.440493,4.303636,4.452285,2.849725,1.939496,7.096168,6.544049,5.647265,2.984317,7.868164,5.709615,,,7.791116,7.408354,5.550543
营运能力,存货周转天数,145.061194,174.590107,166.785104,162.349216,137.993909,149.342351,150.469755,108.729682,157.012454,170.223569,167.254775,144.147311,196.340458,165.856503,169.668685,139.837377,170.003169,196.558168,215.015645,176.647908,189.007836,252.6364,248.576271,207.767958,236.683487,213.848861,251.040873,219.822742,252.567151,272.811779,290.923293,230.875994,244.738804,277.869328,300.883936,254.634926,263.451728,284.555794,291.635179,259.391058,291.648927,326.233514,351.835344,288.242078,292.749288,360.558005,345.042955,303.592442,380.49928,435.490062,447.044949,351.187454,296.399492,257.130045,299.111395,185.672544,182.571684,157.051535,181.599301,129.912231,164.691511,141.992715,148.235903,111.118619,122.573984,90.125616,99.266143,62.478578,83.650189,60.643012,63.163967,46.403803,50.731605,41.258855,31.873832,30.15765,45.753998,47.28865,,,46.206473,48.593786,64.858515
营运能力,总资产周转率,0.555977,0.380173,0.253484,0.131494,0.542322,0.380131,0.237832,0.146777,0.468209,0.334519,0.219397,0.119235,0.362406,0.284298,0.176386,0.099774,0.39814,0.272274,0.177122,0.097979,0.354413,0.251192,0.154385,0.081781,0.376239,0.303074,0.183099,0.09753,0.342546,0.265033,0.168778,0.089051,0.311904,0.224227,0.141317,0.073077,0.26201,0.189616,0.121226,0.059875,0.227516,0.160357,0.101786,0.052776,0.196617,0.129821,0.089194,0.048351,0.195545,0.144406,0.098222,0.053341,0.249843,0.182388,0.118075,0.07234,0.331766,0.266356,0.164176,0.09716,0.308087,0.233912,0.153912,0.088669,0.316185,0.240857,0.156526,0.095185,0.341501,0.263055,0.172414,0.097848,0.476979,0.3595,0.258186,0.148851,0.676585,0.504988,,,0.68973,0.684466,0.551788
营运能力,总资产周转天数,647.508335,710.201121,710.103133,684.441479,663.811521,710.280787,756.834003,613.172828,768.886647,807.127576,820.42998,754.811847,993.360318,949.705628,1020.489086,902.03,904.204284,991.645755,1016.245267,918.557484,1015.763479,1074.871885,1165.913188,1100.489893,956.837269,890.870213,983.072469,922.787585,1050.952728,1018.73883,1066.485512,1010.649833,1154.199478,1204.134732,1273.729593,1231.574567,1373.988447,1423.930313,1484.820845,1503.118673,1582.304314,1683.737907,1768.415823,1705.289715,1830.967253,2079.772777,2018.067776,1861.35659,1841.004469,1869.727972,1832.582353,1687.251146,1440.899715,1480.356124,1524.45169,1244.108659,1085.099652,1013.677249,1096.379022,926.306165,1168.499729,1154.27732,1169.498942,1014.999756,1138.570364,1120.99575,1149.964836,945.526075,1054.167542,1026.399805,1043.996763,919.784672,754.74897,751.042584,697.171305,604.627708,532.083396,534.665153,,,521.943194,525.957105,652.42371
营运能力,流动资产周转率,1.295222,0.859613,0.580457,0.300486,1.299232,0.927388,0.567805,0.325352,1.037128,0.696115,0.457933,0.25127,0.791341,0.651767,0.40782,0.22688,0.959879,0.635813,0.416004,0.250564,0.892432,0.637884,0.401145,0.214259,1.065145,0.924098,0.573914,0.305694,1.171699,0.958367,0.634711,0.320855,1.144811,0.803441,0.518867,0.265993,0.890341,0.643274,0.403216,0.191971,0.770749,0.543185,0.346555,0.183041,0.654989,0.429971,0.294178,0.162331,0.573109,0.439559,0.284573,0.150515,0.578658,0.39277,0.2497,0.150745,0.679677,0.576921,0.352735,0.208143,0.653222,0.498228,0.328085,0.191272,0.679853,0.509575,0.342059,0.213478,0.721431,0.558115,0.368657,0.203664,1.100853,0.854228,0.527094,0.306477,2.534868,2.017948,,,3.14537,3.266476,3.12815
营运能力,流动资产周转天数,277.944485,314.094686,310.100167,299.514593,277.086651,291.14021,317.010197,276.623395,347.112234,387.86674,393.070413,358.18015,454.923506,414.258311,441.370226,396.683739,375.047075,424.652946,432.687487,359.189436,403.391972,423.274371,448.715431,420.051864,337.981964,292.176586,313.635583,294.411115,307.246088,281.729056,283.593456,280.500092,314.462192,336.054329,346.9092,338.354229,404.339373,419.727371,446.410136,468.819119,467.077556,497.067381,519.397843,491.69269,549.627119,627.949312,611.872989,554.422416,628.151777,614.251658,632.526209,597.943624,622.128535,687.423869,720.863678,597.031144,529.66268,468.001265,510.297679,432.394904,551.114127,541.920169,548.637057,470.532554,529.525624,529.853091,526.223568,421.587191,499.007655,483.771137,488.257555,441.903062,327.019124,316.074676,341.494892,293.659872,142.019199,133.799231,,,114.453926,110.210507,115.083984
营运能力,应付账款周转率,21.6295,16.292975,10.122276,6.236129,22.965287,20.080452,13.722702,8.516194,18.543307,13.439138,8.708081,4.490892,14.892038,9.814074,8.008527,3.631648,12.783001,9.146812,6.125623,4.509829,11.375636,7.202155,4.502102,3.067352,8.100486,6.436465,4.043373,,7.271412,,3.500399,1.908537,5.761679,4.339908,2.729798,1.578593,3.495383,2.360135,1.349692,0.723133,1.326014,0.844277,0.549705,0.3165,1.079162,0.886021,0.596799,0.347291,1.333708,1.288882,0.849318,0.603583,2.399541,1.74954,1.331311,0.905325,3.434918,2.527037,1.78603,1.135505,4.603198,3.139487,2.333824,1.71376,6.816702,7.425216,4.633917,2.958617,10.039581,9.222845,5.55384,3.774416,11.535668,9.45271,6.321948,4.39112,8.340327,5.90336,,,7.028672,6.257775,5.726341
