选项,指标,20260331,20251231,20250930,20250630,20250331,20241231,20240930,20240630,20240331,20231231,20230930,20230630,20230331,20221231,20220930,20220630,20220331,20211231,20210930,20210630,20210331,20201231,20200930,20200630,20200331,20191231,20190930,20190630,20190331,20181231,20180930,20180630,20180331,20171231,20170930,20170630,20170331,20161231,20160930,20160630,20160331,20151231,20150930,20150630,20150331,20141231,20140930,20140630,20140331,20131231,20130930,20130630,20130331,20121231,20120930,20120630,20120331,20111231,20110930,20110630,20110331,20101231,20100930,20100630,20100331,20091231,20090930,20090630,20090331,20081231,20080930,20080630,20080331,20071231,20070930,20070630,20070331,20061231,20060930,20060630,20060331,20051231,20050930,20050630,20050331,20041231,20040930,20040630,20040331,20031231,20030930,20030630,20030331,20021231,20020930,20020630,20020331,20011231,20010630,20001231,20000630,19991231,19990630,19981231,19971231,19961231,19951231
常用指标,归母净利润,25723558.35,236838163.72,85063522.56,43848289.76,20077162.0,213598168.75,69837824.9,41395954.65,20418614.9,187189136.41,105255859.65,60274210.28,36091197.98,215972950.5,93992353.57,75534332.63,34677867.31,163999696.76,217926918.07,121055488.67,13707054.11,45461378.63,-305704414.84,-306333069.15,-130996349.7,-835955293.21,18462030.24,18090272.34,12562480.93,-82807737.87,6525329.63,5581571.57,3015386.0,35675345.83,17331692.21,14394980.89,1101789.81,-1922184650.62,-980766212.4,-591990855.27,-222207482.9,9083328.14,10874267.28,7577454.99,3831645.95,-123211548.73,19473179.79,11367434.51,6272420.84,25504728.89,-52120824.56,-47672912.51,-18652687.36,-332226683.47,-232457737.06,-91859006.83,19146409.82,390374562.34,342463213.48,268507148.95,114132574.2,651775878.85,529855032.24,354807852.87,160298513.5,553746391.04,405915145.64,275890751.88,124188100.86,452370879.63,346378426.6,230883134.17,113672492.9,291653124.19,206749156.45,135470973.95,64246366.0,80562784.0,56371162.89,38316687.34,16450565.26,26991914.72,17113293.69,12057303.67,5273407.27,18236797.43,9557678.39,8119879.56,494374.63,-79006104.38,-52002399.91,-37353523.27,680882.17,10695033.01,10316887.52,10147264.49,267191.41,20525669.23,20250549.46,31948582.66,24531486.41,70326965.23,19153329.84,62424708.11,41995664.0,40408337.0,49684273.0
常用指标,营业总收入,2824302461.98,10379423745.08,7028463843.02,4758613916.87,2818789806.35,9824021406.06,6390922677.51,3637880092.0,1728144034.78,8354021154.28,6640899894.63,4075761499.08,1945457283.02,8039613648.63,6121852277.33,4030642363.69,1865344747.98,8320369713.95,5825243191.52,4029857624.49,1840674301.05,8776604518.15,5946503186.45,3907732944.87,2083893243.09,7066962779.34,5149706800.29,3606016739.87,1987175521.04,6520782949.15,4154798130.11,2736697486.5,1148943115.77,7362311097.28,4583349959.73,3230305249.58,1376151707.78,3525517570.14,2208033535.99,1151551710.41,534881450.71,6904968381.32,4532290784.96,2984061230.53,1318644686.38,8266653650.16,5375359434.88,3715824342.68,1546050071.48,9551413326.73,5470323219.37,3730357675.57,1887018220.37,9360076854.13,5997990187.93,4083243417.24,1902192253.16,10325961715.14,6491245981.25,4435692910.27,2145796983.83,9653736002.57,7211569454.34,4835244109.4,2228679242.03,8068885023.98,5742128225.99,3866545064.8,1674008675.43,7047599972.21,5011409543.29,3252357253.68,1511075427.15,5149929904.97,3448487504.57,2436414182.81,1139995476.49,3510275191.49,2578467900.28,1683383654.32,732218458.51,2457477229.99,1675594162.91,1086456232.26,529112585.98,1839235113.76,1299770809.47,812511673.26,334308909.02,1011324380.91,639248878.14,433230937.85,194824719.13,821286161.12,497833816.92,339586780.97,118828802.97,677722978.77,352488042.1,552654954.29,236966940.25,434109581.95,184384191.35,397242806.96,417475806.0,330447720.0,382138135.0
常用指标,营业成本,2775107793.28,10001626776.29,6844134916.82,4647413823.57,2757651601.08,9548111945.26,6251824762.81,3574535993.07,1705426182.32,8064759169.34,6503901465.99,4052961017.24,1921306411.91,7787065179.51,6020037291.01,3941883516.64,1829607675.04,8242130793.7,5777634698.86,4006202395.1,1854241301.74,9050237199.33,6261319648.62,4174988008.59,2195148872.05,7235367631.4,5178779197.46,3646467922.58,1985565937.0,6520418857.94,4142629892.85,2761627493.28,1151291132.61,7389989835.73,4610483226.41,3245463193.81,1403074780.48,5495783268.23,3211467974.02,1771220134.1,776757606.01,6979538793.08,4556034692.48,3004807599.88,1339878059.07,8500259370.43,5409013964.59,3749779089.78,1566844917.17,9590422965.36,5569728743.4,3813280608.42,1919109512.42,9751538730.86,6257074811.74,4203892942.87,1883340786.11,9955201439.04,6148928363.22,4166956796.59,2028316430.76,8957960294.12,6643640557.92,4456131394.74,2064151486.99,7526364342.13,5343596175.46,3600152877.3,1560734927.48,6602100588.0,4675007503.88,3030056772.11,1400281606.11,4771458869.75,3217185326.46,2286013670.84,1070450054.66,3416234476.54,2507441692.37,1634350007.78,710640491.67,2415113553.9,1646419531.0,1064699443.19,521150024.01,1814754281.16,1285582542.69,801338970.81,331910937.4,1083925526.7,689072846.22,468086370.19,192840944.41,803783970.41,481983728.6,324523886.29,116800283.8,646292504.25,326943878.07,506333824.46,211762236.08,361762378.72,165230418.62,333247766.15,359299580.0,263420005.0,302122149.0
常用指标,净利润,51082882.41,343113626.31,148879791.05,83932020.75,38408867.3,261928554.9,136162989.88,78403974.13,30201716.89,166672475.61,152078296.57,71457254.18,39003605.89,229644043.53,99493195.23,77761397.73,41717185.13,173579248.11,235309618.23,135815672.1,21895711.07,43520078.32,-307158542.54,-309778217.3,-129657534.03,-833686328.37,16467291.06,16284822.25,13123616.64,-80789364.87,5518734.62,2567411.27,1300875.47,34890884.17,16148951.52,13943908.75,1101789.81,-1921553989.06,-982288396.17,-593513555.97,-222207482.9,9994706.26,10589270.6,7333189.46,3831645.95,-122120106.47,19910227.93,11804482.65,6272420.84,26529661.5,-52286322.91,-47838410.86,-18652687.36,-331498220.45,-232457737.06,-91072432.04,19146409.82,390374562.34,342463213.48,268507148.95,114132574.2,651775878.85,529855032.24,354807852.87,160298513.5,553746391.04,405915145.64,275890751.88,124188100.86,452370879.63,346378426.6,230883134.17,113672492.9,353281305.71,208618527.64,136637824.02,64694508.76,81389166.99,57132395.7,38728672.49,16620449.26,27226313.95,17364497.07,12149768.88,5378146.54,18062996.97,9410330.09,7961244.95,417094.0,-79463725.56,-52311528.16,-37561009.74,600981.69,10254311.28,10097736.25,10005255.75,189943.38,20230000.35,20127501.0,31594290.3,24531577.19,70326965.23,19153329.84,62424708.11,41995664.0,40408337.0,49684273.0
常用指标,扣非净利润,5984776.95,43910033.1,14429135.23,-1330676.55,7628069.39,28024661.52,870885.74,-26585971.23,-4113945.11,-18669092.31,-38695485.46,-65261803.24,3621701.04,97663576.36,37065887.82,30152489.59,18824707.54,-67491763.3,81149745.35,50076877.87,-34673753.32,-430197526.91,-382598285.0,-327281590.41,-135244160.96,-896163058.46,-47361370.64,-39599557.03,5241654.96,-4256248.35,-28034163.44,-21044456.87,-7448953.25,-17638812.44,-34233364.05,-16335526.8,-27508706.12,-1941654784.31,-986898712.48,-607649175.93,-235219285.58,-62352397.13,-43714023.13,-37344139.11,-38372778.81,-51013448.85,-19119385.78,-18623102.45,-12646605.41,-14421407.5,-80445824.71,-66395254.21,-22030909.07,-368423233.68,-238519139.71,-96169636.38,,357900468.11,342411693.31,268455628.78,,660486733.84,529260479.13,354213299.76,,535297510.08,392700099.98,262675706.22,113153747.95,433237680.59,342057316.98,225404482.43,110747560.11,280167837.58,217706671.03,131539440.99,69097279.07,75651496.77,38591116.1,50894984.83,21408082.84,25680254.95,28909799.53,21664323.86,7853609.24,19631907.29,14238347.5,11332245.04,369074.63,-82996637.17,-53140802.81,-34342053.64,,13787052.51,14300541.91,14214687.24,,20649234.09,20250549.46,43303013.35,20380000.0,61259070.83,,,,,
常用指标,股东权益合计(净资产),6123000155.64,6070027391.95,5813549343.38,5730199482.23,5686871476.93,6026315292.98,6543421384.48,6588847696.22,6540552170.88,6545069099.01,6568820251.58,6471622876.57,6435863923.14,6117754347.96,5973951011.72,5900233155.6,5861902097.52,5548251263.0,5864236793.09,5772324388.61,5657847600.17,4768876190.76,3042398582.89,3037994860.38,3246847048.98,3046073936.13,4220655232.77,4219660672.74,4217915681.95,3896251028.14,4169804121.04,4166769129.66,4165894004.69,3977180372.45,4126252333.51,4127960561.05,4115331639.87,3941166478.06,4489907405.64,4848231877.04,5218156374.08,5271289712.67,5426940891.61,5423319346.76,5420064563.69,5260910250.22,5414063420.99,5420996486.34,5415487625.24,5407829671.74,5330642025.03,5335679832.71,5365884951.66,5433086621.03,5482000304.33,5623385609.35,5733696250.5,5714549840.68,5666298571.37,5592342506.84,5478367182.09,5364234607.89,3584904675.36,3409857495.99,3215348156.62,3055049643.12,2907245743.09,2777221349.33,2647829982.83,2523641881.97,1555543072.67,1440047780.24,1306698045.67,1435311938.85,1137367253.6,1066062930.82,996142485.34,932949153.36,906853513.81,888449790.61,866341567.38,849721118.12,839599554.3,834384826.11,827613203.78,822235057.23,813375726.31,812076412.43,804532261.49,804115167.48,831159596.34,845910114.76,884295896.99,883471124.5,883314549.47,883222068.97,873406756.6,873216813.22,872946331.92,873403715.0,714052894.04,686521316.85,639275210.75,620121880.91,147393726.0,127761930.0,136491315.0
常用指标,商誉,,,,,,,,,,,,,,,,,,,,,,,,,,,,,,,,,,,,,,,,,,,,,,,,,,,,,,,,,,,,,,,,,,,,,,,,,,,,,,,,,,,,,,,,,,,,,,,,,,,,,,,,,,,
常用指标,经营现金流量净额,450022282.32,2055945662.58,534089845.27,68630532.99,184169614.28,343124292.2,397355365.52,120687326.72,214086501.54,343851620.91,-55080611.3,-154964916.83,79653724.24,120309694.92,255071049.04,162677998.63,71435673.37,107943774.91,83667560.53,127907451.39,94309502.38,196996854.65,21219114.54,122451937.95,362764374.94,299879330.32,244832073.0,215751280.77,660649591.22,581015259.84,19182584.65,5675965.66,-211599976.23,1211139663.39,541619249.81,36935899.2,31568999.47,-1673259531.46,-1288594664.15,-1182676181.6,-629865425.0,-601764584.44,-466031823.03,-397712910.41,-330407377.47,-1442215853.86,-1153591014.58,-884572990.7,-441468728.95,-827295660.95,-1183403637.86,-939160921.41,-590261632.43,-664922679.52,-599369265.02,-655190834.87,-585758054.71,27473098.66,-41618325.11,55719470.6,-212005472.26,484498406.76,336709635.97,206018569.86,100626467.73,54598092.48,33445625.2,119615118.95,68141560.09,456676038.24,22771227.39,134943803.57,191465347.06,202996349.17,95198606.29,80855414.02,-80110385.09,384802084.57,241899606.57,364819.44,-76049733.49,205211954.41,141999384.05,134423066.95,85531690.62,165860959.8,204141987.37,77870180.83,-51440124.8,138382728.45,83226677.18,28765081.58,-44362928.68,-25270677.36,,-48416388.38,,-28621141.98,8313171.57,-20122365.91,49392566.02,-33567462.71,,-37025948.79,,,
常用指标,基本每股收益,0.0077,0.0711,0.0253,0.013,0.006,0.0639,0.0208,0.0122,0.006,0.0558,0.0316,0.0181,0.0108,0.0648,0.0282,0.0227,0.0104,0.0492,0.0654,0.0363,0.0041,0.0177,-0.1192,-0.1195,-0.0511,-0.326,0.0072,0.0071,0.0049,-0.0323,0.0025,0.0022,0.0012,0.0139,0.0068,0.0056,0.0004,-0.793,-0.4046,-0.2442,-0.0917,0.0037,0.0045,0.0031,0.0016,-0.0508,0.008,0.0047,0.0026,0.0105,-0.0215,-0.0197,-0.0077,-0.1371,-0.0959,-0.0379,0.0079,0.161,0.2119,0.1662,0.0706,0.4559,0.7412,0.4963,0.224,0.7746,0.57,0.3859,0.278,1.2155,0.93,0.6204,0.3,0.76,0.55,0.36,0.1726,0.22,0.15,0.103,0.0442,0.0725,,0.0324,,0.049,,0.0218,,-0.2123,,,,0.0287,,,,0.0552,0.054,0.1496,,,,0.32,,,
常用指标,每股净资产,1.55928,1.551121,1.521875,1.4978,1.490764,1.483861,1.533053,1.555213,1.551333,1.465159,1.543,1.529301,1.521256,1.427868,1.467092,1.463045,1.450081,1.358092,1.426943,1.428584,1.368871,1.269383,1.172729,1.171788,1.25098,1.173196,1.63268,1.6324,1.630603,1.505365,1.613184,1.612901,1.611334,1.537732,1.596939,1.596424,1.590813,1.523517,1.838521,1.998974,2.151397,2.172941,2.237772,2.23618,2.234624,2.168965,2.232469,2.235152,2.233056,2.229897,2.198574,2.200652,2.213024,2.220121,2.26091,2.319238,3.547597,3.535749,3.506437,3.460672,6.780283,6.639027,5.015003,4.770126,4.498022,4.273777,4.067011,3.885117,5.926574,5.648607,4.17963,3.869302,3.511001,3.251699,3.040685,2.850983,2.665043,2.492418,2.426509,2.377998,2.319245,2.275044,2.247803,2.234218,2.21599,2.201821,2.177945,2.174484,2.153995,2.152667,2.224934,2.264295,2.36649,2.364661,2.363645,2.363189,2.336642,2.335924,2.334734,2.335011,2.037935,1.971785,2.754131,2.671615,1.134182,1.083132,1.077404
常用指标,每股现金流,0.134451,0.614246,0.159567,0.020418,0.066469,0.105426,0.118216,0.016695,0.058555,0.069474,-0.021266,-0.045956,0.023622,0.035679,0.075644,0.048806,0.021431,0.032384,0.025101,0.038374,0.028294,0.059102,0.008275,0.047759,0.141486,0.116959,0.09549,0.084147,0.257668,0.226608,0.007481,0.002213,-0.082528,0.426596,0.211243,0.014405,0.012312,-0.652608,-0.531608,-0.487911,-0.25985,-0.248257,-0.19226,-0.164076,-0.136309,-0.594984,-0.475912,-0.364929,-0.182127,-0.341299,-0.488211,-0.387449,-0.243511,-0.274313,-0.247269,-0.270298,-0.36248,0.017,-0.025754,0.03448,-0.262387,0.599637,0.47103,0.288204,0.140768,0.076378,0.046787,0.167332,0.152519,1.022167,0.061184,0.362584,0.514453,0.41972,0.188865,0.171079,-0.21525,1.033934,0.649966,0.00098,-0.20434,0.551389,0.381541,0.361184,0.229817,0.445656,0.548514,0.209231,-0.138215,0.371824,0.223623,0.077289,-0.119199,-0.0679,,-0.130091,,-0.076902,0.022336,-0.054067,0.141862,-0.09641,,-0.159515,,,
常用指标,净资产收益率(ROE),0.49,4.47,1.69,0.83,0.39,3.85,1.32,0.75,0.37,3.45,2.05,1.18,0.71,4.4,1.93,1.56,0.72,3.48,4.68,2.59,0.3,1.01,-9.6806,-9.7013,-4.0,-21.7454,0.4422,0.4333,0.3,0.9147,0.1579,0.13,0.07,1.27,0.4242,0.35,0.03,-42.91,-19.8295,-11.5185,-4.17,0.41,0.2,0.1399,0.07,0.59,0.36,0.21,0.12,0.47,-0.97,-0.89,-0.35,-5.99,-4.17,-1.62,0.33,7.05,6.21,4.88,2.11,19.28,15.96,10.98,5.11,19.87,,10.38,,32.48,,17.05,,26.22,,12.8,,9.08,,4.43,,,,1.46,,2.25,,1.01,,-9.4,,,,1.22,,,,2.39,2.35,7.23,,,,16.26,,,
常用指标,总资产报酬率(ROA),0.500734,2.703228,1.565448,1.092156,0.460116,2.475932,1.548829,1.058214,0.484052,2.429186,1.848887,1.122574,0.512884,2.662019,1.731886,1.138176,0.522923,2.843348,1.875828,1.184473,0.463587,3.045907,0.8528,0.549709,0.166731,0.159374,1.851479,1.40231,0.555119,2.474458,1.8219,1.146798,0.596223,2.416352,1.824792,1.136492,0.592477,-4.8388,-2.184726,-1.168939,-0.380727,2.044978,1.376408,1.06108,0.60406,1.274529,1.259673,0.811153,0.371455,1.491451,0.780318,0.413694,0.191603,-0.535964,-0.478732,-0.025871,0.306218,3.142628,2.567435,2.021803,0.873482,5.904097,5.342183,3.670955,1.599398,6.352624,4.452737,3.151708,1.477626,6.713471,5.634107,3.942422,1.896796,6.887657,5.246935,3.536096,1.708041,3.173679,2.472282,1.641275,0.72284,1.872208,1.273829,0.912478,0.435019,1.986833,1.295811,0.976895,0.364894,-2.054802,-1.191155,-1.03518,0.41291,2.344435,1.833831,1.364233,0.363195,3.624338,2.142222,2.515691,2.896926,8.726158,2.590801,13.227642,18.617593,19.007067,24.827694
常用指标,毛利率,15.145376,19.25904,17.951374,17.23801,14.130093,19.205641,18.997224,20.155307,18.601226,20.807203,17.357614,16.838137,16.094287,20.920723,18.517649,18.835634,15.876942,20.899688,21.512184,21.463748,14.912313,18.768193,16.753725,17.5656,16.949171,25.909878,25.147688,25.113522,22.774561,29.514222,28.882077,27.497611,31.584756,23.405032,22.309237,23.420628,23.636897,2.914452,2.513415,10.045615,20.460469,20.406804,19.134968,17.993708,19.125498,15.043518,17.438001,17.035099,21.94337,14.425452,15.325508,14.790111,18.452194,9.721161,10.881347,13.30405,21.567567,13.332335,16.309917,17.679477,18.865813,15.400431,16.39903,16.874273,19.149423,14.103617,15.351957,15.771275,15.341256,14.608979,15.849927,16.499309,15.056042,15.492147,15.387098,14.560281,15.015875,13.025085,11.390999,12.577408,12.57669,11.276429,11.368624,12.350136,12.833736,14.135824,13.298815,14.344593,14.457161,8.875246,8.076698,8.164883,19.004488,17.882123,19.967984,21.801978,22.957885,17.124213,19.814921,17.251642,20.028305,25.012668,19.059092,25.173338,23.255503,29.253669,32.937076
常用指标,销售净利率,1.80869,3.305709,2.11824,1.763791,1.521946,2.438559,2.130568,2.031502,2.057469,1.96476,2.269057,1.753224,2.004855,2.856406,1.625213,1.929255,2.236432,2.605073,4.039481,3.370234,1.189548,0.495864,-5.165364,-7.927312,-6.221889,-11.796953,0.319771,0.451601,0.660415,-1.238951,0.132827,0.093814,0.113223,0.473912,0.352339,0.431659,0.080063,-54.504167,-44.487023,-51.54033,-41.543314,0.144746,0.23364,0.245745,0.290574,-1.477261,0.370398,0.317681,0.405706,0.277756,-0.955817,-1.282408,-0.988474,-3.541613,-3.875593,-2.230394,1.006544,3.780515,5.27577,6.05333,5.318889,6.75154,7.347291,7.337951,7.192534,6.862737,7.069071,7.13533,7.418605,6.418793,6.911796,7.098947,7.522622,5.996877,6.101074,5.55133,5.674979,2.365499,2.238419,2.374296,2.307139,1.110873,1.039093,1.122142,1.017648,0.985471,0.725807,0.983399,0.124874,-7.901843,-8.209818,-8.701954,0.30889,1.256009,2.037729,2.965037,0.160211,3.0416,5.803078,5.810097,10.526976,16.523542,10.566923,15.749818,10.090162,12.246757,12.997041
常用指标,期间费用率,12.257436,14.558394,14.74618,14.275624,11.071896,16.071256,16.314854,17.91636,16.452226,16.846039,14.775454,15.631222,13.976363,17.121761,16.275017,15.95844,13.274738,18.590745,19.849962,20.158144,14.961021,21.349829,21.519257,23.777175,21.788294,27.708173,25.079376,25.557746,22.225689,28.795053,27.595236,27.467808,33.082284,22.041709,22.97752,22.151746,25.648684,42.739307,43.973281,57.055699,56.613063,21.085203,21.090165,21.613432,29.247312,16.134543,16.178484,15.548265,20.056599,13.321908,15.634738,14.756094,16.836563,12.581866,12.805919,12.128147,15.799123,8.51808,8.977832,8.633843,9.109074,6.920383,6.690318,6.702347,7.824407,6.025053,7.065025,7.050678,8.184579,7.480029,8.078482,7.937845,6.929999,8.035606,7.295076,6.69697,7.479635,9.914655,8.718362,9.099096,9.301284,9.504107,9.5281,10.187664,10.927262,12.652812,11.980889,12.806596,13.280503,16.289285,15.916331,16.20132,17.46693,15.842037,16.838059,17.57842,21.278954,13.834079,13.491579,10.115731,10.701385,9.488975,9.837147,8.86409,8.869721,8.361544,11.12997
常用指标,资产负债率,80.931617,80.9799,82.050036,82.181896,82.622168,81.781912,81.034132,80.271455,79.951431,80.367046,79.97214,79.958577,79.901674,80.463512,81.383531,81.500412,81.793182,82.045907,81.298532,83.561009,83.600391,86.479185,91.235331,91.102153,90.574658,90.943264,87.368708,87.732482,87.145308,87.5798,87.219666,87.212226,86.611762,86.865397,86.23935,86.302665,85.390009,86.401181,83.548302,82.74514,81.200164,81.227719,80.298379,79.966979,80.253418,80.703979,78.906164,78.755493,77.574933,77.251181,75.865851,75.562267,75.496647,73.881247,73.155809,72.517501,71.226535,69.466282,65.993724,65.421808,63.232456,63.943024,70.702981,71.076844,71.263641,71.624264,73.903464,73.971135,72.823111,72.634163,80.110223,79.571237,81.267763,77.565169,77.128555,77.320915,77.257019,78.084478,75.952902,75.324017,76.517495,74.972756,75.258272,74.423883,73.28864,70.77186,70.797433,70.026484,66.562489,65.597815,62.285881,59.741956,58.385577,57.898719,56.143841,53.518329,50.901545,48.061768,46.312436,41.178983,42.637683,37.033542,33.205372,30.704208,63.216264,67.392951,63.12897
每股指标,基本每股收益,0.0077,0.0711,0.0253,0.013,0.006,0.0639,0.0208,0.0122,0.006,0.0558,0.0316,0.0181,0.0108,0.0648,0.0282,0.0227,0.0104,0.0492,0.0654,0.0363,0.0041,0.0177,-0.1192,-0.1195,-0.0511,-0.326,0.0072,0.0071,0.0049,-0.0323,0.0025,0.0022,0.0012,0.0139,0.0068,0.0056,0.0004,-0.793,-0.4046,-0.2442,-0.0917,0.0037,0.0045,0.0031,0.0016,-0.0508,0.008,0.0047,0.0026,0.0105,-0.0215,-0.0197,-0.0077,-0.1371,-0.0959,-0.0379,0.0079,0.161,0.2119,0.1662,0.0706,0.4559,0.7412,0.4963,0.224,0.7746,0.57,0.3859,0.278,1.2155,0.93,0.6204,0.3,0.76,0.55,0.36,0.1726,0.22,0.15,0.103,0.0442,0.0725,,0.0324,,0.049,,0.0218,,-0.2123,,,,0.0287,,,,0.0552,0.054,0.1496,,,,0.32,,,
每股指标,稀释每股收益,0.0077,0.0711,0.0253,0.013,0.006,0.0639,0.0208,0.0122,0.006,0.0558,0.0312,0.0179,0.0107,0.0646,0.0282,0.0227,0.0104,0.0492,,0.0363,0.0041,0.0177,,-0.1195,-0.0511,-0.326,0.0072,0.0071,0.0049,,0.0025,0.0022,0.0012,,0.0068,0.0056,0.0004,,-0.4046,-0.2442,-0.0917,,0.0045,0.0031,0.0016,,0.008,0.0047,0.0026,0.0105,-0.0215,-0.0197,-0.0077,-0.1371,-0.0962,-0.0379,0.0079,0.161,0.2119,0.1662,0.0706,0.4559,0.7412,0.4963,0.224,0.7746,0.57,0.3859,0.278,1.2155,0.93,0.6204,0.3,0.76,0.55,0.36,0.1726,0.22,0.15,0.1,0.0442,,,,,,,,,,,,,,,,,,,,,,,,,,
每股指标,摊薄每股收益_最新股数,0.007685,0.070759,0.025414,0.0131,0.006565,0.058257,0.020865,0.011025,0.007697,0.055268,0.031063,0.018007,0.010782,0.064525,0.028081,0.022567,0.01036,0.062622,0.065109,0.036167,0.004095,0.013582,-0.091334,-0.091521,-0.039137,-0.249754,0.005515,0.005404,0.003753,-0.02474,0.001949,0.001667,0.0009,0.010658,0.005178,0.0043,0.000329,-0.574283,-0.293019,-0.176866,-0.066387,0.002713,0.003248,0.002263,0.001144,-0.036811,0.005817,0.003396,0.001873,0.007619,-0.015571,-0.014243,-0.005572,-0.099257,-0.069685,-0.027444,0.00572,0.11663,0.102316,0.08022,0.034098,0.194728,0.158302,0.106004,0.047891,0.16544,0.121273,0.082426,0.037103,0.135152,0.103486,0.068979,0.033961,0.084118,0.060963,0.039869,0.019194,0.024069,0.016841,0.011447,0.004914,0.008064,0.005112,0.003602,0.001575,0.005448,0.002855,0.002425,0.000147,-0.023604,-0.015536,-0.011159,0.000203,0.003195,0.003082,0.003031,7.9e-05,0.006132,0.00605,0.009545,0.007329,0.021011,0.005722,0.01865,0.012546,0.012072,0.014843
每股指标,摊薄每股净资产_期末股数,1.55928,1.551121,1.521875,1.4978,1.490764,1.483861,1.533053,1.555213,1.551333,1.465159,1.543,1.529301,1.521256,1.427868,1.467092,1.463045,1.450081,1.358092,1.426943,1.428584,1.368871,1.269383,1.172729,1.171788,1.25098,1.173196,1.63268,1.6324,1.630603,1.505365,1.613184,1.612901,1.611334,1.537732,1.596939,1.596424,1.590813,1.523517,1.838521,1.998974,2.151397,2.172941,2.237772,2.23618,2.234624,2.168965,2.232469,2.235152,2.233056,2.229897,2.198574,2.200652,2.213024,2.220121,2.26091,2.319238,3.547597,3.535749,3.506437,3.460672,6.780283,6.639027,5.015003,4.770126,4.498022,4.273777,4.067011,3.885117,5.926574,5.648607,4.17963,3.869302,3.511001,3.251699,3.040685,2.850983,2.665043,2.492418,2.426509,2.377998,2.319245,2.275044,2.247803,2.234218,2.21599,2.201821,2.177945,2.174484,2.153995,2.152667,2.224934,2.264295,2.36649,2.364661,2.363645,2.363189,2.336642,2.335924,2.334734,2.335011,2.037935,1.971785,2.754131,2.671615,1.134182,1.083132,1.077404
每股指标,调整每股净资产_期末股数,0.948237,0.935991,0.92002,0.912736,0.912125,0.904866,0.858237,0.913479,0.914116,0.834673,0.946694,0.9563,0.954964,0.886049,0.944456,0.948549,0.981913,0.899535,0.977114,0.72149,0.676052,0.579656,0.272109,0.27636,0.387326,0.317673,0.805192,0.826036,0.838349,0.72394,0.920627,0.957201,0.961518,0.887449,0.988139,0.995886,1.006164,0.951606,1.291806,1.477372,1.657904,1.709684,1.973746,1.990901,1.998426,1.923269,1.986615,1.989265,1.988984,1.987785,1.994907,1.996267,2.008945,2.067463,2.106118,2.211799,3.396729,3.388704,3.457782,3.411857,6.704517,6.562942,4.942923,4.770126,4.498022,4.273777,4.067011,3.885117,5.926574,5.648607,4.176701,3.866965,3.508345,3.249043,3.040685,2.850983,2.665043,2.492418,2.426509,2.377998,2.319245,2.275044,2.247803,2.234218,2.21599,2.201821,2.177945,2.174484,2.153995,2.152667,2.224934,2.264295,2.36649,2.364661,2.363645,2.363189,2.336642,2.335924,2.334734,2.335011,2.037935,1.971785,2.754131,2.671615,1.134182,1.083132,1.077404
每股指标,每股净资产_最新股数,1.55928,1.551121,1.521875,1.504134,1.497068,1.490136,1.539536,1.570955,1.567035,1.479989,1.558618,1.540665,1.532561,1.438478,1.477994,1.456943,1.444032,1.352427,1.420991,1.422625,1.363161,1.264088,0.898336,0.897615,0.958278,0.898694,1.250669,1.250454,1.249078,1.153143,1.235734,1.235518,1.234317,1.177936,1.223291,1.222896,1.218598,1.167048,1.331448,1.447646,1.55803,1.573632,1.620583,1.61943,1.618303,1.570753,1.616742,1.618686,1.617168,1.61488,1.592196,1.593701,1.60266,1.6078,1.637339,1.67958,1.712767,1.707047,1.692896,1.6708,1.636748,1.602649,1.071046,1.018748,0.960636,0.912744,0.868585,0.829738,0.791081,0.753977,0.464743,0.430237,0.390396,0.361564,0.338101,0.317007,0.296332,0.277137,0.269809,0.264415,0.257882,0.252967,0.249938,0.248428,0.246401,0.244825,0.242171,0.241786,0.239507,0.23936,0.247395,0.251772,0.263135,0.262932,0.262819,0.262768,0.259816,0.259737,0.259604,0.259635,0.21199,0.205109,0.190993,0.185271,0.044036,0.03817,0.040778
每股指标,每股经营现金流,0.134451,0.614246,0.159567,0.020418,0.066469,0.105426,0.118216,0.016695,0.058555,0.069474,-0.021266,-0.045956,0.023622,0.035679,0.075644,0.048806,0.021431,0.032384,0.025101,0.038374,0.028294,0.059102,0.008275,0.047759,0.141486,0.116959,0.09549,0.084147,0.257668,0.226608,0.007481,0.002213,-0.082528,0.426596,0.211243,0.014405,0.012312,-0.652608,-0.531608,-0.487911,-0.25985,-0.248257,-0.19226,-0.164076,-0.136309,-0.594984,-0.475912,-0.364929,-0.182127,-0.341299,-0.488211,-0.387449,-0.243511,-0.274313,-0.247269,-0.270298,-0.36248,0.017,-0.025754,0.03448,-0.262387,0.599637,0.47103,0.288204,0.140768,0.076378,0.046787,0.167332,0.152519,1.022167,0.061184,0.362584,0.514453,0.41972,0.188865,0.171079,-0.21525,1.033934,0.649966,0.00098,-0.20434,0.551389,0.381541,0.361184,0.229817,0.445656,0.548514,0.209231,-0.138215,0.371824,0.223623,0.077289,-0.119199,-0.0679,,-0.130091,,-0.076902,0.022336,-0.054067,0.141862,-0.09641,,-0.159515,,,
每股指标,每股现金流量净额,0.051209,0.165455,0.279356,0.179958,0.32009,-0.07483,-0.007358,0.016834,0.04051,-0.036218,0.034604,0.072568,0.11399,-0.1004,0.063676,0.08482,-0.015874,0.124864,0.179415,0.089872,-0.005648,0.126814,0.248546,0.281109,0.126642,0.076758,-0.036327,0.139691,0.143841,-0.016222,0.164181,0.261247,-0.026762,-0.261088,-0.18111,-0.130276,-0.207477,0.136998,0.04329,0.05232,-0.139703,-0.269203,-0.039931,-0.210519,-0.038512,-0.058397,0.103097,0.130468,-0.124146,0.002215,-0.169191,-0.143108,0.15258,-0.156129,-0.072562,0.043238,0.379159,-0.515866,-0.592665,-0.22984,-0.501113,1.742999,0.062206,-0.114382,0.147413,0.2908,0.547208,1.027714,-0.004933,2.158565,-0.276356,-0.186029,0.150484,-0.471428,-0.528965,-0.402548,-0.412678,0.35425,0.036386,-0.268737,-0.35871,0.199388,0.132163,0.211227,0.07604,0.147339,0.578883,0.266666,-0.095323,0.095495,-0.011916,-0.155583,-0.157428,0.168032,,0.096917,,-0.270983,-0.138808,0.347023,0.209655,0.05186,,0.322708,,,
每股指标,每股企业自由现金流量,,0.048677,,-0.356685,,0.366816,,0.656806,,-0.452327,,-1.024897,,-0.245567,,-0.100041,,-0.456807,,-0.056315,,0.176042,,0.07993,,0.284281,,0.40657,,0.437396,,0.307303,,-0.436014,,-0.341449,,0.700529,,0.451941,,0.077291,,0.119251,,-0.130866,,-0.417162,,0.136751,,0.286446,,-0.54634,,-0.939319,,-0.014501,,-0.316307,,-2.750639,,-0.294925,,-0.221666,,-0.260078,,-1.024594,,-0.119016,,0.221931,,-0.104951,,0.108842,0.148618,0.12968,0.084492,0.091749,-0.013439,-0.032506,0.017692,-0.009788,-0.480745,-0.158297,-0.165427,0.190657,0.224203,0.134062,-0.01409,0.34926,,-0.124914,,0.223033,-0.033999,-0.444054,-0.123496,-0.127244,,-0.749811,,,
每股指标,每股股东自由现金流量,,-0.193164,,-0.103823,,0.479002,,0.802739,,-0.379165,,-0.837275,,-0.187222,,0.106614,,-0.191451,,0.129989,,0.201897,,0.41908,,0.993723,,0.863276,,0.545567,,0.7114,,-0.644712,,-0.22291,,1.308861,,0.840943,,0.504074,,0.211111,,0.903772,,0.37021,,0.935333,,0.765118,,0.237412,,-0.232657,,0.856616,,-0.032113,,-2.558395,,-0.332356,,0.58691,,0.898229,,-0.541126,,0.230284,,0.179746,,-0.30029,,0.092754,0.035766,0.118932,0.048128,0.147839,0.017124,-0.042716,-0.065557,0.03433,-0.238136,0.040534,-0.027223,0.111716,0.106043,0.029039,-0.014815,0.829464,,0.158555,,0.276772,-0.00713,-0.268436,0.041249,0.004873,,-0.613441,,,
每股指标,每股未分配利润,-0.089099,-0.096784,-0.171687,-0.183226,-0.189733,-0.196271,-0.152644,-0.159559,-0.162853,-0.250864,-0.194727,-0.208206,-0.215378,-0.306686,-0.261966,-0.270555,-0.282813,-0.374761,-0.28036,-0.306101,-0.338307,-0.437646,-0.577451,-0.577696,-0.499055,-0.576336,-0.118465,-0.118621,-0.119756,-0.244599,-0.137303,-0.137279,-0.138948,-0.212302,-0.153517,-0.154201,-0.159386,-0.226216,0.218562,0.378951,0.531504,0.553713,0.61854,0.61718,0.615634,0.549965,0.612971,0.615486,0.613384,0.610796,0.582521,0.584356,0.596329,0.604024,0.644859,0.703187,1.123473,1.111625,1.105341,1.059575,2.37809,2.236834,2.443819,2.198941,1.926838,1.702593,1.570616,1.388722,2.332403,2.054436,2.075618,1.76529,1.39315,1.08772,0.932118,0.742416,0.556476,0.383851,0.34037,0.291859,0.233107,0.188905,0.173169,0.159584,0.141356,0.127187,0.110714,0.107253,0.086764,0.085436,0.157993,0.197353,0.299549,0.297719,0.301014,0.300558,0.274011,0.273293,0.280826,0.273057,0.268849,0.202699,0.343993,0.261477,0.058726,,
每股指标,每股资本公积金,0.577758,0.577758,0.625103,0.621313,0.620986,0.62066,0.624386,0.659894,0.659138,0.658275,0.660398,0.660065,0.659162,0.657437,0.651308,0.654469,0.654469,0.654469,0.626581,0.654469,0.62638,0.626581,0.643749,0.643749,0.643749,0.643749,0.643749,0.643749,0.643749,0.643749,0.643749,0.643749,0.643749,0.643749,0.643749,0.643749,0.643749,0.643749,0.5072,0.5072,0.5072,0.5072,0.5072,0.5072,0.5072,0.5072,0.5072,0.5072,0.5072,0.5072,0.5072,0.5072,0.507849,0.507849,0.507849,0.507849,1.261773,1.261773,1.261773,1.261773,3.123547,3.123547,1.342293,1.342293,1.342293,1.342293,1.342331,1.342331,2.347669,2.347669,0.924645,0.924645,0.943849,0.989977,0.991245,0.991245,0.991245,0.991245,0.990338,0.990338,0.990338,0.990338,0.98964,0.98964,0.98964,0.98964,0.989487,0.989487,0.989487,0.989487,0.989198,0.989198,0.989198,0.989198,0.989198,0.989198,0.989198,0.989198,0.988746,0.988563,0.713198,0.713198,1.369797,1.369797,0.075456,0.083132,0.077404
每股指标,每股盈余公积金,0.08126,0.08126,0.08126,0.080917,0.080917,0.080917,0.080917,0.080445,0.080445,0.080445,0.080445,0.08066,0.08066,0.08066,0.08066,0.0816,0.0816,0.0816,0.0816,0.0816,0.0816,0.0816,0.10608,0.10608,0.10608,0.10608,0.10608,0.10608,0.10608,0.10608,0.10608,0.10608,0.10608,0.10608,0.10608,0.10608,0.10608,0.10608,0.112207,0.112207,0.112207,0.112207,0.112207,0.112207,0.112207,0.112207,0.112207,0.112207,0.112207,0.112207,0.108458,0.108458,0.108458,0.108458,0.108458,0.108458,0.162687,0.162687,0.139322,0.139322,0.278645,0.278645,0.228891,0.228891,0.228891,0.228891,0.154063,0.154063,0.246501,0.246501,0.179366,0.179366,0.174001,0.174001,0.11732,0.11732,0.11732,0.11732,0.0958,0.0958,0.0958,0.0958,0.084992,0.084992,0.084992,0.084992,0.077743,0.077743,0.077743,0.077743,0.077743,0.077743,0.077743,0.077743,0.073433,0.073433,0.073433,0.073433,0.06516,0.073391,0.055887,0.055887,0.04034,0.04034,,,
每股指标,每股留存收益,-0.007838,-0.015524,-0.090427,-0.102308,-0.108816,-0.115353,-0.071726,-0.079113,-0.082408,-0.170418,-0.114282,-0.127546,-0.134717,-0.226025,-0.181305,-0.188955,-0.201213,-0.29316,-0.19876,-0.224501,-0.256707,-0.356046,-0.471371,-0.471616,-0.392974,-0.470255,-0.012385,-0.012541,-0.013675,-0.138518,-0.031222,-0.031198,-0.032868,-0.106221,-0.047436,-0.04812,-0.053305,-0.120135,0.330769,0.491158,0.643712,0.66592,0.730747,0.729387,0.727842,0.662173,0.725179,0.727693,0.725591,0.723004,0.690979,0.692814,0.704787,0.712482,0.753317,0.811645,1.286161,1.274312,1.244664,1.198898,2.656735,2.51548,2.67271,2.427833,2.155729,1.931484,1.724679,1.542785,2.578905,2.300937,2.254984,1.944657,1.567152,1.261722,1.049439,0.859737,0.673797,0.501172,0.436171,0.387659,0.328907,0.284705,0.258162,0.244577,0.226349,0.21218,0.188457,0.184997,0.164507,0.163179,0.235736,0.275097,0.377292,0.375463,0.374447,0.373991,0.347444,0.346726,0.345987,0.346448,0.324736,0.258587,0.384334,0.301818,0.058726,,
每股指标,每股营业收入,0.843805,3.101016,2.099864,1.415724,0.823549,2.75163,1.901349,1.076102,0.51103,2.47597,1.965597,1.208716,0.576948,2.384244,1.815509,1.209262,0.559635,2.524279,1.747673,1.209026,0.552234,2.633132,2.319269,1.524103,0.812765,2.756274,2.008501,1.406427,0.775043,2.543251,1.620464,1.067373,0.448113,2.871466,1.787609,1.259891,0.53673,1.37503,0.910921,0.475071,0.220664,2.848637,1.869791,1.231071,0.544005,3.410398,2.217598,1.532959,0.637821,3.940425,2.256775,1.538955,0.778487,3.861489,2.474464,1.684537,1.177121,6.389946,4.016934,2.74491,2.655738,11.947914,10.088426,6.764131,3.117749,11.287744,8.032792,5.408996,3.746893,15.774473,13.465289,8.738845,4.060148,12.695935,9.068729,6.515564,3.063084,9.244841,6.857987,4.382818,1.93564,6.585368,4.490174,2.909214,1.420006,4.924945,3.483687,2.175238,0.897462,2.702068,1.712062,1.159781,0.522772,2.19366,1.331475,0.906679,0.318557,1.787102,0.931938,1.461103,0.66931,1.22243,0.780894,1.707567,3.202654,2.797241,3.017505
每股指标,每股营业总收入,0.843805,3.101016,2.099864,1.415724,0.823549,2.75163,1.901349,1.076102,0.51103,2.47597,1.965597,1.208716,0.576948,2.384244,1.815509,1.209262,0.559635,2.524279,1.747673,1.209026,0.552234,2.633132,2.319269,1.524103,0.812765,2.756274,2.008501,1.406427,0.775043,2.543251,1.620464,1.067373,0.448113,2.871466,1.787609,1.259891,0.53673,1.37503,0.910921,0.475071,0.220664,2.848637,1.869791,1.231071,0.544005,3.410398,2.217598,1.532959,0.637821,3.940425,2.256775,1.538955,0.778487,3.861489,2.474464,1.684537,1.177121,6.389946,4.016934,2.74491,2.655738,11.947914,10.088426,6.764131,3.117749,11.287744,8.032792,5.408996,3.746893,15.774473,13.465289,8.738845,4.060148,12.695935,9.068729,6.515564,3.063084,9.26149,6.901886,4.388035,1.938809,6.603061,4.502198,2.919228,1.421686,4.941889,3.492388,2.183159,0.898263,2.717354,1.717614,1.164059,0.523479,2.206735,1.337642,0.912444,0.319284,1.820991,0.947109,1.484943,0.680602,1.246823,0.794365,1.711405,3.212441,2.80145,3.016435
每股指标,每股息税前利润,0.047891,0.25727,0.150094,0.103903,0.04416,0.236633,0.156148,0.104336,0.047172,0.226648,0.1753,0.105875,0.048168,0.245587,0.161767,0.107216,0.049496,0.282245,0.187484,0.125059,0.048519,0.31483,0.113662,0.072655,0.022136,0.020203,0.23391,0.179851,0.06948,0.297492,0.223502,0.140588,0.071385,0.279251,0.209839,0.131023,0.06603,-0.538447,-0.249534,-0.135457,-0.04385,0.233457,0.155615,0.118927,0.068172,0.134175,0.12846,0.08247,0.036718,0.136793,0.068858,0.036289,0.016833,-0.043476,-0.038647,-0.00209,0.036612,0.326643,0.250548,0.19424,0.160954,0.93691,0.859535,0.579162,0.24562,0.888162,0.634184,0.43851,0.313615,1.160583,1.063172,0.703073,0.336394,0.892429,0.650138,0.425218,0.198035,0.325976,0.238024,0.154253,0.068798,0.156155,0.106216,0.074478,0.034548,0.13748,0.089179,0.066234,0.023253,-0.122453,-0.068848,-0.058405,0.023428,0.119047,0.091042,0.06564,0.016883,0.154163,0.089529,0.087033,0.097144,0.248771,0.103355,0.369163,0.567689,0.613939,0.725487
盈利能力,净资产收益率(ROE),0.49,4.47,1.69,0.83,0.39,3.85,1.32,0.75,0.37,3.45,2.05,1.18,0.71,4.4,1.93,1.56,0.72,3.48,4.68,2.59,0.3,1.01,-9.6806,-9.7013,-4.0,-21.7454,0.4422,0.4333,0.3,0.9147,0.1579,0.13,0.07,1.27,0.4242,0.35,0.03,-42.91,-19.8295,-11.5185,-4.17,0.41,0.2,0.1399,0.07,0.59,0.36,0.21,0.12,0.47,-0.97,-0.89,-0.35,-5.99,-4.17,-1.62,0.33,7.05,6.21,4.88,2.11,19.28,15.96,10.98,5.11,19.87,,10.38,,32.48,,17.05,,26.22,,12.8,,9.08,,4.43,,,,1.46,,2.25,,1.01,,-9.4,,,,1.22,,,,2.39,2.35,7.23,,,,16.26,,,
盈利能力,摊薄净资产收益率,0.492876,4.561804,1.669918,0.870957,0.438546,3.909539,1.355288,0.70184,0.491237,3.734415,1.992985,1.168837,0.703581,4.485665,1.899986,1.548933,0.717474,4.630412,4.58195,2.542287,0.300419,1.074474,-10.167015,-10.196104,-4.084118,-27.790855,0.441029,0.432223,0.30048,-2.14545,0.157764,0.13497,0.072987,0.904851,0.423293,0.351683,0.027012,-49.208167,-22.007574,-12.217525,-4.261019,0.172453,0.200474,0.139795,0.070738,-2.343549,0.359854,0.209812,0.11588,0.471857,-0.978015,-0.893707,-0.34772,-6.173518,-4.256015,-1.633998,0.333979,6.83,6.043861,4.801335,2.083331,12.15,14.78017,10.405357,4.985416,18.13,13.96,9.93,4.69,17.93,22.27,16.03,8.7,23.27,18.03,12.58,6.48,8.83,6.24,4.33,1.91,3.19,2.05,1.45,0.64,2.23,1.18,1.0,0.06,-9.86,-6.28,-4.43,0.08,1.22,1.17,1.15,0.030724,2.36,2.33,6.03,3.46,10.244,3.0,10.07,28.49,31.63,36.4
盈利能力,净资产收益率_平均,0.494168,4.565575,1.655405,0.858282,0.431132,3.805572,1.341339,0.701705,0.490529,3.787532,2.072875,1.208929,0.725861,4.623969,1.984276,1.606557,0.740976,4.786745,4.849696,2.692302,0.311748,1.256002,-10.164991,-10.189982,-4.215164,-24.344503,0.458922,0.449721,0.31248,-2.122631,0.161541,0.13819,0.074693,0.909052,0.433253,0.359901,0.027596,-41.908054,-20.172892,-11.70806,-4.239791,0.172611,0.203604,0.141928,0.071793,-2.311087,0.360061,0.210059,0.115962,0.470712,-0.968723,-0.885639,-0.345556,-5.988681,-4.167305,-1.620746,0.334538,7.047808,6.209368,4.901296,2.105261,15.482928,15.959598,10.976425,5.112865,19.852196,14.94839,10.409276,4.802814,22.853051,23.162502,16.059426,8.29118,26.322096,19.803271,13.410738,6.688963,9.080985,6.443196,4.425238,1.924191,3.240003,2.066788,1.460631,0.64146,2.250594,1.186011,1.0084,0.061688,-9.398633,-6.088841,-4.336449,0.077337,1.222688,1.179712,1.160429,0.030729,2.361452,2.330393,4.107693,3.514353,10.764524,3.041666,16.266694,30.525023,30.583039,36.40105
盈利能力,净资产收益率_平均_扣除非经常损益,0.114972,0.846462,0.280802,-0.026046,0.149657,0.546939,0.016726,-0.505517,-0.078322,-0.382233,-0.771472,-1.308966,0.072839,2.090972,0.782499,0.64132,0.402235,-1.541303,1.744285,1.075752,-0.761133,-11.885457,-12.061757,-10.321773,-4.132986,-26.09786,-1.13395,-0.948194,0.125578,-0.109101,-0.678334,-0.509251,-0.180343,-0.449459,-0.837927,-0.399908,-0.674625,-42.332548,-19.95351,-11.820921,-4.417107,-1.18489,-0.806748,-0.689437,-0.708674,-0.956862,-0.35352,-0.344136,-0.233806,-0.26616,-1.495175,-1.233452,-0.40814,-6.641165,-4.261549,-1.696802,,6.461522,6.208434,4.900355,,15.689854,15.94169,10.958032,,19.19079,14.461728,9.910676,4.376075,21.886473,22.873547,15.67835,8.077837,26.192434,21.128675,13.218929,7.194013,8.527388,4.410945,5.87792,2.504062,3.082556,3.491463,2.624433,0.955317,2.422764,1.766834,1.407341,0.046053,-9.873351,-6.222134,-3.986841,,1.576177,1.635234,1.625575,,2.375668,2.330393,5.567556,2.919615,9.376556,,,,,
盈利能力,摊薄净资产收益率_扣除非经常损益,0.114671,0.845763,0.283264,-0.026431,0.152231,0.561882,0.0169,-0.505614,-0.078435,-0.376873,-0.741739,-1.265556,0.070603,2.02843,0.749259,0.618317,0.389477,-0.483482,1.706187,1.051665,-0.759949,-9.89024,-12.724326,-10.893362,-4.216553,-30.510921,-1.131391,-0.946135,0.125374,-3.238865,-0.677787,-0.508884,-0.180301,-0.866554,-0.836085,-0.399093,-0.674435,-49.754546,-22.145182,-12.540682,-4.510531,-1.431165,-0.805898,-0.688955,-0.708425,-3.925077,-0.353316,-0.343732,-0.232156,-0.266807,-1.509516,-1.244689,-0.410697,-6.84614,-4.352265,-1.710676,,6.263938,6.042951,4.800414,,12.312786,14.763585,10.38792,,17.53,13.51,9.46,4.27,17.17,21.99,15.65,8.48,23.15,19.24,12.23,6.97,8.29,4.273277,5.75,2.4802,3.032949,3.455751,2.61,0.952263,2.4,1.756581,1.4,0.046038,-10.36,-6.41751,-4.0752,,1.57,,1.616197,,2.38,2.32,4.98,,,,,,,
盈利能力,息税前利润率,5.675604,8.296333,7.147804,7.339268,5.362254,8.599771,8.212506,9.695794,9.230758,9.153919,8.918429,8.759364,8.348752,10.300414,8.910298,8.866239,8.844408,11.181244,10.727637,10.343819,8.786105,11.956492,4.900775,4.76712,2.723572,0.732983,11.646028,12.787818,8.964727,11.697329,13.792499,13.171452,15.930249,9.725041,11.738531,10.399616,12.302374,-39.158928,-27.39357,-28.513099,-19.872189,8.195412,8.322587,9.660488,12.531634,3.934305,5.79276,5.379832,5.756791,3.471531,3.051175,2.358054,2.162286,-1.125905,-1.561872,-0.124112,3.110377,5.111834,6.237317,7.076379,6.060635,7.841619,8.520013,8.562266,7.878133,7.868378,7.89495,8.107066,8.370003,7.357352,7.895651,8.045382,8.285267,7.029256,7.169013,6.526202,6.465241,3.519702,3.448684,3.515322,3.548476,2.364889,2.359214,2.551313,2.430128,2.781944,2.55354,3.033867,2.588723,-4.506354,-4.008368,-5.017428,4.475545,5.394751,6.806187,7.19386,5.287898,8.465888,9.452916,5.861048,14.273379,19.952409,13.011088,21.570764,17.671607,21.915045,24.051145
盈利能力,总资产报酬率,0.500734,2.703228,1.565448,1.092156,0.460116,2.475932,1.548829,1.058214,0.484052,2.429186,1.848887,1.122574,0.512884,2.662019,1.731886,1.138176,0.522923,2.843348,1.875828,1.184473,0.463587,3.045907,0.8528,0.549709,0.166731,0.159374,1.851479,1.40231,0.555119,2.474458,1.8219,1.146798,0.596223,2.416352,1.824792,1.136492,0.592477,-4.8388,-2.184726,-1.168939,-0.380727,2.044978,1.376408,1.06108,0.60406,1.274529,1.259673,0.811153,0.371455,1.491451,0.780318,0.413694,0.191603,-0.535964,-0.478732,-0.025871,0.306218,3.142628,2.567435,2.021803,0.873482,5.904097,5.342183,3.670955,1.599398,6.352624,4.452737,3.151708,1.477626,6.713471,5.634107,3.942422,1.896796,6.887657,5.246935,3.536096,1.708041,3.173679,2.472282,1.641275,0.72284,1.872208,1.273829,0.912478,0.435019,1.986833,1.295811,0.976895,0.364894,-2.054802,-1.191155,-1.03518,0.41291,2.344435,1.833831,1.364233,0.363195,3.624338,2.142222,2.515691,2.896926,8.726158,2.590801,13.227642,18.617593,19.007067,24.827694
盈利能力,总资本回报率,0.799825,4.220179,2.375098,1.663015,0.704364,3.916469,2.511769,1.687402,0.776063,3.865518,2.949812,1.779554,0.811149,4.266832,2.763958,1.813177,0.829249,4.849885,3.14452,2.030417,0.815676,5.606183,1.508235,0.965912,0.303725,0.296394,3.313233,2.456894,0.995809,4.374985,3.063489,1.930002,1.000867,4.02114,3.024344,1.864981,0.957008,-8.080658,-3.510285,-1.895778,-0.625888,3.807269,2.603376,2.047615,1.210531,2.633042,2.458486,1.606767,0.726911,3.014002,1.542245,0.831365,0.383396,-1.08211,-0.965837,-0.051875,0.602698,6.535064,5.287039,4.161508,1.781777,12.705152,12.146183,8.48187,3.630878,15.253187,10.765714,7.556189,3.755682,18.969542,18.231166,12.321626,6.285143,19.245983,14.377056,9.752658,4.55541,7.804695,5.73674,3.740904,1.68776,3.886388,2.631257,1.85432,0.87011,3.5159,2.213517,1.665623,0.592508,-3.047511,-1.700833,-1.433565,0.559344,3.160501,2.467529,1.865457,0.498947,4.648847,2.714538,2.983951,3.376533,9.816059,2.88914,15.321046,24.44598,24.707946,31.875638
盈利能力,投入资本回报率,0.555855,3.343531,1.830141,1.292065,0.520481,3.45508,1.925487,1.331004,0.647527,3.784113,2.571017,1.635677,0.755292,4.120101,2.647131,1.75354,0.77426,4.766106,3.481285,2.37643,0.727547,5.382311,1.409375,0.930275,0.271857,0.232677,3.191832,2.390773,0.94567,4.227646,2.964324,1.839598,0.962876,3.994276,2.934904,1.828208,0.925475,-7.9463,-3.420499,-1.842467,-0.600111,3.704369,2.396076,1.871635,1.029751,2.728563,2.513148,1.683689,0.765794,3.151481,1.654448,0.942676,0.469431,-0.907732,-0.756208,0.194583,0.602698,6.351384,5.294588,4.202744,1.781777,12.372395,11.685091,8.161898,3.630878,15.253187,10.761677,7.552091,3.752465,18.20287,17.328952,11.698898,5.946784,18.660845,13.802086,9.443693,4.525612,7.748373,5.687443,3.714058,1.676562,3.859929,2.613629,1.848135,0.862737,3.485411,2.211995,1.676342,0.583678,-3.22448,-1.721956,-1.463262,0.530933,2.608251,2.12723,1.564939,0.405337,4.02998,2.374468,3.093528,2.944351,8.409147,2.48209,13.351366,17.591987,17.917448,23.388509
盈利能力,息前税后总资产报酬率_平均,0.427213,2.566544,1.410693,1.038165,0.40405,2.4698,1.391741,0.965911,0.436584,2.381693,1.757528,1.087788,0.486763,2.664117,1.676148,1.157877,0.510559,2.885686,2.123798,1.445371,0.435972,2.998208,0.79255,0.551499,0.153151,0.338317,1.772197,1.439202,0.52733,2.397672,1.756221,1.164792,0.004228,2.601625,0.054695,1.202526,0.00385,-4.443734,-3.527618,-0.983272,-0.79139,2.209232,0.038404,1.068314,0.01392,1.500674,0.080545,0.85176,0.026178,1.567636,-0.244444,0.469414,-0.08759,-0.445891,-1.187915,0.101057,0.099094,3.054299,2.171638,2.041837,0.766579,5.749464,4.606868,3.532472,1.460209,6.352624,3.986943,3.149999,1.309668,6.707421,4.932057,3.941576,1.722199,6.718531,4.46532,3.451728,1.499263,3.172394,1.594465,1.641275,0.469206,1.867014,0.559547,0.912478,0.181954,1.962854,0.367398,0.976895,0.017586,-2.194758,-2.431802,-1.066506,0.028459,1.91146,0.546506,1.13653,0.010978,3.123179,1.86594,2.453785,2.101107,7.085169,2.068431,9.636456,10.597919,10.605739,13.421442
盈利能力,毛利率,15.145376,19.25904,17.951374,17.23801,14.130093,19.205641,18.997224,20.155307,18.601226,20.807203,17.357614,16.838137,16.094287,20.920723,18.517649,18.835634,15.876942,20.899688,21.512184,21.463748,14.912313,18.768193,16.753725,17.5656,16.949171,25.909878,25.147688,25.113522,22.774561,29.514222,28.882077,27.497611,31.584756,23.405032,22.309237,23.420628,23.636897,2.914452,2.513415,10.045615,20.460469,20.406804,19.134968,17.993708,19.125498,15.043518,17.438001,17.035099,21.94337,14.425452,15.325508,14.790111,18.452194,9.721161,10.881347,13.30405,21.567567,13.332335,16.309917,17.679477,18.865813,15.400431,16.39903,16.874273,19.149423,14.103617,15.351957,15.771275,15.341256,14.608979,15.849927,16.499309,15.056042,15.492147,15.387098,14.560281,15.015875,13.025085,11.390999,12.577408,12.57669,11.276429,11.368624,12.350136,12.833736,14.135824,13.298815,14.344593,14.457161,8.875246,8.076698,8.164883,19.004488,17.882123,19.967984,21.801978,22.957885,17.124213,19.814921,17.251642,20.028305,25.012668,19.059092,25.173338,23.255503,29.253669,32.937076
盈利能力,销售净利率,1.80869,3.305709,2.11824,1.763791,1.521946,2.438559,2.130568,2.031502,2.057469,1.96476,2.269057,1.753224,2.004855,2.856406,1.625213,1.929255,2.236432,2.605073,4.039481,3.370234,1.189548,0.495864,-5.165364,-7.927312,-6.221889,-11.796953,0.319771,0.451601,0.660415,-1.238951,0.132827,0.093814,0.113223,0.473912,0.352339,0.431659,0.080063,-54.504167,-44.487023,-51.54033,-41.543314,0.144746,0.23364,0.245745,0.290574,-1.477261,0.370398,0.317681,0.405706,0.277756,-0.955817,-1.282408,-0.988474,-3.541613,-3.875593,-2.230394,1.006544,3.780515,5.27577,6.05333,5.318889,6.75154,7.347291,7.337951,7.192534,6.862737,7.069071,7.13533,7.418605,6.418793,6.911796,7.098947,7.522622,5.996877,6.101074,5.55133,5.674979,2.365499,2.238419,2.374296,2.307139,1.110873,1.039093,1.122142,1.017648,0.985471,0.725807,0.983399,0.124874,-7.901843,-8.209818,-8.701954,0.30889,1.256009,2.037729,2.965037,0.160211,3.0416,5.803078,5.810097,10.526976,16.523542,10.566923,15.749818,10.090162,12.246757,12.997041
盈利能力,成本费用利润率,2.720588,4.169689,2.918386,2.60929,2.243968,3.163304,3.045194,3.074966,3.027734,2.501718,2.781568,2.213758,2.482638,3.16065,1.955841,2.229774,2.510887,2.747812,2.636009,1.257641,1.693143,0.970391,-4.600444,-7.215097,-5.723403,-11.465308,0.785766,0.84208,1.089534,-0.882313,0.611383,0.821161,0.854348,0.603951,0.720477,0.659042,0.475846,-39.458762,-31.895091,-35.514517,-31.113437,0.350668,0.885322,1.046316,1.963317,-1.615565,0.236448,0.049096,0.099655,0.101549,-1.17869,-1.600554,-1.504218,-3.627072,-4.147873,-2.873097,1.06816,4.122668,5.683589,6.578256,5.893946,7.601531,8.495534,8.528465,8.111119,7.465872,7.71104,7.821837,7.998177,6.918651,7.495848,7.765516,8.191313,6.666576,6.886587,6.194099,6.137517,2.442912,2.299887,2.459858,2.385266,1.137615,1.059408,1.146945,1.03824,1.034503,0.748801,0.99876,0.18885,-7.06907,-7.521687,-7.913592,0.586611,2.305292,3.122685,4.357432,1.240556,4.378486,7.517418,6.091168,13.658621,23.012769,13.694581,22.140078,17.590471,23.106097,24.808609
盈利能力,营业利润率,2.602057,3.923009,2.57712,2.212085,2.194911,2.975663,2.847086,2.802747,2.55484,2.31081,2.666155,2.057698,2.284203,2.637974,1.251321,2.004472,2.402825,2.925927,2.598864,1.256213,1.769202,1.246596,-4.941361,-7.726141,-5.89133,-11.781164,0.723052,0.767967,0.971843,-0.771893,0.614836,0.715019,0.939843,0.686035,0.517863,0.338799,-1.956402,-55.885856,-45.44471,-53.811602,-45.220516,-1.079952,-0.523883,-0.695239,-1.610242,-2.82588,-0.626088,-0.913787,-1.34503,-0.407377,-1.817178,-2.222921,-1.700634,-4.184799,-4.319523,-2.954747,0.991038,3.590129,5.273527,6.058492,5.474914,7.207322,7.875246,7.840611,7.382298,6.723617,6.942842,6.893157,6.766616,6.321236,6.697766,6.812011,7.332117,6.53985,6.733952,6.075116,6.100499,2.837697,2.765073,3.002477,2.990413,1.794057,1.741151,2.002546,1.504889,1.267867,1.091667,1.375193,0.717292,-7.148635,-7.793276,-8.044184,1.018235,2.289425,3.18495,4.437323,1.707093,4.796561,7.246996,8.788882,11.099185,17.278433,10.802827,17.381207,15.530591,18.714108,19.707122
盈利能力,总资产净利率_平均,0.080355,0.743489,0.265062,0.137121,0.068117,0.606989,0.206089,0.110704,0.078199,0.586429,0.324337,0.189524,0.113966,0.694257,0.298426,0.240569,0.109916,0.633507,0.652595,0.343204,0.039201,0.131955,-0.894478,-0.903842,-0.384776,-2.57203,0.056825,0.054851,0.039028,-0.268636,0.020704,0.017722,0.009802,0.120399,0.058701,0.04863,0.00385,-6.737195,-3.522151,-2.09563,-0.79139,0.032824,0.039437,0.027719,0.01392,-0.48284,0.078777,0.046125,0.026178,0.11472,-0.24367,-0.224206,-0.08759,-1.689618,-1.191934,-0.46894,0.099094,2.324166,2.171638,1.729506,0.766579,5.083356,4.606868,3.146047,1.460209,5.540709,3.986943,2.773935,1.309668,5.85705,4.932057,3.478647,1.722199,5.838699,4.424783,2.981807,1.488877,2.107495,1.57322,1.095443,0.46441,0.869536,0.551453,0.396914,0.178411,0.708148,0.373151,0.321789,0.020844,-3.562172,-2.417431,-1.778882,0.032243,0.565919,0.558367,0.566662,0.015443,1.296586,1.30194,2.481302,2.1011,7.085169,2.068431,9.636456,10.597919,10.605739,13.421442
盈利能力,总资产净利率_平均(含少数股东损益),0.159572,1.077112,0.463918,0.262469,0.130592,0.702077,0.401812,0.221721,0.107891,0.52139,0.4704,0.224688,0.123163,0.738204,0.315891,0.247662,0.132228,0.66246,0.706341,0.385926,0.062764,0.126321,-0.898842,-0.914119,-0.38089,-2.565049,0.050837,0.049522,0.040894,-0.262088,0.017545,0.008168,0.004237,0.117751,0.054772,0.047172,0.003855,-6.734985,-3.547984,-2.112976,-0.79592,0.036118,0.03864,0.026991,0.014006,-0.478563,0.080545,0.047898,0.026178,0.11933,-0.244444,-0.224984,-0.08759,-1.685914,-1.187915,-0.464925,0.099094,2.324166,2.171638,1.729506,0.766579,5.083356,4.606868,3.146047,1.460209,5.540709,3.986943,2.773935,1.309668,5.85705,4.932057,3.478647,1.722199,5.876074,4.46532,3.00788,1.499263,2.129112,1.594465,1.107221,0.469206,0.877087,0.559547,0.399958,0.181954,0.701399,0.367398,0.315502,0.017586,-3.582805,-2.431802,-1.788763,0.028459,0.542598,0.546506,0.558732,0.010978,1.277908,1.294029,2.453785,2.101107,7.085169,2.068431,9.636456,10.597919,10.605739,13.421442
成长能力,归母净利润,25723558.35,236838163.72,85063522.56,43848289.76,20077162.0,213598168.75,69837824.9,41395954.65,20418614.9,187189136.41,105255859.65,60274210.28,36091197.98,215972950.5,93992353.57,75534332.63,34677867.31,163999696.76,217926918.07,121055488.67,13707054.11,45461378.63,-305704414.84,-306333069.15,-130996349.7,-835955293.21,18462030.24,18090272.34,12562480.93,-82807737.87,6525329.63,5581571.57,3015386.0,35675345.83,17331692.21,14394980.89,1101789.81,-1922184650.62,-980766212.4,-591990855.27,-222207482.9,9083328.14,10874267.28,7577454.99,3831645.95,-123211548.73,19473179.79,11367434.51,6272420.84,25504728.89,-52120824.56,-47672912.51,-18652687.36,-332226683.47,-232457737.06,-91859006.83,19146409.82,390374562.34,342463213.48,268507148.95,114132574.2,651775878.85,529855032.24,354807852.87,160298513.5,553746391.04,405915145.64,275890751.88,124188100.86,452370879.63,346378426.6,230883134.17,113672492.9,291653124.19,206749156.45,135470973.95,64246366.0,80562784.0,56371162.89,38316687.34,16450565.26,26991914.72,17113293.69,12057303.67,5273407.27,18236797.43,9557678.39,8119879.56,494374.63,-79006104.38,-52002399.91,-37353523.27,680882.17,10695033.01,10316887.52,10147264.49,267191.41,20525669.23,20250549.46,31948582.66,24531486.41,70326965.23,19153329.84,62424708.11,41995664.0,40408337.0,49684273.0
成长能力,营业总收入,2824302461.98,10379423745.08,7028463843.02,4758613916.87,2818789806.35,9824021406.06,6390922677.51,3637880092.0,1728144034.78,8354021154.28,6640899894.63,4075761499.08,1945457283.02,8039613648.63,6121852277.33,4030642363.69,1865344747.98,8320369713.95,5825243191.52,4029857624.49,1840674301.05,8776604518.15,5946503186.45,3907732944.87,2083893243.09,7066962779.34,5149706800.29,3606016739.87,1987175521.04,6520782949.15,4154798130.11,2736697486.5,1148943115.77,7362311097.28,4583349959.73,3230305249.58,1376151707.78,3525517570.14,2208033535.99,1151551710.41,534881450.71,6904968381.32,4532290784.96,2984061230.53,1318644686.38,8266653650.16,5375359434.88,3715824342.68,1546050071.48,9551413326.73,5470323219.37,3730357675.57,1887018220.37,9360076854.13,5997990187.93,4083243417.24,1902192253.16,10325961715.14,6491245981.25,4435692910.27,2145796983.83,9653736002.57,7211569454.34,4835244109.4,2228679242.03,8068885023.98,5742128225.99,3866545064.8,1674008675.43,7047599972.21,5011409543.29,3252357253.68,1511075427.15,5149929904.97,3448487504.57,2436414182.81,1139995476.49,3510275191.49,2578467900.28,1683383654.32,732218458.51,2457477229.99,1675594162.91,1086456232.26,529112585.98,1839235113.76,1299770809.47,812511673.26,334308909.02,1011324380.91,639248878.14,433230937.85,194824719.13,821286161.12,497833816.92,339586780.97,118828802.97,677722978.77,352488042.1,552654954.29,236966940.25,434109581.95,184384191.35,397242806.96,417475806.0,330447720.0,382138135.0
成长能力,净利润,51082882.41,343113626.31,148879791.05,83932020.75,38408867.3,261928554.9,136162989.88,78403974.13,30201716.89,166672475.61,152078296.57,71457254.18,39003605.89,229644043.53,99493195.23,77761397.73,41717185.13,173579248.11,235309618.23,135815672.1,21895711.07,43520078.32,-307158542.54,-309778217.3,-129657534.03,-833686328.37,16467291.06,16284822.25,13123616.64,-80789364.87,5518734.62,2567411.27,1300875.47,34890884.17,16148951.52,13943908.75,1101789.81,-1921553989.06,-982288396.17,-593513555.97,-222207482.9,9994706.26,10589270.6,7333189.46,3831645.95,-122120106.47,19910227.93,11804482.65,6272420.84,26529661.5,-52286322.91,-47838410.86,-18652687.36,-331498220.45,-232457737.06,-91072432.04,19146409.82,390374562.34,342463213.48,268507148.95,114132574.2,651775878.85,529855032.24,354807852.87,160298513.5,553746391.04,405915145.64,275890751.88,124188100.86,452370879.63,346378426.6,230883134.17,113672492.9,353281305.71,208618527.64,136637824.02,64694508.76,81389166.99,57132395.7,38728672.49,16620449.26,27226313.95,17364497.07,12149768.88,5378146.54,18062996.97,9410330.09,7961244.95,417094.0,-79463725.56,-52311528.16,-37561009.74,600981.69,10254311.28,10097736.25,10005255.75,189943.38,20230000.35,20127501.0,31594290.3,24531577.19,70326965.23,19153329.84,62424708.11,41995664.0,40408337.0,49684273.0
成长能力,扣非净利润,5984776.95,43910033.1,14429135.23,-1330676.55,7628069.39,28024661.52,870885.74,-26585971.23,-4113945.11,-18669092.31,-38695485.46,-65261803.24,3621701.04,97663576.36,37065887.82,30152489.59,18824707.54,-67491763.3,81149745.35,50076877.87,-34673753.32,-430197526.91,-382598285.0,-327281590.41,-135244160.96,-896163058.46,-47361370.64,-39599557.03,5241654.96,-4256248.35,-28034163.44,-21044456.87,-7448953.25,-17638812.44,-34233364.05,-16335526.8,-27508706.12,-1941654784.31,-986898712.48,-607649175.93,-235219285.58,-62352397.13,-43714023.13,-37344139.11,-38372778.81,-51013448.85,-19119385.78,-18623102.45,-12646605.41,-14421407.5,-80445824.71,-66395254.21,-22030909.07,-368423233.68,-238519139.71,-96169636.38,,357900468.11,342411693.31,268455628.78,,660486733.84,529260479.13,354213299.76,,535297510.08,392700099.98,262675706.22,113153747.95,433237680.59,342057316.98,225404482.43,110747560.11,280167837.58,217706671.03,131539440.99,69097279.07,75651496.77,38591116.1,50894984.83,21408082.84,25680254.95,28909799.53,21664323.86,7853609.24,19631907.29,14238347.5,11332245.04,369074.63,-82996637.17,-53140802.81,-34342053.64,,13787052.51,14300541.91,14214687.24,,20649234.09,20250549.46,43303013.35,20380000.0,61259070.83,,,,,
成长能力,营业总收入增长率,0.195568,5.653513,9.975729,30.807332,60.181144,10.712409,-3.764206,-10.733654,-11.188714,4.124559,8.556231,1.119403,4.294784,-3.374321,5.091788,0.019473,1.340293,-4.134002,-2.039181,3.125205,-11.671372,24.192029,15.472655,8.367021,4.867095,8.375985,23.946017,31.765266,72.956823,-11.430217,-9.350187,-15.28053,-16.510432,108.829227,107.576102,180.517602,157.281628,-48.942306,-51.282174,-61.409916,-59.437029,-16.472025,-15.683949,-19.693156,-14.708798,-13.45099,-1.735981,-0.389596,-18.069149,2.044176,-8.797396,-8.64229,-0.797712,-9.353945,-7.598784,-7.945759,-11.352645,6.963373,-9.988442,-8.263309,-3.718895,19.641511,25.590533,25.053349,33.13427,14.491246,14.5811,18.884389,10.782601,36.848464,45.321957,33.489505,32.551002,34.60703,30.896769,44.049962,55.690622,40.260555,53.300348,50.314933,36.37387,33.614088,28.914586,33.715769,58.270561,81.864014,103.32782,87.54701,71.594708,23.139099,28.406077,27.575913,63.95412,21.183165,,-3.660056,,22.630399,48.749881,27.307706,28.518035,9.280665,,-4.846508,26.336415,-13.52663,
成长能力,归属母公司净利润增长率,28.123478,10.88024,21.801506,5.924093,7.621889,4.169395,-33.649466,-38.773479,-28.609854,-14.345333,10.616682,-20.202895,4.075598,31.691066,-56.869782,-37.603545,152.992853,361.062991,171.286807,139.517603,110.463691,105.438254,-1755.854805,-1793.357973,-1142.758595,-909.5135,182.928699,224.107146,316.612696,-332.114744,-62.350302,-61.225571,173.680694,101.855979,101.767158,102.431622,100.495838,-21261.677977,-9119.147563,-7912.528824,-5899.269708,107.37214,-44.157721,-33.340676,-38.912804,-583.092956,137.361611,123.84464,133.627437,107.676905,77.578365,48.102081,-197.421331,-185.104481,-168.107844,-134.211009,-83.224412,-40.106012,-35.36662,-24.323222,-28.799979,17.702957,30.533447,28.604474,29.077192,22.409822,17.188345,19.493679,9.250793,55.105789,67.535593,70.429965,76.932175,249.484903,261.975689,248.276725,290.541996,198.470059,229.399845,217.788192,211.953248,48.007975,79.05283,48.491163,966.68242,123.08277,118.379302,121.737921,-27.392043,-838.717723,-604.051244,-468.114217,154.829363,-47.894351,,-49.891411,,-35.754053,-17.450784,-54.571361,28.079485,12.658861,,48.645603,3.928216,-18.669762,
收益质量,经营活动净现金/销售收入,0.159339,0.198078,0.075989,0.014422,0.08071,0.038314,0.062174,0.015514,0.114583,0.028059,-0.010819,-0.038021,0.040943,0.014964,0.041665,0.04036,0.038296,0.012829,0.014362,0.031739,0.051236,0.022445,0.003568,0.031335,0.17408,0.042433,0.047542,0.05983,0.332456,0.089102,0.004616,0.002074,-0.184169,0.148563,0.118171,0.011434,0.02294,-0.474613,-0.583593,-1.027028,-1.177579,-0.087149,-0.102824,-0.133279,-0.250565,-0.174461,-0.214607,-0.238055,-0.285546,-0.086614,-0.216331,-0.251761,-0.312801,-0.071038,-0.099928,-0.160458,-0.307938,0.00266,-0.006411,0.012561,-0.0988,0.050187,0.04669,0.042607,0.04515,0.006766,0.005824,0.030935,0.040705,0.064798,0.004543,0.041491,0.126708,0.033059,0.020825,0.026256,-0.070272,0.111839,0.094775,0.000223,-0.105567,0.083729,0.084972,0.124152,0.161842,0.090489,0.157452,0.096187,-0.154007,0.137607,0.130616,0.066641,-0.228015,-0.030953,,-0.143481,,-0.043032,0.023968,-0.037004,0.211953,-0.078867,,-0.093416,,,
收益质量,经营性现金净流量/营业总收入,0.159339,0.198078,0.075989,0.014422,0.08071,0.038314,0.062174,0.015514,0.114583,0.028059,-0.010819,-0.038021,0.040943,0.014964,0.041665,0.04036,0.038296,0.012829,0.014362,0.031739,0.051236,0.022445,0.003568,0.031335,0.17408,0.042433,0.047542,0.05983,0.332456,0.089102,0.004616,0.002074,-0.184169,0.148563,0.118171,0.011434,0.02294,-0.474613,-0.583593,-1.027028,-1.177579,-0.087149,-0.102824,-0.133279,-0.250565,-0.174461,-0.214607,-0.238055,-0.285546,-0.086614,-0.216331,-0.251761,-0.312801,-0.071038,-0.099928,-0.160458,-0.307938,0.00266,-0.006411,0.012561,-0.0988,0.050187,0.04669,0.042607,0.04515,0.006766,0.005824,0.030935,0.040705,0.064798,0.004543,0.041491,0.126708,0.033059,0.020825,0.026256,-0.070272,0.111638,0.094172,0.000223,-0.105394,0.083505,0.084745,0.123726,0.161651,0.090179,0.157059,0.095838,-0.15387,0.136833,0.130194,0.066396,-0.227706,-0.030769,,-0.142574,,-0.042231,0.023584,-0.03641,0.208436,-0.077324,,-0.093207,,,
收益质量,成本费用率,97.112059,95.299354,96.794805,97.037613,96.941803,96.865614,97.317629,97.761053,97.851,96.038835,97.417839,98.793085,97.882076,96.201038,97.757367,97.122805,97.397796,97.691056,98.337777,98.694396,100.048707,102.581636,104.765531,106.211575,104.839123,101.798294,99.931687,100.444223,99.451128,99.28083,98.713158,99.970196,101.497527,98.636677,100.668283,98.731117,102.011787,139.824854,141.459866,147.010084,136.152594,100.678399,101.955196,103.619723,110.121814,101.091025,98.740482,98.513165,98.113229,98.896455,100.309229,99.965983,98.384369,102.860704,101.924572,98.824096,94.231555,95.185745,92.667915,90.954365,90.243261,91.519951,90.291287,89.828074,88.674983,91.921435,91.713067,91.279402,92.843322,92.871049,92.228555,91.438536,91.873956,92.543459,91.907977,92.136688,92.46376,96.88957,97.327363,96.521688,96.724594,98.227677,98.159476,97.837528,98.093525,98.516987,98.682073,98.462002,98.823342,107.414038,107.839633,108.036436,98.462441,97.959914,96.870074,95.776441,98.321069,96.709866,93.676657,92.864089,90.67308,84.476306,90.778055,83.690752,85.614218,79.107875,78.192894
收益质量,期间费用率,12.257436,14.558394,14.74618,14.275624,11.071896,16.071256,16.314854,17.91636,16.452226,16.846039,14.775454,15.631222,13.976363,17.121761,16.275017,15.95844,13.274738,18.590745,19.849962,20.158144,14.961021,21.349829,21.519257,23.777175,21.788294,27.708173,25.079376,25.557746,22.225689,28.795053,27.595236,27.467808,33.082284,22.041709,22.97752,22.151746,25.648684,42.739307,43.973281,57.055699,56.613063,21.085203,21.090165,21.613432,29.247312,16.134543,16.178484,15.548265,20.056599,13.321908,15.634738,14.756094,16.836563,12.581866,12.805919,12.128147,15.799123,8.51808,8.977832,8.633843,9.109074,6.920383,6.690318,6.702347,7.824407,6.025053,7.065025,7.050678,8.184579,7.480029,8.078482,7.937845,6.929999,8.035606,7.295076,6.69697,7.479635,9.914655,8.718362,9.099096,9.301284,9.504107,9.5281,10.187664,10.927262,12.652812,11.980889,12.806596,13.280503,16.289285,15.916331,16.20132,17.46693,15.842037,16.838059,17.57842,21.278954,13.834079,13.491579,10.115731,10.701385,9.488975,9.837147,8.86409,8.869721,8.361544,11.12997
收益质量,销售成本率,84.854623,80.740959,82.048625,82.761989,85.869906,80.794358,81.002775,79.844692,81.398773,79.192796,82.642385,83.161862,83.905712,79.079276,81.48235,81.164365,84.123057,79.100311,78.487815,78.536251,85.087686,81.231806,83.246274,82.434399,83.050828,74.090121,74.852311,74.886477,77.225438,70.485777,71.117922,72.502388,68.415243,76.594967,77.690762,76.579371,76.363102,97.085547,97.486584,89.954384,79.53953,79.593195,80.865031,82.006291,80.874501,84.956481,82.561998,82.9649,78.056629,85.574547,84.674491,85.209888,81.547805,90.278838,89.118652,86.695949,78.432432,86.667664,83.690082,82.320522,81.134186,84.599568,83.600969,83.125726,80.850576,85.896382,84.648042,84.228724,84.658743,85.39102,84.150072,83.50069,84.943957,84.507852,84.612901,85.439718,84.984124,86.974914,88.609,87.422591,87.423309,88.72357,88.631375,87.649863,87.166263,85.864175,86.701184,85.655406,85.542838,91.124753,91.923301,91.835116,80.995511,82.117876,80.032015,78.198021,77.042114,82.875786,80.185078,82.748357,79.971694,74.987331,80.940907,74.826661,76.744496,70.74633,67.062923
收益质量,经营活动净现金/归属母公司的净利润,17.494557,8.680803,6.278717,1.565181,10.167098,1.817314,5.689687,1.529592,7.683744,1.269745,-0.691542,-2.570998,2.207012,0.557059,2.713742,2.153696,2.059978,0.514985,0.383924,1.056601,6.880362,4.333279,,,,,13.261384,11.926369,52.589102,,2.939711,1.016911,-70.173429,30.65909,31.250223,2.565887,28.652469,,,,,-66.249349,-42.856388,-52.486344,-86.231186,,-59.239991,-77.816414,-70.382511,-32.436951,,,,,,,-30.593623,0.070376,-0.121526,0.207515,-1.857536,0.743351,0.635475,0.580648,0.627744,0.098597,0.082395,0.433559,0.548696,1.009516,0.06574,0.584467,1.684359,0.554806,0.344476,0.477121,-1.246924,4.776424,4.291194,0.009521,-4.622925,7.602719,8.297606,11.148683,16.219435,9.094851,21.358951,9.590065,-104.050899,,,,-65.155074,-2.362842,,-4.771373,,-1.394407,0.410515,-0.629835,2.013435,-0.477305,,-0.593129,,,
收益质量,所得税/利润总额,31.541375,16.810007,25.013955,30.339797,30.036496,20.416552,28.106617,32.421087,30.553512,18.224313,16.263018,19.835737,17.497631,6.057145,14.998337,10.914356,8.5509,2.953899,-55.832565,-171.525649,29.777392,50.186581,,,,,59.276722,46.607922,39.051022,,77.990973,88.572024,86.942895,20.446912,51.421051,33.660347,83.5064,,,,,59.000803,74.115648,77.33376,86.560175,,-58.648875,-556.816629,-314.939277,-176.571221,,,,,,,,3.661319,-0.169093,-1.171933,,2.952133,4.216493,4.216245,,,0.041863,0.06158,0.096534,0.103192,0.021929,0.024321,0.04068,2.797691,3.606211,2.728351,,0.060311,,,,0.588784,0.078426,,0.078282,3.305627,1.776269,,33.089397,,,,46.520923,44.381596,32.635884,28.953799,86.865019,28.169759,17.594101,-2.715262,15.000099,15.003827,14.999999,14.999999,32.999999,33.0,32.999999
财务风险,流动比率,1.347374,1.278193,1.348187,1.330562,1.260344,1.237373,1.198337,1.177651,1.251924,1.332736,1.536706,1.44469,1.270319,1.189901,1.117851,1.127204,1.148003,1.094859,1.048502,1.024895,1.062528,0.980921,0.976849,0.975765,0.975399,0.961468,0.993981,0.98326,1.021518,0.995299,0.986231,1.001676,1.060101,1.021776,1.022959,0.997449,0.942819,0.932007,0.986285,1.027394,1.105125,1.101747,1.142551,1.107364,1.131897,1.098955,1.157009,1.17983,1.150061,1.1273,1.133289,1.123259,1.202133,1.214546,1.312625,1.363146,1.388599,1.227234,1.399346,1.411012,1.466695,1.456652,1.292562,1.285586,1.264059,1.247618,1.217504,1.212928,1.183472,1.18324,1.097047,1.086482,1.056782,1.109642,1.158577,1.14091,1.134989,1.073033,1.080824,1.098439,1.095452,1.116353,1.13885,1.159349,1.154427,1.178349,1.300054,1.22798,1.260788,1.22252,1.268218,1.311708,1.417104,1.404854,1.500106,1.726107,1.715845,1.766744,1.93511,2.26864,2.370939,2.519398,2.178416,2.216554,1.56391,1.505127,1.78902
财务风险,速动比率,0.87981,0.834889,0.761796,0.765001,0.762944,0.713314,0.610628,0.615809,0.670784,0.738251,0.895509,0.840137,0.727082,0.678303,0.657949,0.677756,0.697314,0.647289,0.625575,0.550201,0.549013,0.529691,0.543551,0.544116,0.547075,0.545405,0.582915,0.594869,0.608682,0.574756,0.599514,0.609702,0.649149,0.647242,0.622422,0.635907,0.587325,0.604035,0.597538,0.643076,0.697455,0.730239,0.708288,0.691461,0.731365,0.758128,0.857283,0.888468,0.842457,0.852479,0.859826,0.887582,0.96379,0.975267,1.028181,1.096318,1.165214,1.026282,1.144017,1.18497,1.253763,1.241856,1.081934,1.076512,1.037055,0.990046,0.97235,0.944329,0.858089,0.841531,0.747728,0.746099,0.759848,0.743026,0.819192,0.806919,0.798897,0.704894,0.760529,0.786243,0.704598,0.747052,0.768886,0.885003,0.861837,0.880941,1.025504,0.962375,0.965829,0.937832,0.948993,1.004216,1.109452,1.087767,1.125047,1.400347,1.363961,1.444919,1.612032,1.822966,1.777928,2.216568,1.866178,1.866878,1.061258,0.742729,0.915444
财务风险,保守速动比率,0.751524,0.715871,0.674534,0.669143,0.672248,0.603621,0.454808,0.475497,0.522927,0.485844,0.666969,0.596518,0.52633,0.468782,0.452215,0.469707,0.481081,0.450861,0.361714,0.355068,0.34484,0.35743,0.349221,0.3633,0.46672,0.418491,0.478759,0.492367,0.535542,0.459198,0.49653,0.49976,0.534438,0.499592,0.515273,0.52826,0.481759,0.47102,0.497143,0.517996,0.575035,0.599306,0.589676,0.583871,0.625806,0.648664,0.73307,0.777502,0.733169,0.753882,0.751319,0.773193,0.851354,0.864812,0.859829,0.920163,1.014642,0.918157,0.901103,0.99121,1.094834,1.118567,0.974304,0.992551,0.978747,0.941715,0.887342,0.852319,0.760929,0.745125,0.554836,0.532237,0.589268,0.56455,0.61812,0.598928,0.554813,0.562684,0.616544,0.628695,0.585096,0.590037,0.549325,0.601192,0.632807,0.649602,0.780432,0.7465,0.672628,0.707244,0.689829,0.742668,0.798224,0.806281,0.841167,0.808106,0.789979,0.809895,0.993038,1.076731,1.27631,1.479181,1.391779,1.6818,0.892569,0.565214,0.666466
财务风险,资产负债率,80.931617,80.9799,82.050036,82.181896,82.622168,81.781912,81.034132,80.271455,79.951431,80.367046,79.97214,79.958577,79.901674,80.463512,81.383531,81.500412,81.793182,82.045907,81.298532,83.561009,83.600391,86.479185,91.235331,91.102153,90.574658,90.943264,87.368708,87.732482,87.145308,87.5798,87.219666,87.212226,86.611762,86.865397,86.23935,86.302665,85.390009,86.401181,83.548302,82.74514,81.200164,81.227719,80.298379,79.966979,80.253418,80.703979,78.906164,78.755493,77.574933,77.251181,75.865851,75.562267,75.496647,73.881247,73.155809,72.517501,71.226535,69.466282,65.993724,65.421808,63.232456,63.943024,70.702981,71.076844,71.263641,71.624264,73.903464,73.971135,72.823111,72.634163,80.110223,79.571237,81.267763,77.565169,77.128555,77.320915,77.257019,78.084478,75.952902,75.324017,76.517495,74.972756,75.258272,74.423883,73.28864,70.77186,70.797433,70.026484,66.562489,65.597815,62.285881,59.741956,58.385577,57.898719,56.143841,53.518329,50.901545,48.061768,46.312436,41.178983,42.637683,37.033542,33.205372,30.704208,63.216264,67.392951,63.12897
财务风险,权益乘数,6.149793,6.140738,6.24533,6.2593,6.329289,6.269589,6.508539,6.338554,6.272793,6.458631,6.3911,6.378751,6.369066,6.660306,6.649136,6.678144,6.741275,7.555943,7.177899,7.577169,7.675335,9.518349,10.774554,10.688921,10.403907,9.46509,7.778649,7.896973,7.711496,7.901507,7.625887,7.621388,7.447396,7.550332,7.226809,7.246471,7.017809,6.2204,5.629945,5.495392,5.2727,5.258581,5.088673,5.046753,5.083252,4.786441,4.570621,4.554071,4.429762,4.103124,3.975546,3.950113,3.945143,3.544397,3.496253,3.456186,3.375935,3.032402,2.859301,2.833926,2.746307,3.045807,3.464305,3.488957,3.501459,3.58297,3.749335,3.752529,3.667199,3.901802,4.696316,4.616571,4.814296,4.508212,4.475534,4.497519,4.492621,4.308899,4.095545,4.039677,4.143296,3.726127,3.747895,3.679967,3.595404,3.178139,3.178366,3.133732,2.959451,2.638455,2.518723,2.437738,2.398572,2.160535,2.11279,2.04783,1.989733,1.821284,1.789938,1.655459,1.672625,1.519303,1.470518,1.688036,2.880284,2.88363,2.712156
财务风险,权益乘数(含少数股权的净资产),5.244283,5.257596,5.571042,5.612269,5.754457,5.48905,5.272629,5.068797,4.987887,5.093477,4.993044,4.989665,4.975538,5.118627,5.371588,5.405525,5.492448,5.56976,5.347174,6.083098,6.097706,7.396004,11.409444,11.238674,10.609694,11.041506,7.916846,8.151608,7.779261,8.0514,7.824521,7.819969,7.469243,7.613477,7.267098,7.30069,6.844631,7.35358,6.0784,5.795468,5.319195,5.327003,5.075724,4.991758,5.064167,5.182415,4.740721,4.707099,4.459295,4.395832,4.143506,4.092032,4.081074,3.828666,3.7252,3.638679,3.475424,3.275067,2.940633,2.891996,2.71979,2.773388,3.413316,3.457437,3.479911,3.524137,3.831926,3.841888,3.679597,3.654191,5.027708,4.895059,5.33839,4.457354,4.372264,4.409349,4.396961,4.562975,4.158505,4.052523,4.258489,3.995645,4.041755,3.909897,3.743725,3.42136,3.424356,3.336278,2.990653,2.906792,2.651526,2.483975,2.403013,2.375224,2.280181,2.151385,2.036723,1.925363,1.862628,1.700072,1.743304,1.588147,1.497126,1.443089,2.718592,3.066821,2.712156
财务风险,产权比率,497.938033,497.783072,521.685131,524.962967,539.589654,507.913352,542.551668,509.850255,497.289527,515.526107,502.785335,500.693852,498.787986,523.325656,527.90883,533.034376,544.848098,560.101035,535.991654,616.196859,632.134942,720.905338,1053.259652,1035.311806,972.770871,1016.853017,697.391339,721.014686,683.945553,711.819514,688.008086,687.169182,652.327274,667.135571,631.572745,635.425955,589.701454,641.04036,511.647654,479.824821,432.190078,433.043562,407.773844,399.390697,406.674513,418.514845,374.255901,370.921174,346.099443,339.750284,314.432997,309.284211,308.2001,282.951485,272.602393,263.945628,247.580656,227.542037,194.063368,189.19962,171.979007,177.338846,241.331659,245.743746,247.991199,252.413777,283.192625,284.188864,267.959712,265.419124,402.770852,389.50591,433.839074,345.735484,338.927378,342.543261,341.164277,357.772045,317.17038,306.433423,327.050243,300.630322,305.276876,291.994268,275.331564,242.956865,243.274409,234.43418,199.779091,191.38173,165.771009,148.961394,140.867324,138.055219,128.546542,115.623993,104.122167,92.9462,86.662226,70.359839,74.801893,58.814714,49.71264,44.308908,171.859281,206.682159,171.215641
财务风险,现金比率,0.146584,0.135873,0.16169,0.133479,0.148762,0.096086,0.100436,0.106149,0.118024,0.12113,0.148204,0.158912,0.143711,0.121158,0.142364,0.15233,0.150608,0.136708,0.148935,0.145585,0.142774,0.183781,0.186396,0.190715,0.21341,0.200623,0.196057,0.209824,0.189518,0.158315,0.172393,0.16528,0.160957,0.156027,0.123427,0.122215,0.102575,0.122105,0.087218,0.085705,0.081256,0.111718,0.13124,0.09831,0.118591,0.122133,0.132087,0.140058,0.105453,0.126381,0.106971,0.112397,0.17093,0.155728,0.176581,0.20519,0.25647,0.193542,0.204615,0.271083,0.305205,0.347597,0.211079,0.202312,0.235947,0.229318,0.23533,0.29125,0.211075,0.224171,0.037895,0.048602,0.069731,0.077301,0.078946,0.097019,0.10458,0.155857,0.138661,0.101768,0.084746,0.153192,0.142996,0.164686,0.150637,0.15818,0.260204,0.196407,0.136574,0.164982,0.15021,0.118937,0.12708,0.185383,0.205106,0.20081,0.19794,0.192314,0.288268,0.496365,0.500663,0.387837,0.272866,0.53743,0.029789,0.034322,0.017766
营运能力,应收账款周转率,0.340522,1.315923,0.954235,0.626056,0.357219,1.49754,1.153368,0.616022,0.293162,1.528755,1.037701,0.675985,0.328958,1.506746,1.153503,0.756659,0.359478,1.941401,1.536106,1.042749,0.488761,1.920728,1.16355,0.759701,0.329778,1.23492,0.763446,0.520141,0.284469,1.015473,0.567537,0.368276,0.155214,1.047105,0.589146,0.398911,0.178079,0.446135,0.271176,0.138431,0.061817,0.788193,0.547597,0.349804,0.15356,0.923147,0.596945,0.404537,0.172027,1.117442,0.657393,0.444594,0.227744,1.175755,0.784974,0.53571,0.246132,1.482566,1.02946,0.706131,0.349871,1.846236,1.458685,0.992414,0.487431,2.15812,1.5286,1.116823,0.519418,2.766937,2.049691,1.463967,0.653042,3.202265,2.418189,1.802453,0.930073,3.254191,2.348973,1.493356,0.655673,2.796306,1.99048,1.296518,0.625888,2.556985,1.828437,1.140614,0.522999,1.600176,1.064025,0.702093,0.311501,1.672895,1.085676,0.842364,0.318632,2.088611,1.124565,1.931311,0.830246,1.524414,0.655449,1.849034,3.128105,3.306193,3.837041
营运能力,应收账款周转天数,264.299521,273.572094,282.94906,287.514208,251.945948,240.394204,234.096931,292.196899,306.996623,235.485727,260.190318,266.278095,273.590332,238.925382,234.069567,237.887572,250.362895,185.433075,175.769066,172.62056,184.138919,187.428909,232.048282,236.93508,272.910831,291.516722,353.659172,346.059969,316.377873,354.514432,475.739794,488.763323,579.843842,343.804874,458.28994,451.227383,505.391401,806.930626,995.660706,1300.283519,1455.89188,456.740781,493.062654,514.57376,586.088846,389.970142,452.302662,444.952832,523.170665,322.164299,410.712825,404.863493,395.179571,306.186224,343.960183,336.002181,365.657402,242.822084,262.273376,254.909989,257.237521,194.991294,185.098154,181.3759,184.641209,166.811822,176.632145,161.171404,173.27066,130.107733,131.727136,122.953573,137.816479,112.420426,111.653768,99.863866,96.7665,110.626545,114.943809,120.533835,137.263355,128.741231,135.645649,138.833384,143.795541,140.790764,147.667067,157.809692,172.084358,224.975241,253.753351,256.376078,288.923245,215.195777,248.692815,213.68415,282.456976,172.363346,160.061825,186.401801,216.803036,236.156259,274.620801,194.69618,115.085634,108.886542,93.822281
营运能力,存货周转率,0.328812,1.046066,0.633241,0.4383,0.270692,0.80658,0.496769,0.281838,0.140142,0.682227,0.558923,0.345993,0.167056,0.674062,0.532378,0.355133,0.169151,0.646894,0.440508,0.278957,0.136301,0.652926,0.454472,0.300045,0.158125,0.526253,0.390047,0.273665,0.158214,0.530398,0.33846,0.226759,0.092774,0.7464,0.452773,0.326798,0.1425,0.48814,0.292698,0.142047,0.059085,0.845178,0.513515,0.347958,0.154251,1.360735,0.982844,0.703678,0.273651,2.327289,1.384882,1.035814,0.511773,3.235812,1.87931,1.309081,0.616785,4.212617,2.37938,1.74991,0.921138,4.304393,3.342948,2.272211,0.999974,3.356389,2.323379,1.522483,0.628639,3.01549,2.170798,1.505706,0.757785,3.034573,2.378678,1.790548,0.870922,2.979027,2.644562,1.737089,0.669185,3.136172,2.139142,1.680941,0.81463,3.420019,2.621576,1.667254,0.710755,2.552606,1.61886,1.181009,0.486586,2.473646,1.403395,1.094313,0.382291,2.617574,1.372611,3.111277,1.291999,3.899335,1.813701,3.346655,2.642086,1.672352,1.910828
营运能力,存货周转天数,273.7125,344.146398,426.377364,410.676827,332.480996,446.328455,543.511883,638.664052,642.204015,527.683045,483.071555,520.241341,538.740638,534.075088,507.158061,506.851477,532.06662,556.50483,612.928359,645.259312,660.299328,551.363954,594.094822,599.909998,569.167032,684.080582,692.223814,657.737465,568.847569,678.73439,797.729555,793.791743,970.094391,482.314601,596.324981,550.798037,631.577918,737.491914,922.4494,1267.181403,1523.225493,425.945456,525.786928,517.302351,583.464159,264.562846,274.712714,255.798547,328.88579,154.686397,194.962328,173.776289,175.85888,111.254899,143.669739,137.501033,145.917712,85.457552,113.474932,102.862388,97.705135,83.63548,80.767029,79.217983,90.002295,107.258123,116.210042,118.227846,143.16632,119.383554,124.378206,119.5452,118.767092,118.632829,113.508418,100.527833,103.338744,120.844804,102.096269,103.621596,134.491779,114.789593,126.218818,107.082876,110.479516,105.262548,102.991476,107.961944,126.625737,141.032316,166.783936,152.411968,184.961793,145.534158,192.390566,164.486699,235.422184,137.53191,131.136858,115.708092,139.318982,92.323417,99.244537,107.570071,136.255973,215.265594,188.399944
营运能力,总资产周转率,0.088225,0.325834,0.219011,0.14881,0.085806,0.287906,0.188593,0.109141,0.052439,0.265371,0.20731,0.128157,0.061432,0.258438,0.194369,0.128371,0.059124,0.254296,0.17444,0.11425,0.052642,0.254749,0.173992,0.115298,0.06121,0.217433,0.158506,0.109338,0.061736,0.21154,0.13183,0.086893,0.03735,0.248467,0.155236,0.109129,0.04809,0.123568,0.079295,0.040764,0.019049,0.249527,0.164373,0.109161,0.047908,0.323952,0.217456,0.150776,0.064524,0.429623,0.255743,0.175439,0.088611,0.476029,0.306511,0.208449,0.09845,0.614775,0.411624,0.285711,0.144123,0.752918,0.627015,0.428736,0.203017,0.807361,0.563998,0.38876,0.176538,0.912484,0.71357,0.490023,0.228936,0.979855,0.73189,0.54183,0.264188,0.901689,0.716876,0.466891,0.203704,0.791668,0.539937,0.35765,0.17901,0.714188,0.507456,0.321996,0.140955,0.455978,0.297167,0.206317,0.092259,0.434577,0.269435,0.189638,0.068684,0.42811,0.22662,0.429222,0.20296,0.437348,0.199122,0.61322,1.053531,0.867306,1.032287
营运能力,总资产周转天数,1020.111179,1104.856819,1232.814549,1209.595704,1048.871192,1250.404513,1431.646841,1649.234076,1716.278018,1356.590324,1302.391985,1404.526869,1465.022045,1392.983447,1389.109815,1402.175182,1522.205592,1415.671898,1547.806634,1575.486694,1709.632182,1413.154402,1551.793235,1561.164783,1470.340886,1655.680737,1703.395422,1646.259117,1457.800292,1701.801975,2048.083634,2071.501076,2409.587405,1448.883926,1739.283926,1649.409176,1871.480404,2913.369339,3404.987669,4415.59598,4724.469898,1442.728126,1642.604225,1648.939103,1878.593455,1111.272502,1241.627658,1193.817863,1394.814365,837.942831,1055.744636,1025.997255,1015.66814,756.255048,880.879612,863.517277,914.163911,585.579953,655.936936,630.00587,624.462699,478.139654,430.611135,419.838294,443.311662,445.896979,478.724921,463.009751,509.804284,394.527178,378.378606,367.329656,393.122794,367.40103,368.907455,332.207165,340.666132,399.250391,376.633734,385.528169,441.816478,454.735637,500.057517,503.284858,502.763257,504.068493,532.064849,559.01203,638.5001,789.510139,908.579453,872.443755,975.511543,828.391488,1002.09341,949.174276,1310.34469,840.903746,794.280055,838.726565,886.873848,823.142019,903.965906,587.064213,341.707903,415.078038,348.740086
营运能力,流动资产周转率,0.134431,0.49337,0.327849,0.222309,0.127438,0.433431,0.286684,0.162649,0.078188,0.377255,0.286346,0.176422,0.085369,0.357445,0.267959,0.176638,0.080525,0.35621,0.242562,0.163778,0.075442,0.358892,0.243775,0.162324,0.084581,0.303893,0.220904,0.151254,0.085875,0.297229,0.183653,0.120569,0.052001,0.350247,0.218289,0.153503,0.068432,0.173257,0.110582,0.056663,0.02646,0.343805,0.224981,0.149297,0.065099,0.447835,0.299775,0.208178,0.089678,0.603695,0.359525,0.247305,0.123952,0.647208,0.403302,0.272518,0.12759,0.758292,0.471942,0.327597,0.166121,0.874494,0.732302,0.501281,0.238349,0.954541,0.65978,0.456043,0.209149,1.08706,0.841522,0.584286,0.273902,1.184786,0.869646,0.649432,0.320195,1.158878,0.939161,0.610306,0.264107,1.048186,0.708417,0.469109,0.236683,0.974052,0.668542,0.437173,0.194118,0.646667,0.422726,0.296996,0.133163,0.624671,0.385742,0.261575,0.096525,0.607871,0.314447,0.634787,0.313205,0.721975,0.342277,0.979528,1.421428,1.178039,1.390819
营运能力,流动资产周转天数,669.484511,729.675426,823.547465,809.68097,706.222486,830.581134,941.803189,1106.673893,1151.069688,954.260562,942.915117,1020.28033,1054.241793,1007.147596,1007.614813,1019.031599,1117.656827,1010.638901,1113.116456,1099.043986,1192.967784,1003.085222,1107.574328,1108.886641,1064.057721,1184.627114,1222.249229,1190.050773,1048.025494,1211.18497,1470.157907,1492.909905,1730.719733,1027.844043,1236.892355,1172.608294,1315.157038,2077.83724,2441.618341,3176.632962,3401.302208,1047.104381,1200.097903,1205.644761,1382.492936,803.866072,900.674986,864.641993,1003.589783,596.327309,750.989847,727.845539,726.08394,556.234866,669.472549,660.505301,705.381858,474.75056,572.103757,549.454629,541.771277,411.666614,368.700239,359.079532,377.59624,377.144546,409.227317,394.698955,430.314315,331.168182,320.84688,308.067786,328.583549,303.852312,310.47108,277.165216,281.078243,310.645212,287.490474,294.933757,340.770385,343.450338,381.131099,383.705351,380.254844,369.590079,403.863917,411.736243,463.635043,556.700228,638.711157,606.067207,675.858448,576.30268,699.948041,688.137245,932.395442,592.230018,572.433484,567.119169,574.702852,498.631782,525.888328,367.523894,253.266331,305.592507,258.840256
营运能力,应付账款周转率,0.414279,1.17867,1.115697,0.757002,0.401733,1.09124,1.048758,0.671924,0.323939,1.224253,1.087447,0.718032,0.366525,1.188911,0.8998,0.541793,0.27621,0.734085,0.443346,0.505452,0.284639,1.301086,0.851914,0.493128,0.302548,1.02734,0.690743,0.464745,,,,0.421947,0.177742,0.860908,0.587344,0.372468,0.151961,0.490959,0.37803,0.194315,0.08793,0.750249,0.562587,0.373092,0.184276,1.078284,0.661582,0.449662,0.216832,1.218059,0.741842,0.467481,0.24248,1.238429,0.881687,0.584155,0.233987,1.479909,1.082559,0.717395,0.322954,1.750813,1.351242,0.895411,0.40316,1.890136,1.352651,0.943609,0.490942,2.66221,2.078342,1.318355,0.564155,2.90897,2.241428,1.554787,0.708765,3.300829,3.214005,1.782203,0.991242,4.070849,3.241918,1.838407,1.132125,4.816347,5.892426,3.675968,1.620573,4.619641,3.088504,1.959156,0.721759,4.726031,3.714144,2.199753,1.038411,5.34612,2.530048,9.492224,6.305557,15.691419,8.716283,14.328677,8.570687,6.409811,9.819798
