选项,指标,20260331,20251231,20250930,20250630,20250331,20241231,20240930,20240630,20240331,20231231,20230930,20230630,20230331,20221231,20220930,20220630,20220331,20211231,20210930,20210630,20210331,20201231,20200930,20200630,20200331,20191231,20190930,20190630,20190331,20181231,20180930,20180630,20180331,20171231,20170930,20170630,20170331,20161231,20160930,20160630,20160331,20151231,20150930,20150630,20150331,20141231,20140930,20140630,20140331,20131231,20130930,20130630,20130331,20121231,20120930,20120630,20120331,20111231,20110930,20110630,20110331,20101231,20100930,20100630,20100331,20091231,20090930,20090630,20090331,20081231,20080930,20080630,20080331,20071231,20070930,20070630,20070331,20061231,20060930,20060630,20060331,20051231,20050930,20050630,20050331,20041231,20040930,20040630,20040331,20031231,20030930,20030630,20030331,20021231,20020930,20020630,20020331,20011231,20010630,20001231,20000630,19991231,19990630,19981231,19980630,19971231,19961231,19951231
常用指标,归母净利润,-58891859.74,-287093836.34,-101836741.33,-99815277.67,-65050648.4,-362167598.09,-134363593.77,-86577822.95,-65181223.29,-737163932.18,-103737114.23,-104676970.24,-25735870.78,199594590.44,211280362.52,123828800.99,38099280.83,176723237.79,204150656.29,129404203.52,23393983.09,271123164.82,253606690.99,199042088.22,-62188100.53,102681776.03,75610932.08,47292032.81,17636882.12,319703584.18,188596260.98,114852831.92,26202230.45,388861592.85,233346482.77,144544798.44,37863250.6,311913561.03,222990300.13,126816518.01,47718653.17,245402559.95,-818741788.24,-818929290.09,13908414.34,75022090.96,70704855.94,50390193.74,24112522.8,108354522.28,85441478.87,66057653.2,21023889.22,200924785.64,153502906.2,119540978.1,35044158.29,230026051.51,190414534.53,110570672.61,50909280.95,203319714.42,131122597.25,88645725.1,43305397.48,110385152.2,90521349.72,60525246.88,29628833.27,161133455.0,210236359.43,41156437.82,24732737.52,126628407.87,104849114.46,80830653.63,9492681.94,52924667.17,35605464.17,16744323.02,7231485.97,45279504.31,34800572.95,23513151.5,8468824.03,36496320.11,24854279.23,16395210.04,4564954.37,22006825.02,11101994.81,8350198.48,2814831.49,26395206.78,14869636.52,11637166.51,3337766.61,49655251.34,22439008.25,58366062.82,18269410.17,45476904.81,14554064.25,38957665.82,11557617.14,27855418.1,27363153.52,22014999.69
常用指标,营业总收入,1080594965.11,5553315758.33,4064849904.19,2593285570.21,1061168449.85,6168400578.93,4457630998.85,2827618524.81,1309795211.41,6352518944.55,4544973930.6,2863683121.86,1226257155.66,6944907174.49,6483552719.61,4314818290.49,1964657949.31,7998857682.91,5476923483.58,3334090601.8,1431968178.28,6651679590.05,4739311171.5,2966169407.94,935994734.43,7021621593.7,4659471803.34,2893991326.31,1194343418.58,6784085745.74,4785436311.59,2874633970.21,1325821014.11,6369434442.24,4384445609.03,2735130886.63,1143366643.91,3022775337.22,2058749050.33,1245833074.56,539922501.41,2136512285.85,1535984598.67,995821915.63,474643107.28,2029650440.71,1253849304.06,921977850.23,335715556.09,1997645390.18,1048135635.12,678724872.88,337498724.11,2665027429.04,1683922566.3,1084556288.78,440321194.2,1722175416.74,1036229997.85,677929374.02,343955998.13,1741564379.7,1153775624.22,775051444.98,296827366.52,1701080772.06,1213335494.36,781077134.65,308281791.68,2500985076.93,1426394107.23,690579996.93,227975790.92,2131102707.05,1229941216.95,836041121.43,321073387.47,1781572953.45,1068701430.39,692764979.38,293458072.24,1733333243.23,952657523.92,633815539.09,280842377.49,1749962392.09,803088096.72,579342623.77,263127912.46,1221424267.19,642954098.32,410555359.28,184651756.28,967120015.49,631231307.4,428390409.8,171372873.79,1084695383.54,504619151.48,775333582.16,288863371.18,526487512.47,184685340.65,438428467.7,175298555.98,371379945.98,461502075.67,543796712.87
常用指标,营业成本,1186329284.4,5832853146.04,4241335113.19,2724144630.54,1144000244.83,6596690477.19,4715082492.09,2985584366.01,1397561395.19,6834102799.12,4768932635.27,3021609447.41,1289111272.36,6881385681.29,6396267942.86,4230945366.33,1966865334.06,7685083585.25,5282451053.97,3227911742.46,1449517796.31,6466580707.06,4564292876.38,2818483073.57,1019548466.78,7041233696.5,4657478415.36,2904564274.05,1203484199.02,6558277308.16,4629049861.19,2801127405.75,1309309904.9,6130395450.4,4189957113.83,2622296060.36,1106741894.7,2715233912.74,1835402663.21,1117513531.34,490743812.02,1906852694.56,2888341342.06,2340285815.42,470696067.41,1979649047.24,1178567693.02,863769876.61,307873347.65,1902386850.43,960986403.01,619018827.05,319112853.67,2438020599.92,1556437009.52,995956907.26,388345608.99,1502229777.54,889659141.0,535299818.85,272998870.29,1438516473.79,947513441.68,634487618.77,230025039.85,1493628895.59,1039782621.03,651793643.17,252387431.25,2400730962.1,1349993023.78,650116278.95,222196808.03,2123431294.27,1273527638.62,901501941.82,311636826.74,1715080634.07,1013526543.04,661479434.23,281983884.26,1676187052.59,911646617.02,603882327.26,269499477.19,1714292162.41,777185955.87,560291360.92,257877527.52,1198548669.75,640830400.8,410658265.46,182656320.31,940087140.4,611070717.6,413463506.32,166863650.86,1027353130.12,481301639.74,713216835.57,267871694.24,482303576.03,170674820.43,397893664.09,163238080.77,341861344.37,437745689.08,510783527.38
常用指标,净利润,-71063559.36,-303730504.22,-108992455.75,-100103763.14,-65822026.06,-366777045.08,-128834128.16,-82148839.65,-62597662.69,-744023156.98,-97035984.88,-100876216.66,-22072604.24,388880010.31,393970942.02,208850349.87,66936584.05,363808546.53,320831262.71,188690050.01,45271249.38,292867980.24,263481755.97,201067436.29,-67971186.8,141442876.58,99132969.55,57164796.29,20824045.03,377712157.07,237130682.76,142990255.86,34951428.18,425156970.85,253990951.88,158659877.3,43810301.71,315594581.33,224652335.82,128444996.35,48547985.71,248643504.06,-1289198959.64,-1289860556.09,10874518.16,103062979.77,94079477.07,65561181.44,33426461.32,114383965.92,79780336.3,66035988.7,19531607.79,256252006.44,194238363.63,154059827.07,45173458.82,286429032.65,229864797.3,143490042.28,70664048.8,291252780.33,197889241.71,134529442.36,59805713.07,169559800.06,132997887.82,91798758.03,45567865.79,309015119.45,339213665.32,45493037.49,25469924.39,163701234.3,143922952.02,121011850.9,12632369.57,48788594.74,35332612.72,16441059.34,6820352.86,37131399.75,30506035.54,21387157.08,7727565.08,30246281.01,21051619.49,13882014.11,2974503.03,15563786.02,1147794.7,-719172.47,1810786.19,29248812.96,14235468.36,10675681.51,2555501.44,51608112.94,22215893.1,59378921.31,19428784.87,45455380.19,14428715.51,39048604.18,12005078.59,527692.08,27557454.42,22014999.69
常用指标,扣非净利润,-63352097.65,-361600632.23,-127291861.37,-114133401.79,-71249599.04,-512783647.7,-212899870.38,-131470835.53,-75055744.65,-960642520.82,-173533791.66,-147042417.97,-63416546.74,-67036499.95,-60365955.81,-2138197.81,-25589221.02,53309874.16,92821112.89,49257291.71,-32048665.72,179764504.15,200769722.36,161597621.61,-68158132.71,-40295911.37,18075858.26,1169217.15,10906.88,177976117.43,114422057.49,73744210.89,13090635.08,269421276.91,202323827.12,129979586.4,37025425.19,306405766.82,3496677.15,4175611.6,-794296.47,-822407136.25,-828071091.19,-825140315.94,11631148.36,33930504.68,44090294.44,25885079.12,8775120.98,88696373.43,76595707.25,52645697.14,19172922.27,147485291.58,93172356.32,59398832.24,31165073.61,153900362.99,116594692.86,95264502.01,46662490.34,195804490.02,129833419.74,87890626.75,42305495.42,102351060.43,86063691.12,60304870.82,29431419.83,70337112.35,43292708.86,31057896.2,15846067.35,-409044.61,-34141795.21,-59958106.84,6588358.18,43943896.07,42943879.09,24862854.35,8593744.84,39327985.17,32620384.6,23304435.1,8208298.98,30966422.09,24929253.84,16917646.83,5792533.45,19471763.55,11071405.92,8333752.89,2802689.47,25991850.95,14371798.61,11162560.85,,49084712.31,20426534.26,54948067.35,15622900.0,39397415.1,,,,,,
常用指标,股东权益合计(净资产),5643823713.28,5718615569.67,5930417227.8,5452450016.5,5483943932.06,5548324078.89,5870541638.61,5940639659.64,5957457981.85,6029802283.66,6618522056.0,6628691811.99,6719439907.83,6742085169.33,6852921056.93,6845414874.21,6734289921.55,6674904491.34,6689665814.51,6567972619.36,6450182711.39,6415838085.44,6401460717.86,6343511867.3,6097595481.08,6162525521.94,6145889559.33,6106631480.17,6061723372.73,6049139426.11,5894651242.14,5749557046.76,5595376958.77,5575375545.41,5383720040.37,5293333730.79,5406888197.59,5214036832.88,911151850.21,942471122.37,948775476.0,1215687642.81,998299098.22,986835081.28,2287679615.02,2279936534.15,2294346440.92,2276523479.12,2278364397.66,2227001933.25,2211700253.53,2203524246.23,2207173105.21,2211677139.05,2160790547.02,2116437773.4,2034211555.47,2003338219.62,1970891332.53,1967678477.82,1973476533.28,1855970362.6,1752907206.03,1576144580.95,1569122497.67,1444110605.1,1358532300.6,1345545497.56,1326437005.5,1260113548.17,1261797286.52,1076300044.6,1033283658.33,977425676.51,962753888.19,941765442.99,864744145.86,856562818.52,839926986.32,820556458.67,848701621.57,840718177.17,831912696.14,825614876.27,845374806.28,837664908.12,846825980.54,840646198.03,813174157.33,814195575.38,811751202.53,806208121.27,801072983.64,795787213.44,779504235.35,775628517.16,767511686.27,764949374.81,745355936.65,733551511.11,462901498.95,419632158.83,407013324.22,392260807.63,410575153.0,1136694.64,133024364.85,134106301.06
常用指标,商誉,230444350.2,230444350.2,307165818.06,307165818.06,307165818.06,307165818.06,370624085.22,370624085.22,370624085.22,370624085.22,421600099.03,421600099.03,421600099.03,421600099.03,443803616.78,443803616.78,443803616.78,443803616.78,458209615.51,458209615.51,458209615.51,458209615.51,478955327.24,474301155.96,474301155.96,474301155.96,502040299.31,502040299.31,502040299.31,502040299.31,515730872.14,478650086.38,452260592.45,452260592.45,444693538.84,444693538.84,396800376.18,262037837.49,,,,192577140.41,,,,,,,,,,,,,,,,,,,,,,,,,,,,,,,,,,,,,,,,,,,,,,,,,,,,,,,,,,,,,,,,,,
常用指标,经营现金流量净额,28122622.3,137865441.81,38870547.47,-55116972.67,-31986734.41,456344040.26,129109473.86,114323633.95,-38042141.21,371271537.71,214430356.15,221643677.25,10676777.73,563624947.09,316175955.66,102939944.83,-61231440.33,475720066.83,140482155.45,-210432547.22,-108547615.51,547361013.97,406129803.62,335865860.57,170216433.05,728864340.18,37529665.29,-85772181.69,-178368477.8,140962771.54,86739154.32,98659472.72,53669315.94,225074306.04,-146784639.69,-104391610.97,-10231082.27,66847432.0,-31913471.63,-2632910.48,-36285746.87,21658191.36,75198451.46,67167814.86,71174994.8,-477092366.97,-649977451.68,-599856305.36,-510578944.15,435411696.53,62260285.41,-62432243.45,-55368680.18,824569083.0,285642915.05,111423891.45,-9236267.39,49320402.65,110309481.7,35146790.92,-50618190.98,200694346.22,44767888.07,-94124836.37,-191646691.39,140773096.76,329617756.65,322528039.81,69889094.86,605109070.33,333275650.79,272921042.74,244592088.76,185648730.5,-170332380.45,-174042710.46,-244195128.96,70134519.71,-30093577.31,40458955.17,-2672671.61,585832661.15,482677782.23,138265176.44,-17568269.39,-183988572.91,-316000275.77,-304548017.11,-140597137.99,-18341388.14,-121667707.77,-32720413.46,-83240890.53,-68061518.16,,17242754.43,,86000138.61,445252.32,-47051288.67,-43484154.28,64804312.35,,-70559624.39,,,,
常用指标,基本每股收益,-0.0623,-0.3037,-0.1077,-0.1056,-0.0688,-0.3831,-0.1421,-0.0916,-0.0689,-0.7797,-0.1097,-0.1107,-0.0272,0.2111,0.2235,0.131,0.0403,0.1869,0.2159,0.1369,0.0247,0.2868,0.2682,0.2105,-0.0658,0.1002,0.0738,0.0461,0.0172,0.3058,0.1792,0.1088,0.0248,0.3684,0.2211,0.1369,0.0359,0.6512,0.002,0.2648,0.0996,0.5278,-2.65,-2.65,0.05,0.24,0.23,0.16,0.08,0.35,0.28,0.21,0.07,0.65,0.5,0.39,0.11,0.745,0.616,0.358,0.165,0.658,0.424,0.287,0.14,0.36,0.293,0.196,0.096,0.522,0.681,0.133,0.08,0.41,0.339,0.262,0.031,0.171,,0.054,0.023,0.15,,0.08,,0.12,,0.05,,0.07,0.036,0.027,,0.09,,0.04,,0.16,0.07,0.34,,0.48,,0.5,,,,
常用指标,每股净资产,5.264049,5.329428,5.526278,5.43023,5.464522,5.532028,5.760948,5.819383,5.838472,5.908461,6.557502,6.561013,6.663924,6.691249,6.709478,6.580556,6.491858,6.4543,6.492038,6.423859,6.33735,6.314484,6.299931,6.246217,5.991902,6.055788,5.583325,5.552054,5.520748,5.504747,5.36737,5.13908,5.089898,5.066497,4.941496,4.857521,4.88393,4.847803,2.691149,2.686695,2.679357,2.675963,2.662662,2.654586,5.346737,5.305143,5.307511,5.274606,5.291157,5.192933,5.137955,5.084799,5.072633,5.014484,4.881239,4.762519,4.583511,4.472715,4.364102,4.341696,4.390609,4.184105,3.958277,3.842954,3.974607,3.851419,3.67259,3.64026,3.628449,3.464834,3.549069,3.079758,3.004196,2.90364,2.84283,2.769973,2.645297,2.552784,2.512943,2.449066,2.467175,2.440001,2.4051,2.377694,2.430475,2.403604,2.425717,2.398406,2.3607,2.345911,2.300884,2.293023,2.280301,2.271193,2.233146,2.221659,2.194804,2.183977,2.152391,3.393285,4.528078,4.336635,4.224902,4.072392,4.284904,2.665907,2.196332,1.635442
常用指标,每股现金流,0.029745,0.145823,0.041114,-0.058298,-0.033833,0.482686,0.136562,0.120922,-0.040238,0.392702,0.226808,0.234437,0.011293,0.596159,0.334427,0.108882,-0.064765,0.50318,0.148591,-0.222579,-0.114813,0.578957,0.429573,0.355253,0.180042,0.770937,0.036614,-0.08368,-0.174018,0.137524,0.084623,0.093463,0.050842,0.213219,-0.139053,-0.098893,-0.009692,0.063326,1.008703,0.367818,0.135605,1.100974,0.243424,0.217428,0.2304,-1.544396,-2.104042,-1.941795,-1.652795,1.409471,0.201542,-0.202099,-0.179233,2.669213,0.924654,0.36069,-0.029898,0.159655,0.357082,0.113773,-0.163856,0.649667,0.144918,-0.304691,-0.620379,0.455696,1.067005,1.044055,0.226238,1.958799,1.078846,0.883472,0.791769,0.600963,-0.551383,-0.563393,-0.790484,0.227032,-0.097415,0.130969,-0.008651,1.896399,1.562476,0.447578,-0.05687,-0.595589,-1.022924,-0.985852,-0.455127,-0.059372,-0.39385,-0.105919,-0.269459,-0.220321,,0.055816,,0.278391,0.001441,-0.243695,-0.455665,0.679076,,-0.739386,,,,
常用指标,净资产收益率(ROE),-1.18,-5.59,-1.95,-1.93,-1.25,-6.7,-2.44,-1.56,-1.17,-12.38,-1.66,-1.67,-0.41,3.21,3.39,2.0,0.62,2.93,3.37,2.15,0.39,4.62,4.34,3.42,-1.09,1.8,1.33,0.83,0.31,5.82,3.47,2.12,0.49,7.42,4.5,2.8,0.74,23.03,0.07,10.05,3.9,25.59,-66.51,-66.61,0.85,4.65,4.37,3.07,1.49,6.9,5.44,4.21,1.35,13.74,10.59,8.31,2.51,17.27,14.12,8.33,3.84,16.45,10.72,7.33,,9.81,,5.32,,16.38,,4.45,,14.84,,9.57,,6.68,,2.481,,6.07,,3.14,,4.98,,2.24,,3.09,,1.18,,3.84,,1.71,,7.52,3.43,13.17,,,,14.17,,,,
常用指标,总资产报酬率(ROA),-0.508811,-1.994934,-0.396232,-0.485848,-0.418097,-2.140346,-0.402585,-0.152619,-0.223773,-4.896296,0.075236,-0.264081,0.068036,4.551921,4.393215,2.398624,0.881343,3.902669,3.709199,2.344883,0.745453,3.943284,3.590873,2.593326,-0.342489,2.785711,2.084123,1.31789,0.627108,4.895401,3.495618,2.148838,0.895017,5.590553,3.725949,2.367828,0.798945,5.865515,0.98165,0.806624,0.219326,-22.366672,-22.122214,-22.817682,0.396957,2.823337,2.10033,1.836335,0.720722,3.707206,1.58464,2.19485,0.513577,6.853544,4.88889,4.0261,1.001248,6.908068,4.954261,3.400826,1.57815,8.302553,5.246247,4.02298,1.706302,6.13743,4.576846,3.506168,1.487495,12.809918,11.887804,2.344411,1.231568,8.544241,5.524642,4.748728,0.793974,4.494707,2.158222,1.279413,0.688446,3.918697,2.32264,2.365525,0.649918,3.260661,1.546924,1.816164,0.376689,2.753818,0.801918,0.641105,0.279515,3.319992,2.089882,1.631254,0.412279,5.190907,2.307327,6.983283,2.884533,6.680509,2.406003,8.573242,3.504624,8.457896,8.168339,7.278654
常用指标,毛利率,11.237803,14.665524,13.467437,13.398066,12.362123,12.745068,12.500989,12.537947,11.204237,12.078354,12.876944,13.2189,14.84079,17.865718,14.641035,14.984249,14.547649,19.610313,20.765231,21.675472,19.669723,19.665635,19.687696,21.169876,11.795568,15.360114,16.225025,16.017362,18.102183,18.483104,18.007577,18.737202,18.453775,18.626444,18.325472,17.979021,17.132759,20.60618,10.864013,12.65867,5.381179,11.588363,9.119666,6.645351,13.079981,19.935701,21.01352,19.87017,26.428948,21.766395,25.704697,27.303221,26.227871,23.286589,21.509407,21.613711,25.58636,28.170117,31.06221,35.539289,32.407598,31.60707,31.713651,32.145927,37.270522,28.376827,30.191927,31.654072,33.548141,20.085445,21.534819,24.847063,28.436683,17.935647,15.573559,15.209841,20.908789,18.79802,19.548937,20.303854,24.971937,17.890904,22.516093,22.353689,22.934024,16.078391,19.856433,19.360848,19.141295,17.101442,19.30572,18.679793,18.15425,16.380845,16.901923,18.510586,17.796765,18.310895,14.083891,20.347041,17.784263,24.515304,19.049698,22.745994,20.824575,22.814348,15.647199,15.4863
常用指标,销售净利率,-6.576336,-5.469354,-2.68134,-3.860113,-6.202787,-5.946063,-2.890192,-2.90523,-4.779194,-11.712254,-2.135017,-3.522604,-1.799997,5.588689,6.076467,4.840304,3.407035,4.548256,5.857873,5.659415,3.16147,4.402917,5.559494,6.77869,-7.261919,2.01439,2.127558,1.975292,1.743555,5.56762,4.955257,4.974207,2.63621,6.674956,5.793,5.800814,3.831693,10.440556,-1.487231,-1.289109,-1.159792,-60.994554,-83.933065,-129.527231,2.291093,5.077868,7.503252,7.067438,9.95678,5.725939,7.611642,9.729419,5.787164,9.61536,11.534875,14.204871,10.259206,16.631815,22.182797,21.165927,20.544502,16.723629,17.151449,17.357485,20.148315,9.967768,10.961344,11.752841,14.781238,12.355736,23.781202,6.587656,11.172205,7.681527,11.701612,14.474389,3.934418,2.725665,3.68733,2.681353,2.942512,2.142196,3.202203,3.37435,2.751566,1.728396,2.621333,2.396166,1.130439,1.274232,0.178518,-0.17517,0.980649,3.02432,2.25519,2.492044,1.491193,4.757843,4.402506,7.658499,6.725942,8.633705,7.812593,8.918229,6.848361,0.142365,5.971252,4.050123
常用指标,期间费用率,20.37251,19.143148,17.349249,17.992675,19.713479,19.206534,17.831085,17.716703,17.493365,19.281728,17.452928,17.801152,19.520555,16.504266,12.975481,12.742412,14.327726,15.301907,16.27444,18.075883,20.529723,16.384156,15.516984,15.77564,20.329386,15.309453,15.800493,15.934418,18.333218,14.617871,14.208664,15.605685,16.981025,13.684449,13.076447,13.17957,13.880538,9.470122,13.036575,15.0416,12.980015,14.900622,14.413261,14.931046,11.444316,13.97391,13.501041,12.004026,15.945449,11.225213,10.90077,14.746825,16.511961,11.569754,11.583442,10.952566,11.224116,14.411579,15.935188,13.723605,11.138815,12.485529,13.03929,13.24668,13.576204,13.674763,14.117255,13.010247,14.03783,10.612135,14.499469,16.245234,24.022692,11.786375,13.641385,15.391703,17.775467,12.949858,13.091033,13.831999,18.957295,11.755542,15.786854,15.103366,16.515404,11.962261,15.433954,14.710529,16.236959,13.854609,18.450364,18.114603,16.824758,12.614838,12.800614,14.185133,14.720847,11.878796,8.699503,12.01388,10.953402,14.622957,10.904165,13.211202,13.825442,14.848616,10.240552,9.147043
常用指标,资产负债率,44.236355,44.612935,44.489318,48.990086,47.928355,48.15747,47.947397,46.83526,46.132717,46.560435,42.772482,42.888057,41.67506,43.689593,45.972633,46.99785,48.564491,49.896516,49.162236,48.60437,48.013833,47.922187,42.213624,46.936696,45.810128,46.076917,47.305066,48.122889,48.754052,48.812453,49.56615,50.992852,50.025478,51.71851,52.838154,53.888152,53.040074,53.007982,80.063223,80.709403,80.999814,80.598702,81.024625,80.635169,62.60951,62.232357,64.657894,64.590761,62.825606,63.534991,61.422658,60.436525,62.399407,63.953299,63.081266,64.734876,68.102678,68.453808,68.786966,67.162993,62.293775,61.501984,62.118229,60.286492,60.383493,64.24881,62.717204,61.026498,58.945617,62.372623,64.732105,68.540921,66.876126,70.836975,72.501606,71.556676,70.66233,71.279533,72.223,72.64562,72.466935,71.924219,71.30906,70.357653,69.445085,69.991308,71.044848,69.984258,68.952287,66.725885,68.389947,64.867039,62.063743,56.465935,61.394022,57.322426,51.068444,52.396814,51.849123,43.938555,55.28165,55.744668,49.253948,48.962786,50.210902,67.218751,74.420407,75.412856
每股指标,基本每股收益,-0.0623,-0.3037,-0.1077,-0.1056,-0.0688,-0.3831,-0.1421,-0.0916,-0.0689,-0.7797,-0.1097,-0.1107,-0.0272,0.2111,0.2235,0.131,0.0403,0.1869,0.2159,0.1369,0.0247,0.2868,0.2682,0.2105,-0.0658,0.1002,0.0738,0.0461,0.0172,0.3058,0.1792,0.1088,0.0248,0.3684,0.2211,0.1369,0.0359,0.6512,0.002,0.2648,0.0996,0.5278,-2.65,-2.65,0.05,0.24,0.23,0.16,0.08,0.35,0.28,0.21,0.07,0.65,0.5,0.39,0.11,0.745,0.616,0.358,0.165,0.658,0.424,0.287,0.14,0.36,0.293,0.196,0.096,0.522,0.681,0.133,0.08,0.41,0.339,0.262,0.031,0.171,,0.054,0.023,0.15,,0.08,,0.12,,0.05,,0.07,0.036,0.027,,0.09,,0.04,,0.16,0.07,0.34,,0.48,,0.5,,,,
每股指标,稀释每股收益,-0.0623,-0.3037,-0.1077,-0.1056,-0.0688,-0.3831,-0.1421,-0.0916,-0.0689,-0.7797,-0.1097,-0.1107,-0.0272,0.2111,0.2235,0.131,0.0403,0.1869,0.2159,0.1369,0.0247,0.2868,0.2682,0.2105,-0.0658,0.1002,0.0738,0.0461,0.0172,0.3058,0.1792,0.1088,0.0248,0.3684,0.2211,0.1369,0.0359,0.6512,0.002,0.2648,0.0996,0.5278,-2.65,-2.65,0.05,0.24,0.23,0.16,0.08,0.35,0.28,0.21,0.07,0.65,0.5,0.39,0.11,0.745,0.616,0.358,0.165,0.658,0.424,0.287,0.14,0.36,0.293,0.196,0.096,0.522,0.681,0.133,0.08,0.41,0.339,0.262,0.031,0.171,,0.054,0.023,,,,,,,,,,,,,,,,,,,,,,,,,,,
每股指标,摊薄每股收益_最新股数,-0.062291,-0.303666,-0.107715,-0.105577,-0.068805,-0.383073,-0.142119,-0.091575,-0.068943,-0.779716,-0.109725,-0.110719,-0.027221,0.210224,0.223476,0.130976,0.040298,0.186924,0.215935,0.136873,0.024744,0.286773,0.268245,0.210531,-0.065777,0.108609,0.079975,0.050021,0.018654,0.338158,0.199482,0.121482,0.027714,0.411308,0.246816,0.152888,0.040048,0.329918,0.00063,0.000437,0.000104,-0.865844,-0.866003,-0.866201,0.014711,0.079352,0.074786,0.052874,0.025504,0.114609,0.090373,0.06987,0.022237,0.212523,0.162363,0.126441,0.037067,0.243304,0.201406,0.116953,0.053847,0.215056,0.138691,0.093762,0.045805,0.116757,0.095746,0.064019,0.031339,0.170434,0.222372,0.043532,0.02616,0.133937,0.110901,0.085496,0.01004,0.055737,0.041969,0.019968,0.009568,0.047893,0.036809,0.02487,0.008957,0.038603,0.026288,0.017341,0.004828,0.023277,0.011742,0.008832,0.002977,0.027918,0.015727,0.012308,0.00353,0.052521,0.023734,0.061735,0.019324,0.048102,0.015394,0.041206,0.012224,0.029463,0.028942,0.023285
每股指标,摊薄每股净资产_期末股数,5.264049,5.329428,5.526278,5.43023,5.464522,5.532028,5.760948,5.819383,5.838472,5.908461,6.557502,6.561013,6.663924,6.691249,6.709478,6.580556,6.491858,6.4543,6.492038,6.423859,6.33735,6.314484,6.299931,6.246217,5.991902,6.055788,5.583325,5.552054,5.520748,5.504747,5.36737,5.13908,5.089898,5.066497,4.941496,4.857521,4.88393,4.847803,2.691149,2.686695,2.679357,2.675963,2.662662,2.654586,5.346737,5.305143,5.307511,5.274606,5.291157,5.192933,5.137955,5.084799,5.072633,5.014484,4.881239,4.762519,4.583511,4.472715,4.364102,4.341696,4.390609,4.184105,3.958277,3.842954,3.974607,3.851419,3.67259,3.64026,3.628449,3.464834,3.549069,3.079758,3.004196,2.90364,2.84283,2.769973,2.645297,2.552784,2.512943,2.449066,2.467175,2.440001,2.4051,2.377694,2.430475,2.403604,2.425717,2.398406,2.3607,2.345911,2.300884,2.293023,2.280301,2.271193,2.233146,2.221659,2.194804,2.183977,2.152391,3.393285,4.528078,4.336635,4.224902,4.072392,4.284904,2.665907,2.196332,1.635442
每股指标,调整每股净资产_期末股数,3.51043,3.555317,3.679731,3.591352,3.622127,3.681135,3.977599,4.007656,4.03562,4.081221,4.609174,4.614534,4.742959,4.776269,4.821214,4.702859,4.591175,4.564839,4.712211,4.657145,5.192273,5.184706,5.188522,5.145712,4.896565,4.951685,4.566109,4.563144,4.551888,4.521222,4.384239,4.246706,4.259962,4.241466,4.12609,4.052882,4.160912,4.263651,2.625724,2.626495,2.621332,2.624092,2.595889,2.588524,5.285189,5.248643,5.263923,5.233726,5.251456,5.152427,5.110305,5.056865,5.044532,4.986086,4.802141,4.683124,4.503172,4.377751,4.269043,4.246376,4.295027,4.088242,3.866155,3.750944,3.881736,3.758656,3.583084,3.550508,3.538074,3.374124,3.455465,2.985834,2.908816,2.800539,2.736318,2.659981,2.534343,2.546035,2.477017,2.409418,2.3738,2.341623,2.300212,2.265557,2.291613,2.27415,2.289743,2.271141,2.225446,2.204355,2.154643,2.145768,2.059378,2.046914,2.020914,2.022443,1.991649,1.975869,1.913692,3.047031,4.164833,4.00673,3.899665,3.793353,4.157187,2.335873,2.115235,1.615349
每股指标,每股净资产_最新股数,5.264049,5.329428,5.526278,5.43023,5.464522,5.532028,5.760948,5.819383,5.838472,5.908461,6.557502,6.561013,6.663924,6.691249,6.709478,6.580556,6.491858,6.4543,6.492038,6.423859,6.33735,6.314484,6.299931,6.246217,5.991902,6.055788,6.053247,6.019345,5.985403,5.968056,5.819116,5.737946,5.683033,5.656906,5.517338,5.423577,5.453064,5.412726,0.879334,0.877879,0.875481,0.874372,0.870026,0.867387,1.747049,1.733458,1.734232,1.72348,1.728888,1.696793,1.678829,1.66146,1.657485,1.638485,1.594947,1.556155,1.497665,1.461462,1.425972,1.418651,1.434634,1.367158,1.293369,1.255687,1.298705,1.258453,1.20002,1.189457,1.185597,1.132136,1.15966,1.006312,0.981622,0.948765,0.928896,0.90509,0.864352,0.834123,0.821105,0.800233,0.806151,0.797271,0.785867,0.776912,0.794159,0.785378,0.792604,0.78368,0.77136,0.766527,0.751815,0.749246,0.745089,0.742113,0.729681,0.725928,0.717153,0.713615,0.703295,0.692973,0.457058,0.437734,0.426455,0.411061,0.432512,0.1704,0.140385,0.141847
每股指标,每股经营现金流,0.029745,0.145823,0.041114,-0.058298,-0.033833,0.482686,0.136562,0.120922,-0.040238,0.392702,0.226808,0.234437,0.011293,0.596159,0.334427,0.108882,-0.064765,0.50318,0.148591,-0.222579,-0.114813,0.578957,0.429573,0.355253,0.180042,0.770937,0.036614,-0.08368,-0.174018,0.137524,0.084623,0.093463,0.050842,0.213219,-0.139053,-0.098893,-0.009692,0.063326,1.008703,0.367818,0.135605,1.100974,0.243424,0.217428,0.2304,-1.544396,-2.104042,-1.941795,-1.652795,1.409471,0.201542,-0.202099,-0.179233,2.669213,0.924654,0.36069,-0.029898,0.159655,0.357082,0.113773,-0.163856,0.649667,0.144918,-0.304691,-0.620379,0.455696,1.067005,1.044055,0.226238,1.958799,1.078846,0.883472,0.791769,0.600963,-0.551383,-0.563393,-0.790484,0.227032,-0.097415,0.130969,-0.008651,1.896399,1.562476,0.447578,-0.05687,-0.595589,-1.022924,-0.985852,-0.455127,-0.059372,-0.39385,-0.105919,-0.269459,-0.220321,,0.055816,,0.278391,0.001441,-0.243695,-0.455665,0.679076,,-0.739386,,,,
每股指标,每股现金流量净额,-0.476977,-0.425971,-0.352752,-0.395276,-0.042828,0.448273,0.716067,0.033337,0.059886,-0.587137,-0.450152,-0.484037,-0.201072,-0.139707,0.454424,0.133271,-0.149246,-0.117702,0.188637,-0.151976,0.037612,0.194904,-0.300042,0.666537,0.001591,0.274168,-0.045418,0.306223,-0.235438,-0.103721,-0.038654,0.21498,-0.017,-2.007077,-2.304685,-1.808291,0.265894,3.203938,0.328179,0.424046,0.732103,-0.742534,-0.307672,-0.598591,-0.319171,-2.048088,-2.238806,-2.0418,-1.706693,0.594365,-1.184847,-1.387997,-0.360399,0.495141,-1.206881,-0.669471,0.196722,0.28766,0.828367,0.912782,0.280248,-0.313764,-0.462989,-0.976833,-1.049106,0.891096,0.72253,0.580043,-0.251324,0.339951,0.141539,-0.375586,-0.104541,0.262794,-0.037455,0.561691,-0.514555,0.002233,0.092305,0.139161,0.023468,0.922294,0.497821,0.355916,0.038413,-0.183262,-0.290046,0.08356,0.259926,-0.124691,0.206252,0.286955,0.02154,-0.167495,,-0.181055,,0.524217,0.210331,0.275362,-0.083474,0.596905,,0.13831,,,,
每股指标,每股企业自由现金流量,,0.46333,,0.15401,,-1.272847,,-0.428626,,0.124213,,0.191435,,1.949249,,0.573304,,0.248715,,-0.295151,,-0.3023,,0.097791,,0.409547,,0.411802,,0.041881,,-0.013653,,0.996037,,0.685351,,-2.637309,,0.876314,,-2.290533,,-2.554365,,2.183761,,0.331031,,-0.611467,,-0.155202,,0.24792,,0.326431,,-1.31588,,-0.810922,,-2.409193,,-0.056545,,0.982597,,0.272921,,0.622075,0.737269,-1.307122,,-0.522844,-1.321414,-0.363137,,0.282947,-0.197046,0.018765,0.046826,0.351545,0.307584,0.252176,-0.024405,0.066343,0.055947,0.310005,0.038278,0.085974,-0.10381,-0.010004,0.093824,-0.347645,,0.051442,,0.130743,0.05937,-0.993485,-0.361557,1.124286,,-1.996695,,,,
每股指标,每股股东自由现金流量,,0.365249,,0.482566,,-1.151658,,-0.214158,,-0.016778,,-0.059514,,1.213962,,0.604698,,0.360903,,0.027794,,0.018365,,0.368322,,-0.839142,,0.27275,,0.146066,,0.185555,,1.4663,,1.269247,,-2.386398,,0.969999,,-3.900545,,-3.232688,,2.347213,,0.750834,,-0.74813,,-1.106713,,-1.011679,,-0.166609,,2.721846,,1.600644,,-0.37449,,-0.154563,,2.190681,,0.156276,,0.169906,0.482991,-1.524107,,0.016139,-0.352949,0.495794,,0.380895,0.151849,0.067839,0.133912,-0.293653,-0.498074,0.296254,0.053753,1.223793,1.018448,1.40927,0.795205,0.834358,1.109385,0.603662,0.485108,0.13193,,0.015007,,-0.833983,0.401147,-1.124873,-0.04821,2.174416,,-1.938811,,,,
每股指标,每股未分配利润,0.536095,0.598386,0.792957,0.795095,0.831866,0.900672,1.141626,1.19217,1.213612,1.283745,1.953178,1.952184,2.075647,2.102869,2.122821,2.030322,1.974578,1.934279,1.995251,1.924434,1.83698,1.812235,1.807135,1.749421,1.495111,1.560889,1.456174,1.428545,1.399613,1.382407,1.270551,1.163861,1.115807,1.090985,0.950953,0.866829,0.795766,0.759897,0.569166,0.568575,0.567559,0.567238,0.566751,0.566144,3.262124,3.217101,3.240329,3.198867,3.215102,3.137047,3.105839,3.043092,2.997313,2.929257,2.792082,2.682144,2.508619,2.395177,2.324085,2.065622,2.072492,1.907694,1.718348,1.580846,1.634075,1.493891,1.43719,1.34009,1.440075,1.344164,1.583927,1.036598,0.985388,0.903371,0.668379,0.590629,0.459701,0.373969,0.368295,0.300961,0.319132,0.289849,0.319598,0.28306,0.33436,0.306945,0.31773,0.290348,0.252052,0.237275,0.216222,0.207314,0.189396,0.180284,0.160063,0.149599,0.122733,0.111929,0.11979,0.224601,0.594039,0.402596,0.34373,0.19122,0.485745,0.575823,0.208093,0.080363
每股指标,每股资本公积金,3.510159,3.510159,3.510251,3.411172,3.411172,3.411172,3.411096,3.411096,3.411096,3.411096,3.411096,3.411096,3.417114,3.411096,3.40909,3.40909,3.40909,3.40909,3.40909,3.40909,3.40909,3.40909,3.40909,3.409086,3.409086,3.409086,3.060812,3.060812,3.060884,3.060812,3.046364,2.929067,2.929067,2.929067,2.948966,2.948966,3.04842,3.04842,0.821258,0.821258,0.821258,0.821254,0.821361,0.821361,0.821361,0.821361,0.821341,0.821341,0.821341,0.821341,0.821341,0.821341,0.821341,0.821341,0.821341,0.821341,0.82515,0.82515,0.82515,1.019453,1.03187,0.971597,0.960211,0.963158,1.030934,1.044825,0.937058,1.000944,0.891263,0.821341,0.745818,0.821341,0.821341,0.821341,0.821341,0.821341,0.821341,0.821341,0.821341,0.821239,0.821239,0.821239,0.821239,0.821239,0.821239,0.821239,0.821239,0.821239,0.821239,0.821239,0.820646,0.820646,0.820646,0.820646,0.820646,0.820646,0.820646,0.820646,0.810846,1.797354,2.299213,2.299213,2.299213,2.299213,2.298847,0.3,0.3,0.3
每股指标,每股盈余公积金,0.157438,0.157438,0.157438,0.157438,0.157438,0.157438,0.157438,0.157438,0.157438,0.157438,0.133588,0.133588,0.133588,0.133588,0.126853,0.126853,0.126853,0.126853,0.094892,0.094973,0.094973,0.094973,0.081546,0.081546,0.081546,0.081546,0.061861,0.061861,0.061861,0.061861,0.045807,0.044479,0.044479,0.044479,0.037186,0.037186,0.037186,0.037186,0.507425,0.507425,0.507425,0.507425,0.507425,0.507425,0.507425,0.507425,0.470222,0.473066,0.473066,0.473066,0.430102,0.430102,0.430102,0.430102,0.413767,0.413767,0.413767,0.413767,0.356633,0.356633,0.356633,0.356633,0.31227,0.31227,0.31227,0.31227,0.304669,0.304669,0.304669,0.304669,0.223857,0.223857,0.223857,0.223857,0.388346,0.388346,0.388346,0.375529,0.339068,0.339068,0.339068,0.339068,0.275397,0.275397,0.275397,0.275397,0.286238,0.286238,0.286238,0.286238,0.27199,0.27199,0.27199,0.27199,0.254901,0.254901,0.254901,0.254901,0.226207,0.374221,0.634802,0.634802,0.581958,0.581958,0.500311,0.790083,0.688239,0.255078
每股指标,每股留存收益,0.693533,0.755825,0.950395,0.952534,0.989305,1.058111,1.299064,1.349609,1.37105,1.441184,2.086767,2.085773,2.209236,2.236457,2.249675,2.157175,2.101432,2.061133,2.090144,2.019407,1.931953,1.907208,1.888681,1.830967,1.576657,1.642435,1.518035,1.490407,1.461475,1.444268,1.316359,1.20834,1.160286,1.135464,0.98814,0.904015,0.832953,0.797084,1.076592,1.076001,1.074985,1.074663,1.074177,1.07357,3.76955,3.724527,3.710551,3.671934,3.688168,3.610113,3.535941,3.473194,3.427415,3.359359,3.205849,3.095911,2.922386,2.808945,2.680719,2.422256,2.429126,2.264328,2.030618,1.893116,1.946345,1.806161,1.74186,1.64476,1.744745,1.648833,1.807784,1.260456,1.209245,1.127228,1.056726,0.978976,0.848048,0.749499,0.707363,0.64003,0.658201,0.628917,0.594996,0.558457,0.609757,0.582343,0.603968,0.576586,0.53829,0.523513,0.488213,0.479305,0.461386,0.452274,0.414965,0.404501,0.377635,0.36683,0.345997,0.598822,1.228841,1.037398,0.925689,0.773179,0.986057,1.365907,0.896332,0.335442
每股指标,每股营业收入,1.142971,5.873877,4.299491,2.742981,1.122423,6.524468,4.714945,2.990841,1.385402,6.719214,4.80733,3.028987,1.297042,7.345798,6.857812,4.563888,2.078066,8.460587,5.793075,3.526549,1.514627,7.035644,5.012885,3.137389,0.990024,7.42694,4.545835,2.823412,1.165215,6.618633,4.668727,2.723227,1.25599,6.033958,4.153518,2.591072,1.083145,2.863566,4.789466,3.022992,1.608279,6.798258,4.972136,3.223575,1.536467,6.570183,4.058836,2.984535,1.086745,6.466579,3.39292,2.1971,1.092517,8.626962,5.451027,3.510818,1.425364,5.574855,3.35438,2.194525,1.11342,5.637619,3.734887,2.508919,0.96086,5.506569,3.927689,2.528425,0.997939,8.09594,4.617381,2.235477,0.73798,6.898594,3.981443,2.706349,1.039346,5.767131,3.459494,2.24255,0.949953,5.610974,3.083848,2.051724,0.909115,5.664804,2.599677,1.87539,0.851771,3.953873,2.081307,1.329009,0.597736,3.130664,2.043359,1.386742,0.554751,3.511268,1.633503,4.015732,3.026966,5.517002,1.935296,4.588196,1.836933,6.13371,7.636969,6.628825
每股指标,每股营业总收入,1.142971,5.873877,4.299491,2.742981,1.122423,6.524468,4.714945,2.990841,1.385402,6.719214,4.80733,3.028987,1.297042,7.345798,6.857812,4.563888,2.078066,8.460587,5.793075,3.526549,1.514627,7.035644,5.012885,3.137389,0.990024,7.42694,4.545835,2.823412,1.165215,6.618633,4.668727,2.723227,1.25599,6.033958,4.153518,2.591072,1.083145,2.863566,4.789466,3.022992,1.608279,6.798258,4.972136,3.223575,1.536467,6.570183,4.058836,2.984535,1.086745,6.466579,3.39292,2.1971,1.092517,8.626962,5.451027,3.510818,1.425364,5.574855,3.35438,2.194525,1.11342,5.637619,3.734887,2.508919,0.96086,5.506569,3.927689,2.528425,0.997939,8.09594,4.617381,2.235477,0.73798,6.898594,3.981443,2.706349,1.039346,5.767131,3.459494,2.24255,0.949953,5.610974,3.083848,2.051724,0.909115,5.664804,2.599677,1.87539,0.851771,3.953873,2.081307,1.329009,0.597736,3.130664,2.043359,1.386742,0.554751,3.511268,1.633503,4.015732,3.026966,5.517002,1.935296,4.594241,1.836933,6.145622,7.636969,6.631667
每股指标,每股息税前利润,-0.055017,-0.221845,-0.044814,-0.054964,-0.046951,-0.248866,-0.048036,-0.018126,-0.026441,-0.60223,0.009366,-0.032932,0.008453,0.608928,0.604234,0.332834,0.123122,0.529243,0.499801,0.311257,0.097485,0.495255,0.427409,0.3207,-0.041081,0.342472,0.238716,0.151647,0.072335,0.557963,0.396208,0.236947,0.096421,0.599604,0.397285,0.25319,0.085561,0.375257,0.110924,0.095265,0.026286,-3.968367,-4.04527,-4.111503,0.078095,0.556046,0.429122,0.373323,0.143018,0.736051,0.304411,0.415823,0.099796,1.385056,0.965638,0.804911,0.206264,1.249085,0.892906,0.595203,0.25683,1.190654,0.735912,0.52144,0.220942,0.73393,0.518015,0.385972,0.158415,1.389252,1.333275,0.256999,0.12899,0.869388,0.575511,0.480071,0.075595,0.429505,0.21023,0.124127,0.067714,0.366974,0.213941,0.213514,0.058467,0.276455,0.134491,0.154256,0.030887,0.19054,0.057057,0.042779,0.017823,0.184576,0.122654,0.090411,0.021189,0.244945,0.106674,0.408109,0.299751,0.600911,0.197996,0.567546,0.242297,0.710271,0.720101,0.484148
盈利能力,净资产收益率(ROE),-1.18,-5.59,-1.95,-1.93,-1.25,-6.7,-2.44,-1.56,-1.17,-12.38,-1.66,-1.67,-0.41,3.21,3.39,2.0,0.62,2.93,3.37,2.15,0.39,4.62,4.34,3.42,-1.09,1.8,1.33,0.83,0.31,5.82,3.47,2.12,0.49,7.42,4.5,2.8,0.74,23.03,0.07,10.05,3.9,25.59,-66.51,-66.61,0.85,4.65,4.37,3.07,1.49,6.9,5.44,4.21,1.35,13.74,10.59,8.31,2.51,17.27,14.12,8.33,3.84,16.45,10.72,7.33,,9.81,,5.32,,16.38,,4.45,,14.84,,9.57,,6.68,,2.481,,6.07,,3.14,,4.98,,2.24,,3.09,,1.18,,3.84,,1.71,,7.52,3.43,13.17,,,,14.17,,,,
盈利能力,摊薄净资产收益率,-1.183335,-5.697912,-1.949145,-1.944246,-1.259133,-6.924648,-2.466948,-1.573628,-1.180852,-13.196604,-1.673278,-1.687534,-0.408489,3.141775,3.330756,1.990359,0.620755,2.896122,3.326153,2.130712,0.390453,4.54152,4.257918,3.370546,-1.097779,1.793474,1.3212,0.831019,0.311674,5.666137,3.428061,2.117179,0.487675,7.270907,4.473466,2.818961,0.734429,6.095238,0.07165,0.049784,0.011988,-99.024645,-99.537584,-99.863276,0.842063,4.577709,4.312355,3.067909,1.47519,6.754458,5.383126,4.21,1.34,12.97,10.179881,8.13,2.47499,16.65,14.124119,8.24,3.75,15.73,10.723276,7.47,3.53,9.28,7.98,5.38,2.64,15.05,19.18,4.33,2.67,14.12,11.94,9.45,1.16,6.68,5.11,2.5,1.19,6.01,4.68,3.2,1.13,4.92,3.32,2.21,0.63,3.04,1.56,1.18,0.4,3.76,2.16,1.7,0.492284,7.36,3.37,8.91,4.23,10.99,3.61,10.02,0.028265,17.0,22.0,16.0
盈利能力,净资产收益率_平均,-1.176032,-5.591628,-1.948132,-1.926191,-1.251404,-6.696802,-2.435764,-1.561676,-1.173817,-12.376151,-1.656312,-1.670875,-0.407636,3.198406,3.395322,2.009638,0.622555,2.927835,3.372267,2.149007,0.391158,4.636495,4.342053,3.422721,-1.091958,1.80656,1.330563,0.834575,0.312126,5.817795,3.476515,2.132237,0.488798,7.431292,4.516282,2.821784,0.737155,9.876837,0.058683,0.040735,0.009793,-66.403399,-66.52646,-66.60921,0.845351,4.639207,4.37125,3.10027,1.493061,6.872541,5.448595,4.234662,1.349373,13.711395,10.624476,8.380213,2.505269,17.203023,14.421526,8.396357,3.843823,16.381417,10.87,7.45883,3.582506,9.768055,8.210992,5.515093,2.704291,16.380852,21.093658,4.453239,2.710378,14.84036,12.424679,9.707936,1.167084,6.833122,5.18666,2.49996,1.193491,6.052281,4.685376,3.183839,1.134215,4.974918,3.372257,2.237326,0.627934,3.085843,1.572076,1.184449,0.400391,3.835719,2.17945,1.710112,0.493501,7.467932,3.399673,10.919746,4.319215,11.334181,3.676146,14.173402,4.055238,18.960538,20.509751,16.416081
盈利能力,净资产收益率_平均_扣除非经常损益,-1.2651,-7.042772,-2.435087,-2.202496,-1.370656,-9.481828,-3.859482,-2.371448,-1.351642,-16.128104,-2.770717,-2.347122,-1.004468,-1.078785,-0.970094,-0.034701,-0.418137,0.883203,1.533267,0.818012,-0.535869,3.074165,3.43742,2.778827,-1.196785,-0.708957,0.318089,0.020633,0.000193,3.238714,2.109215,1.369057,0.244203,5.148743,3.915857,2.537444,0.720843,9.702431,0.344487,0.411653,-0.078393,-66.712917,-67.284507,-67.114396,0.706939,2.09819,2.725834,1.60536,0.54336,5.625695,4.884501,3.374881,1.230573,10.064608,6.448786,4.164052,2.227958,11.50979,8.830594,7.234059,3.523176,15.775917,10.763128,7.395294,3.499787,9.057113,7.806648,5.495012,2.686272,7.150481,4.34369,3.360549,1.736517,-0.047938,-4.045822,-7.201098,0.81001,5.698254,5.613373,3.292388,1.133801,5.256771,4.391846,3.155578,1.099323,4.221122,3.38243,2.308619,0.796794,2.730371,1.567744,1.182117,0.398664,3.777104,2.106482,1.640368,,7.382125,3.094768,10.280271,3.693533,9.818994,,,,,,
盈利能力,摊薄净资产收益率_扣除非经常损益,-1.272956,-7.176638,-2.436354,-2.22314,-1.379122,-9.804429,-3.908894,-2.389598,-1.359744,-17.197287,-2.799098,-2.370523,-1.006572,-1.059684,-0.951646,-0.034368,-0.416927,0.873636,1.5123,0.811048,-0.534902,3.011192,3.370814,2.736468,-1.203165,-0.703822,0.315851,0.020545,0.000192,3.154287,2.079817,1.359389,0.243642,5.03762,3.878733,2.534906,0.718177,5.987608,0.420604,0.503104,-0.095963,-99.486217,-100.671783,-100.620671,0.70419,2.070376,2.689108,1.588603,0.536857,5.529034,4.82581,3.35,1.223519,9.52,6.178928,4.04,2.20103,11.14,8.648485,7.1,3.44,15.15,10.617846,7.4,3.45,8.6,7.59,5.36,2.63,6.57,3.95,3.26,1.71,-0.05,-3.89,-7.01,0.81,5.57,5.531904,3.29,1.127557,5.22,4.39048,3.17,1.093246,4.17,3.326789,2.28,0.794298,2.69,1.557629,1.18,0.397867,3.7,,1.63,,7.28,3.07,8.39,,,,,,,,
盈利能力,息税前利润率,-4.813577,-3.776811,-1.042313,-2.003811,-4.183033,-3.814355,-1.018806,-0.606063,-1.908596,-8.962808,0.194828,-1.087245,0.651762,8.289477,8.810888,7.292791,5.92485,6.255397,8.627571,8.826115,6.436246,7.039231,8.526218,10.221883,-4.149538,4.611225,5.251323,5.371066,6.207921,8.43019,8.486431,8.700996,7.676894,9.937159,9.565043,9.771658,7.899347,13.104562,2.316006,3.151351,1.634425,-58.373294,-81.358787,-127.544813,5.082826,8.463173,10.572554,12.508596,13.160233,11.382394,8.971975,18.926021,9.134582,16.054975,17.714799,22.926599,14.470984,22.405699,26.619115,27.122184,23.06682,21.119806,19.70373,20.783471,22.994199,13.328276,13.188811,15.265341,15.874277,17.159861,28.875144,11.496406,17.47891,12.602406,14.454848,17.738723,7.273396,7.447468,6.076905,5.535097,7.128193,6.540307,6.937481,10.406605,6.431264,4.880235,5.17339,8.225305,3.626237,4.819084,2.741424,3.218915,2.981772,5.895763,6.00258,6.519726,3.819684,6.97597,6.530405,10.162766,9.902703,10.891995,10.230802,12.353422,13.190313,11.557363,9.429156,7.30055
盈利能力,总资产报酬率,-0.508811,-1.994934,-0.396232,-0.485848,-0.418097,-2.140346,-0.402585,-0.152619,-0.223773,-4.896296,0.075236,-0.264081,0.068036,4.551921,4.393215,2.398624,0.881343,3.902669,3.709199,2.344883,0.745453,3.943284,3.590873,2.593326,-0.342489,2.785711,2.084123,1.31789,0.627108,4.895401,3.495618,2.148838,0.895017,5.590553,3.725949,2.367828,0.798945,5.865515,0.98165,0.806624,0.219326,-22.366672,-22.122214,-22.817682,0.396957,2.823337,2.10033,1.836335,0.720722,3.707206,1.58464,2.19485,0.513577,6.853544,4.88889,4.0261,1.001248,6.908068,4.954261,3.400826,1.57815,8.302553,5.246247,4.02298,1.706302,6.13743,4.576846,3.506168,1.487495,12.809918,11.887804,2.344411,1.231568,8.544241,5.524642,4.748728,0.793974,4.494707,2.158222,1.279413,0.688446,3.918697,2.32264,2.365525,0.649918,3.260661,1.546924,1.816164,0.376689,2.753818,0.801918,0.641105,0.279515,3.319992,2.089882,1.631254,0.412279,5.190907,2.307327,6.983283,2.884533,6.680509,2.406003,8.573242,3.504624,8.457896,8.168339,7.278654
盈利能力,总资本回报率,-0.654188,-2.550732,-0.506134,-0.610028,-0.526986,-2.754941,-0.517912,-0.196749,-0.286727,-6.222467,0.094325,-0.332755,0.083629,5.862616,5.803238,3.122903,1.174091,5.183872,4.940035,3.011611,0.974608,5.118011,4.615662,3.28004,-0.444131,3.469673,2.570569,1.614867,0.766267,6.054949,4.367423,2.669659,1.107915,7.106001,4.711012,2.96575,1.020615,6.52423,0.976829,0.844688,0.230121,-31.057895,-30.870474,-32.041361,0.561828,4.134356,3.284114,2.85026,1.105912,5.852163,2.407234,3.420353,0.816232,10.903107,7.625977,6.199924,1.534919,10.998583,8.046364,5.524268,2.505452,13.286822,8.18808,6.330686,2.678234,9.794876,7.433485,5.739196,2.384718,20.80204,19.553649,3.890562,2.018417,13.87811,8.840422,7.493503,1.239705,7.352927,3.53388,2.151621,1.153438,5.978121,3.540473,3.302874,0.897808,4.724697,2.336158,2.652792,0.548923,3.956394,1.136287,0.90819,0.390866,4.49217,2.928486,2.363042,0.562356,7.162461,3.352709,9.572054,3.86926,8.788578,3.164277,11.444377,4.609382,13.055693,13.394694,11.37682
盈利能力,投入资本回报率,-0.530678,-2.534802,-0.470833,-0.673567,-0.556942,-3.058655,-0.67902,-0.32031,-0.364046,-6.926934,-0.043007,-0.395982,0.048441,3.607633,3.435999,1.925718,0.740622,3.564668,3.356921,2.096855,0.605437,4.385902,3.980297,2.879972,-0.365118,2.888719,2.101897,1.371758,0.62578,5.170343,3.402521,2.149208,0.918322,6.06661,3.974552,2.561932,0.835336,5.494254,0.891548,0.874957,0.344553,-18.870429,-18.767999,-19.636516,0.597996,3.050702,2.316058,2.124149,0.742926,4.63024,1.620598,2.759737,0.807938,7.648517,5.637233,4.394807,1.064499,8.109023,6.108244,3.769752,1.624934,9.149662,5.142658,4.007937,1.716744,6.293769,4.648283,3.692971,1.454131,10.867897,11.994634,3.04633,1.710409,9.824196,6.466391,5.108527,0.989901,6.167787,2.979882,1.676125,0.969702,5.084664,3.110133,2.980226,0.752358,4.684118,2.374114,2.628097,0.607665,3.860274,1.771561,1.530803,0.437228,4.08777,2.474025,2.042208,0.450725,6.448704,3.030257,8.562834,3.007114,8.094515,2.878622,10.458389,4.038055,12.318784,12.708902,8.642408
盈利能力,息前税后总资产报酬率_平均,-0.531811,-2.140715,-0.435517,-0.53915,-0.449129,-2.418236,-0.478801,-0.209021,-0.260989,-5.509776,0.022631,-0.282031,0.070594,4.298456,4.006114,2.127185,0.774296,4.142867,3.436438,2.105058,0.640033,3.562343,3.184329,2.294339,-0.332555,2.652765,1.904492,1.203196,0.539091,4.676738,3.141086,1.971654,0.307344,5.093411,2.256594,2.170475,0.38754,5.145388,-0.63037,0.538857,-0.155634,-22.025525,-22.822184,-22.44407,0.178929,2.542004,1.490586,1.608605,0.545285,3.031451,1.344376,1.770561,0.325373,5.693976,3.183368,3.412814,0.709835,6.102943,4.128588,2.929592,1.405582,7.702242,4.566685,3.692865,1.495121,5.545506,3.803859,3.175717,1.385072,11.106498,9.790644,1.963744,0.787196,7.260564,4.472355,4.541093,0.429486,3.63014,1.309561,0.986552,0.28419,3.051375,1.072084,2.058197,0.278062,2.994029,0.783819,1.703473,0.117428,2.385479,0.05222,0.640645,0.091927,3.18727,0.785176,1.35362,0.160952,4.807588,2.069794,5.262491,1.959182,5.295407,1.837307,6.181082,1.819588,0.103983,5.172808,4.036245
盈利能力,毛利率,11.237803,14.665524,13.467437,13.398066,12.362123,12.745068,12.500989,12.537947,11.204237,12.078354,12.876944,13.2189,14.84079,17.865718,14.641035,14.984249,14.547649,19.610313,20.765231,21.675472,19.669723,19.665635,19.687696,21.169876,11.795568,15.360114,16.225025,16.017362,18.102183,18.483104,18.007577,18.737202,18.453775,18.626444,18.325472,17.979021,17.132759,20.60618,10.864013,12.65867,5.381179,11.588363,9.119666,6.645351,13.079981,19.935701,21.01352,19.87017,26.428948,21.766395,25.704697,27.303221,26.227871,23.286589,21.509407,21.613711,25.58636,28.170117,31.06221,35.539289,32.407598,31.60707,31.713651,32.145927,37.270522,28.376827,30.191927,31.654072,33.548141,20.085445,21.534819,24.847063,28.436683,17.935647,15.573559,15.209841,20.908789,18.79802,19.548937,20.303854,24.971937,17.890904,22.516093,22.353689,22.934024,16.078391,19.856433,19.360848,19.141295,17.101442,19.30572,18.679793,18.15425,16.380845,16.901923,18.510586,17.796765,18.310895,14.083891,20.347041,17.784263,24.515304,19.049698,22.745994,20.824575,22.814348,15.647199,15.4863
盈利能力,销售净利率,-6.576336,-5.469354,-2.68134,-3.860113,-6.202787,-5.946063,-2.890192,-2.90523,-4.779194,-11.712254,-2.135017,-3.522604,-1.799997,5.588689,6.076467,4.840304,3.407035,4.548256,5.857873,5.659415,3.16147,4.402917,5.559494,6.77869,-7.261919,2.01439,2.127558,1.975292,1.743555,5.56762,4.955257,4.974207,2.63621,6.674956,5.793,5.800814,3.831693,10.440556,-1.487231,-1.289109,-1.159792,-60.994554,-83.933065,-129.527231,2.291093,5.077868,7.503252,7.067438,9.95678,5.725939,7.611642,9.729419,5.787164,9.61536,11.534875,14.204871,10.259206,16.631815,22.182797,21.165927,20.544502,16.723629,17.151449,17.357485,20.148315,9.967768,10.961344,11.752841,14.781238,12.355736,23.781202,6.587656,11.172205,7.681527,11.701612,14.474389,3.934418,2.725665,3.68733,2.681353,2.942512,2.142196,3.202203,3.37435,2.751566,1.728396,2.621333,2.396166,1.130439,1.274232,0.178518,-0.17517,0.980649,3.02432,2.25519,2.492044,1.491193,4.757843,4.402506,7.658499,6.725942,8.633705,7.812593,8.918229,6.848361,0.142365,5.971252,4.050123
盈利能力,成本费用利润率,-5.826514,-4.970787,-2.481666,-3.480365,-5.488816,-5.120003,-2.560822,-2.549231,-4.197769,-9.877731,-1.911331,-3.297597,-1.742942,6.13378,6.968893,5.795515,4.135753,4.3507,6.797578,6.807142,4.036953,5.255396,6.808774,8.41088,-6.801832,2.23559,2.59117,2.444756,2.608834,6.183165,6.045634,5.875648,3.339193,7.95159,7.195093,6.948764,4.905106,13.559428,0.127581,-0.237331,-0.856691,-59.900822,-80.916576,-121.544789,2.646363,6.296574,9.475442,9.35451,12.859792,8.719921,13.009541,15.310475,7.002497,13.968396,15.249186,19.8091,14.472383,22.313124,29.205315,31.878651,29.096115,22.56557,22.985531,23.505229,29.937973,13.192831,14.777617,16.214596,19.636757,16.169372,27.861677,9.250021,14.140249,10.202264,12.594746,15.222319,4.531857,4.416484,4.987617,4.221567,4.48803,3.824398,4.820633,5.095834,4.335704,2.218792,3.150097,3.048292,1.38711,1.983205,0.195718,-0.173842,1.186498,3.387591,3.427755,3.764511,2.791765,5.635456,5.363589,9.381109,9.15657,10.540692,9.584782,11.013259,8.847259,8.875703,6.778396,6.198497
盈利能力,营业利润率,-6.43617,-5.719562,-2.733743,-3.680345,-6.049262,-5.191641,-2.761238,-2.719644,-4.46227,-10.371637,-2.203304,-3.382932,-1.949203,6.162436,6.87064,5.71134,4.123204,4.291665,6.541242,6.671765,4.246681,4.601872,6.094919,7.657291,-7.313618,1.003333,2.38763,2.375549,2.358776,5.047478,5.62503,5.697101,3.313003,7.74773,6.454798,6.14125,3.203237,10.18605,0.338511,0.203975,-1.17955,-65.586842,-87.997174,-134.936796,0.83158,2.692616,6.047402,6.328773,8.400735,5.354194,9.420998,10.493349,5.529195,12.827869,13.591973,17.553383,12.264488,19.110044,24.519987,24.516575,22.952633,18.070673,18.672972,19.104355,22.853207,11.286974,13.051997,13.152175,15.726739,3.68814,6.58273,8.540403,13.63465,0.922217,-3.051346,-7.721698,3.220698,4.122138,4.290786,3.94154,4.209438,3.414128,4.300946,4.729202,4.007623,1.815066,3.062188,2.937201,1.340452,1.954646,0.282072,-0.023997,1.162519,3.232487,3.260716,3.559101,2.631234,5.266752,4.781197,8.175803,7.508307,8.540951,7.813069,9.4809,7.219057,0.064229,5.709745,5.470826
盈利能力,总资产净利率_平均,-0.576077,-2.730705,-0.952384,-0.933234,-0.612708,-3.294578,-1.191087,-0.771039,-0.583462,-6.339305,-0.881413,-0.887844,-0.219082,1.571487,1.624833,0.943903,0.288467,1.378391,1.602528,1.031151,0.189216,2.283327,2.253664,1.702453,-0.54838,0.883437,0.644024,0.400967,0.149172,2.736573,1.623343,0.986719,0.230408,3.434683,2.073177,1.280578,0.334933,4.618617,0.017064,0.011325,0.00268,-14.935265,-14.493865,-14.712058,0.228849,1.233097,1.120241,0.795974,0.393347,1.766614,1.439772,1.12869,0.350233,3.21838,2.515756,1.935573,0.550668,4.118108,3.420024,2.045103,1.012639,4.589461,3.025913,2.213895,1.082619,2.988121,2.588992,1.77979,0.900592,4.80958,6.068002,1.215333,0.764412,4.028531,3.258149,2.588233,0.32274,1.78511,1.318628,0.629901,0.297721,1.565175,1.223009,0.843269,0.304735,1.39343,0.925404,0.624862,0.180217,1.029583,0.505097,0.405084,0.142899,1.536886,0.820154,0.679672,0.210221,3.406403,1.571118,5.172726,1.842272,5.297914,1.853268,6.166687,1.751767,5.48902,5.136336,4.036245
盈利能力,总资产净利率_平均(含少数股东损益),-0.695141,-2.888945,-1.019304,-0.935931,-0.619974,-3.33651,-1.14207,-0.731596,-0.560335,-6.398292,-0.824476,-0.855607,-0.187898,3.068863,3.029799,1.591993,0.506808,2.837604,2.51844,1.503568,0.366165,2.466456,2.341418,1.719776,-0.599376,1.216924,0.844376,0.484674,0.176129,3.23311,2.041103,1.228453,0.307344,3.755268,2.256594,1.405629,0.38754,4.673123,-0.63037,-0.329962,-0.155634,-23.37105,-22.822184,-23.172335,0.178929,1.69399,1.490586,1.037541,0.545285,1.864918,1.344376,1.12832,0.325373,4.104603,3.183368,2.494492,0.709835,5.127879,4.128588,2.653976,1.405582,6.574342,4.566685,3.359824,1.495121,4.589977,3.803859,2.699411,1.385072,9.223616,9.790644,1.343391,0.787196,5.207959,4.472355,3.874852,0.429486,1.644997,1.309561,0.619783,0.28419,1.28352,1.072084,0.767023,0.278062,1.154803,0.783819,0.529078,0.117428,0.728147,0.05222,-0.034888,0.091927,1.70304,0.785176,0.623516,0.160952,3.540371,1.555496,5.262491,1.959182,5.295407,1.837307,6.181082,1.819588,0.103983,5.172808,4.036245
成长能力,归母净利润,-58891859.74,-287093836.34,-101836741.33,-99815277.67,-65050648.4,-362167598.09,-134363593.77,-86577822.95,-65181223.29,-737163932.18,-103737114.23,-104676970.24,-25735870.78,199594590.44,211280362.52,123828800.99,38099280.83,176723237.79,204150656.29,129404203.52,23393983.09,271123164.82,253606690.99,199042088.22,-62188100.53,102681776.03,75610932.08,47292032.81,17636882.12,319703584.18,188596260.98,114852831.92,26202230.45,388861592.85,233346482.77,144544798.44,37863250.6,311913561.03,222990300.13,126816518.01,47718653.17,245402559.95,-818741788.24,-818929290.09,13908414.34,75022090.96,70704855.94,50390193.74,24112522.8,108354522.28,85441478.87,66057653.2,21023889.22,200924785.64,153502906.2,119540978.1,35044158.29,230026051.51,190414534.53,110570672.61,50909280.95,203319714.42,131122597.25,88645725.1,43305397.48,110385152.2,90521349.72,60525246.88,29628833.27,161133455.0,210236359.43,41156437.82,24732737.52,126628407.87,104849114.46,80830653.63,9492681.94,52924667.17,35605464.17,16744323.02,7231485.97,45279504.31,34800572.95,23513151.5,8468824.03,36496320.11,24854279.23,16395210.04,4564954.37,22006825.02,11101994.81,8350198.48,2814831.49,26395206.78,14869636.52,11637166.51,3337766.61,49655251.34,22439008.25,58366062.82,18269410.17,45476904.81,14554064.25,38957665.82,11557617.14,27855418.1,27363153.52,22014999.69
成长能力,营业总收入,1080594965.11,5553315758.33,4064849904.19,2593285570.21,1061168449.85,6168400578.93,4457630998.85,2827618524.81,1309795211.41,6352518944.55,4544973930.6,2863683121.86,1226257155.66,6944907174.49,6483552719.61,4314818290.49,1964657949.31,7998857682.91,5476923483.58,3334090601.8,1431968178.28,6651679590.05,4739311171.5,2966169407.94,935994734.43,7021621593.7,4659471803.34,2893991326.31,1194343418.58,6784085745.74,4785436311.59,2874633970.21,1325821014.11,6369434442.24,4384445609.03,2735130886.63,1143366643.91,3022775337.22,2058749050.33,1245833074.56,539922501.41,2136512285.85,1535984598.67,995821915.63,474643107.28,2029650440.71,1253849304.06,921977850.23,335715556.09,1997645390.18,1048135635.12,678724872.88,337498724.11,2665027429.04,1683922566.3,1084556288.78,440321194.2,1722175416.74,1036229997.85,677929374.02,343955998.13,1741564379.7,1153775624.22,775051444.98,296827366.52,1701080772.06,1213335494.36,781077134.65,308281791.68,2500985076.93,1426394107.23,690579996.93,227975790.92,2131102707.05,1229941216.95,836041121.43,321073387.47,1781572953.45,1068701430.39,692764979.38,293458072.24,1733333243.23,952657523.92,633815539.09,280842377.49,1749962392.09,803088096.72,579342623.77,263127912.46,1221424267.19,642954098.32,410555359.28,184651756.28,967120015.49,631231307.4,428390409.8,171372873.79,1084695383.54,504619151.48,775333582.16,288863371.18,526487512.47,184685340.65,438428467.7,175298555.98,371379945.98,461502075.67,543796712.87
成长能力,净利润,-71063559.36,-303730504.22,-108992455.75,-100103763.14,-65822026.06,-366777045.08,-128834128.16,-82148839.65,-62597662.69,-744023156.98,-97035984.88,-100876216.66,-22072604.24,388880010.31,393970942.02,208850349.87,66936584.05,363808546.53,320831262.71,188690050.01,45271249.38,292867980.24,263481755.97,201067436.29,-67971186.8,141442876.58,99132969.55,57164796.29,20824045.03,377712157.07,237130682.76,142990255.86,34951428.18,425156970.85,253990951.88,158659877.3,43810301.71,315594581.33,224652335.82,128444996.35,48547985.71,248643504.06,-1289198959.64,-1289860556.09,10874518.16,103062979.77,94079477.07,65561181.44,33426461.32,114383965.92,79780336.3,66035988.7,19531607.79,256252006.44,194238363.63,154059827.07,45173458.82,286429032.65,229864797.3,143490042.28,70664048.8,291252780.33,197889241.71,134529442.36,59805713.07,169559800.06,132997887.82,91798758.03,45567865.79,309015119.45,339213665.32,45493037.49,25469924.39,163701234.3,143922952.02,121011850.9,12632369.57,48788594.74,35332612.72,16441059.34,6820352.86,37131399.75,30506035.54,21387157.08,7727565.08,30246281.01,21051619.49,13882014.11,2974503.03,15563786.02,1147794.7,-719172.47,1810786.19,29248812.96,14235468.36,10675681.51,2555501.44,51608112.94,22215893.1,59378921.31,19428784.87,45455380.19,14428715.51,39048604.18,12005078.59,527692.08,27557454.42,22014999.69
成长能力,扣非净利润,-63352097.65,-361600632.23,-127291861.37,-114133401.79,-71249599.04,-512783647.7,-212899870.38,-131470835.53,-75055744.65,-960642520.82,-173533791.66,-147042417.97,-63416546.74,-67036499.95,-60365955.81,-2138197.81,-25589221.02,53309874.16,92821112.89,49257291.71,-32048665.72,179764504.15,200769722.36,161597621.61,-68158132.71,-40295911.37,18075858.26,1169217.15,10906.88,177976117.43,114422057.49,73744210.89,13090635.08,269421276.91,202323827.12,129979586.4,37025425.19,306405766.82,3496677.15,4175611.6,-794296.47,-822407136.25,-828071091.19,-825140315.94,11631148.36,33930504.68,44090294.44,25885079.12,8775120.98,88696373.43,76595707.25,52645697.14,19172922.27,147485291.58,93172356.32,59398832.24,31165073.61,153900362.99,116594692.86,95264502.01,46662490.34,195804490.02,129833419.74,87890626.75,42305495.42,102351060.43,86063691.12,60304870.82,29431419.83,70337112.35,43292708.86,31057896.2,15846067.35,-409044.61,-34141795.21,-59958106.84,6588358.18,43943896.07,42943879.09,24862854.35,8593744.84,39327985.17,32620384.6,23304435.1,8208298.98,30966422.09,24929253.84,16917646.83,5792533.45,19471763.55,11071405.92,8333752.89,2802689.47,25991850.95,14371798.61,11162560.85,,49084712.31,20426534.26,54948067.35,15622900.0,39397415.1,,,,,,
成长能力,营业总收入增长率,1.830672,-9.971544,-8.811431,-8.28729,-18.982109,-2.898352,-1.921747,-1.259378,6.812441,-8.529822,-29.899946,-33.631431,-37.58419,-13.176262,18.379465,29.415148,37.199833,20.253201,15.563702,12.403917,52.988913,-5.268612,1.713485,2.494066,-21.631021,3.501368,-2.632247,0.673385,-9.916692,6.510017,9.145756,5.100417,15.957643,110.714781,112.96649,119.542324,111.764955,41.481767,-3.673876,-6.222382,4.673839,3.471377,22.501531,8.00931,41.382518,1.602138,19.626626,35.839702,-0.528348,-25.04222,-37.756304,-37.419119,-23.351696,54.747733,62.504711,59.980719,28.016722,-1.113307,-10.18791,-12.531048,15.877455,2.379875,-4.908771,-0.771458,-3.715569,-31.983569,-14.936868,13.104511,35.22567,17.356384,15.972543,-17.3988,-28.995737,19.619165,15.087449,20.681781,9.41031,2.78306,12.181072,9.300724,4.49209,-0.950257,18.624286,9.402538,6.732263,43.272279,24.905976,41.111937,42.499544,26.295004,1.85713,-4.16327,7.748532,-10.839482,,-15.106192,,39.900477,74.69129,47.265331,56.408391,20.085156,5.354741,18.053888,,-19.528,-15.133345,
成长能力,归属母公司净利润增长率,9.467682,20.729011,24.208084,-15.289659,0.200325,50.870141,-29.523165,17.290476,-153.269935,-469.330616,-149.099269,-184.533621,-167.549492,12.464682,3.492374,-4.308517,62.859315,-34.818097,-19.501076,-34.986512,137.618102,164.042145,235.410084,320.87869,-452.602575,-67.882194,-59.908573,-58.823799,-32.689386,-17.784736,-19.177585,-20.541705,-30.797725,24.669665,4.64423,13.979472,-20.653144,27.102814,100.072753,100.050456,-99.286553,-1191.133988,-1257.971086,-1725.17591,-42.318709,-30.762381,-17.247621,-24.324843,14.691066,-46.072097,-44.338852,-44.740578,-40.007435,-12.651291,-19.384879,8.112734,-31.163517,13.135143,45.218702,24.733225,17.558743,84.19118,44.852675,46.460741,46.159644,-31.494578,-56.943056,47.061432,19.796012,27.249057,100.513242,-49.083131,160.545309,139.261604,194.474786,382.734676,31.268759,16.378906,14.019393,-19.709853,6.817346,24.065944,40.018435,43.414762,85.518262,65.840915,123.872192,96.345153,62.175049,-16.625676,-25.337819,-28.245432,-15.667216,-46.84307,,-48.138677,,-14.924445,22.822839,28.342205,25.527892,16.734162,25.926166,39.85669,,1.799005,24.293226,
收益质量,经营活动净现金/销售收入,0.026025,0.024825,0.009562,-0.021253,-0.030142,0.07398,0.028963,0.040431,-0.029044,0.058444,0.047179,0.077398,0.008706,0.081156,0.048765,0.023857,-0.031166,0.059473,0.025649,-0.063115,-0.075803,0.082289,0.085693,0.113232,0.181856,0.103802,0.008054,-0.029638,-0.149344,0.020778,0.018125,0.03432,0.04048,0.035336,-0.033478,-0.038166,-0.008948,0.022114,0.210608,0.121673,0.084316,0.161949,0.048957,0.067449,0.149954,-0.235061,-0.518385,-0.650618,-1.520867,0.217962,0.0594,-0.091984,-0.164055,0.309403,0.169629,0.102736,-0.020976,0.028638,0.106452,0.051844,-0.147164,0.115237,0.038801,-0.121443,-0.64565,0.082755,0.271662,0.412927,0.226705,0.241948,0.233649,0.395205,1.072886,0.087113,-0.138488,-0.208174,-0.760558,0.039366,-0.028159,0.058402,-0.009107,0.33798,0.506664,0.218147,-0.062555,-0.105138,-0.393481,-0.525678,-0.53433,-0.015016,-0.189232,-0.079697,-0.450799,-0.070375,,0.04025,,0.079285,0.000882,-0.060685,-0.150535,0.123088,,-0.161149,,,,
收益质量,经营性现金净流量/营业总收入,0.026025,0.024825,0.009562,-0.021253,-0.030142,0.07398,0.028963,0.040431,-0.029044,0.058444,0.047179,0.077398,0.008706,0.081156,0.048765,0.023857,-0.031166,0.059473,0.025649,-0.063115,-0.075803,0.082289,0.085693,0.113232,0.181856,0.103802,0.008054,-0.029638,-0.149344,0.020778,0.018125,0.03432,0.04048,0.035336,-0.033478,-0.038166,-0.008948,0.022114,0.210608,0.121673,0.084316,0.161949,0.048957,0.067449,0.149954,-0.235061,-0.518385,-0.650618,-1.520867,0.217962,0.0594,-0.091984,-0.164055,0.309403,0.169629,0.102736,-0.020976,0.028638,0.106452,0.051844,-0.147164,0.115237,0.038801,-0.121443,-0.64565,0.082755,0.271662,0.412927,0.226705,0.241948,0.233649,0.395205,1.072886,0.087113,-0.138488,-0.208174,-0.760558,0.039366,-0.028159,0.058402,-0.009107,0.33798,0.506664,0.218147,-0.062555,-0.105138,-0.393481,-0.525678,-0.53433,-0.015016,-0.189232,-0.079697,-0.450799,-0.070375,,0.04025,,0.079285,0.000882,-0.060685,-0.150535,0.123088,,-0.160937,,,,
收益质量,成本费用率,109.134707,104.477624,103.881812,104.594609,107.351355,106.461465,105.330096,105.178756,106.289128,107.203374,104.575983,104.582251,104.679764,98.638548,98.334446,97.758162,99.780076,95.691594,95.509208,96.40041,100.86,96.718521,95.829288,94.605764,108.533817,99.949338,99.575467,99.917055,100.231034,96.134767,96.201086,96.868482,98.52725,95.058004,94.750975,95.200549,96.747779,88.863942,102.172561,102.38293,107.598835,103.312259,105.293595,108.285695,98.364334,94.038209,92.487521,92.133856,89.5165,89.458817,85.196073,87.443604,90.28409,88.283165,90.074035,89.338855,85.637755,86.241462,84.872978,78.184316,78.731217,80.878458,81.325639,81.100753,76.305682,85.297935,83.925327,81.356174,80.489688,90.52669,92.96465,91.398171,95.586008,93.850727,98.067825,100.181861,96.866677,94.151837,93.542095,93.528145,93.985357,93.864637,93.27076,92.749676,93.581379,95.883869,95.577521,95.34968,97.095663,96.753166,99.144643,99.434809,98.670507,96.233992,95.89869,95.674547,96.924081,93.567901,94.615612,91.666839,93.169139,90.107653,91.854467,90.465207,93.000866,92.034268,94.593352,93.660742
收益质量,期间费用率,20.37251,19.143148,17.349249,17.992675,19.713479,19.206534,17.831085,17.716703,17.493365,19.281728,17.452928,17.801152,19.520555,16.504266,12.975481,12.742412,14.327726,15.301907,16.27444,18.075883,20.529723,16.384156,15.516984,15.77564,20.329386,15.309453,15.800493,15.934418,18.333218,14.617871,14.208664,15.605685,16.981025,13.684449,13.076447,13.17957,13.880538,9.470122,13.036575,15.0416,12.980015,14.900622,14.413261,14.931046,11.444316,13.97391,13.501041,12.004026,15.945449,11.225213,10.90077,14.746825,16.511961,11.569754,11.583442,10.952566,11.224116,14.411579,15.935188,13.723605,11.138815,12.485529,13.03929,13.24668,13.576204,13.674763,14.117255,13.010247,14.03783,10.612135,14.499469,16.245234,24.022692,11.786375,13.641385,15.391703,17.775467,12.949858,13.091033,13.831999,18.957295,11.755542,15.786854,15.103366,16.515404,11.962261,15.433954,14.710529,16.236959,13.854609,18.450364,18.114603,16.824758,12.614838,12.800614,14.185133,14.720847,11.878796,8.699503,12.01388,10.953402,14.622957,10.904165,13.211202,13.825442,14.848616,10.240552,9.147043
收益质量,销售成本率,88.762196,85.334475,86.532562,86.601933,87.637876,87.254931,87.49901,87.462052,88.795762,87.921645,87.123055,86.781099,85.159209,82.134281,85.358964,85.01575,85.45235,80.389686,79.234768,78.324527,80.330276,80.334364,80.312303,78.830123,88.204431,84.639885,83.774974,83.982637,81.897816,81.516895,81.992422,81.262797,81.546224,81.373555,81.674527,82.020978,82.86724,79.393819,89.135986,87.341329,94.61882,88.411636,90.880333,93.354648,86.920018,80.064298,78.986479,80.129829,73.571051,78.233604,74.295302,72.696778,73.772128,76.71341,78.490592,78.386288,74.413639,71.829882,68.937789,64.46071,67.592401,68.392929,68.286348,67.854072,62.729477,71.623172,69.808072,68.345927,66.451858,79.914554,78.46518,75.152936,71.563316,82.064352,84.42644,84.790158,79.09121,81.201979,80.451062,79.696145,75.028062,82.109095,77.483906,77.64631,77.065975,83.921608,80.143566,80.639151,80.858704,82.898557,80.694279,81.320206,81.845749,83.619154,83.098076,81.489413,82.203234,81.689104,85.916108,79.652958,82.215736,75.484695,80.950301,77.254005,79.175424,77.185651,84.3528,84.513699
收益质量,经营活动净现金/归属母公司的净利润,,,,,,,,,,,,,,2.835831,1.496475,0.831308,-1.607154,2.691893,0.688129,-1.626164,-4.63998,2.018864,1.601415,1.687411,,7.098283,0.496352,-1.81367,-10.113379,0.440917,0.459919,0.859007,2.048272,0.578803,-0.629041,-0.722209,-0.270211,0.214313,523.125993,274.990182,422.163827,,,,5.117405,-6.359358,-9.192826,-11.99971,-21.174845,4.018398,0.728689,-0.945117,-2.633607,4.103869,1.86083,0.932097,-0.26356,0.214412,0.579312,0.317867,-0.994282,0.987087,0.34142,-1.061809,-4.425468,1.27529,3.641326,5.328818,2.35882,3.755328,1.585242,6.631308,9.889406,1.46609,-1.624547,-2.153177,-25.724566,1.330932,-0.758418,2.143095,-0.295447,12.938142,13.869822,5.880333,-2.074463,-5.041291,-12.714119,-18.575426,-30.799242,-0.83344,-10.959085,-3.918519,-29.572246,-2.578555,,1.481696,,1.731944,0.019842,-0.806141,-2.380161,1.424993,,-1.811187,,,,
收益质量,所得税/利润总额,,,,,,,,,,,,,,7.629129,11.328997,14.566613,17.438398,-9.247606,9.772167,13.756206,22.354479,13.378546,14.794402,14.810366,,9.848803,17.541944,19.13583,33.321292,6.334797,14.799067,12.605202,19.872418,11.690841,15.026513,12.311645,19.25767,13.352364,1240.922249,,,,,,11.985201,14.242376,14.381637,17.998507,13.506817,26.597473,31.325295,27.327485,8.461941,22.027555,16.021792,19.733897,17.223242,13.570272,10.507844,15.078485,10.316272,8.367114,8.247314,8.946338,11.801853,11.422909,11.617483,10.90646,6.480797,15.589041,8.186042,22.079685,17.3415,19.774327,5.2608,5.085985,10.374865,34.450856,20.966397,32.089316,30.240666,40.324762,28.780434,28.605881,32.184196,18.757928,12.935216,17.559391,16.066254,33.592688,8.000913,,16.235653,7.229829,31.394215,30.8088,44.890891,9.769332,13.247563,10.941113,21.159705,9.099471,11.261374,10.488019,16.767885,6.258524,6.872515,30.237149
财务风险,流动比率,1.629175,1.626864,1.633687,1.791392,1.876937,1.905544,1.778563,1.686518,1.603657,1.539566,1.736932,1.684022,1.728319,1.685778,1.908207,1.695377,1.715441,1.66747,1.723153,1.852027,1.872534,1.73456,1.879451,1.697576,1.735762,1.722508,1.64439,1.624098,1.707216,1.715923,1.680443,1.652925,1.653452,1.57696,1.576443,1.570765,1.701962,1.744674,1.066044,1.080624,1.04458,1.05365,1.123419,1.048098,1.180937,1.201343,1.343915,1.380717,1.417032,1.41297,1.389305,1.346368,1.318658,1.195641,1.124876,1.132511,1.101631,1.101098,1.197709,1.209895,1.338005,1.291353,1.352612,1.200477,1.218322,1.208098,1.381192,1.44617,1.549473,1.457939,1.453866,1.492672,1.317772,1.306605,1.291621,1.361549,1.278943,1.185411,1.253205,1.189164,1.167472,1.163558,1.158771,1.169525,1.200341,1.167425,1.186327,1.172829,1.203728,1.223159,1.213911,1.315315,1.333145,1.448632,1.246728,1.241074,1.304263,1.308105,1.392362,1.574428,1.342601,1.254227,1.58253,1.572382,1.782489,1.148692,1.109347,1.17697
财务风险,速动比率,1.286328,1.317366,1.328753,1.459861,1.522061,1.579045,1.507068,1.389748,1.316682,1.282568,1.408251,1.371648,1.405044,1.394834,1.519325,1.315156,1.324007,1.299002,1.350016,1.445116,1.453428,1.396521,1.510019,1.387059,1.434618,1.449459,1.359746,1.379724,1.43819,1.469023,1.427171,1.432432,1.447148,1.389233,1.341923,1.329309,1.407368,1.454702,0.553402,0.538602,0.529736,0.53333,0.588075,0.515037,0.477808,0.470711,0.57228,0.628058,0.775638,0.811935,0.693404,0.672443,0.718539,0.693801,0.604228,0.640004,0.662658,0.618686,0.685718,0.740696,0.771771,0.723346,0.784363,0.566337,0.580875,0.664472,0.874592,0.897763,0.854266,0.841849,0.798134,0.922025,0.649408,0.62416,0.607209,0.697507,0.584347,0.559487,0.676205,0.596921,0.558087,0.562003,0.591213,0.571884,0.551387,0.527542,0.520004,0.608731,0.56569,0.576655,0.576775,0.643326,0.837976,0.889423,0.746533,0.754799,0.815184,0.893879,1.067686,1.143818,0.928411,0.890749,1.30342,1.426631,1.643558,0.986035,0.812001,0.930815
财务风险,保守速动比率,1.021238,1.105299,1.062614,1.175901,1.236522,1.314196,1.198244,1.083575,1.019091,1.004017,1.154318,1.067342,1.067965,1.083954,1.254166,1.091184,1.080209,1.085769,1.089759,1.205037,1.320551,1.180303,1.315543,1.201438,1.221846,1.26302,0.938696,0.971643,0.902871,0.963417,0.923977,0.925254,0.890187,0.811219,0.742899,0.784792,1.224939,1.166621,0.311539,0.358748,0.402016,0.343444,0.416985,0.37681,0.401158,0.40356,0.396696,0.467207,0.422341,0.672093,0.44042,0.446388,0.534827,0.523109,0.345029,0.397058,0.444394,0.436212,0.456389,0.51348,0.54182,0.52419,0.53329,0.405491,0.43045,0.575763,0.716454,0.738479,0.634821,0.678471,0.523038,0.402082,0.425476,0.45916,0.322448,0.40986,0.279057,0.350271,0.376072,0.351048,0.340969,0.361447,0.270726,0.296335,0.26786,0.290091,0.194655,0.30004,0.385525,0.372875,0.351479,0.42178,0.42582,0.515965,0.44876,0.4698,0.561859,0.656168,0.512758,0.5586,0.344661,0.403115,0.299656,0.378842,0.976273,0.383753,0.335292,0.341835
财务风险,资产负债率,44.236355,44.612935,44.489318,48.990086,47.928355,48.15747,47.947397,46.83526,46.132717,46.560435,42.772482,42.888057,41.67506,43.689593,45.972633,46.99785,48.564491,49.896516,49.162236,48.60437,48.013833,47.922187,42.213624,46.936696,45.810128,46.076917,47.305066,48.122889,48.754052,48.812453,49.56615,50.992852,50.025478,51.71851,52.838154,53.888152,53.040074,53.007982,80.063223,80.709403,80.999814,80.598702,81.024625,80.635169,62.60951,62.232357,64.657894,64.590761,62.825606,63.534991,61.422658,60.436525,62.399407,63.953299,63.081266,64.734876,68.102678,68.453808,68.786966,67.162993,62.293775,61.501984,62.118229,60.286492,60.383493,64.24881,62.717204,61.026498,58.945617,62.372623,64.732105,68.540921,66.876126,70.836975,72.501606,71.556676,70.66233,71.279533,72.223,72.64562,72.466935,71.924219,71.30906,70.357653,69.445085,69.991308,71.044848,69.984258,68.952287,66.725885,68.389947,64.867039,62.063743,56.465935,61.394022,57.322426,51.068444,52.396814,51.849123,43.938555,55.28165,55.744668,49.253948,48.962786,50.210902,67.218751,74.420407,75.412856
财务风险,权益乘数,2.041446,2.047686,2.045531,2.063996,2.042413,2.032673,2.044991,2.025416,2.011814,1.952288,1.879154,1.881945,1.86065,2.035272,2.089643,2.129071,2.158146,2.124095,2.104341,2.084084,2.067255,2.030587,1.926664,2.010464,1.991242,2.044921,2.066012,2.081401,2.092386,2.125941,2.141577,2.160934,2.121439,2.163603,2.178434,2.203522,2.200901,2.138483,3.438994,3.596817,3.654065,4.446081,4.589973,4.527524,3.693925,3.762238,3.90206,3.894935,3.795787,3.890232,3.784344,3.751835,3.852781,4.26034,4.223173,4.329576,4.549508,4.177409,4.21679,4.10559,3.795847,3.569355,3.592304,3.369098,3.309109,3.268961,3.171501,3.098731,3.002791,3.405879,3.476211,3.664211,3.545701,3.683813,3.813415,3.750797,3.616166,3.827843,3.933374,3.96881,4.008755,3.866838,3.831022,3.775589,3.721966,3.570267,3.644088,3.580508,3.48431,2.997176,3.112421,2.92396,2.801906,2.495773,2.657365,2.516082,2.347528,2.192321,2.163855,2.111023,2.344504,2.139366,1.983601,2.298381,2.314941,3.454266,3.99307,4.067166
财务风险,权益乘数(含少数股权的净资产),1.793283,1.805475,1.801455,1.960403,1.920431,1.928918,1.921133,1.880945,1.856414,1.871272,1.747411,1.750947,1.714532,1.77587,1.850913,1.886715,1.944182,1.995869,1.967041,1.94569,1.923588,1.920203,1.730511,1.884541,1.845363,1.854493,1.897715,1.927632,1.951373,1.9536,1.982795,2.040518,2.001019,2.071187,2.120358,2.16864,2.129475,2.128021,5.015856,5.183872,5.263106,5.154294,5.269988,5.164,2.674476,2.647769,2.829486,2.824121,2.690023,2.742355,2.592195,2.527583,2.659532,2.774179,2.708651,2.835662,3.135059,3.169954,3.203789,3.045344,2.652081,2.597536,2.639792,2.518034,2.5242,2.797109,2.682202,2.565845,2.435793,2.657639,2.83544,3.178732,3.01897,3.428999,3.636576,3.515763,3.408587,3.481837,3.6001,3.655721,3.631996,3.561788,3.48542,3.373552,3.272795,3.332367,3.453616,3.331585,3.220849,3.005339,3.16355,2.846329,2.636,2.297051,2.590272,2.343151,2.04367,2.100699,2.076805,1.783757,2.236218,2.259614,1.970596,1.959354,2.008471,435.393512,3.909366,4.067166
财务风险,产权比率,89.960992,91.418744,90.971263,101.999854,97.702247,98.543383,99.284004,95.121362,92.431129,94.049249,79.791142,80.24886,76.207459,82.684747,91.927417,97.565043,103.597939,108.935819,105.400109,102.272051,99.429536,98.89445,78.513249,95.017458,90.993375,91.974897,96.406794,99.540751,101.91225,102.23498,105.302007,110.280901,104.247171,111.669107,115.633122,120.641511,118.455726,114.933792,440.136444,475.099231,488.669515,480.198201,518.235884,501.088895,231.921884,229.233555,256.007948,254.85437,235.570829,242.834673,221.864812,214.291687,233.746378,253.308123,244.84565,264.069295,306.735426,314.622566,322.17671,300.066404,240.378143,229.39049,235.070257,201.543483,194.787434,218.12754,201.433609,187.357544,169.907998,195.152187,211.237718,246.477233,224.790232,264.682144,289.041955,276.880994,254.877638,262.978383,281.322958,288.035961,293.086971,285.732647,278.291962,266.794276,255.902582,263.124128,277.278988,264.544011,247.63837,225.300014,247.087894,210.137802,186.04568,147.114795,179.692153,151.794955,118.143279,124.798568,120.707947,87.754209,132.429573,127.722853,97.981886,96.832149,101.258241,206.499254,291.594256,306.716624
财务风险,现金比率,0.396673,0.413067,0.403675,0.424501,0.442816,0.45172,0.493133,0.350595,0.351865,0.322472,0.386032,0.365858,0.440643,0.455715,0.562258,0.450516,0.440814,0.435866,0.431688,0.484944,0.544587,0.529971,0.532049,0.594243,0.571479,0.558671,0.29122,0.352009,0.244914,0.30038,0.304437,0.345743,0.310254,0.288547,0.229041,0.327022,0.818598,0.80024,0.24636,0.235088,0.259242,0.190656,0.228478,0.192051,0.251017,0.30274,0.278741,0.319628,0.361951,0.606843,0.389919,0.374807,0.489186,0.451615,0.269477,0.322877,0.367729,0.343548,0.419547,0.462075,0.486521,0.463853,0.441907,0.349418,0.331864,0.456596,0.566755,0.616215,0.512486,0.497906,0.390083,0.284073,0.346397,0.316058,0.237743,0.346407,0.192508,0.26539,0.281981,0.281,0.260097,0.267883,0.204444,0.194413,0.140756,0.133491,0.100493,0.169366,0.221412,0.191958,0.244342,0.308649,0.280304,0.362422,0.321302,0.3003,0.313371,0.441806,0.337308,0.368101,0.268437,0.315809,0.247913,0.313467,0.904105,0.288194,0.286981,0.207602
营运能力,应收账款周转率,0.584433,2.680968,1.935641,1.2047,0.507207,2.920541,2.11453,1.357875,0.654289,3.156286,2.153484,1.391249,0.634714,3.322153,2.926261,1.907815,0.893133,3.82367,2.516661,1.53048,0.673861,3.192348,2.224025,1.411695,0.45453,3.156028,2.0626,1.309858,0.529745,3.26615,2.283458,1.428683,0.67447,4.05735,2.685058,1.710098,0.790068,3.048245,3.308545,1.735131,0.867598,6.147751,3.799165,2.445184,1.462004,10.374476,5.748578,3.752519,2.512506,12.687949,7.704801,4.438801,2.510297,12.285531,7.951957,5.038696,1.866361,9.282494,9.79255,5.628836,3.106496,9.54774,5.469311,4.325672,1.342049,6.776654,4.939138,3.696748,1.555849,9.712672,5.954415,3.004965,1.166125,10.006325,7.310861,5.863453,2.031304,10.794713,6.182658,4.579418,1.839381,8.1706,5.122335,2.99167,1.220615,6.85231,3.744686,2.392802,1.014124,6.279563,4.293185,2.92329,1.228186,6.226024,3.858864,2.437079,0.920676,7.721005,4.169292,10.719521,7.183648,17.64381,10.461609,19.657045,6.775513,18.282243,17.407358,14.254321
营运能力,应收账款周转天数,153.995152,134.279846,139.488639,149.414677,177.442213,123.264795,127.687945,132.559987,137.553686,114.058075,125.378222,129.380126,141.795962,108.363452,92.26791,94.348752,100.768774,94.150361,107.284985,117.610155,133.558697,112.769641,121.401478,127.506276,198.006658,114.067416,130.90274,137.419461,169.893009,110.221481,118.24171,125.99014,133.438029,88.727854,100.556469,105.257111,113.914116,118.100706,81.606848,103.738519,103.73464,58.557996,71.068233,73.614069,61.559317,34.700547,46.968134,47.967774,35.8208,28.373378,35.043082,40.551489,35.852322,29.302762,33.953905,35.723525,48.222165,38.782678,27.571979,31.978192,28.971542,37.705256,49.366364,41.612026,67.061601,53.123555,54.665398,48.691433,57.846214,37.064977,45.344503,59.900857,77.178654,35.977241,36.931354,30.69863,44.30651,33.349656,43.670535,39.306299,48.929491,44.060409,52.710328,60.167052,73.733268,52.537025,72.102167,75.225612,88.746482,57.328826,62.890361,61.574445,73.278767,57.821811,69.968764,73.858888,97.754251,46.62605,43.172791,33.583587,25.056906,20.403756,17.205764,18.314044,26.56625,19.691237,20.680909,25.255499
营运能力,存货周转率,0.817392,4.293968,3.135607,2.01124,0.832116,5.026261,3.706953,2.295774,1.073822,4.843556,3.170125,2.002793,0.835348,3.697301,3.178965,2.035864,0.911273,3.813002,2.604258,1.584997,0.709817,3.935314,2.984887,1.766997,0.672996,5.052147,3.104836,2.048825,0.798601,5.163406,3.584917,2.25029,1.102944,4.468068,2.80661,1.72344,0.681441,2.991904,1.664409,0.908244,0.530545,1.119624,0.814188,0.535626,0.221923,1.038175,0.614139,0.479994,0.186964,1.242622,0.608089,0.40143,0.202543,1.586508,1.064354,0.683341,0.255228,1.027889,0.586781,0.391758,0.213856,1.076871,0.714191,0.446985,0.15643,1.216778,1.014591,0.656253,0.243304,1.888607,0.964949,0.470757,0.140083,1.427031,0.797252,0.570219,0.208823,1.248354,0.775499,0.484197,0.189378,1.304505,0.708109,0.477583,0.204878,1.485146,0.594589,0.483515,0.217903,1.434395,0.704267,0.490433,0.28646,1.951765,1.126709,0.828486,0.387884,3.071232,1.767694,3.052745,1.233157,3.750468,2.288289,7.88565,2.956398,4.228337,4.818625,6.569413
营运能力,存货周转天数,110.106196,83.838524,86.107711,89.497017,108.15792,71.623807,72.836092,78.404899,83.812715,74.325554,85.170137,89.87446,107.739468,97.368315,84.93329,88.41452,98.762877,94.413793,103.676346,113.56484,126.793234,91.479341,90.455669,101.867743,133.730199,71.256823,86.961113,87.855213,112.697029,69.721416,75.315545,79.989689,81.599773,80.571731,96.201435,104.442235,132.072974,120.324712,162.219736,198.184623,169.636835,321.536493,331.61845,336.054828,405.545264,346.762312,439.639428,375.004623,481.37552,289.70981,444.013801,448.396047,444.34849,226.913382,253.674821,263.411485,352.62564,350.232066,460.137375,459.466709,420.843743,334.301835,378.049989,402.697372,575.33555,295.863255,266.11691,274.284176,369.907561,190.616612,279.807287,382.362291,642.472052,252.271994,338.663039,315.667885,430.986574,288.37956,348.16262,371.749022,475.23796,275.966681,381.297189,376.897192,439.284895,242.400386,454.095093,372.27379,413.026185,250.976804,383.376978,367.022448,314.179642,184.448369,239.63588,217.263623,232.027684,117.216801,101.827556,117.926649,145.966804,95.987995,78.661373,45.652542,60.884892,85.139838,74.710101,54.799412
营运能力,总资产周转率,0.105703,0.528205,0.380147,0.242462,0.09995,0.561129,0.395153,0.25182,0.117244,0.54629,0.386168,0.24289,0.104387,0.54912,0.498612,0.328903,0.148753,0.623888,0.429923,0.265675,0.115821,0.560186,0.421156,0.253703,0.082536,0.604115,0.396875,0.245368,0.101017,0.580698,0.411906,0.246964,0.116585,0.56259,0.389538,0.242315,0.10114,0.447593,0.423854,0.255961,0.134192,0.383166,0.271909,0.178899,0.078097,0.333602,0.198658,0.146805,0.054765,0.325696,0.176621,0.115969,0.056223,0.426879,0.275977,0.175608,0.06919,0.308317,0.186116,0.125389,0.068416,0.393116,0.266256,0.193566,0.074205,0.460481,0.347024,0.229681,0.093704,0.746504,0.411696,0.203925,0.07046,0.677984,0.382199,0.267704,0.109161,0.603521,0.355151,0.231145,0.09658,0.59916,0.334795,0.227309,0.101056,0.668136,0.299015,0.220802,0.103879,0.57144,0.292519,0.199168,0.093741,0.563115,0.348163,0.250202,0.107935,0.744112,0.35332,0.687143,0.291287,0.613341,0.235172,0.693997,0.265696,0.731818,0.866285,0.997
营运能力,总资产周转天数,851.439075,681.55233,710.250557,742.384021,900.442313,641.563434,683.278263,714.795289,767.624733,658.990147,699.176416,741.07409,862.168284,655.593889,541.503173,547.272891,605.027221,577.026302,628.017991,677.517964,777.059589,642.642802,641.091551,709.490052,1090.421595,595.91267,680.31345,733.59054,890.935508,619.942674,655.488177,728.849392,771.962976,639.896792,693.128499,742.831871,889.848996,804.301511,637.010489,703.230777,670.680681,939.540122,992.97803,1006.152438,1152.400897,1079.127948,1359.114389,1226.108946,1643.37935,1105.323398,1528.696108,1552.125614,1600.757671,843.328798,978.339732,1025.008667,1300.76399,1167.62763,1450.702814,1435.531356,1315.472777,915.758039,1014.059636,929.913847,1212.843684,781.789681,778.0421,783.693519,960.463587,482.2474,655.822454,882.674874,1277.31562,530.985241,706.436487,672.384327,824.466879,596.499067,760.238655,778.7299,931.8619,600.840199,806.461306,791.870177,890.594258,538.812422,902.9629,815.209559,866.392443,629.987231,923.01668,903.758485,960.086739,639.301019,775.496609,719.416048,833.831879,483.797767,509.452177,523.907723,617.946231,586.948978,765.395568,518.733994,677.463821,491.925008,415.567469,361.08299
营运能力,流动资产周转率,0.184368,0.908367,0.648525,0.413806,0.170992,0.974203,0.675945,0.44986,0.209013,0.936132,0.657044,0.412649,0.176146,0.893841,0.79156,0.532989,0.239428,0.98813,0.677188,0.419793,0.184822,0.867712,0.657177,0.38355,0.126592,0.900784,0.586319,0.359007,0.146999,0.832287,0.589109,0.349586,0.164812,0.782263,0.541118,0.336031,0.139542,0.62834,0.690094,0.406406,0.215957,0.698578,0.483321,0.319686,0.153621,0.670594,0.391935,0.292272,0.111557,0.671209,0.375043,0.25205,0.119879,0.887459,0.609035,0.380631,0.143465,0.628044,0.368382,0.24977,0.13642,0.70076,0.455121,0.320738,0.120973,0.743896,0.571669,0.384836,0.159289,1.127084,0.599182,0.28291,0.100864,0.912964,0.499538,0.340381,0.141409,0.803401,0.470021,0.308181,0.131137,0.844499,0.473016,0.325564,0.144711,0.953477,0.405836,0.301384,0.14265,0.811338,0.409457,0.276194,0.132306,0.826278,0.495374,0.363333,0.162812,1.118705,0.51619,1.073555,0.44992,1.012163,0.386193,1.149542,0.367986,1.142082,1.36482,1.626404
营运能力,流动资产周转天数,488.15365,396.315582,416.328986,434.985499,526.338435,369.532626,399.440707,400.124286,430.594387,384.560843,410.930981,436.206024,510.937422,402.755858,341.098442,337.717856,375.894399,364.324495,398.70712,428.782637,486.95324,414.883835,410.847689,469.299192,710.944512,399.651595,460.499805,501.382935,612.247565,432.54286,458.318708,514.894706,546.076526,460.203007,498.966676,535.664292,644.965345,572.937794,391.250685,442.906145,416.748229,515.332462,558.633802,563.052057,585.854683,536.836738,688.888742,615.86288,806.76119,536.345363,719.917314,714.143797,750.751089,405.652115,443.323986,472.898312,627.326816,573.207511,732.933659,720.662354,659.723389,513.72758,593.248571,561.205555,743.965457,483.938036,472.300838,467.731008,565.010234,319.408248,450.614056,636.243408,892.288179,394.319813,540.498605,528.818149,636.447469,448.094698,574.442254,584.070943,686.300829,426.288168,570.804957,552.886619,621.928593,377.565274,665.292661,597.244148,630.913215,443.711361,659.409288,651.715657,680.237354,435.688265,545.04201,495.412207,552.784705,321.800652,348.708542,335.334398,400.070279,355.673815,466.087473,313.167993,489.148873,315.213748,263.771037,221.347155
营运能力,应付账款周转率,1.362702,5.600376,4.270512,2.683943,1.221831,5.621509,4.248007,2.702738,1.385522,5.642376,4.77037,2.789196,1.293309,5.67145,6.160076,4.266645,2.040188,7.907987,5.84639,4.331852,1.870339,7.750352,7.022426,4.280528,1.501036,10.121594,7.835217,4.84805,,9.519087,,4.077047,1.950056,6.165226,4.230025,2.828402,1.262841,6.324574,8.260768,4.548609,4.157668,3.103509,2.183064,1.313452,0.864592,5.378694,3.654989,2.760657,0.881555,3.985697,2.910664,1.77865,0.62546,7.469596,10.814196,6.794609,2.047335,14.617265,10.917737,6.681076,3.466758,7.119653,4.922584,3.755939,1.442237,6.41668,3.444047,1.85931,0.851736,5.98128,3.009595,0.681351,-0.121587,7.750396,7.226674,4.91661,1.827427,7.2829,3.342482,2.881995,1.144376,6.188755,3.693052,2.324063,1.069262,5.09859,3.084001,1.711203,0.912189,5.513189,5.189792,3.465791,1.130571,6.444901,4.054875,2.380173,1.334264,9.182607,5.352735,13.655885,9.534858,19.862163,8.108595,12.02941,4.662067,4.658953,7.277086,12.247097
