选项,指标,20251231,20250930,20250630,20250331,20241231,20240930,20240630,20240331,20231231,20230930,20230630,20230331,20221231,20220930,20220630,20220331,20211231,20210930,20210630,20210331,20201231,20200930,20200630,20200331,20191231,20190930,20190630,20190331,20181231,20180930,20180630,20180331,20171231,20170930,20170630,20170331,20161231,20160930,20160630,20160331,20151231,20150930,20150630,20150331,20141231,20140930,20140630,20140331,20131231,20130930,20130630,20130331,20121231,20120930,20111231,20101231,20091231
常用指标,归母净利润,1600904035.19,1113778853.42,636597878.46,262693988.46,1155577730.06,827837914.68,488027575.54,196750299.59,721797065.72,588424865.93,336483029.65,98152660.23,466116291.53,346709290.08,188994708.86,68155696.52,377459238.17,288566239.97,210704706.57,58994121.27,527602347.02,400710950.81,258546937.97,97650811.12,455441914.74,370678360.95,216273767.84,86613921.2,274066793.07,201830914.55,115077409.67,42179061.29,209177293.01,155569516.02,101823504.07,52023692.93,219483572.95,193550499.95,140204533.66,66884373.43,342143811.79,328920087.72,234037746.51,125877650.34,563959403.81,400344757.0,251970606.15,130039632.34,471532258.04,353726833.76,212932306.72,108805909.33,291555170.53,211839000.0,188213048.95,105754920.94,290284594.56
常用指标,营业总收入,7767736146.73,5603131509.95,3404288234.56,1555897420.93,6237746809.94,4455314241.74,2837963786.72,1359630107.92,5544461501.44,4239559516.46,2422657696.48,1091695749.64,4059217042.09,2953628394.67,1867025308.61,931742095.79,3961742815.24,2902298549.95,1927593247.27,776166701.15,3632231615.17,2706552626.93,1698193924.3,700859591.25,3056636849.1,2211325471.92,1368151728.12,616173476.01,2780896901.12,2072063763.5,1388789088.41,594911977.0,2395169023.57,1743512860.43,1169714935.06,521579606.13,2045455489.83,1501869643.86,1072214247.73,500251768.19,2149882618.34,1687289541.48,1238217977.32,499335286.78,2734278822.59,1933796590.06,1247164710.33,601475946.87,2458060288.43,1800716275.64,1186571184.36,518577583.64,2198251817.5,,1916750366.2,1104510349.28,1528297542.32
常用指标,营业成本,5743552987.82,4203722923.33,2622529147.6,1225888498.89,4722878168.33,3424972615.81,2232565162.77,1124680224.63,4609358282.18,3449767063.21,1993334587.17,978259293.64,3471044340.28,2509449991.14,1623330306.33,849808623.69,3477175092.7,2546594596.85,1676242892.54,701958044.92,3018243553.18,2265369237.57,1412882192.45,595256759.18,2532687273.97,1782544167.64,1121131550.71,516903191.51,2400122158.5,1836073708.63,1244897850.69,555899325.53,2173232638.23,1584000639.0,1054859893.66,467889590.18,1820379795.98,1297112240.17,922140899.85,430381518.51,1816887293.65,1390850376.13,989277468.25,361209400.01,2077882410.91,1470906765.14,939630956.98,452422177.4,1899748849.44,1383318724.27,937947408.67,384331263.64,1838999781.66,,1676361874.33,970065086.66,1195171057.02
常用指标,净利润,1620690398.22,1126187623.19,644143750.88,265346631.68,1165592317.43,835008492.26,494089564.44,199394203.24,734160051.44,594191071.67,341006346.01,98496304.74,474310970.04,352398684.67,192983028.2,69724525.13,379722096.62,293770506.3,214862466.57,60386923.09,533768780.39,406090056.42,262449790.26,98384948.32,458444602.41,373095784.55,217446986.08,87487253.15,271506319.49,200719367.75,114611518.93,40850982.82,202645204.36,151678167.4,99994293.24,50707080.77,211630808.82,185686695.34,134444091.47,64636781.37,344052698.82,328777198.84,233311164.14,124817269.79,572113132.76,407609983.69,256906072.74,132523994.82,475847806.35,357202253.97,215182619.42,109851227.34,293706634.47,213631300.0,204447500.45,113175038.97,291523995.9
常用指标,扣非净利润,1577255072.19,1088561358.43,615262158.49,245339008.85,1140301149.31,816420010.09,483046786.15,193563393.28,744184939.27,629659710.7,351544181.71,101045547.9,443370883.53,339925065.04,188698631.89,72185803.42,387736977.01,273540256.13,201300137.27,56698302.49,495231727.53,373398745.52,234168010.21,90143474.74,420545261.49,336783083.71,186001004.57,71969314.12,258660580.98,181376126.77,107600797.11,33021664.33,178883439.91,129695634.57,94411967.47,47616273.71,195308353.24,178015578.18,132947254.85,61358002.6,285534451.36,264746089.51,213107032.01,119053228.69,539816998.82,388240771.81,247424780.73,125469087.78,453824328.73,335797900.0,200165724.1,108294215.84,284548789.51,210777900.0,179995507.64,85847807.34,269420960.23
常用指标,股东权益合计(净资产),4667682091.86,4282719518.88,4220653206.51,4697416502.24,4415986753.3,4024057259.71,3954981873.73,4040590722.46,3823679792.42,3669462393.01,3419134546.71,3425140427.67,3321896962.04,3202326787.61,3019411445.84,3060454277.62,2982537383.28,2879593099.71,2797028001.44,2967168389.5,2905393033.16,2807287384.54,2663057346.04,2783329828.44,2669934729.73,2580511204.52,2417071456.1,2818402057.31,2773192527.67,2705193545.48,2607816590.46,2636130139.84,2601674695.49,2548168437.55,2498185159.78,2571940490.37,2525221692.61,2496893726.56,2441044355.85,2548122650.97,2489472274.17,2504778429.03,2387278543.13,2583514707.4,2451569103.06,2292344223.8,2142965733.62,2285296003.76,1309520865.36,1192238200.0,1296295924.36,,1097304425.13,,971977959.27,905752013.99,793378170.96
常用指标,商誉,,,,,,,,,,,,,,,,,,,,,,,,,,,,,,,,,,,,,,10142462.65,10142462.65,10142462.65,10142462.65,26571171.86,26571171.86,26571171.86,26571171.86,26571171.86,26571171.86,26571171.86,26571171.86,,26571171.86,,26571171.86,,26571171.86,,
常用指标,经营现金流量净额,2192839227.53,1673188877.61,912756049.31,325436576.41,1111577973.92,615834264.17,70814256.22,-103015204.72,637004797.59,462665838.72,172540664.28,22110691.14,562930516.54,448205491.37,333858324.65,168026156.85,691671482.55,320279106.92,219671965.62,-20289352.08,574820726.91,531266116.58,258566436.07,-44725509.67,77147718.16,-80406790.0,-126961781.8,-53137391.02,334694395.25,102783301.92,98830788.83,78070975.34,299781226.74,201537616.13,172731137.92,45826009.24,273095064.44,227314881.63,147374957.48,14734482.73,282171471.92,162399880.67,158899590.43,167222618.37,426446016.75,223093841.97,175414513.23,163385534.78,411969106.63,170680709.2,81857129.67,71158271.33,442670745.97,343153700.0,55254555.63,-28188268.36,373363814.14
常用指标,基本每股收益,2.1,1.44,0.83,0.34,1.52,1.09,0.64,0.26,0.96,0.79,0.45,0.13,0.62,0.46,0.25,0.09,0.5,0.38,0.28,0.08,0.7,0.53,0.34,0.13,0.61,0.49,0.29,0.12,0.37,0.27,0.15,0.06,0.28,0.21,0.14,0.07,0.29,0.26,0.19,0.09,0.46,0.44,0.31,0.17,0.75,0.54,0.34,0.18,0.67,0.51,0.3,0.16,0.42,,0.27,0.15,0.41
常用指标,每股净资产,5.980933,5.385164,5.35945,5.986139,5.624058,5.172082,5.086175,5.201388,4.919602,4.797099,4.46457,4.472646,4.340615,4.184333,3.942945,4.000967,3.907053,3.766319,3.657627,3.882834,3.802324,3.672566,3.482228,3.646816,3.496602,3.378151,3.16189,3.703079,3.643964,3.551366,3.42067,3.459571,3.411859,3.336997,3.267603,3.36526,3.301212,3.261995,3.184724,3.324335,3.243135,3.256415,3.101436,3.363376,3.186159,2.974702,2.778631,2.965468,1.787615,,1.771287,,1.473823,,1.286372,1.271024,1.121401
常用指标,每股现金流,2.82755,2.157488,1.187597,0.423429,1.446153,0.809405,0.093129,-0.135477,0.837735,0.61766,0.230342,0.029517,0.751513,0.598355,0.445701,0.224315,0.923383,0.427038,0.292895,-0.027052,0.766427,0.708354,0.344755,-0.059634,0.102863,-0.107209,-0.169282,-0.070849,0.446259,0.137044,0.131774,0.104094,0.39461,0.268716,0.230308,0.061101,0.364126,0.303086,0.196499,0.019645,0.376228,0.216533,0.211866,0.222963,0.568594,0.297458,0.233886,0.217847,0.588527,,0.116938,,0.632386,,0.078935,-0.040268,0.533376
常用指标,净资产收益率(ROE),34.45,25.54,13.66,5.89,28.66,21.17,12.83,5.11,20.65,16.98,9.8,2.97,15.09,11.33,6.23,2.3,13.06,9.97,7.09,2.05,19.28,14.61,9.38,3.65,17.17,13.68,7.68,3.13,10.35,7.67,4.39,1.64,8.31,6.2,4.04,2.08,9.0,7.83,5.6,2.72,14.17,13.58,9.58,5.13,25.72,19.0,12.16,6.39,40.3,30.42,18.75,9.94,29.36,,20.71,12.19,38.9
常用指标,总资产报酬率(ROA),20.499582,14.22552,8.749358,3.731409,17.506382,12.805984,7.643811,3.08733,11.86237,9.697317,5.545857,1.592194,8.778003,6.697452,3.635573,1.390141,8.007706,6.124025,4.567962,1.297131,12.451582,9.623225,6.113755,2.377792,11.269314,9.118055,5.195537,2.305299,7.845665,5.785155,3.389291,1.508123,6.514019,4.746215,3.154033,1.51335,6.706797,5.454517,4.227397,1.961097,10.812581,9.570508,6.782861,3.577037,19.970277,14.295804,9.715213,4.571927,20.978379,,10.069959,,15.408751,,12.774153,8.245024,20.738496
常用指标,毛利率,39.279347,36.928552,35.763486,35.377602,38.096899,36.715596,35.478258,33.30345,31.40025,30.938865,29.702043,28.644207,30.510857,28.038599,27.911723,27.365967,27.847699,26.917411,27.393869,24.390764,34.458678,34.79129,35.311733,35.27498,36.244012,35.812886,35.350421,36.356325,34.519227,32.665094,30.71554,29.797406,31.319404,31.30284,32.190397,32.04689,35.402978,35.159466,36.512398,38.483399,41.615535,40.427665,41.485482,47.510862,45.14835,44.132939,44.129978,41.815135,44.976094,45.738626,46.180921,45.347082,37.556042,36.448533,32.156408,37.268231,38.077994
常用指标,销售净利率,20.864385,20.099253,18.921539,17.054249,18.686111,18.741854,17.410002,14.665327,13.241322,14.015396,14.075713,9.022321,11.684789,11.931043,10.33639,7.483242,9.584723,10.121994,11.14667,7.780148,14.695339,15.003959,15.454641,14.037754,14.998333,16.872043,15.893484,14.198477,9.763264,9.68693,8.252622,6.866727,8.46058,8.699572,8.548603,9.721829,10.34639,12.363702,12.53892,12.92085,16.003324,19.485523,18.842495,24.996685,20.92373,21.078224,20.599209,22.033132,19.358671,19.836678,18.134825,21.18318,13.360918,13.023336,10.66636,10.246625,19.075081
常用指标,期间费用率,12.522761,11.271795,12.009413,13.221124,13.137511,12.899834,13.451054,15.471829,13.825646,11.642443,11.201043,17.237024,15.234703,12.266365,13.921356,17.499833,14.944457,14.019284,13.721597,14.097727,16.799828,17.823429,17.867984,19.188031,18.17953,15.493219,16.315338,19.006733,19.755332,20.165363,19.156308,22.707929,19.573859,19.778282,19.697036,20.611413,20.935979,20.015619,21.198273,24.429052,22.928845,21.81976,20.019186,19.8189,19.020467,19.051704,18.296653,16.647741,19.438866,,20.707951,16.864167,18.769364,,18.14303,22.915385,14.564791
常用指标,资产负债率,55.599293,58.050694,52.475924,46.031125,49.307686,50.075309,52.195779,48.622067,51.467485,52.242931,55.008082,52.294881,52.342441,49.769929,53.269882,46.111165,49.51499,50.88524,50.711473,46.973812,45.6883,45.445251,49.875128,45.269671,46.186932,45.186174,52.133885,40.69902,44.287635,44.116675,44.154932,42.315027,38.440955,41.051296,41.378593,36.112021,37.528472,37.990407,41.18539,37.245666,37.159938,38.22914,43.493546,38.10019,39.852802,44.690101,42.139612,40.395894,55.330298,,51.288817,,59.985543,,60.104884,49.238976,52.110286
每股指标,基本每股收益,2.1,1.44,0.83,0.34,1.52,1.09,0.64,0.26,0.96,0.79,0.45,0.13,0.62,0.46,0.25,0.09,0.5,0.38,0.28,0.08,0.7,0.53,0.34,0.13,0.61,0.49,0.29,0.12,0.37,0.27,0.15,0.06,0.28,0.21,0.14,0.07,0.29,0.26,0.19,0.09,0.46,0.44,0.31,0.17,0.75,0.54,0.34,0.18,0.67,0.51,0.3,0.16,0.42,,0.27,0.15,0.41
每股指标,稀释每股收益,,,,,,,,,,,,,,,,,,,,,,,,,,,,,,,,,,,,,,,,,,,,,,0.54,0.34,,0.67,0.51,0.3,,0.42,,0.27,0.15,0.41
每股指标,摊薄每股收益_最新股数,2.064928,1.436609,0.821116,0.338836,1.490523,1.067788,0.629483,0.253778,0.931011,0.75898,0.434013,0.126602,0.60122,0.447203,0.243775,0.08791,0.486866,0.372207,0.271777,0.076093,0.680528,0.516857,0.333487,0.125955,0.587452,0.47812,0.278961,0.111719,0.353505,0.260331,0.148432,0.054404,0.269807,0.200661,0.131337,0.067102,0.283101,0.249651,0.180843,0.08627,0.441314,0.424258,0.301873,0.162363,0.727424,0.516385,0.325004,0.167731,0.608206,0.456255,0.274651,0.140343,0.376062,0.27324,0.242766,0.136408,0.374424
每股指标,摊薄每股净资产_期末股数,5.980933,5.385164,5.35945,5.986139,5.624058,5.172082,5.086175,5.201388,4.919602,4.797099,4.46457,4.472646,4.340615,4.184333,3.942945,4.000967,3.907053,3.766319,3.657627,3.882834,3.802324,3.672566,3.482228,3.646816,3.496602,3.378151,3.16189,3.703079,3.643964,3.551366,3.42067,3.459571,3.411859,3.336997,3.267603,3.36526,3.301212,3.261995,3.184724,3.324335,3.243135,3.256415,3.101436,3.363376,3.186159,2.974702,2.778631,2.965468,1.787615,,1.771287,,1.473823,,1.286372,1.271024,1.121401
每股指标,调整每股净资产_期末股数,5.570961,4.965238,4.948537,5.58285,5.249278,4.765514,4.694271,4.804089,4.535637,4.384979,4.082319,4.098076,3.966716,3.797636,3.566048,3.637277,3.55499,3.423586,3.319445,3.542496,3.462506,3.380797,3.189538,3.353267,3.215633,3.101383,2.891207,3.419186,3.355396,3.280958,3.155579,3.192828,3.137984,3.056858,2.987544,3.087825,3.018893,2.968914,2.887077,3.046891,2.961618,2.982438,2.840062,3.116993,2.930996,2.74087,2.54954,2.744946,1.545881,,1.532396,,1.250053,,1.087184,1.143691,0.993729
每股指标,每股净资产_最新股数,5.982809,5.386854,5.31307,5.934335,5.575901,5.075781,4.988462,5.101462,4.825089,4.634856,4.313573,4.321377,4.19381,4.042814,3.80959,3.86565,3.774912,3.643494,3.538348,3.75621,3.678326,3.5528,3.368668,3.527889,3.382573,3.267985,3.058777,3.582317,3.52513,3.435552,3.309117,3.34675,3.300594,3.228173,3.161042,3.255515,3.193556,3.155617,3.080867,3.215924,3.137372,3.150219,3.000294,3.253692,3.082254,2.877693,2.688016,2.868761,1.61403,1.463645,1.599288,,1.330709,,1.16146,1.147603,1.012509
每股指标,每股经营现金流,2.82755,2.157488,1.187597,0.423429,1.446153,0.809405,0.093129,-0.135477,0.837735,0.61766,0.230342,0.029517,0.751513,0.598355,0.445701,0.224315,0.923383,0.427038,0.292895,-0.027052,0.766427,0.708354,0.344755,-0.059634,0.102863,-0.107209,-0.169282,-0.070849,0.446259,0.137044,0.131774,0.104094,0.39461,0.268716,0.230308,0.061101,0.364126,0.303086,0.196499,0.019645,0.376228,0.216533,0.211866,0.222963,0.568594,0.297458,0.233886,0.217847,0.588527,,0.116938,,0.632386,,0.078935,-0.040268,0.533376
每股指标,每股现金流量净额,1.177062,1.556333,0.367477,0.620401,0.369761,-0.081196,0.229348,-0.179742,0.457046,0.3432,0.37366,-0.073412,0.526364,0.045888,0.49822,-0.209717,0.067565,-0.048749,0.02513,0.082399,0.017424,-0.113488,0.237782,0.024514,-0.109198,-0.162342,0.47108,-0.079379,0.318381,0.213402,0.489432,0.628207,-0.129887,0.004025,0.34934,0.022008,0.001908,0.059554,0.35627,0.027781,0.062911,-0.054729,0.055932,0.052954,-0.142938,0.462546,0.168074,0.984206,0.128912,,-0.080068,,0.138354,,0.007655,-0.146315,0.201347
每股指标,每股企业自由现金流量,2.233468,,1.514452,,0.319446,,0.507624,,0.317807,,0.345875,,0.071155,,0.180278,,0.311013,,0.453265,,0.644191,,0.401586,,0.727715,,0.71527,,0.228395,,0.131314,,0.179847,,0.15977,,0.236433,,0.268159,,0.466642,,0.445057,,-0.761994,,-0.736193,,0.416318,,0.040721,,0.280504,,0.374576,0.006095,
每股指标,每股股东自由现金流量,2.712499,,1.655625,,0.401853,,0.714795,,0.533487,,0.532833,,0.271068,,0.579245,,0.557404,,0.393118,,0.451159,,0.382724,,0.918482,,0.959499,,0.458872,,0.357048,,0.274137,,0.325581,,0.315621,,0.501472,,0.244244,,0.389695,,-0.937563,,-0.903812,,0.336944,,-0.232471,,0.391572,,0.789987,-0.108404,
每股指标,每股未分配利润,3.178297,2.566463,2.55406,3.20757,2.865512,2.464036,2.398863,2.535799,2.277049,2.133428,1.797085,1.838914,1.707879,1.548471,1.337921,1.426601,1.335613,1.225112,1.132316,1.409522,1.336912,1.180846,1.00777,1.224949,1.094748,0.989932,0.798832,1.337491,1.222006,1.127981,1.026867,1.104113,1.047874,0.97529,0.908677,1.016894,0.950936,0.92188,0.859479,1.03305,0.94387,0.973957,0.856175,1.136557,0.96872,0.768339,0.587767,0.810025,0.674976,,0.687111,,0.415063,,0.265493,0.133225,-0.003353
每股指标,每股资本公积金,1.525441,1.573307,1.409705,1.390286,1.371324,1.273053,1.24751,1.225605,1.202156,1.100667,1.098317,1.095637,1.092296,1.088955,1.085128,1.081058,1.076989,1.045978,1.041914,1.064417,1.062699,1.060981,1.059263,1.069085,1.068357,1.076113,1.075832,1.075367,1.074495,1.073097,1.071699,1.070316,1.068945,1.067531,1.066117,1.064719,1.063319,1.061915,1.060511,1.059168,1.057477,1.055902,1.052261,1.052261,1.052261,1.052288,1.052199,1.05223,-0.000585,,-0.000525,,-0.000461,,-0.000672,0.120526,0.120526
每股指标,每股盈余公积金,0.500045,0.482937,0.487306,0.487306,0.487261,0.492254,0.492552,0.492552,0.492552,0.5,0.5,0.5,0.5,0.5,0.5,0.5,0.5,0.495014,0.483994,0.463933,0.457884,0.444761,0.428285,0.394108,0.394108,0.385906,0.371134,0.323207,0.323207,0.320917,0.30636,0.291916,0.291916,0.293023,0.287975,0.273358,0.269951,0.26443,0.255703,0.234372,0.234372,0.222235,0.213507,0.188912,0.188912,0.17114,0.153879,0.125708,0.134687,,0.104124,,0.074343,,0.034406,0.014499,
每股指标,每股留存收益,3.678342,3.049401,3.041367,3.694876,3.352773,2.956291,2.891415,3.028351,2.769602,2.633428,2.297085,2.338914,2.207879,2.048471,1.837921,1.926601,1.835613,1.720126,1.616311,1.873455,1.794796,1.625608,1.436056,1.619058,1.488857,1.375839,1.169966,1.660698,1.545213,1.448899,1.333227,1.39603,1.339791,1.268314,1.196652,1.290253,1.220888,1.18631,1.115182,1.267422,1.178243,1.196192,1.069682,1.325469,1.157632,0.939479,0.741647,0.935734,0.809664,,0.791235,,0.489407,,0.2999,0.147725,-0.003353
每股指标,每股营业收入,10.016085,7.224942,4.429358,2.024395,8.115256,5.855724,3.732254,1.788072,7.291615,5.659824,3.234255,1.457417,5.419066,3.943102,2.492484,1.243878,5.288938,3.869731,2.570124,1.034888,4.842975,3.608736,2.264258,0.934479,4.075515,2.948433,1.824202,0.821564,3.707862,2.762751,1.851718,0.793215,3.193558,2.324683,1.559619,0.695439,2.727273,2.002492,1.429618,0.667002,2.86651,2.249719,1.650957,0.66578,3.645705,2.578395,1.662886,0.801967,3.511514,,1.695101,,3.140359,,2.738214,1.577871,2.183282
每股指标,每股营业总收入,10.016085,7.224942,4.429358,2.024395,8.115256,5.855724,3.732254,1.788072,7.291615,5.659824,3.234255,1.457417,5.419066,3.943102,2.492484,1.243878,5.288938,3.869731,2.570124,1.034888,4.842975,3.608736,2.264258,0.934479,4.075515,2.948433,1.824202,0.821564,3.707862,2.762751,1.851718,0.793215,3.193558,2.324683,1.559619,0.695439,2.727273,2.002492,1.429618,0.667002,2.86651,2.249719,1.650957,0.66578,3.645705,2.578395,1.662886,0.801967,3.511514,,1.695101,,3.140359,,2.738214,1.577871,2.183282
每股指标,每股息税前利润,2.54075,1.73531,1.001351,0.422754,1.889234,1.34135,0.811834,0.319599,1.158247,0.948546,0.539354,0.150386,0.754571,0.549122,0.300168,0.107517,0.601717,0.457769,0.335723,0.094648,0.855919,0.648433,0.418765,0.159265,0.746719,0.588751,0.347316,0.149543,0.48141,0.349697,0.201008,0.088438,0.359074,0.264676,0.174602,0.081397,0.357865,0.290479,0.228617,0.10488,0.579377,0.518779,0.375351,0.196728,0.932946,0.674391,0.429752,0.206214,0.850151,,0.388638,,0.56997,,0.385111,0.202652,0.490814
盈利能力,净资产收益率(ROE),34.45,25.54,13.66,5.89,28.66,21.17,12.83,5.11,20.65,16.98,9.8,2.97,15.09,11.33,6.23,2.3,13.06,9.97,7.09,2.05,19.28,14.61,9.38,3.65,17.17,13.68,7.68,3.13,10.35,7.67,4.39,1.64,8.31,6.2,4.04,2.08,9.0,7.83,5.6,2.72,14.17,13.58,9.58,5.13,25.72,19.0,12.16,6.39,40.3,30.42,18.75,9.94,29.36,,20.71,12.19,38.9
盈利能力,摊薄净资产收益率,34.514365,26.668804,15.454658,5.709759,26.73153,21.036922,12.618782,4.974626,19.295209,16.375497,10.061569,2.929676,14.335908,11.061689,6.398984,2.274151,12.897424,10.215676,7.680924,2.025809,18.501044,14.547897,9.899673,3.570266,17.367028,14.630423,9.120019,3.118627,10.028155,7.577586,4.485569,1.625598,8.174517,6.215948,4.15487,2.061205,8.864764,7.911334,5.869875,2.682616,14.06638,13.467572,10.061478,4.99013,23.600385,17.944419,12.090874,5.846839,37.682471,31.172508,17.173326,,28.260338,,20.901863,11.886351,36.979814
盈利能力,净资产收益率_平均,35.729394,26.208912,15.081623,5.887563,28.661188,21.569579,12.828855,5.113128,20.645779,17.193553,10.203211,2.973566,15.089516,11.440757,6.428243,2.301158,13.06456,10.167078,7.531941,2.047031,19.275978,14.90497,9.879283,3.645343,17.008619,14.076607,8.474028,3.143719,10.358036,7.729401,4.491353,1.636886,8.309251,6.249456,4.133611,2.081008,8.943434,7.93427,5.816535,2.715784,14.191035,13.614436,9.925903,5.125153,30.978696,22.992746,15.109304,7.483365,41.308005,32.655486,18.747527,,30.179558,,21.027301,12.629726,36.979814
盈利能力,净资产收益率_平均_扣除非经常损益,35.20159,25.615506,14.576159,5.498599,28.282291,21.272082,12.697924,5.030307,21.286146,18.39842,10.659912,3.061207,14.353182,11.21689,6.418172,2.437228,13.420292,9.637667,7.195761,1.967369,18.093316,13.889057,8.947745,3.365091,15.705393,12.789425,7.287882,2.612182,9.775776,6.946056,4.199549,1.281505,7.105874,5.210064,3.832733,1.904706,7.958351,7.297443,5.515459,2.49139,11.843059,10.958189,9.038199,4.847294,29.652536,22.297585,14.836716,7.220344,39.756724,31.000319,17.623499,,29.454311,,20.109232,10.25233,34.321962
盈利能力,摊薄净资产收益率_扣除非经常损益,34.00451,26.064985,14.936692,5.332542,26.378143,20.746771,12.489995,4.894048,19.893685,17.523037,10.51193,3.016024,13.636349,10.845239,6.38896,2.408623,13.248604,9.683734,7.338094,1.946972,17.365928,13.556321,8.966212,3.295786,16.03634,13.292599,7.843451,2.591332,9.464439,6.809626,4.194141,1.272668,6.990652,5.182129,3.852445,1.886581,7.888347,7.276347,5.566038,2.460963,11.739028,10.839979,9.161649,4.719592,22.590082,17.401889,11.872742,5.641338,36.267343,29.592507,16.143681,,27.581212,,19.98927,9.648886,
盈利能力,息税前利润率,25.366698,24.018334,22.607155,20.882987,23.280038,22.906649,21.751856,17.873969,15.884647,16.759285,16.676306,10.318723,13.924376,13.926157,12.042941,8.64377,11.376904,11.829494,13.062537,9.145776,17.673431,17.968425,18.4946,17.043184,18.322084,19.968263,19.039356,18.202255,12.983498,12.657565,10.855239,11.149319,11.243715,11.385502,11.195172,11.704403,13.121734,14.50589,15.99152,15.724147,20.211953,23.05972,22.735398,29.548601,25.590291,26.155461,25.843758,25.713615,24.210391,,22.927158,26.909757,18.149833,,14.064323,12.843392,22.480571
盈利能力,总资产报酬率,20.499582,14.22552,8.749358,3.731409,17.506382,12.805984,7.643811,3.08733,11.86237,9.697317,5.545857,1.592194,8.778003,6.697452,3.635573,1.390141,8.007706,6.124025,4.567962,1.297131,12.451582,9.623225,6.113755,2.377792,11.269314,9.118055,5.195537,2.305299,7.845665,5.785155,3.389291,1.508123,6.514019,4.746215,3.154033,1.51335,6.706797,5.454517,4.227397,1.961097,10.812581,9.570508,6.782861,3.577037,19.970277,14.295804,9.715213,4.571927,20.978379,,10.069959,,15.408751,,12.774153,8.245024,20.738496
盈利能力,总资本回报率,33.196047,24.232759,14.028917,5.772969,27.835245,20.593413,12.280699,4.828546,19.333462,15.797159,9.263786,2.596636,14.167099,10.862263,5.75121,2.186898,12.474536,9.42281,7.384763,1.985149,18.587152,14.426278,9.190644,3.380073,16.3929,13.190796,7.88166,3.330437,11.180488,8.057956,4.784956,2.053484,9.041916,6.510116,4.445052,2.082565,9.417216,7.614452,5.977553,2.765064,15.219282,13.397776,9.843979,4.969682,29.053171,20.714791,14.257636,6.804439,32.634614,,15.543987,,24.371547,,19.629102,11.798766,28.87125
盈利能力,投入资本回报率,27.661137,20.541429,11.901737,4.804102,22.853677,17.318517,10.083398,4.060715,16.541731,13.602977,8.064383,2.414904,12.100936,9.465352,5.033165,1.947249,10.929891,8.162003,6.346579,1.729233,15.69119,12.239688,7.842968,2.899343,13.798919,11.393818,6.766148,2.674387,9.131076,6.750238,4.008189,1.805441,7.413116,5.505295,3.676622,1.847357,7.997528,6.36827,5.129173,2.429602,12.500825,11.360609,8.426905,4.183936,24.036553,16.909497,11.550879,5.743515,26.688531,24.592084,12.675752,,19.745611,,15.499013,9.541272,25.092252
盈利能力,息前税后总资产报酬率_平均,17.287456,12.18974,7.508494,3.135636,14.494062,10.85947,6.351219,2.629974,10.315973,8.429084,4.889914,1.485618,7.625064,5.928783,3.246156,1.264883,7.056364,5.397438,4.001206,1.155361,10.631179,8.271073,5.293234,2.054225,9.5465,7.925824,4.483599,1.869138,6.351897,4.82177,2.828615,0.928834,5.182592,3.626545,2.564728,1.257008,5.499492,4.649009,3.48539,1.611473,8.928745,8.087104,5.788939,3.026,16.754719,11.520736,8.019583,3.917531,17.308212,12.48051,8.295108,,12.567124,,10.855671,7.098752,17.596905
盈利能力,毛利率,39.279347,36.928552,35.763486,35.377602,38.096899,36.715596,35.478258,33.30345,31.40025,30.938865,29.702043,28.644207,30.510857,28.038599,27.911723,27.365967,27.847699,26.917411,27.393869,24.390764,34.458678,34.79129,35.311733,35.27498,36.244012,35.812886,35.350421,36.356325,34.519227,32.665094,30.71554,29.797406,31.319404,31.30284,32.190397,32.04689,35.402978,35.159466,36.512398,38.483399,41.615535,40.427665,41.485482,47.510862,45.14835,44.132939,44.129978,41.815135,44.976094,45.738626,46.180921,45.347082,37.556042,36.448533,32.156408,37.268231,38.077994
盈利能力,销售净利率,20.864385,20.099253,18.921539,17.054249,18.686111,18.741854,17.410002,14.665327,13.241322,14.015396,14.075713,9.022321,11.684789,11.931043,10.33639,7.483242,9.584723,10.121994,11.14667,7.780148,14.695339,15.003959,15.454641,14.037754,14.998333,16.872043,15.893484,14.198477,9.763264,9.68693,8.252622,6.866727,8.46058,8.699572,8.548603,9.721829,10.34639,12.363702,12.53892,12.92085,16.003324,19.485523,18.842495,24.996685,20.92373,21.078224,20.599209,22.033132,19.358671,19.836678,18.134825,21.18318,13.360918,13.023336,10.66636,10.246625,19.075081
盈利能力,成本费用利润率,33.913153,31.659178,29.021568,26.191664,30.239495,29.170957,27.045726,21.070358,18.576883,20.082388,19.691188,10.963669,15.950261,16.062818,13.517492,9.166461,12.556538,13.232218,14.789413,9.787127,20.984854,21.110726,21.726744,19.492761,21.723607,24.451444,22.852395,21.345728,14.354534,13.479681,11.36168,9.080464,12.190578,12.071244,12.159454,12.754734,14.857964,17.984953,18.120858,17.77614,24.011786,28.258619,28.235027,41.324461,33.902112,34.046567,33.855921,34.248792,31.686006,44.864963,29.755356,36.360753,20.573036,26.139648,14.861155,14.048557,28.680109
盈利能力,营业利润率,24.868626,23.557653,22.151824,20.391837,22.680433,22.22245,21.085414,17.29638,14.891773,16.213062,16.045819,9.710654,13.46613,13.478885,11.621859,8.252354,10.966237,11.507209,12.665009,8.620328,17.069842,17.308368,17.59473,15.802336,17.620403,19.261529,18.199965,17.069345,12.299196,11.757934,10.064898,8.467106,10.717013,10.779975,10.624633,11.156689,11.843772,14.515049,14.847179,14.896215,17.006809,19.244653,21.7958,29.383914,24.690256,24.914706,24.798497,25.111333,23.05566,23.791576,21.864907,25.497297,16.51338,16.303291,12.528694,12.172385,21.797227
盈利能力,总资产净利率_平均,16.655278,11.77317,7.237176,3.01682,13.931059,10.387675,6.04298,2.49952,9.721866,8.03094,4.618914,1.3873,7.23889,5.645312,3.055904,1.176419,6.706066,5.147238,3.822555,1.077996,10.233798,7.929127,5.032864,1.943873,9.164562,7.654317,4.313678,1.780273,5.955381,4.451941,2.587159,0.959031,5.059616,3.719585,2.452469,1.289646,5.484486,4.845894,3.456716,1.667508,8.513634,8.090618,5.638962,3.051707,16.09585,11.31539,7.594911,3.844091,16.622218,12.359077,7.881796,,11.259992,,8.918615,6.146713,17.522093
盈利能力,总资产净利率_平均(含少数股东损益),16.861129,11.904336,7.322961,3.047283,14.05179,10.477651,6.118042,2.533108,9.888383,8.109638,4.681006,1.392157,7.366155,5.73795,3.120392,1.203499,6.746268,5.240068,3.897984,1.103446,10.353407,8.035566,5.108837,1.958487,9.224984,7.704236,4.337079,1.798224,5.899743,4.427423,2.576685,0.928834,4.901617,3.626545,2.408411,1.257008,5.28826,4.649009,3.314694,1.611473,8.561134,8.087104,5.621455,3.026,16.328564,11.520736,7.743677,3.917531,16.774348,12.48051,7.965093,,11.343083,,9.687896,6.577987,17.596905
成长能力,归母净利润,1600904035.19,1113778853.42,636597878.46,262693988.46,1155577730.06,827837914.68,488027575.54,196750299.59,721797065.72,588424865.93,336483029.65,98152660.23,466116291.53,346709290.08,188994708.86,68155696.52,377459238.17,288566239.97,210704706.57,58994121.27,527602347.02,400710950.81,258546937.97,97650811.12,455441914.74,370678360.95,216273767.84,86613921.2,274066793.07,201830914.55,115077409.67,42179061.29,209177293.01,155569516.02,101823504.07,52023692.93,219483572.95,193550499.95,140204533.66,66884373.43,342143811.79,328920087.72,234037746.51,125877650.34,563959403.81,400344757.0,251970606.15,130039632.34,471532258.04,353726833.76,212932306.72,108805909.33,291555170.53,211839000.0,188213048.95,105754920.94,290284594.56
成长能力,营业总收入,7767736146.73,5603131509.95,3404288234.56,1555897420.93,6237746809.94,4455314241.74,2837963786.72,1359630107.92,5544461501.44,4239559516.46,2422657696.48,1091695749.64,4059217042.09,2953628394.67,1867025308.61,931742095.79,3961742815.24,2902298549.95,1927593247.27,776166701.15,3632231615.17,2706552626.93,1698193924.3,700859591.25,3056636849.1,2211325471.92,1368151728.12,616173476.01,2780896901.12,2072063763.5,1388789088.41,594911977.0,2395169023.57,1743512860.43,1169714935.06,521579606.13,2045455489.83,1501869643.86,1072214247.73,500251768.19,2149882618.34,1687289541.48,1238217977.32,499335286.78,2734278822.59,1933796590.06,1247164710.33,601475946.87,2458060288.43,1800716275.64,1186571184.36,518577583.64,2198251817.5,,1916750366.2,1104510349.28,1528297542.32
成长能力,净利润,1620690398.22,1126187623.19,644143750.88,265346631.68,1165592317.43,835008492.26,494089564.44,199394203.24,734160051.44,594191071.67,341006346.01,98496304.74,474310970.04,352398684.67,192983028.2,69724525.13,379722096.62,293770506.3,214862466.57,60386923.09,533768780.39,406090056.42,262449790.26,98384948.32,458444602.41,373095784.55,217446986.08,87487253.15,271506319.49,200719367.75,114611518.93,40850982.82,202645204.36,151678167.4,99994293.24,50707080.77,211630808.82,185686695.34,134444091.47,64636781.37,344052698.82,328777198.84,233311164.14,124817269.79,572113132.76,407609983.69,256906072.74,132523994.82,475847806.35,357202253.97,215182619.42,109851227.34,293706634.47,213631300.0,204447500.45,113175038.97,291523995.9
成长能力,扣非净利润,1577255072.19,1088561358.43,615262158.49,245339008.85,1140301149.31,816420010.09,483046786.15,193563393.28,744184939.27,629659710.7,351544181.71,101045547.9,443370883.53,339925065.04,188698631.89,72185803.42,387736977.01,273540256.13,201300137.27,56698302.49,495231727.53,373398745.52,234168010.21,90143474.74,420545261.49,336783083.71,186001004.57,71969314.12,258660580.98,181376126.77,107600797.11,33021664.33,178883439.91,129695634.57,94411967.47,47616273.71,195308353.24,178015578.18,132947254.85,61358002.6,285534451.36,264746089.51,213107032.01,119053228.69,539816998.82,388240771.81,247424780.73,125469087.78,453824328.73,335797900.0,200165724.1,108294215.84,284548789.51,210777900.0,179995507.64,85847807.34,269420960.23
成长能力,营业总收入增长率,24.527916,25.76288,19.955309,14.435346,12.504105,5.089083,17.142582,24.542951,36.589432,43.537336,29.760302,17.167159,2.460387,1.768592,-3.142153,20.044069,9.071866,7.232296,13.508429,10.744963,18.830983,22.395036,24.123215,13.743875,9.915504,6.720918,-1.485996,3.573889,16.104411,18.844191,18.728849,14.059669,17.097098,16.089493,9.093395,4.26342,-4.85734,-10.989216,-13.406664,0.18354,-21.372955,-12.74731,-0.717365,-16.981669,11.237256,7.390409,5.106606,15.98572,11.818867,9.774807,,,14.68639,,73.53847,-27.729364,
成长能力,归属母公司净利润增长率,38.537113,34.540691,30.443013,33.516436,60.097316,40.687105,45.037797,100.453354,54.85343,69.717075,78.038333,44.012408,23.487848,20.148944,-10.303518,15.529641,-28.457627,-27.986435,-18.504273,-39.586655,15.844047,8.102061,19.546138,12.742628,66.179167,83.657871,87.937639,105.348147,31.021292,29.736801,13.016548,-18.923361,-4.695695,-19.623294,-27.375027,-22.218464,-35.850491,-41.155767,-40.093196,-46.865568,-39.331836,-17.84079,-7.117044,-3.200548,19.601447,13.179074,18.333666,19.515229,61.730027,66.979073,,,54.90699,,77.97096,-63.568538,
收益质量,经营活动净现金/销售收入,0.2823,0.298616,0.268119,0.209163,0.178201,0.138224,0.024952,-0.075767,0.11489,0.10913,0.071219,0.020253,0.138679,0.151747,0.178818,0.180335,0.174587,0.110353,0.113961,-0.02614,0.158255,0.196288,0.152259,-0.063815,0.025239,-0.036361,-0.092798,-0.086237,0.120354,0.049604,0.071163,0.131231,0.123564,0.115592,0.147669,0.08786,0.133513,0.151354,0.137449,0.029454,0.131249,0.096248,0.128329,0.33489,0.155962,0.115365,0.14065,0.271641,0.167599,0.094784,0.068986,0.137218,0.201373,0.209192,0.028827,-0.025521,0.2443
收益质量,经营性现金净流量/营业总收入,0.2823,0.298616,0.268119,0.209163,0.178201,0.138224,0.024952,-0.075767,0.11489,0.10913,0.071219,0.020253,0.138679,0.151747,0.178818,0.180335,0.174587,0.110353,0.113961,-0.02614,0.158255,0.196288,0.152259,-0.063815,0.025239,-0.036361,-0.092798,-0.086237,0.120354,0.049604,0.071163,0.131231,0.123564,0.115592,0.147669,0.08786,0.133513,0.151354,0.137449,0.029454,0.131249,0.096248,0.128329,0.33489,0.155962,0.115365,0.14065,0.271641,0.167599,0.094784,0.068986,0.137218,0.201373,0.209192,0.028827,-0.025521,0.2443
收益质量,成本费用率,73.243414,74.343243,76.245926,77.843521,75.040612,76.184237,77.972795,82.168378,82.425395,80.703577,81.499,88.592816,84.723846,84.227766,86.009633,90.133866,87.096757,87.101872,86.327727,89.706963,82.341149,83.032138,82.55625,83.913051,81.935518,79.680333,80.964917,82.650407,85.236105,87.500268,88.440768,92.910523,88.254454,88.475441,87.506639,88.564522,85.533001,84.856153,84.685874,85.945653,81.313309,81.392095,78.533703,72.308037,73.872117,74.918765,74.166675,74.832605,74.462772,54.261373,74.527029,71.517084,81.213322,63.551466,85.986622,85.647154,76.486796
收益质量,期间费用率,12.522761,11.271795,12.009413,13.221124,13.137511,12.899834,13.451054,15.471829,13.825646,11.642443,11.201043,17.237024,15.234703,12.266365,13.921356,17.499833,14.944457,14.019284,13.721597,14.097727,16.799828,17.823429,17.867984,19.188031,18.17953,15.493219,16.315338,19.006733,19.755332,20.165363,19.156308,22.707929,19.573859,19.778282,19.697036,20.611413,20.935979,20.015619,21.198273,24.429052,22.928845,21.81976,20.019186,19.8189,19.020467,19.051704,18.296653,16.647741,19.438866,,20.707951,16.864167,18.769364,,18.14303,22.915385,14.564791
收益质量,销售成本率,60.720652,63.071447,64.236513,64.622397,61.9031,63.284403,64.521741,66.696549,68.599749,69.061134,70.297956,71.355792,69.489142,71.9614,72.088276,72.634032,72.1523,73.082588,72.60613,75.609235,65.541321,65.208709,64.688266,64.725019,63.755987,64.187113,64.649578,63.643674,65.480772,67.334905,69.284459,70.202593,68.680595,68.697159,67.809602,67.953109,64.597021,64.840533,63.487601,61.5166,58.384464,59.572334,58.514517,52.489137,54.851649,55.86706,55.870021,58.184864,55.023905,54.261373,53.819078,54.652917,62.443957,63.551466,67.843591,62.731768,61.922005
收益质量,经营活动净现金/归属母公司的净利润,1.36975,1.502263,1.433803,1.238842,0.961924,0.743906,0.145102,-0.523583,0.882526,0.786278,0.512776,0.225268,1.207704,1.292741,1.766495,2.465328,1.83244,1.109898,1.042558,-0.343921,1.089496,1.325808,1.000075,-0.458014,0.16939,-0.216917,-0.587041,-0.613497,1.221214,0.509254,0.85882,1.850941,1.414865,1.295482,1.696377,0.880868,1.244261,1.174447,1.051142,0.220297,0.824715,0.493736,0.678948,1.328453,0.756164,0.557254,0.69617,1.256428,0.873681,0.482521,0.384427,0.653992,1.518308,1.619879,0.293574,-0.266543,1.286199
收益质量,所得税/利润总额,16.002021,14.603752,14.489598,16.35364,17.652956,15.667156,17.442396,15.293816,13.523626,13.523674,12.290591,7.111088,13.533588,11.813647,11.095107,9.426716,12.358932,12.17747,12.694041,11.385155,14.95344,14.403409,13.838284,14.178764,15.73662,13.401173,14.100523,19.520403,20.203775,17.870886,17.870928,18.608917,21.360779,18.543989,19.658471,13.936939,18.586611,18.986779,18.290904,15.427397,18.035819,15.281375,15.024424,16.345628,16.452816,17.36385,17.963503,14.031346,17.951842,,18.222389,18.539232,20.033027,,16.529546,14.839896,13.044089
财务风险,流动比率,1.529697,1.457225,1.578121,1.792369,1.804847,1.604882,1.550328,1.64413,1.549818,1.5097,1.42896,1.478386,1.456904,1.490047,1.396307,1.544689,1.460102,1.425543,1.421943,1.528293,1.585815,1.568011,1.523883,1.642538,1.665129,1.732063,1.550595,1.970591,1.836513,1.874774,1.872324,1.951048,2.10463,1.968471,1.942442,2.194822,2.103916,2.078295,1.920793,2.1518,2.137501,2.081394,1.852207,2.174877,2.082719,1.878784,1.96846,2.062017,1.394371,,1.492466,,1.295692,,1.248903,1.477517,1.336649
财务风险,速动比率,1.038007,0.99419,1.015275,1.167639,1.1773,1.00433,0.995482,1.047484,0.985067,0.943473,0.830062,0.872261,0.873265,0.894515,0.900034,0.954194,0.919385,0.868669,0.873224,0.905175,0.955805,0.908272,0.958294,1.020892,1.02563,1.095953,1.059266,1.317937,1.274535,1.344305,1.364201,1.384583,1.458809,1.339798,1.291528,1.380147,1.34282,1.337309,1.303809,1.43589,1.407046,1.449297,1.374183,1.569958,1.567934,1.383546,1.406018,1.519141,0.87166,,0.873209,,0.796332,,0.685009,0.719722,0.881749
财务风险,保守速动比率,0.97452,0.934863,0.955365,1.096324,1.091026,0.91488,0.919809,0.967825,0.897682,0.876732,0.757939,0.785314,0.800394,0.787866,0.795062,0.844681,0.807123,0.711606,0.74187,0.785305,0.792809,0.756416,0.823288,0.86203,0.846878,0.945966,0.896032,0.956592,0.8628,0.879565,0.947704,0.948995,0.839067,0.790916,0.922459,0.913865,0.905149,0.902233,0.951915,1.042148,0.993013,0.972751,0.879289,0.910151,0.970369,1.060079,1.031275,1.427924,0.849695,,0.83373,,0.771917,,0.657036,0.672681,0.806136
财务风险,资产负债率,55.599293,58.050694,52.475924,46.031125,49.307686,50.075309,52.195779,48.622067,51.467485,52.242931,55.008082,52.294881,52.342441,49.769929,53.269882,46.111165,49.51499,50.88524,50.711473,46.973812,45.6883,45.445251,49.875128,45.269671,46.186932,45.186174,52.133885,40.69902,44.287635,44.116675,44.154932,42.315027,38.440955,41.051296,41.378593,36.112021,37.528472,37.990407,41.18539,37.245666,37.159938,38.22914,43.493546,38.10019,39.852802,44.690101,42.139612,40.395894,55.330298,,51.288817,,59.985543,,60.104884,49.238976,52.110286
财务风险,权益乘数,2.145229,2.226155,2.083909,1.951579,2.057358,2.076458,2.122935,2.045643,2.123643,2.140914,2.209006,2.143418,2.084506,2.026594,2.103548,1.956069,1.94817,1.975249,1.970394,1.898923,1.88356,1.879774,1.962954,1.875298,1.855911,1.839041,1.964455,1.765863,1.739273,1.736186,1.736017,1.706812,1.642269,1.680148,1.685489,1.613626,1.630678,1.637318,1.682676,1.628647,1.666859,1.682743,1.760235,1.679437,1.924638,2.031988,1.989398,1.946718,2.485107,2.642226,2.378585,,2.680246,,2.357686,2.054712,2.110467
财务风险,权益乘数(含少数股权的净资产),2.252216,2.383829,2.104196,1.852919,1.972685,2.003016,2.091865,1.94636,2.060474,2.09393,2.222621,2.096211,2.098303,1.990839,2.139947,1.855671,1.980785,2.036047,2.028869,1.88586,1.841223,1.833021,1.995017,1.82714,1.858284,1.824357,2.08916,1.686312,1.794933,1.789442,1.790668,1.733553,1.624456,1.69639,1.705861,1.565239,1.600729,1.612653,1.700257,1.593515,1.591341,1.618886,1.769709,1.615513,1.662587,1.807994,1.728298,1.677736,2.238653,2.501352,2.052916,,2.499096,,2.506572,1.970015,2.088131
财务风险,产权比率,126.012969,141.907992,113.14108,87.083322,99.363057,102.56739,111.657198,96.682247,108.396695,111.710964,125.000209,112.070218,112.211996,101.233641,116.53828,87.379663,99.952365,105.616693,104.905064,90.260434,85.704976,84.900813,101.459505,84.172212,87.382513,83.96163,111.01287,69.64674,80.66322,80.179265,80.370931,74.527277,63.489641,70.902846,71.953766,57.598829,61.269378,62.527427,71.564967,60.657746,60.522844,63.471553,78.996115,63.039399,67.97651,83.020162,74.891454,69.638421,129.625472,,110.080663,,159.445921,,162.622912,98.749738,109.977084
财务风险,现金比率,0.47787,0.466578,0.401536,0.491019,0.45455,0.354966,0.355151,0.346693,0.337995,0.289054,0.285907,0.270531,0.249531,0.178721,0.30946,0.157732,0.192498,0.116478,0.144107,0.172618,0.162549,0.133426,0.21714,0.175874,0.170495,0.167638,0.317049,0.211525,0.212327,0.181281,0.291791,0.366741,0.136384,0.186437,0.33991,0.239303,0.218844,0.240473,0.348788,0.226876,0.238388,0.150521,0.171382,0.195205,0.164152,0.388008,0.315757,0.689019,0.222838,,0.159233,,0.263488,,0.116009,0.174271,0.295172
营运能力,应收账款周转率,3.006196,2.225204,1.400976,0.671034,2.775028,2.089089,1.278658,0.626821,2.821143,2.102326,1.330044,0.609149,2.37568,1.754084,1.182312,0.568391,2.612841,1.933807,1.317111,0.536573,2.483029,1.844912,1.102373,0.459688,2.208612,1.590124,1.023578,0.483877,2.433062,1.742303,1.21333,0.574236,2.422231,1.809007,1.218585,0.560062,2.143384,1.614625,1.142611,0.493043,1.995072,1.438827,1.034615,0.446718,2.524618,1.826743,1.247148,0.585829,2.777971,,1.402791,,2.794172,,3.208103,2.579718,3.536366
营运能力,应收账款周转天数,119.75265,121.33717,128.48185,134.121252,129.728415,129.242902,140.772575,143.58147,127.607838,128.429164,135.333861,147.74689,151.535537,153.926457,152.244009,158.341571,137.781009,139.620934,136.662652,167.731101,144.984169,146.348406,163.28403,195.784674,162.998251,169.798038,175.853605,185.997512,147.961667,154.967271,148.351943,156.729851,148.623306,149.253138,147.712246,160.696417,167.958644,167.221391,157.533828,182.539529,180.44454,187.65274,173.977598,201.469256,142.5958,147.803975,144.329253,153.628403,129.590966,120.349376,128.315568,,128.839584,,112.215839,139.550083,101.799403
营运能力,存货周转率,1.772267,1.360945,0.86331,0.406883,1.633879,1.214672,0.793419,0.403274,1.753384,1.355646,0.749199,0.360987,1.555831,1.255453,0.838328,0.445004,1.880529,1.359131,0.921163,0.379485,1.627517,1.201704,0.758837,0.321182,1.484019,1.128267,0.7179,0.324006,1.653044,1.328877,0.95461,0.405683,1.565036,1.103319,0.720722,0.318221,1.252915,0.93268,0.674463,0.303297,1.38264,1.152315,0.871455,0.30267,1.823524,1.248381,0.8254,0.420118,1.6357,,0.774891,,1.682047,,1.762731,1.322339,2.425145
营运能力,存货周转天数,203.12964,198.391447,208.499617,221.193659,220.33451,222.282046,226.866006,223.172794,205.31723,199.167032,240.256571,249.316187,231.387572,215.061679,214.71301,202.245169,191.435469,198.656233,195.404951,237.163108,221.195814,224.680806,237.204907,280.214426,242.584334,239.30487,250.731132,277.772223,217.780021,203.178932,188.558493,221.847969,230.026525,244.716113,249.749399,282.821502,287.32985,289.48813,266.878726,296.738084,260.371304,234.310826,206.551081,297.352773,197.419903,216.279999,218.076009,214.225171,220.089133,225.05767,232.290647,,214.024854,,204.228539,272.244745,148.444692
营运能力,总资产周转率,0.808129,0.592277,0.387017,0.178681,0.751991,0.55905,0.351409,0.172727,0.746782,0.578623,0.332559,0.154301,0.630405,0.480926,0.301884,0.160825,0.703856,0.517691,0.349699,0.141828,0.704536,0.535563,0.330569,0.139515,0.615067,0.456627,0.272884,0.126649,0.604279,0.457051,0.312226,0.135265,0.579347,0.416864,0.281731,0.129297,0.511121,0.37602,0.264352,0.124718,0.534959,0.415031,0.298339,0.121056,0.780384,0.54657,0.375921,0.177801,0.866503,0.629163,0.439215,,0.848974,,0.908266,0.641966,0.922507
营运能力,总资产周转天数,445.473049,455.867356,465.095583,503.688771,478.729048,482.961351,512.222736,521.051186,482.068326,466.624618,541.257206,583.27366,571.061028,561.416821,596.255191,559.611443,511.467965,521.54636,514.727688,634.569265,510.974034,504.142279,544.514408,645.088564,585.301847,591.291782,659.620729,710.624851,595.750531,590.743404,576.504994,665.355823,621.388597,647.692008,638.905974,696.069159,704.333791,718.045305,680.909143,721.623244,672.94787,650.553177,603.340001,743.457127,461.310792,493.989316,478.823913,506.18152,415.463029,429.141366,409.821777,,424.040851,,396.35947,560.777139,390.240727
营运能力,流动资产周转率,0.972299,0.714966,0.473378,0.21919,0.938222,0.708981,0.443965,0.219875,0.973679,0.759607,0.4374,0.205091,0.866816,0.673008,0.421465,0.23044,0.998604,0.732359,0.496609,0.202062,0.97023,0.741003,0.442711,0.189194,0.80063,0.589289,0.345882,0.161997,0.773475,0.579997,0.396738,0.172297,0.759501,0.545269,0.369769,0.171615,0.682504,0.502324,0.351812,0.166219,0.691833,0.531323,0.376312,0.151551,0.994577,0.688059,0.47871,0.223633,1.129582,,0.575619,,1.120332,,1.239235,0.909422,1.332878
营运能力,流动资产周转天数,370.256135,377.640169,380.24575,410.602074,383.70444,380.828166,405.436599,409.322325,369.731602,355.446575,411.522315,438.828884,415.312732,401.183683,427.080955,390.555921,360.503005,368.67156,362.457523,445.406947,371.045806,364.370954,406.58538,475.700356,449.645705,458.178542,520.408312,555.562514,465.431442,465.518995,453.699677,522.350893,473.994876,495.167584,486.789308,524.428561,527.469435,537.500858,511.636036,541.451243,520.356082,508.164947,478.326072,593.857059,361.962599,392.407952,376.010129,402.444916,318.70169,316.864097,312.706538,,321.333144,,290.501648,395.855745,270.092126
营运能力,应付账款周转率,3.785889,2.820106,1.865624,0.894651,3.753091,2.732219,1.810051,0.883786,3.687408,2.698165,1.769109,0.834806,3.497613,2.577995,1.706832,0.795981,3.730559,2.714526,1.865117,0.88158,3.527096,2.487988,1.603097,0.64,3.236009,2.317482,1.458803,,3.403231,,1.681486,0.876356,3.098916,2.299493,1.546747,0.790732,2.951342,2.257891,1.539005,0.621037,2.884208,2.148261,1.431358,0.678283,2.766244,2.057235,1.410048,0.642704,2.930417,,1.515067,,3.080716,,3.567838,3.296568,6.083834
