选项,指标,20250930,20250630,20250331,20241231,20240930,20240630,20240331,20231231,20230930,20230630,20230331,20221231,20220930,20220630,20220331,20211231,20210930,20210630,20210331,20201231,20200930,20200630,20200331,20191231,20190930,20190630,20190331,20181231,20180930,20180630,20180331,20171231,20170930,20170630,20170331,20161231,20160930,20160630,20160331,20151231,20150930,20150630,20150331,20141231,20140930,20140630,20140331,20131231,20130930,20130630,20130331,20121231,20120930,20120630,20120331,20111231,20110930,20110630,20110331,20101231,20100930,20100630,20100331,20091231,20090930,20090630,20090331,20081231,20080930,20080630,20080331,20071231,20070930,20070630,20070331,20061231,20060930,20060630,20060331,20051231,20050930,20050630,20050331,20041231,20040930,20040630,20040331,20031231,20030930,20030630,20030331,20021231,20020930,20020630,20011231,20001231,19991231
常用指标,归母净利润,113184163.75,54532693.19,6941360.18,186021771.78,256606533.8,172091528.14,171285330.47,416237631.36,384296833.68,280887539.94,221446774.06,839939033.95,466720717.85,340730796.76,33712279.5,1084595183.21,873414964.38,502113306.19,133858572.65,547458328.2,400408072.72,198454125.73,77863815.31,2016201316.76,1933339627.62,1448091399.27,713150758.38,5592809096.85,4524761061.71,3166560550.6,1894467635.85,3620418597.08,2019117320.21,411854124.2,73521676.17,67448907.07,78751983.5,14989243.82,11033624.47,31013732.24,14925988.41,29804193.81,-11896100.98,279165528.13,339214679.82,263160864.48,129253063.65,236050766.45,250472069.65,213785165.48,108153750.75,460205254.39,379432606.79,258406596.19,70965725.37,614043880.22,526246964.29,386742770.45,172351395.63,405906871.82,278362793.23,154661346.49,48249341.06,36504784.77,165914243.69,142387787.63,40846092.64,545310680.8,450095419.47,277424158.1,105153984.17,251504653.94,136235645.76,55572131.41,11116268.06,9999274.05,-49471608.48,-46841166.87,-13635961.28,-139613234.71,18781900.57,12762095.3,3104452.11,-84589850.67,23317261.91,11729382.58,2328309.66,25342225.19,18992687.28,11520680.19,3337555.1,33703781.62,25908350.67,18688908.59,48011670.14,24606308.85,26607429.96
常用指标,营业总收入,2621930355.86,1690301864.53,850331610.98,3872039880.46,3150858656.23,2351871622.25,1388029229.24,5131908843.35,3877347497.96,2620790190.41,1345661450.61,5320293391.07,3924651245.76,2671088744.12,1149018210.95,4651772746.11,3568448093.93,2364170550.47,930412386.2,3539172251.49,2600384311.99,1635363178.49,821312958.57,6750905186.42,5635425294.75,3938964421.88,1801003212.57,11650954412.81,9175839452.56,6082676850.15,3521919798.06,8350476104.76,5229276758.86,1813432386.19,692743375.54,2395291581.57,1708715083.12,1071566787.02,473328142.05,2330406290.99,1796890769.07,1191392958.01,633957874.45,3449008868.53,2642074827.42,1787505300.65,904187963.35,3373449201.92,2647972620.79,1894525121.11,949058762.01,3950706190.14,2958609351.87,2012315753.79,843434042.17,4526045609.06,3364302689.15,2086146860.25,902911149.86,3216485655.33,2250373358.72,1397670912.86,598792906.39,2157538852.3,1561801404.44,1015076323.22,437048610.07,3342698114.11,2172851295.99,1533160422.39,540786436.36,2072793147.73,1324028676.22,789296520.88,297267070.42,477571873.44,390123760.31,253467174.3,118331449.34,522608879.63,442372733.31,258483457.29,134039542.39,601713303.63,416550167.88,269600738.68,115348664.62,513596575.92,358518911.86,231945252.83,108875224.16,430664952.93,325340329.83,227774456.57,412479033.13,364355615.47,342807453.05
常用指标,营业成本,2689606679.06,1723893272.11,850842943.89,3748437365.14,2934588506.67,2055111568.39,1150633468.68,4671981067.61,3587418971.54,2413552581.93,1259335868.83,4438632100.09,3194261845.73,2130453937.18,950396003.6,3722005176.55,2838212754.48,1883962378.7,778969551.42,2943169725.94,2283373553.74,1454422567.41,682388848.75,4566653552.05,3553702564.58,2390672704.63,1098258126.48,4306023502.76,3312209989.77,1956617495.19,1088929384.64,3513136880.38,2613171110.24,1311900859.45,613565777.73,2448646647.1,1713351185.66,1118860107.92,509117862.6,2421423770.53,1794674644.78,1192734945.83,638330270.06,3235562573.84,2324180850.9,1521781306.35,749613579.43,3046823034.37,2340511744.85,1627243254.53,821713085.73,3409072051.02,2512837189.04,1684156907.02,756719300.29,3547916976.32,2585320283.92,1574281924.74,686956339.21,2703167999.12,1904294438.38,1211084282.33,545172983.23,2128459059.53,1464381191.7,925418084.15,399723652.26,2582334803.65,1550130683.12,1159559653.65,404066737.69,1724034473.5,1123868556.05,702520106.45,278322784.34,474438922.48,440328171.27,304784932.76,132692378.96,658636389.5,425145981.76,243651307.32,130169495.39,682931973.02,389946294.75,259467845.8,114915047.91,484704602.41,337340355.01,218891148.17,105267132.79,390948405.02,294477111.92,205788313.06,370479337.73,324629811.46,296945635.17
常用指标,净利润,91292858.05,41588435.97,1411519.4,141390493.24,242178577.54,170687645.93,174726993.43,421300514.01,395288713.38,283048073.4,226524994.82,933640487.23,487384003.06,358643241.94,39658392.82,1115576682.69,895123796.31,522888723.75,140668285.73,536681419.75,378592465.98,177732172.96,65373296.13,1952924020.43,1956004537.51,1470488367.77,739893703.03,5988254686.86,4839441743.95,3386315908.19,2029265531.49,3972197131.21,2216478510.58,448303215.81,72487890.91,30018796.41,61313764.51,2854136.29,4307820.21,13000662.14,6618541.77,24486979.73,-13940635.55,263520905.68,334833093.56,259448253.72,127583411.49,233888008.17,252789561.09,217286675.77,110369320.69,463768479.09,387052253.85,264046027.54,70118533.19,636245718.93,544867415.12,401750372.34,176494963.07,421768614.8,289273848.74,164127309.01,50176903.2,-2318064.12,142125428.74,127437747.29,33898321.68,620867854.28,502993319.33,299132287.17,112915967.64,279325549.79,152543730.03,64218027.94,16788916.0,7921845.55,-50902297.12,-48553889.55,-14560214.14,-143546005.61,16979938.18,12600182.94,2987279.99,-88243533.99,22734647.76,10886830.69,2328309.66,22015557.81,18992687.28,11520680.19,3337555.1,33409484.57,25956933.55,18742197.79,47777965.33,24606308.85,26607429.96
常用指标,扣非净利润,-13743812.12,8345809.59,38703917.7,46447295.98,167324722.37,208380767.47,199568219.16,356890294.69,324483496.08,222164335.43,149652283.18,727684725.65,633704125.33,417712164.85,124695630.41,774087826.45,692603424.51,457568053.18,137223959.15,384315360.09,360993641.28,172375622.64,144977634.76,1802658223.76,1745861571.82,1365139983.49,656802750.95,5526015642.39,4604465252.52,3163305520.42,1894934394.33,3496032066.99,2015180817.78,408912236.26,70158799.09,18536979.97,63616539.37,5367120.57,5579100.86,-76072862.3,76883798.41,94316803.88,50583755.94,228851117.03,312769526.77,244726161.09,116244094.35,243506572.65,228507432.5,197781510.47,96570395.41,422188276.13,333656544.96,242058546.54,64297588.92,712230778.92,582760997.24,377001052.4,165485594.26,342783587.69,254818637.66,117394174.95,27793238.03,24906983.75,77481906.51,78910269.2,38644220.8,413182746.48,434731365.83,263899737.02,43835312.09,96302252.6,73215230.22,40424869.24,11364240.23,-58656414.67,-51380791.19,-49206897.83,-13628944.84,-131454770.63,18250911.69,13021168.54,3015345.73,-46833474.82,23884746.98,11981188.48,2177232.37,25456216.18,18790477.07,11521640.67,3336750.39,33732156.01,26397029.45,,,,
常用指标,股东权益合计(净资产),17494275070.96,17522033128.28,17489229971.28,17494059026.56,18411441212.96,18585151987.49,18604994891.12,18442339687.62,18422956146.76,18368833355.82,18260830215.31,16788402775.22,16269221119.61,16169083213.65,15791398274.18,15750844734.47,15515092876.99,15163436020.49,16694179986.83,16544684618.27,16251131881.85,16050737565.73,15934680887.53,15867447459.61,15812229288.5,15092952001.99,14310239843.31,13513372161.04,12064968527.21,10513521772.76,12323323987.02,10193691815.08,8665197409.27,6472065930.01,6129575641.42,6052437705.83,6089736953.22,6030989692.74,6031820299.96,6025883115.29,6022973036.62,6043667084.37,6003987573.41,6018349199.62,6089611894.47,6010795609.06,5956964735.36,5828641326.04,5812432336.58,5798865563.55,3895821694.02,4400568211.72,4151740535.46,4029351075.12,3835311184.82,3764531214.47,3671316158.23,3550689427.67,3325614581.56,3149059654.46,3158180361.82,2952584351.4,2850227103.75,2929441004.56,2971604580.88,2971710500.73,3034280134.67,2979711812.51,2946457086.08,1550199947.34,1007095134.18,1252529713.31,861626938.87,822110049.12,802408421.21,831830227.32,523906118.42,527605469.71,564509761.14,576955244.93,741601559.03,734924537.19,725999344.97,722198533.54,832537811.63,821470541.35,813852904.47,810442067.53,793181114.62,785709107.53,776522337.54,776366774.23,770490865.35,298062030.78,279319832.99,224521670.66,199915361.81
常用指标,商誉,,,,,,,,,,,,,,,,,38572350.94,38572350.94,38572350.94,38572350.94,,,,,,,,,,,,,,,,,,,,,,,,,16068118.27,16068118.27,16068118.27,16068118.27,13202293.98,13202293.98,13202293.98,13202293.98,13202293.98,13202293.98,13202293.98,13202293.98,13202293.98,13202293.98,13202293.98,13202293.98,22089739.56,22089739.56,22089739.56,22089739.56,34137414.69,34137414.69,34137414.69,34137414.69,22448703.7,22448703.7,24021841.73,24021841.73,79315670.03,79315670.03,79315670.03,24021841.73,,,,,,,,,,,,,,,,,,,,,
常用指标,经营现金流量净额,-530275710.34,-290759111.27,-205043809.1,639281366.0,558245580.8,321561343.74,-18590779.34,856004758.44,713211175.83,339710047.66,-39017808.09,236117357.73,528892856.86,260408065.3,-166396612.0,-37844166.75,516171993.46,589822637.97,49100236.83,579183207.12,195191906.21,-11109046.04,-104159607.53,4399908313.39,3711614745.65,3170563956.3,2035586630.96,5714253829.91,4720745107.38,2359926419.34,687312998.73,3458918798.38,1792923863.69,751319522.05,119661715.16,315163673.49,305782535.52,129545767.7,171715624.62,403255476.59,188305278.98,159821347.26,-118238493.11,496806584.49,-52629189.74,-162912687.05,-252538392.41,609375909.33,-467968443.71,-469610352.0,-564858694.28,795457174.54,440219178.5,157160795.95,-268783910.65,260049375.1,74767834.04,-6395930.34,-119440433.76,-38326666.98,-112111637.27,16087010.92,33859334.38,-93307968.19,-133695144.09,61599728.51,110711528.13,-303821833.57,115860941.16,91772649.36,79012791.56,179741790.79,126873916.85,-22037982.42,6267490.0,305482480.11,24121701.9,11235307.79,4530535.72,12439079.04,24545460.86,17924832.34,13385637.3,-27320496.69,7334920.21,4294195.26,13864317.43,-91987587.72,-67848862.56,-21631530.88,12886349.11,-56780361.24,,12531934.57,-86851718.58,,
常用指标,基本每股收益,0.03,0.0144,0.0018,0.05,0.0646,0.0433,0.0425,0.11,0.0972,0.0717,0.055,0.22,0.1226,0.0895,0.0089,0.29,0.2295,0.1319,0.0352,0.14,0.1052,0.0521,0.0286,0.53,0.7163,0.5378,0.3946,2.15,2.5295,1.7702,1.0591,2.11,1.164,0.2396,0.0428,0.04,0.0458,0.0087,0.0064,0.018,0.0087,0.0173,-0.0069,0.1624,0.1973,0.1531,0.0752,0.1451,0.1569,0.1393,0.0705,0.2998,0.2966,0.202,0.0555,0.4801,0.4114,0.3024,0.1347,0.3173,0.2176,0.1209,0.0377,0.0149,0.1194,0.2226,0.0639,0.9525,0.8,0.5288,0.1202,0.2554,0.19,0.108,0.028,0.025,-0.2474,-0.2342,-0.068,-0.7,,0.064,,-0.42,,,,0.13,,,,0.23,0.19,,0.42,,
常用指标,每股净资产,4.021933,4.026605,4.016616,4.016442,4.236806,4.276718,4.280444,4.240897,4.298675,4.287425,4.259874,4.120572,4.01012,3.977487,3.888442,3.879349,3.820457,3.726234,4.132099,4.094609,4.056632,4.003692,5.559451,5.530125,5.477382,5.267744,7.411845,6.985748,6.294299,5.480051,6.53929,5.424106,4.612816,3.617557,3.44014,3.394669,3.404545,3.367288,3.364625,3.357259,3.35062,3.359573,3.334588,3.341753,3.376919,3.330791,3.29829,3.222676,3.213255,3.2049,2.350386,3.092076,3.019574,2.92495,2.778414,2.722415,2.654476,2.545626,2.378128,2.243369,2.234595,2.074953,2.000531,1.969739,2.064923,4.104711,4.19089,4.126336,4.104573,2.418165,1.846838,1.730275,1.645979,1.56389,1.48373,2.78801,2.513743,2.526724,2.695228,2.764879,3.563723,3.532421,3.487572,3.468611,4.004568,3.954744,3.90891,3.899306,3.866274,3.828914,3.78298,3.757118,3.827979,2.44302,2.287279,1.871013,1.665961
常用指标,每股现金流,-0.131713,-0.07222,-0.05093,0.158789,0.138661,0.079871,-0.004617,0.21262,0.177152,0.084379,-0.009691,0.062038,0.138963,0.06842,-0.043719,-0.009943,0.135621,0.154972,0.0129,0.152177,0.051285,-0.002918,-0.038314,1.618475,1.364224,1.177572,1.126255,3.161599,2.639065,1.319283,0.384232,1.933659,1.002308,0.437027,0.069604,0.183324,0.177867,0.075354,0.099883,0.234565,0.109533,0.094011,-0.068776,0.288982,-0.030613,-0.094762,-0.146896,0.354461,-0.272207,-0.273162,-0.368011,0.663,0.331604,0.10955,-0.215573,0.20331,0.058454,-0.005,-0.09338,-0.029964,-0.08765,-0.007048,0.021355,-0.072801,-0.110332,0.096318,0.173111,-0.475063,0.181163,0.174913,-0.003824,0.145306,0.17901,0.034477,0.024558,1.527412,0.120608,0.056176,0.022652,0.062195,0.122727,0.089624,0.066928,-0.136602,0.036674,0.02147,0.069321,-0.459937,-0.339244,-0.108157,0.064431,-0.283901,,0.104432,-0.723764,,
常用指标,净资产收益率(ROE),0.6975,0.34,0.04,1.1,1.5,1.0,1.0,2.48,2.32,1.71,1.32,5.53,3.11,2.28,0.23,7.15,5.8,3.37,0.86,3.58,2.63,1.31,0.52,14.67,14.22,10.8,5.49,44.07,43.28,28.06,17.79,46.62,29.24,6.83,1.25,1.16,1.36,0.26,0.19,0.54,0.26,0.52,-0.21,4.91,5.98,4.64,2.31,5.84,5.53,5.3,2.59,11.53,10.3324,7.16,2.02,19.33,16.8,12.63,5.83,14.67,10.11,5.69,1.56,0.74,,5.25,,31.64,,24.71,,15.91,,7.15,,1.72,,,,-22.42,,1.82,,-11.48,,,,3.27,,,,7.49,,,20.02,,
常用指标,总资产报酬率(ROA),0.903709,0.335517,0.056985,1.061929,1.586416,1.138416,1.065685,2.605998,2.373674,1.718346,1.294969,6.135634,3.212873,2.413807,0.495235,7.172929,5.778913,3.278677,0.917212,3.746026,2.568655,1.174845,0.468645,13.76897,13.316048,10.215827,5.210787,48.722709,40.635734,30.330007,16.435678,44.256399,27.03104,6.545596,1.240959,1.80271,1.325617,0.608982,0.152367,1.829754,0.151204,1.285836,-0.062111,5.199107,4.317856,3.626989,1.860818,5.524215,5.085409,4.228594,2.11606,10.61359,8.670037,5.95993,1.931101,15.192158,12.4615,8.796315,3.891996,11.115383,7.618329,4.099484,1.475783,1.34903,3.971673,3.578355,1.160103,20.771291,16.792166,12.172402,2.767562,9.098332,6.683674,3.691791,1.316563,2.96091,-0.961728,-1.746768,-0.494749,-6.607946,2.897165,2.187964,0.826218,-2.797601,3.474068,2.013502,0.763118,3.863738,2.791489,1.895389,0.776065,5.665819,4.398237,3.998877,7.807334,7.887403,8.295225
常用指标,毛利率,10.167757,11.135918,13.18525,13.992911,17.834769,22.674265,26.031982,19.033963,17.64971,18.58528,18.005732,25.883629,29.190848,31.224839,27.552933,33.50705,32.972192,32.693623,29.974918,28.709509,24.61061,23.538519,28.128879,45.008056,48.361075,50.447131,52.314925,75.097798,76.886292,81.061761,83.140334,76.58596,74.659669,46.608237,33.276478,25.404744,22.969021,20.388292,19.7213,23.962722,24.001893,24.891949,22.978971,29.302003,31.69788,34.207947,34.547474,31.526282,31.710679,33.157768,30.435829,32.742596,33.173393,33.626172,34.347342,38.303889,39.24118,40.421189,41.862001,32.91301,32.009655,28.828946,26.320978,21.669953,24.046617,28.053051,34.047527,39.182412,46.153459,38.746607,33.68725,27.148687,27.811855,26.28821,24.444128,7.056045,6.524415,4.688452,4.179783,7.772871,18.489405,22.005737,19.205122,14.990664,21.327071,20.007503,17.327181,18.703047,18.581026,18.950793,17.457581,20.92706,21.304797,20.303107,19.442135,20.274763,22.097207
常用指标,销售净利率,3.481894,2.460414,0.165996,3.651576,7.686113,7.257523,12.588135,8.20943,10.194822,10.800104,16.833728,17.548665,12.41853,13.426856,3.451502,23.981753,25.0844,22.117216,15.118917,15.164037,14.559096,10.868055,7.959608,28.928328,34.709084,37.331851,41.082308,51.397117,52.741133,55.671474,57.618164,47.56851,42.385947,24.721253,10.463887,1.253241,3.588296,0.266351,0.910112,0.557871,0.368333,2.055323,-2.198984,7.640482,12.673111,14.514544,14.110275,6.9332,9.546532,11.469189,11.629345,11.950599,13.081783,13.120582,8.313976,14.05743,16.195552,19.25801,19.547323,13.112715,12.854363,10.63932,7.153907,-0.917954,8.406745,12.554499,7.75619,18.573853,23.148998,19.510827,12.678874,7.619472,8.490019,7.77837,5.647755,1.82661,-13.067399,-19.279753,-12.478639,-27.465606,3.838209,4.874344,2.22877,-14.686382,5.492806,4.032792,2.01687,4.606554,5.30244,4.965512,3.063581,7.739534,7.960715,8.212415,11.571225,6.763204,7.760698
常用指标,期间费用率,11.363719,11.702094,11.839018,9.157241,9.32932,8.338612,6.946758,8.879906,9.026664,9.549457,10.502728,8.2303,9.418521,9.701672,9.287478,11.922959,10.735575,10.494906,11.954209,9.832397,10.37147,10.348704,9.453777,10.861818,9.576226,9.331617,11.157866,10.355124,11.250063,11.46427,13.348751,16.219131,21.125055,16.26561,18.651609,21.327818,22.145905,23.671573,26.180357,24.272413,22.870066,24.217469,22.965782,20.390527,18.700925,18.385229,16.442558,21.402517,19.320083,18.534075,16.344191,17.850887,17.53155,16.780978,23.637391,15.284096,14.874034,15.196278,17.38395,16.086459,16.207992,16.400098,18.424105,18.879317,18.087337,18.655033,24.809414,15.014212,17.056765,14.03054,18.747419,17.3006,17.557907,17.636567,17.736517,6.101364,19.115569,24.705587,17.512947,33.200921,14.083954,15.862719,15.974043,28.197313,14.916171,15.480529,16.125308,12.390497,12.086223,12.82706,13.762932,10.860069,11.06248,9.825343,8.878282,9.213274,8.259103
常用指标,资产负债率,14.872413,14.378365,14.22866,14.126797,13.47978,13.672689,15.530073,15.042022,15.680867,14.362558,16.063236,16.787306,19.306613,19.559648,16.465372,14.873864,15.517843,18.621676,13.874249,13.988669,14.525937,15.109634,15.100841,14.11937,13.638253,15.925519,17.140415,16.021044,19.858366,21.158376,22.001607,26.94183,25.060455,25.13681,23.572552,24.871391,26.59008,28.158489,27.980534,33.169733,35.351249,35.297091,35.746381,37.200828,37.868887,41.084578,42.088238,43.1469,41.822702,40.893114,55.637795,44.322918,44.13239,46.405427,47.328093,44.732119,47.119723,48.206405,49.300044,49.7353,48.935441,49.868599,47.914319,48.129112,47.09485,50.98259,51.166614,47.827405,46.80374,61.661813,67.250265,66.878051,66.175541,67.590198,66.415973,68.3257,65.458903,64.084796,61.184153,60.415033,53.301665,55.068305,56.040785,54.42236,48.875798,51.557791,52.229235,51.5172,45.667197,44.887828,45.084988,45.690493,41.422726,63.339083,64.218654,64.783397,68.00955
每股指标,基本每股收益,0.03,0.0144,0.0018,0.05,0.0646,0.0433,0.0425,0.11,0.0972,0.0717,0.055,0.22,0.1226,0.0895,0.0089,0.29,0.2295,0.1319,0.0352,0.14,0.1052,0.0521,0.0286,0.53,0.7163,0.5378,0.3946,2.15,2.5295,1.7702,1.0591,2.11,1.164,0.2396,0.0428,0.04,0.0458,0.0087,0.0064,0.018,0.0087,0.0173,-0.0069,0.1624,0.1973,0.1531,0.0752,0.1451,0.1569,0.1393,0.0705,0.2998,0.2966,0.202,0.0555,0.4801,0.4114,0.3024,0.1347,0.3173,0.2176,0.1209,0.0377,0.0149,0.1194,0.2226,0.0639,0.9525,0.8,0.5288,0.1202,0.2554,0.19,0.108,0.028,0.025,-0.2474,-0.2342,-0.068,-0.7,,0.064,,-0.42,,,,0.13,,,,0.23,0.19,,0.42,,
每股指标,稀释每股收益,0.03,0.0144,0.0018,0.05,0.0646,0.0433,0.0425,0.11,0.0972,0.0717,0.055,0.22,0.1226,0.0895,0.0089,0.29,0.2295,0.1319,0.0352,0.14,0.1052,0.0521,0.0286,0.53,0.7163,0.5378,0.3946,2.12,2.5295,1.7702,1.0591,2.04,1.164,0.2396,0.0428,0.04,0.0458,0.0087,0.0064,0.018,0.0087,0.0173,-0.0069,0.1624,0.1973,0.1531,0.0752,0.1451,0.1569,0.1393,0.0705,0.2998,0.2966,0.202,0.0555,0.4801,0.4114,0.3024,0.1347,0.3173,0.2176,0.1209,0.0377,0.0149,0.1194,0.2226,0.0639,0.9525,,,,,0.19,0.108,0.028,,-0.2474,-0.2342,-0.068,,,,,,,,,,,,,,,,,,
每股指标,摊薄每股收益_最新股数,0.028113,0.013545,0.001724,0.046205,0.063737,0.042745,0.042545,0.103388,0.095454,0.069768,0.055004,0.20863,0.115927,0.084633,0.008373,0.269399,0.216945,0.124718,0.033248,0.135981,0.099456,0.049293,0.01934,0.500798,0.480217,0.359687,0.177137,1.389182,1.123893,0.786533,0.470561,0.899266,0.501523,0.102299,0.018261,0.016753,0.01956,0.003723,0.00274,0.007703,0.003707,0.007402,-0.002954,0.069341,0.084256,0.065365,0.032104,0.058632,0.062214,0.053101,0.026864,0.116381,0.094242,0.06418,0.017628,0.15252,0.130713,0.096062,0.042809,0.100822,0.069166,0.033627,0.009851,0.004748,0.037936,0.035367,0.010145,0.135448,0.111797,0.068908,0.011944,0.025376,0.018881,0.010725,0.002761,0.002675,-0.012288,-0.011684,-0.003386,-0.034678,0.004665,0.003169,0.000771,-0.020991,0.005791,0.002913,0.000578,0.006698,0.004717,0.002861,0.000829,0.008274,0.006435,0.004642,0.011925,0.006111,0.006608
每股指标,摊薄每股净资产_期末股数,4.021933,4.026605,4.016616,4.016442,4.236806,4.276718,4.280444,4.240897,4.298675,4.287425,4.259874,4.120572,4.01012,3.977487,3.888442,3.879349,3.820457,3.726234,4.132099,4.094609,4.056632,4.003692,5.559451,5.530125,5.477382,5.267744,7.411845,6.985748,6.294299,5.480051,6.53929,5.424106,4.612816,3.617557,3.44014,3.394669,3.404545,3.367288,3.364625,3.357259,3.35062,3.359573,3.334588,3.341753,3.376919,3.330791,3.29829,3.222676,3.213255,3.2049,2.350386,3.092076,3.019574,2.92495,2.778414,2.722415,2.654476,2.545626,2.378128,2.243369,2.234595,2.074953,2.000531,1.969739,2.064923,4.104711,4.19089,4.126336,4.104573,2.418165,1.846838,1.730275,1.645979,1.56389,1.48373,2.78801,2.513743,2.526724,2.695228,2.764879,3.563723,3.532421,3.487572,3.468611,4.004568,3.954744,3.90891,3.899306,3.866274,3.828914,3.78298,3.757118,3.827979,2.44302,2.287279,1.871013,1.665961
每股指标,调整每股净资产_期末股数,3.898678,3.902456,3.891655,3.890881,4.112446,4.142865,4.148136,4.108009,4.171231,4.158033,4.131616,3.985112,3.872095,3.840278,3.753408,3.743022,3.675665,3.581034,3.988003,3.967197,3.948087,3.897183,5.390397,5.358728,5.286751,5.090661,7.14994,6.721622,5.999698,5.176005,6.233147,5.111752,4.303405,3.293255,3.108551,3.055889,3.066207,2.984882,2.973391,2.957788,2.942318,2.944829,2.912097,2.911052,2.926428,2.868419,2.834331,2.755503,2.777191,2.766746,1.874384,2.602481,2.587393,2.487564,2.340277,2.278351,2.269819,2.166418,1.99502,1.870274,1.862172,1.720754,1.645872,1.610657,1.701977,3.424061,3.510648,3.440975,3.498363,1.59638,1.157679,1.043133,0.867615,0.751777,0.698149,1.757837,1.818781,2.505897,2.673513,2.743755,3.541798,3.509832,3.464977,3.446638,3.980231,3.930747,3.890707,3.896469,3.866274,3.828914,3.78298,3.757118,3.827979,2.44302,2.287279,1.871013,1.665961
每股指标,每股净资产_最新股数,4.021933,4.026605,4.016616,4.016442,4.236806,4.276718,4.280444,4.240897,4.298675,4.287425,4.259874,3.895403,3.790986,3.760136,3.675957,3.667361,3.611688,3.522613,3.906299,3.870858,3.834957,3.78491,3.754038,3.734236,3.701514,3.522921,3.327426,3.136137,2.796644,2.434862,2.905497,2.410005,2.049538,1.54476,1.469,1.449583,1.453801,1.437891,1.436754,1.433609,1.430773,1.434597,1.423928,1.426987,1.442004,1.422306,1.408428,1.376139,1.372116,1.368548,0.89608,0.982373,0.959339,0.929276,0.882721,0.864929,0.843345,0.808762,0.755547,0.712733,0.709945,0.659226,0.635582,0.625799,0.65604,0.652047,0.665737,0.655482,0.652025,0.315141,0.183492,0.171911,0.163536,0.15538,0.147415,0.138501,0.124876,0.125521,0.133892,0.137352,0.177036,0.175481,0.173253,0.172311,0.198936,0.196461,0.194184,0.193707,0.192066,0.19021,0.187928,0.186644,0.190164,0.072817,0.068175,0.055768,0.049656
每股指标,每股经营现金流,-0.131713,-0.07222,-0.05093,0.158789,0.138661,0.079871,-0.004617,0.21262,0.177152,0.084379,-0.009691,0.062038,0.138963,0.06842,-0.043719,-0.009943,0.135621,0.154972,0.0129,0.152177,0.051285,-0.002918,-0.038314,1.618475,1.364224,1.177572,1.126255,3.161599,2.639065,1.319283,0.384232,1.933659,1.002308,0.437027,0.069604,0.183324,0.177867,0.075354,0.099883,0.234565,0.109533,0.094011,-0.068776,0.288982,-0.030613,-0.094762,-0.146896,0.354461,-0.272207,-0.273162,-0.368011,0.663,0.331604,0.10955,-0.215573,0.20331,0.058454,-0.005,-0.09338,-0.029964,-0.08765,-0.007048,0.021355,-0.072801,-0.110332,0.096318,0.173111,-0.475063,0.181163,0.174913,-0.003824,0.145306,0.17901,0.034477,0.024558,1.527412,0.120608,0.056176,0.022652,0.062195,0.122727,0.089624,0.066928,-0.136602,0.036674,0.02147,0.069321,-0.459937,-0.339244,-0.108157,0.064431,-0.283901,,0.104432,-0.723764,,
每股指标,每股现金流量净额,-0.063315,-0.081879,-0.114901,-0.179528,0.051576,0.111927,0.102978,0.789189,0.783193,0.595049,0.590143,-1.177516,-0.921072,-0.96898,-1.205887,0.505272,0.088066,-0.610811,-0.481272,-1.116899,-0.965871,-0.474335,-0.499186,2.450079,1.28225,1.192141,1.623881,0.838904,0.627482,0.137455,0.557677,0.067373,0.492097,0.40586,-0.016853,-0.383309,-0.460223,-0.081817,-0.518643,-0.001203,-0.113876,-0.709162,-0.402978,-0.049888,-0.244225,-0.193579,-0.091291,0.550757,0.393439,0.859835,0.300305,0.511729,0.152946,0.364771,0.067967,-0.355342,-0.236749,-0.149234,-0.172853,0.012454,-0.079722,-0.023213,-0.025725,0.014016,-0.068611,-0.041306,0.083832,1.148314,1.453156,0.064519,-0.084939,-0.042199,0.064889,0.031082,-0.123212,0.378218,-0.06424,-0.054931,-0.024118,-0.19174,-0.185147,-0.096895,-0.018326,-1.222807,-0.755692,-0.480292,-0.268034,-0.470101,-0.55701,-0.571127,-0.051809,1.90641,,0.146417,0.038535,,
每股指标,每股企业自由现金流量,,0.029685,,0.497016,,0.200468,,-0.245077,,-0.343875,,1.181629,,1.093897,,0.623897,,0.553036,,0.351598,,0.047444,,0.264747,,-0.009695,,1.707086,,1.766818,,0.098098,,0.11433,,0.097805,,0.03451,,0.823094,,0.06839,,0.157177,,0.105571,,-1.213405,,-1.310437,,0.306347,,0.073051,,0.024602,,0.099512,,0.340576,,0.118569,,0.446119,,0.427988,,-0.98038,,0.135165,,-0.390944,,0.082622,,2.249068,0.899086,0.100887,-0.024441,0.339627,0.230771,0.073608,0.026589,0.33217,-0.239095,-0.624195,-0.492486,0.67536,0.115651,-0.049219,-0.198347,-2.398231,,-0.117219,-0.538555,,
每股指标,每股股东自由现金流量,,0.063692,,0.56586,,0.247704,,-0.15266,,-0.375854,,1.348938,,1.268743,,0.670307,,0.534576,,0.307834,,0.178181,,0.326203,,0.016322,,1.611457,,1.649548,,0.040388,,0.09624,,-0.521682,,-0.317813,,0.579952,,-0.088193,,-0.181645,,0.146132,,-0.786504,,-0.930656,,0.509105,,0.394609,,-0.217214,,0.105767,,0.829739,,0.340867,,0.869622,,0.590336,,-0.718435,,0.234604,,-0.28724,,0.222794,,2.225419,0.883336,0.100887,-0.024441,0.398627,0.056264,0.011608,0.024089,0.416715,-0.171245,-0.596695,-0.567486,1.517785,0.515651,0.05078,-0.073347,-1.760731,,0.049447,0.419778,,
每股指标,每股未分配利润,2.471466,2.475659,2.463838,2.462114,2.481722,2.492308,2.492107,2.449562,2.444271,2.418586,2.403821,2.484588,2.436009,2.402906,2.322295,2.313437,2.2674,2.171737,2.57498,2.539809,2.510467,2.457404,3.396008,3.367366,3.375623,3.230778,4.40623,4.011656,3.702302,2.94302,4.131874,3.072799,2.323342,1.482537,1.307736,1.26497,1.272052,1.234963,1.232662,1.226244,1.223073,1.231728,1.207471,1.214391,1.256415,1.212176,1.184284,1.1091,1.165268,1.143928,1.212439,1.6843,1.62167,1.527046,1.38052,1.325035,1.270613,1.161547,0.993933,0.859186,0.762514,0.56971,0.494873,0.463864,0.585462,1.154755,1.241981,1.178113,0.723886,0.553262,0.152365,0.032145,-0.040409,-0.122499,-0.202658,-0.542414,-0.8373,-0.825152,-0.658122,-0.589942,0.202685,0.163232,0.124298,0.108775,0.625061,0.5839,0.547084,0.538257,0.516614,0.479254,0.44587,0.420009,0.495235,0.775122,0.643104,0.28972,0.115425
每股指标,每股资本公积金,0.490269,0.490269,0.491903,0.491903,0.491785,0.491785,0.491785,0.491785,0.503058,0.503058,0.490447,0.249958,0.23574,0.23574,0.235755,0.235755,0.235967,0.235967,0.235967,0.235967,0.233722,0.233722,0.72721,0.728962,0.73189,0.699376,1.507177,1.482039,1.388673,1.335878,1.283082,1.230293,1.130878,0.972172,0.972059,0.972172,0.972172,0.972172,0.972172,0.972172,0.972949,0.972949,0.972949,0.972949,0.972908,0.972868,0.972867,0.972864,0.961085,0.974032,0.040964,0.290835,0.290899,0.290899,0.290889,0.290717,0.290674,0.29086,0.290895,0.290846,0.387148,0.424219,0.424634,0.424851,0.422564,1.836162,1.835114,1.834428,2.340578,0.816014,0.630346,0.634003,0.630768,0.630768,0.630768,2.261537,2.250146,2.250146,2.250146,2.250146,2.250146,2.248943,2.249624,2.248943,2.248943,2.248943,2.249624,2.248943,2.24857,2.24857,2.24417,2.24417,2.24417,0.530166,0.530166,0.530166,0.530166
每股指标,每股盈余公积金,0.355741,0.355741,0.355741,0.355741,0.353666,0.353666,0.353666,0.353666,0.351023,0.351023,0.351023,0.371314,0.314512,0.314512,0.314512,0.314512,0.303169,0.303169,0.303169,0.303169,0.293874,0.293874,0.411424,0.411424,0.352554,0.356249,0.530702,0.530702,0.290208,0.290208,0.290208,0.290208,0.144479,0.150332,0.150332,0.150332,0.149824,0.149824,0.149824,0.149824,0.143637,0.143637,0.143637,0.143637,0.136542,0.136542,0.136542,0.136542,0.077925,0.077925,0.08728,0.104736,0.097683,0.097683,0.097683,0.097683,0.083464,0.083464,0.083464,0.083464,0.077945,0.074036,0.074036,0.074036,0.056896,0.113793,0.113793,0.113793,0.040107,0.048888,0.064126,0.064126,0.05562,0.05562,0.05562,0.11124,0.111159,0.111159,0.111456,0.111159,0.110891,0.120245,0.11365,0.110891,0.130563,0.1219,0.112202,0.112105,0.101089,0.101089,0.092938,0.092938,0.088574,0.13773,0.114007,0.051127,0.020369
每股指标,每股留存收益,2.827208,2.831401,2.81958,2.817856,2.835388,2.845974,2.845774,2.803229,2.795295,2.76961,2.754845,2.855902,2.750522,2.717419,2.636808,2.62795,2.570569,2.474906,2.878149,2.842978,2.804341,2.751279,3.807432,3.778791,3.728178,3.587028,4.936932,4.542358,3.99251,3.233228,4.422082,3.363007,2.467822,1.632869,1.458068,1.415302,1.421877,1.384787,1.382486,1.376068,1.36671,1.375365,1.351109,1.358028,1.392958,1.348719,1.320827,1.245643,1.243194,1.221854,1.299719,1.789036,1.719354,1.62473,1.478204,1.422719,1.354078,1.245012,1.077398,0.942651,0.84046,0.643747,0.56891,0.537901,0.642359,1.268549,1.355775,1.291907,0.763994,0.60215,0.216492,0.096271,0.01521,-0.066878,-0.147038,-0.431173,-0.72614,-0.713992,-0.546666,-0.478782,0.313577,0.283478,0.237948,0.219667,0.755624,0.7058,0.659286,0.650362,0.617703,0.580343,0.538809,0.512948,0.583809,0.912853,0.757112,0.340847,0.135794
每股指标,每股营业收入,0.651254,0.419849,0.211211,0.961765,0.782633,0.584175,0.344768,1.274701,0.963083,0.650971,0.334245,1.39788,1.031182,0.701815,0.301898,1.22223,0.937592,0.621174,0.244461,0.9299,0.683238,0.429683,0.302114,2.483274,2.071332,1.462962,0.996464,6.446274,5.129622,3.400433,1.968879,4.668214,2.923352,1.054836,0.402954,1.393291,0.993924,0.623308,0.275325,1.355549,1.045214,0.693008,0.36876,2.006217,1.53684,1.039754,0.525947,1.962265,1.54027,1.102006,0.618322,3.088714,2.313079,1.573255,0.659407,3.538522,2.630256,1.630977,0.705907,2.51469,1.759989,1.064414,0.45452,1.658921,1.199124,1.5872,0.68338,5.226731,3.397527,2.922118,1.07816,4.16435,2.72077,1.699606,0.743167,2.370441,1.947682,1.264399,0.583405,2.613195,2.21196,1.2925,0.670163,2.99998,2.069492,1.349787,0.577208,2.566078,1.790938,1.160069,0.544714,2.157281,1.630314,1.901815,3.44086,3.031884,2.857069
每股指标,每股营业总收入,0.651254,0.419849,0.211211,0.961765,0.782633,0.584175,0.344768,1.274701,0.963083,0.650971,0.334245,1.39788,1.031182,0.701815,0.301898,1.22223,0.937592,0.621174,0.244461,0.9299,0.683238,0.429683,0.302114,2.483274,2.071332,1.462962,0.996464,6.446274,5.129622,3.400433,1.968879,4.668214,2.923352,1.054836,0.402954,1.393291,0.993924,0.623308,0.275325,1.355549,1.045214,0.693008,0.36876,2.006217,1.53684,1.039754,0.525947,1.962265,1.54027,1.102006,0.618322,3.088714,2.313079,1.573255,0.659407,3.538522,2.630256,1.630977,0.705907,2.51469,1.759989,1.064414,0.45452,1.658921,1.199124,1.5872,0.68338,5.226731,3.397527,2.922118,1.07816,4.16435,2.72077,1.699606,0.743167,2.373872,1.950618,1.267335,0.58336,2.613044,2.211863,1.292417,0.670197,3.008566,2.08275,1.348003,0.576743,2.567982,1.792594,1.159726,0.544376,2.153324,1.626701,1.89812,3.437325,3.036296,2.856728
每股指标,每股息税前利润,0.045929,0.017016,0.002884,0.055496,0.084695,0.061129,0.057881,0.135553,0.123885,0.08883,0.067435,0.311767,0.163197,0.122415,0.024337,0.355618,0.285458,0.163111,0.046534,0.185588,0.126507,0.057699,0.032103,0.875392,0.841851,0.645841,0.480917,4.049577,3.29478,2.313402,1.36684,2.722606,1.482346,0.317945,0.058022,0.089512,0.066745,0.030838,0.007707,0.098983,0.008311,0.07077,-0.003419,0.299935,0.25183,0.215769,0.111153,0.296914,0.269466,0.22185,0.117252,0.598631,0.482714,0.333848,0.106384,0.776568,0.643381,0.45115,0.19511,0.513156,0.349319,0.183244,0.063558,0.058676,0.175875,0.329385,0.108155,1.478558,1.172677,0.862696,0.223781,0.606939,0.417883,0.230326,0.079713,0.282242,-0.071632,-0.12802,-0.036078,-0.503423,0.229809,0.176156,0.066848,-0.227989,0.286907,0.169674,0.064457,0.296222,0.199004,0.133501,0.054436,0.307837,0.230464,0.265534,0.46134,0.414899,0.431989
盈利能力,净资产收益率(ROE),0.6975,0.34,0.04,1.1,1.5,1.0,1.0,2.48,2.32,1.71,1.32,5.53,3.11,2.28,0.23,7.15,5.8,3.37,0.86,3.58,2.63,1.31,0.52,14.67,14.22,10.8,5.49,44.07,43.28,28.06,17.79,46.62,29.24,6.83,1.25,1.16,1.36,0.26,0.19,0.54,0.26,0.52,-0.21,4.91,5.98,4.64,2.31,5.84,5.53,5.3,2.59,11.53,10.3324,7.16,2.02,19.33,16.8,12.63,5.83,14.67,10.11,5.69,1.56,0.74,,5.25,,31.64,,24.71,,15.91,,7.15,,1.72,,,,-22.42,,1.82,,-11.48,,,,3.27,,,,7.49,,,20.02,,
盈利能力,摊薄净资产收益率,0.699004,0.336393,0.042925,1.150407,1.504383,0.999489,0.993941,2.437883,2.220555,1.627291,1.291225,5.355805,3.057977,2.250801,0.227796,7.345872,6.006753,3.540512,0.851157,3.51296,2.593413,1.302368,0.515188,13.411011,12.973529,10.209922,5.323562,44.295987,40.187207,32.302988,16.195566,37.313857,24.470055,6.622342,1.243147,1.155742,1.345506,0.25893,0.19075,0.537344,0.25912,0.516032,-0.207513,4.859269,5.843021,4.595761,2.279478,4.260615,4.534168,3.880133,2.997947,11.846972,9.823735,6.906484,1.997015,17.633884,15.499356,11.877651,5.666076,14.145834,9.742481,5.10112,1.550038,0.758864,5.78,5.42,1.524,20.66,17.15,21.87,6.51,14.76,11.55,6.9,1.87,1.93,-9.84,-9.31,-2.53,-25.25,2.64,1.81,0.45,-12.18,2.91,1.5,0.003,3.26,2.4562,1.5,0.004,4.43,3.38,6.37,18.2,10.96,13.31
盈利能力,净资产收益率_平均,0.699482,0.336818,0.042926,1.119136,1.503657,1.003692,0.998554,2.541404,2.32984,1.705251,1.348931,5.5173,3.108664,2.278915,0.228063,7.147568,5.798699,3.373748,0.855036,3.576068,2.627923,1.311145,0.516551,14.578504,14.046257,10.802954,5.481113,50.09546,43.171454,32.468723,17.705257,46.599053,28.665656,6.832837,1.251418,1.162145,1.354916,0.259316,0.190959,0.538588,0.259463,0.517404,-0.20729,4.947415,5.979582,4.671579,2.30591,4.889758,5.197211,4.442591,2.801112,12.600153,10.332131,7.154175,2.017344,19.335013,16.800315,12.627307,5.831294,14.731605,10.126853,5.113428,1.525472,0.741284,5.785035,5.409793,1.535801,30.103067,24.942672,24.629778,5.582735,15.942928,12.183089,7.10751,1.879348,1.942043,-9.383177,-8.900426,-2.500241,-22.398659,2.670937,1.822987,0.446311,-11.48307,2.953142,1.494965,0.298497,3.476012,2.458489,1.498529,0.436735,6.49436,4.982042,6.584821,19.243339,11.594798,13.309347
盈利能力,净资产收益率_平均_扣除非经常损益,-0.084937,0.051547,0.239349,0.279434,0.980485,1.215343,1.163436,2.179049,1.967215,1.348746,0.911599,4.779936,4.220882,2.793791,0.843564,5.1013,4.598271,3.074444,0.876533,2.510397,2.369241,1.13885,0.961786,13.034443,12.684176,10.184126,5.048035,49.497183,43.931924,32.435347,17.709619,44.998051,28.609769,6.78403,1.194178,0.319392,1.094513,0.092852,0.096557,-1.32109,1.336497,1.637351,0.881426,4.055735,5.513415,4.34433,2.073827,5.044204,4.741453,4.110025,2.50111,11.353437,9.085947,6.702047,1.827676,22.426722,18.604513,12.309236,5.598999,12.440667,9.267022,4.43392,1.068953,0.965685,2.934836,2.998067,1.453011,22.809141,24.091251,23.429077,5.089021,15.028327,11.734232,6.653995,1.921271,-10.575125,-9.745287,-9.310046,-2.498954,-21.089767,2.595426,1.859994,0.4335,-6.363427,3.025015,1.527059,0.279129,3.281125,2.432314,1.498654,0.43663,6.576127,5.076012,,,,
盈利能力,摊薄净资产收益率_扣除非经常损益,-0.084879,0.051482,0.239344,0.287242,0.980959,1.210253,1.158062,2.090289,1.87494,1.287084,0.872601,4.640024,4.15206,2.759325,0.842578,5.242832,4.763254,3.226414,0.872557,2.466095,2.338128,1.131226,0.959249,11.990603,11.715472,9.625064,4.902932,43.766971,40.895109,32.269783,16.199557,36.031867,24.422348,6.575038,1.186286,0.317632,1.086912,0.092713,0.096451,-1.318039,1.334729,1.633008,0.882373,3.983476,5.3875,4.273823,2.050055,4.395189,4.136553,3.589672,2.676865,10.674779,8.63887,6.470009,1.809258,20.453578,17.163843,11.578464,5.440362,11.945991,8.915286,4.423247,1.086167,0.988588,2.93,3.01,1.4418,15.66,16.56,20.8,5.93,13.91,11.12,6.46,1.91,-10.52,-10.219976,-9.74,-2.528346,-23.83,2.560652,1.84,0.432298,-11.97,2.982187,1.514786,0.278496,3.26,2.430049,1.504557,0.441021,4.49,3.447905,,,,
盈利能力,息税前利润率,7.052468,4.052923,1.365868,5.770282,10.821831,10.464201,16.78848,10.634129,12.863455,13.645856,20.175599,22.302862,15.826229,17.442665,8.061339,29.095897,30.445937,26.258548,19.035528,19.957885,18.515838,13.428252,10.626121,35.251531,40.642992,44.146133,48.262408,62.820429,64.230474,68.032559,69.422259,58.322225,50.707062,30.141716,14.399229,6.424543,6.715392,4.947586,2.799294,7.30211,0.795192,10.212137,-0.927216,14.950291,16.386255,20.751919,21.133995,15.131222,17.494741,20.131529,18.963072,19.381252,20.868886,21.220235,16.133386,21.946136,24.460805,27.661353,27.63968,20.406325,19.847816,17.215507,13.983527,3.537047,14.666946,20.752583,15.826606,28.288397,34.515623,29.522976,20.755867,14.574656,15.359008,13.551739,10.726215,11.889522,-3.672298,-10.101535,-6.18456,-19.265801,10.389866,13.630032,9.974421,-7.578004,13.775432,12.587102,11.176073,11.535216,11.101472,11.511428,9.999809,14.295918,14.16759,13.989334,13.421487,13.664653,15.12181
盈利能力,总资产报酬率,0.903709,0.335517,0.056985,1.061929,1.586416,1.138416,1.065685,2.605998,2.373674,1.718346,1.294969,6.135634,3.212873,2.413807,0.495235,7.172929,5.778913,3.278677,0.917212,3.746026,2.568655,1.174845,0.468645,13.76897,13.316048,10.215827,5.210787,48.722709,40.635734,30.330007,16.435678,44.256399,27.03104,6.545596,1.240959,1.80271,1.325617,0.608982,0.152367,1.829754,0.151204,1.285836,-0.062111,5.199107,4.317856,3.626989,1.860818,5.524215,5.085409,4.228594,2.11606,10.61359,8.670037,5.95993,1.931101,15.192158,12.4615,8.796315,3.891996,11.115383,7.618329,4.099484,1.475783,1.34903,3.971673,3.578355,1.160103,20.771291,16.792166,12.172402,2.767562,9.098332,6.683674,3.691791,1.316563,2.96091,-0.961728,-1.746768,-0.494749,-6.607946,2.897165,2.187964,0.826218,-2.797601,3.474068,2.013502,0.763118,3.863738,2.791489,1.895389,0.776065,5.665819,4.398237,3.998877,7.807334,7.887403,8.295225
盈利能力,总资本回报率,1.058092,0.394083,0.066914,1.258953,1.873203,1.340988,1.266364,3.14738,2.847087,2.055552,1.561545,7.426443,3.963226,2.950091,0.595789,8.59775,6.910617,4.026411,1.098999,4.424976,2.989679,1.362141,0.541784,16.31755,15.828853,12.323164,6.315653,61.390329,52.838431,39.509962,21.265623,56.202678,33.507976,7.854161,1.475021,2.112711,1.549645,0.70835,0.177627,2.132557,0.175939,1.500503,-0.072196,6.172531,5.063707,4.273932,2.205496,6.974174,6.323892,5.290331,2.697919,13.94791,12.175135,8.611607,2.799533,22.137611,18.105575,13.433387,5.964795,15.887291,9.828637,5.367254,1.940771,1.891197,5.654171,5.516945,1.816742,35.708267,28.265753,23.39109,5.746568,16.893427,11.712925,6.533861,2.322166,4.462762,-1.245244,-2.221623,-0.616532,-8.036786,3.472013,2.646879,1.003136,-3.351227,4.163301,2.4217,0.929816,4.638358,3.282629,2.265161,0.938853,7.164605,5.523977,5.527667,12.11721,15.331227,17.701728
盈利能力,投入资本回报率,0.75254,0.3861,0.0748,1.230558,1.538058,1.029125,0.968045,2.59455,2.325252,1.718007,1.312338,5.474239,3.14397,2.287607,0.245697,7.034577,5.651625,3.307856,0.866313,3.714104,2.722294,1.387559,0.530502,14.060319,13.649546,10.377096,5.229918,47.171258,40.823307,30.450329,16.587715,42.238983,25.624614,6.20403,1.155205,1.872422,1.415745,0.71326,0.265502,1.951209,0.339317,1.321123,-0.109214,5.313565,4.466008,3.940652,1.713842,5.500549,4.903703,4.072018,2.080006,11.271225,9.740517,6.796426,2.266258,16.367811,13.475264,10.330781,4.692638,11.813874,7.552322,4.056122,1.420203,2.003013,5.099539,4.674391,1.588866,24.368135,19.665481,16.281177,4.197341,13.043057,9.070313,5.496869,1.74646,4.867422,-1.126714,-2.074972,-0.396803,-7.670516,3.590753,2.483143,0.964556,-3.097029,3.907965,2.307983,0.889218,4.32752,2.997747,2.083748,0.889667,6.331442,4.95097,4.940433,14.065716,11.49206,11.680229
盈利能力,息前税后总资产报酬率_平均,0.535751,0.265324,0.036569,0.825849,1.235455,0.86717,0.83038,2.172437,1.990922,1.446555,1.112526,5.007265,2.65561,1.964555,0.236021,6.032996,4.841569,2.803287,0.758281,3.087073,2.222541,1.085907,0.391813,11.498179,11.614473,8.734128,4.475312,40.070103,33.565084,24.985984,13.641065,36.457473,22.595201,5.606872,0.901802,1.159201,0.708329,0.473812,0.049538,1.480469,0.070037,1.075924,-0.147304,4.317859,3.339425,3.307856,1.242389,4.381061,2.775006,3.329638,1.2977,8.626466,5.434863,4.782388,0.995149,11.572147,8.250786,6.993465,2.752496,8.655911,4.933982,2.533513,0.755003,-0.350108,2.276469,2.164764,0.568535,13.638203,11.262199,8.044366,1.690585,4.756509,3.694543,2.118998,0.69322,3.117009,-3.417035,-1.747423,-0.998337,-6.564708,1.070313,2.042502,0.184607,-2.805017,1.376429,0.645961,0.137825,3.416631,1.332078,0.817827,0.237906,5.014308,2.476841,2.352104,6.737951,3.898131,4.25772
盈利能力,毛利率,10.167757,11.135918,13.18525,13.992911,17.834769,22.674265,26.031982,19.033963,17.64971,18.58528,18.005732,25.883629,29.190848,31.224839,27.552933,33.50705,32.972192,32.693623,29.974918,28.709509,24.61061,23.538519,28.128879,45.008056,48.361075,50.447131,52.314925,75.097798,76.886292,81.061761,83.140334,76.58596,74.659669,46.608237,33.276478,25.404744,22.969021,20.388292,19.7213,23.962722,24.001893,24.891949,22.978971,29.302003,31.69788,34.207947,34.547474,31.526282,31.710679,33.157768,30.435829,32.742596,33.173393,33.626172,34.347342,38.303889,39.24118,40.421189,41.862001,32.91301,32.009655,28.828946,26.320978,21.669953,24.046617,28.053051,34.047527,39.182412,46.153459,38.746607,33.68725,27.148687,27.811855,26.28821,24.444128,7.056045,6.524415,4.688452,4.179783,7.772871,18.489405,22.005737,19.205122,14.990664,21.327071,20.007503,17.327181,18.703047,18.581026,18.950793,17.457581,20.92706,21.304797,20.303107,19.442135,20.274763,22.097207
盈利能力,销售净利率,3.481894,2.460414,0.165996,3.651576,7.686113,7.257523,12.588135,8.20943,10.194822,10.800104,16.833728,17.548665,12.41853,13.426856,3.451502,23.981753,25.0844,22.117216,15.118917,15.164037,14.559096,10.868055,7.959608,28.928328,34.709084,37.331851,41.082308,51.397117,52.741133,55.671474,57.618164,47.56851,42.385947,24.721253,10.463887,1.253241,3.588296,0.266351,0.910112,0.557871,0.368333,2.055323,-2.198984,7.640482,12.673111,14.514544,14.110275,6.9332,9.546532,11.469189,11.629345,11.950599,13.081783,13.120582,8.313976,14.05743,16.195552,19.25801,19.547323,13.112715,12.854363,10.63932,7.153907,-0.917954,8.406745,12.554499,7.75619,18.573853,23.148998,19.510827,12.678874,7.619472,8.490019,7.77837,5.647755,1.82661,-13.067399,-19.279753,-12.478639,-27.465606,3.838209,4.874344,2.22877,-14.686382,5.492806,4.032792,2.01687,4.606554,5.30244,4.965512,3.063581,7.739534,7.960715,8.212415,11.571225,6.763204,7.760698
盈利能力,成本费用利润率,6.27832,3.289688,0.664295,5.185113,11.01728,11.382554,20.138543,11.106384,13.426841,14.245684,21.272238,26.291598,18.900634,21.246067,9.385173,36.479481,38.607829,33.321514,22.465813,23.020349,19.885551,13.690325,11.929542,52.75635,65.18419,74.272174,81.393436,177.419351,186.001956,222.542599,228.618184,145.95384,108.772474,41.695469,16.088024,3.697329,5.232162,1.321144,0.888801,1.945757,0.093293,3.747727,-1.401251,11.16996,16.979999,19.411972,23.207945,11.198046,15.112666,18.446511,18.117181,18.305201,20.148991,20.820446,12.865513,25.054219,28.952597,33.336431,33.080895,21.194226,19.907908,15.950543,11.318121,0.711782,12.118645,18.980444,12.484361,31.956631,42.163748,33.896746,18.017401,10.349403,11.495852,9.166374,6.758329,1.210442,-11.592392,-16.061001,-12.258216,-21.997999,4.069829,6.158787,2.790247,-12.955277,6.936179,5.176462,2.541253,6.342776,6.610798,6.173659,3.638297,10.430434,10.486208,10.8044,10.590576,11.457372,14.976442
盈利能力,营业利润率,7.195242,3.137305,0.679259,4.858327,9.993921,9.756875,16.328511,10.108494,10.817861,11.997764,18.454627,21.880239,15.501344,16.729772,7.718669,29.001744,29.966214,25.710773,18.473439,8.126782,17.681883,14.194356,15.164868,35.122308,37.38148,43.533568,47.669659,62.919841,64.275447,67.523959,69.076953,57.810636,50.438219,28.917238,13.128032,2.287564,3.421294,0.140959,-0.669017,1.106781,4.101143,10.071843,10.189697,9.021516,13.412826,14.956933,17.054895,10.050072,11.955298,14.410679,13.53969,13.905461,15.021012,16.188486,10.389225,21.380719,22.894916,24.319788,23.922907,16.010249,15.433554,12.117014,7.68033,0.407757,5.360021,8.855831,8.589463,22.636472,28.630149,24.352735,14.469879,8.957355,9.850096,8.309128,6.388424,0.768004,-13.521741,-20.085445,-13.887687,-26.874725,3.995081,5.867977,2.778162,-14.493188,6.635017,5.088874,2.626626,5.97346,6.109374,5.797803,3.506893,9.51257,9.583284,9.74736,10.182261,10.90303,13.378302
盈利能力,总资产净利率_平均,0.553161,0.267078,0.034057,0.884142,1.193864,0.796051,0.783319,1.987625,1.828923,1.349615,1.056249,4.343212,2.414193,1.765277,0.180246,5.747962,4.645774,2.651862,0.693227,2.903392,2.13613,1.061712,0.418115,11.665284,11.240125,8.507359,4.275247,37.230513,31.197287,23.20859,12.734931,32.899518,20.583264,4.932002,0.914663,0.790132,0.909784,0.172175,0.126881,0.333477,0.157947,0.314986,-0.1257,2.814793,3.383124,2.573131,1.258648,2.554629,2.749566,2.370262,1.27165,6.494719,5.327867,3.606346,1.007172,9.391649,7.968822,5.895283,2.687876,6.873919,4.747941,2.367949,0.720012,0.343659,2.696465,2.418718,0.685061,11.978487,10.077796,7.460584,1.48679,3.828688,3.039515,1.730283,0.458994,0.565018,-3.320994,-3.209305,-0.934965,-9.162821,1.183898,0.79256,0.191848,-5.185189,1.411703,0.695953,0.137825,1.758783,1.332078,0.817827,0.237906,3.065642,2.472205,2.345416,6.77091,3.898131,4.25772
盈利能力,总资产净利率_平均(含少数股东损益),0.446173,0.203682,0.006925,0.672014,1.126738,0.789557,0.799059,2.011802,1.881235,1.359996,1.080471,4.82773,2.521078,1.858078,0.212037,5.912153,4.761245,2.761585,0.728493,2.846237,2.019746,0.950851,0.351043,11.299176,11.371895,8.638939,4.435567,39.862936,33.366944,24.819237,13.641065,36.096205,22.595201,5.368484,0.901802,0.351656,0.708329,0.032784,0.049538,0.13979,0.070037,0.258791,-0.147304,2.65705,3.339425,2.53683,1.242389,2.531222,2.775006,2.409084,1.2977,6.544405,5.434863,3.685056,0.995149,9.731221,8.250786,6.12405,2.752496,7.142533,4.933982,2.533513,0.755003,-0.350108,2.276469,2.164764,0.568535,13.638203,11.262199,8.044366,1.690585,4.756509,3.694543,2.118998,0.69322,0.454233,-3.417035,-3.326151,-0.998337,-9.420929,1.070313,0.782505,0.184607,-5.406354,1.376429,0.645961,0.137825,1.541828,1.332078,0.817827,0.237906,3.073002,2.476841,2.352104,6.737951,3.898131,4.25772
成长能力,归母净利润,113184163.75,54532693.19,6941360.18,186021771.78,256606533.8,172091528.14,171285330.47,416237631.36,384296833.68,280887539.94,221446774.06,839939033.95,466720717.85,340730796.76,33712279.5,1084595183.21,873414964.38,502113306.19,133858572.65,547458328.2,400408072.72,198454125.73,77863815.31,2016201316.76,1933339627.62,1448091399.27,713150758.38,5592809096.85,4524761061.71,3166560550.6,1894467635.85,3620418597.08,2019117320.21,411854124.2,73521676.17,67448907.07,78751983.5,14989243.82,11033624.47,31013732.24,14925988.41,29804193.81,-11896100.98,279165528.13,339214679.82,263160864.48,129253063.65,236050766.45,250472069.65,213785165.48,108153750.75,460205254.39,379432606.79,258406596.19,70965725.37,614043880.22,526246964.29,386742770.45,172351395.63,405906871.82,278362793.23,154661346.49,48249341.06,36504784.77,165914243.69,142387787.63,40846092.64,545310680.8,450095419.47,277424158.1,105153984.17,251504653.94,136235645.76,55572131.41,11116268.06,9999274.05,-49471608.48,-46841166.87,-13635961.28,-139613234.71,18781900.57,12762095.3,3104452.11,-84589850.67,23317261.91,11729382.58,2328309.66,25342225.19,18992687.28,11520680.19,3337555.1,33703781.62,25908350.67,18688908.59,48011670.14,24606308.85,26607429.96
成长能力,营业总收入,2621930355.86,1690301864.53,850331610.98,3872039880.46,3150858656.23,2351871622.25,1388029229.24,5131908843.35,3877347497.96,2620790190.41,1345661450.61,5320293391.07,3924651245.76,2671088744.12,1149018210.95,4651772746.11,3568448093.93,2364170550.47,930412386.2,3539172251.49,2600384311.99,1635363178.49,821312958.57,6750905186.42,5635425294.75,3938964421.88,1801003212.57,11650954412.81,9175839452.56,6082676850.15,3521919798.06,8350476104.76,5229276758.86,1813432386.19,692743375.54,2395291581.57,1708715083.12,1071566787.02,473328142.05,2330406290.99,1796890769.07,1191392958.01,633957874.45,3449008868.53,2642074827.42,1787505300.65,904187963.35,3373449201.92,2647972620.79,1894525121.11,949058762.01,3950706190.14,2958609351.87,2012315753.79,843434042.17,4526045609.06,3364302689.15,2086146860.25,902911149.86,3216485655.33,2250373358.72,1397670912.86,598792906.39,2157538852.3,1561801404.44,1015076323.22,437048610.07,3342698114.11,2172851295.99,1533160422.39,540786436.36,2072793147.73,1324028676.22,789296520.88,297267070.42,477571873.44,390123760.31,253467174.3,118331449.34,522608879.63,442372733.31,258483457.29,134039542.39,601713303.63,416550167.88,269600738.68,115348664.62,513596575.92,358518911.86,231945252.83,108875224.16,430664952.93,325340329.83,227774456.57,412479033.13,364355615.47,342807453.05
成长能力,净利润,91292858.05,41588435.97,1411519.4,141390493.24,242178577.54,170687645.93,174726993.43,421300514.01,395288713.38,283048073.4,226524994.82,933640487.23,487384003.06,358643241.94,39658392.82,1115576682.69,895123796.31,522888723.75,140668285.73,536681419.75,378592465.98,177732172.96,65373296.13,1952924020.43,1956004537.51,1470488367.77,739893703.03,5988254686.86,4839441743.95,3386315908.19,2029265531.49,3972197131.21,2216478510.58,448303215.81,72487890.91,30018796.41,61313764.51,2854136.29,4307820.21,13000662.14,6618541.77,24486979.73,-13940635.55,263520905.68,334833093.56,259448253.72,127583411.49,233888008.17,252789561.09,217286675.77,110369320.69,463768479.09,387052253.85,264046027.54,70118533.19,636245718.93,544867415.12,401750372.34,176494963.07,421768614.8,289273848.74,164127309.01,50176903.2,-2318064.12,142125428.74,127437747.29,33898321.68,620867854.28,502993319.33,299132287.17,112915967.64,279325549.79,152543730.03,64218027.94,16788916.0,7921845.55,-50902297.12,-48553889.55,-14560214.14,-143546005.61,16979938.18,12600182.94,2987279.99,-88243533.99,22734647.76,10886830.69,2328309.66,22015557.81,18992687.28,11520680.19,3337555.1,33409484.57,25956933.55,18742197.79,47777965.33,24606308.85,26607429.96
成长能力,扣非净利润,-13743812.12,8345809.59,38703917.7,46447295.98,167324722.37,208380767.47,199568219.16,356890294.69,324483496.08,222164335.43,149652283.18,727684725.65,633704125.33,417712164.85,124695630.41,774087826.45,692603424.51,457568053.18,137223959.15,384315360.09,360993641.28,172375622.64,144977634.76,1802658223.76,1745861571.82,1365139983.49,656802750.95,5526015642.39,4604465252.52,3163305520.42,1894934394.33,3496032066.99,2015180817.78,408912236.26,70158799.09,18536979.97,63616539.37,5367120.57,5579100.86,-76072862.3,76883798.41,94316803.88,50583755.94,228851117.03,312769526.77,244726161.09,116244094.35,243506572.65,228507432.5,197781510.47,96570395.41,422188276.13,333656544.96,242058546.54,64297588.92,712230778.92,582760997.24,377001052.4,165485594.26,342783587.69,254818637.66,117394174.95,27793238.03,24906983.75,77481906.51,78910269.2,38644220.8,413182746.48,434731365.83,263899737.02,43835312.09,96302252.6,73215230.22,40424869.24,11364240.23,-58656414.67,-51380791.19,-49206897.83,-13628944.84,-131454770.63,18250911.69,13021168.54,3015345.73,-46833474.82,23884746.98,11981188.48,2177232.37,25456216.18,18790477.07,11521640.67,3336750.39,33732156.01,26397029.45,,,,
成长能力,营业总收入增长率,-16.786798,-28.129501,-38.738205,-24.549714,-18.736748,-10.260972,3.148472,-3.540867,-1.205298,-1.883073,17.114022,14.371309,9.982018,12.982066,23.495584,31.436743,37.227719,44.565475,13.283539,-47.574848,-53.856467,-58.482407,-54.396918,-42.057062,-38.58409,-35.242911,-48.863025,39.524432,75.470526,235.423415,408.401801,248.620442,206.035617,69.231858,46.355839,2.78429,-4.907125,-10.057653,-25.337603,-32.43258,-31.989406,-33.348843,-29.886494,2.239834,-0.222728,-5.648899,-4.727926,-14.611488,-10.499416,-5.853486,12.523174,-12.711745,-12.058764,-3.539113,-6.58726,40.713999,49.499756,49.258801,50.788551,49.081239,44.138919,34.124801,33.021264,-36.521658,-29.411913,-33.791904,-19.182771,61.265397,64.109081,94.243909,45.076357,248.793641,178.964886,168.21729,151.215608,-9.153015,-11.811074,-1.940659,-12.956983,-13.14653,6.199148,-4.123609,16.203809,17.156798,16.186386,16.234643,5.945742,19.256645,10.198115,1.831107,,4.408931,,,13.207815,6.285791,
成长能力,归属母公司净利润增长率,-55.89194,-68.311808,-95.947487,-55.308756,-33.226997,-38.732943,-22.651693,-50.444304,-17.660215,-17.563207,556.872739,-22.55737,-46.563691,-32.140655,-74.815001,98.114655,118.131207,153.012278,71.913708,-72.84704,-79.289305,-86.295469,-89.081717,-63.950113,-57.272006,-54.269265,-62.356139,54.479625,124.095995,668.854884,2476.747069,5267.646051,2463.893924,2647.664452,566.342019,117.48078,427.616539,-49.707601,192.749922,-88.890558,-95.59984,-88.674534,-109.203728,18.265037,35.430142,23.095942,19.508627,-48.707502,-33.987731,-17.267914,52.402797,-23.694604,-27.900918,-33.188638,-58.822441,51.277034,89.050755,150.057806,257.209843,1011.927859,67.834716,-4.918043,-2.896625,-96.493886,-66.067351,-48.675058,-61.155924,116.81932,230.380068,399.214536,332.591406,921.704785,253.655513,192.184071,181.521704,107.715468,-363.400438,-468.606476,-539.238899,-65.047264,-19.45066,8.804493,33.335018,-433.486748,22.769682,1.811545,-30.239064,-19.984566,-26.692796,-38.355521,,-30.615337,,,95.119351,-7.52091,
收益质量,经营活动净现金/销售收入,-0.202246,-0.172016,-0.241133,0.165101,0.177172,0.136725,-0.013393,0.1668,0.183943,0.129621,-0.028995,0.04438,0.134761,0.097491,-0.144816,-0.008135,0.144648,0.249483,0.052772,0.163649,0.075062,-0.006793,-0.12682,0.65175,0.658621,0.804923,1.130251,0.490453,0.514475,0.387974,0.195152,0.414218,0.342862,0.414307,0.172735,0.131576,0.178954,0.120893,0.362783,0.17304,0.104795,0.135657,-0.186508,0.144043,-0.019919,-0.091139,-0.279298,0.180638,-0.176727,-0.247877,-0.595177,0.214652,0.14336,0.069633,-0.32692,0.057456,0.022223,-0.003065,-0.132283,-0.011915,-0.049801,-0.006621,0.046985,-0.043884,-0.09201,0.060684,0.253316,-0.090891,0.053322,0.059858,-0.003547,0.034893,0.065794,0.020285,0.033046,0.644357,0.061924,0.044429,0.038828,0.0238,0.055483,0.069341,0.099868,-0.045534,0.017721,0.015906,0.120097,-0.179237,-0.189422,-0.093233,0.118285,-0.131601,,0.054912,-0.210343,,
收益质量,经营性现金净流量/营业总收入,-0.202246,-0.172016,-0.241133,0.165101,0.177172,0.136725,-0.013393,0.1668,0.183943,0.129621,-0.028995,0.04438,0.134761,0.097491,-0.144816,-0.008135,0.144648,0.249483,0.052772,0.163649,0.075062,-0.006793,-0.12682,0.65175,0.658621,0.804923,1.130251,0.490453,0.514475,0.387974,0.195152,0.414218,0.342862,0.414307,0.172735,0.131576,0.178954,0.120893,0.362783,0.17304,0.104795,0.135657,-0.186508,0.144043,-0.019919,-0.091139,-0.279298,0.180638,-0.176727,-0.247877,-0.595177,0.214652,0.14336,0.069633,-0.32692,0.057456,0.022223,-0.003065,-0.132283,-0.011915,-0.049801,-0.006621,0.046985,-0.043884,-0.09201,0.060684,0.253316,-0.090891,0.053322,0.059858,-0.003547,0.034893,0.065794,0.020285,0.033046,0.643426,0.06183,0.044326,0.038831,0.023801,0.055485,0.069346,0.099863,-0.045404,0.017608,0.015927,0.120194,-0.179104,-0.189247,-0.093261,0.118358,-0.131843,,0.055019,-0.21056,,
收益质量,成本费用率,101.195961,100.566175,98.653768,95.16433,91.49455,85.664347,80.914775,89.845942,91.376954,90.964176,92.496996,82.34667,80.227673,78.476832,81.734544,78.415909,77.763383,77.801282,81.97929,81.122887,85.760859,86.810184,81.324897,65.853762,61.215151,58.884486,58.84294,35.257326,34.363771,30.402508,30.208416,39.633171,46.465385,69.657372,85.37513,95.923074,99.176883,103.283281,106.459057,100.309691,98.868172,99.325519,99.98681,91.088523,87.003044,84.177282,81.895083,89.876235,87.609403,85.376306,85.908361,85.108291,84.358157,83.154805,89.290048,76.980207,75.632854,74.775089,75.521948,83.173449,84.198337,87.571152,92.103126,97.209364,94.04072,90.601982,90.761887,75.8318,70.903306,75.283932,85.060169,90.151913,89.746052,91.348356,93.292388,99.045319,112.591154,120.017134,113.333163,125.428049,95.594549,93.856981,96.76892,113.206649,93.589099,95.473025,98.798126,93.687449,93.505197,93.876267,96.30535,89.933008,89.757683,89.522235,89.436147,88.938511,86.161896
收益质量,期间费用率,11.363719,11.702094,11.839018,9.157241,9.32932,8.338612,6.946758,8.879906,9.026664,9.549457,10.502728,8.2303,9.418521,9.701672,9.287478,11.922959,10.735575,10.494906,11.954209,9.832397,10.37147,10.348704,9.453777,10.861818,9.576226,9.331617,11.157866,10.355124,11.250063,11.46427,13.348751,16.219131,21.125055,16.26561,18.651609,21.327818,22.145905,23.671573,26.180357,24.272413,22.870066,24.217469,22.965782,20.390527,18.700925,18.385229,16.442558,21.402517,19.320083,18.534075,16.344191,17.850887,17.53155,16.780978,23.637391,15.284096,14.874034,15.196278,17.38395,16.086459,16.207992,16.400098,18.424105,18.879317,18.087337,18.655033,24.809414,15.014212,17.056765,14.03054,18.747419,17.3006,17.557907,17.636567,17.736517,6.101364,19.115569,24.705587,17.512947,33.200921,14.083954,15.862719,15.974043,28.197313,14.916171,15.480529,16.125308,12.390497,12.086223,12.82706,13.762932,10.860069,11.06248,9.825343,8.878282,9.213274,8.259103
收益质量,销售成本率,89.832242,88.864081,86.814749,86.007088,82.16523,77.325734,73.968017,80.966036,82.350289,81.414719,81.994267,74.11637,70.809151,68.77516,72.447066,66.492949,67.027807,67.306376,70.025081,71.29049,75.389389,76.46148,71.87112,54.991943,51.638924,49.552868,47.685074,24.902201,23.113707,18.938238,16.859665,23.414039,25.34033,53.391762,66.723521,74.595255,77.030978,79.611707,80.278699,76.037277,75.998106,75.10805,77.021028,70.697996,68.302119,65.792052,65.452525,68.473717,68.28932,66.842231,69.56417,67.257403,66.826606,66.373827,65.652657,61.69611,60.758819,59.57881,58.137998,67.086989,67.990344,71.171053,73.679021,78.330046,75.953382,71.946948,65.952472,60.817587,53.84654,61.253392,66.312749,72.851312,72.188144,73.711789,75.555871,92.943954,93.475584,95.311547,95.820216,92.227128,81.510594,77.994262,80.794877,85.009335,78.672928,79.992496,82.672818,81.296952,81.418973,81.049206,82.542418,79.072939,78.695202,79.696892,80.557864,79.725236,77.902792
收益质量,经营活动净现金/归属母公司的净利润,-4.685069,-5.331831,-29.539427,3.436594,2.175492,1.868548,-0.108536,2.056528,1.855886,1.209416,-0.176194,0.281112,1.13321,0.764263,-4.935786,-0.034892,0.590981,1.17468,0.366806,1.057949,0.487482,-0.055977,-1.337715,2.182276,1.919794,2.189477,2.854356,1.021714,1.043313,0.745264,0.3628,0.955391,0.887974,1.824236,1.62757,4.672628,3.882855,8.642581,15.562939,13.002481,12.615933,5.422771,,1.779612,-0.15515,-0.619061,-1.953829,2.581545,-1.868345,-2.196646,-5.222737,1.809907,1.117888,0.542301,-3.88524,0.423502,0.142077,-0.016537,-0.693005,-0.094422,-0.40261,-0.066591,0.688692,-4.870413,-0.924012,0.432619,2.710455,-0.557153,0.257414,0.330802,-0.031813,0.56892,0.941966,0.319384,0.883708,28.359425,,,,,1.306867,1.404536,4.311755,,0.31457,0.366105,5.95467,-3.410961,-3.572367,-1.877626,3.861014,-1.704464,,0.670554,-1.80897,,
收益质量,所得税/利润总额,45.196414,25.629345,74.670694,25.997243,23.750469,25.569894,22.748751,17.729925,16.9061,16.656021,14.446162,18.944767,18.102691,19.470629,55.005416,16.164472,16.448704,14.68626,17.909215,18.799342,14.629531,8.55344,17.956456,16.733941,13.015483,14.640373,14.222952,17.834709,17.485338,17.716992,16.5703,17.767176,16.13643,14.883348,23.816841,64.663489,30.849291,80.480208,3.814927,71.417372,-299.332064,44.785731,,24.905961,14.215044,11.174256,25.759486,31.111511,27.896919,27.174893,25.281318,23.291533,23.036189,24.216314,27.626663,27.113685,26.039856,22.74344,21.758557,25.614144,23.313057,23.831161,31.373071,232.667856,26.233724,26.994544,31.54919,23.35397,22.566924,23.54333,17.270141,18.335251,17.709036,7.105436,10.424281,4.920937,,,,,1.344934,15.675364,17.455763,,15.384731,18.399622,19.669341,22.479716,14.219982,14.322731,12.565895,17.492524,15.421103,15.093813,-22.16496,33.62911,39.858132
财务风险,流动比率,4.64493,4.22153,4.21621,3.768693,4.20826,4.16037,4.693472,4.894348,4.704532,5.455235,4.617352,3.719932,3.285139,3.235388,3.344004,5.843931,6.207181,4.816262,7.386483,7.261642,5.747338,6.064733,6.200457,6.557667,7.23959,6.017281,5.463626,5.768748,4.446714,4.189472,4.103844,3.229865,3.242871,3.061156,3.283606,3.071241,2.897063,2.676344,2.645725,2.248341,3.567416,3.616748,3.503893,3.227263,3.134697,2.691356,2.588645,2.489218,2.530883,2.598072,1.664311,1.559687,1.663403,1.609963,1.555113,1.600539,1.522858,1.421282,1.358855,1.341501,1.371279,1.375457,1.420163,1.399799,1.516969,1.48231,1.546994,1.647554,1.875166,1.228504,1.08777,1.059397,0.981218,0.86638,0.817874,0.815668,0.909345,1.059119,1.115971,1.109165,1.347706,1.334538,1.309427,1.32356,1.609906,1.702887,1.670729,1.526987,2.079894,2.141378,2.187216,2.145744,2.378935,1.484614,1.351475,1.013802,1.088948
财务风险,速动比率,3.894928,3.496519,3.492268,3.145095,3.567961,3.536752,3.979484,4.038004,3.862383,4.374426,3.691303,2.80983,2.4905,2.463852,2.527941,5.01931,5.442745,4.241483,6.570155,6.525802,5.180767,5.46664,5.520966,5.822736,6.298251,5.189463,4.610701,4.787082,3.748183,3.408581,3.55722,2.816503,2.791068,2.577199,2.695756,2.517869,2.325238,2.09205,2.020745,1.735406,2.753472,2.73421,2.691997,2.456018,2.389811,2.038775,1.92871,1.835787,1.858875,1.880015,1.126988,1.00512,1.029759,1.014176,1.555113,0.955841,0.972245,0.891576,0.785911,0.81021,0.768568,0.787633,0.810269,0.810214,0.930808,0.936116,0.977163,0.993767,1.109306,0.655922,0.483555,0.559156,0.488857,0.447625,0.436692,0.43126,0.56207,0.738622,0.718523,0.727533,0.845799,0.854626,0.865682,0.86726,0.974669,1.0777,1.063317,0.975964,1.118295,1.109516,1.158964,1.200234,1.375424,0.498313,0.403908,0.465932,0.67849
财务风险,保守速动比率,3.669503,3.293889,3.235801,2.99594,3.370094,3.351694,3.683511,3.82631,3.628062,4.018252,3.315357,2.495072,1.849333,1.878733,1.833251,4.271717,4.732174,3.766141,5.822387,5.641671,4.644167,5.029374,5.191138,5.454918,4.328553,3.720801,3.277427,2.941361,2.395198,2.515744,2.274057,1.712771,2.262233,2.271548,2.235637,1.970963,1.805228,1.981004,1.537389,1.376075,2.654859,2.590513,2.127144,2.159247,1.878731,1.580702,1.516265,1.402825,1.784893,1.785798,1.04345,0.949527,0.92882,0.920323,0.850469,0.877878,0.882315,0.822353,0.715859,0.751811,0.70297,0.649228,0.730445,0.751299,0.795512,0.847241,0.859775,0.879895,0.830964,0.484814,0.319186,0.403237,0.340039,0.293434,0.267281,0.303527,0.183404,0.187368,0.179604,0.19578,0.37731,0.37385,0.473508,0.485963,0.473008,0.599876,0.613429,0.580191,0.907863,0.925309,1.043982,1.048555,1.283896,0.402109,0.335417,0.390205,0.604773
财务风险,资产负债率,14.872413,14.378365,14.22866,14.126797,13.47978,13.672689,15.530073,15.042022,15.680867,14.362558,16.063236,16.787306,19.306613,19.559648,16.465372,14.873864,15.517843,18.621676,13.874249,13.988669,14.525937,15.109634,15.100841,14.11937,13.638253,15.925519,17.140415,16.021044,19.858366,21.158376,22.001607,26.94183,25.060455,25.13681,23.572552,24.871391,26.59008,28.158489,27.980534,33.169733,35.351249,35.297091,35.746381,37.200828,37.868887,41.084578,42.088238,43.1469,41.822702,40.893114,55.637795,44.322918,44.13239,46.405427,47.328093,44.732119,47.119723,48.206405,49.300044,49.7353,48.935441,49.868599,47.914319,48.129112,47.09485,50.98259,51.166614,47.827405,46.80374,61.661813,67.250265,66.878051,66.175541,67.590198,66.415973,68.3257,65.458903,64.084796,61.184153,60.415033,53.301665,55.068305,56.040785,54.42236,48.875798,51.557791,52.229235,51.5172,45.667197,44.887828,45.084988,45.690493,41.422726,63.339083,64.218654,64.783397,68.00955
财务风险,权益乘数,1.264516,1.261121,1.260402,1.265786,1.259487,1.260839,1.274772,1.278613,1.273885,1.263509,1.277095,1.270327,1.287661,1.290967,1.265288,1.243495,1.248166,1.272218,1.233414,1.231686,1.230226,1.234934,1.235426,1.249734,1.249653,1.269836,1.282057,1.345548,1.38382,1.398995,1.39029,1.416405,1.392668,1.385408,1.368173,1.470823,1.48927,1.506114,1.505015,1.615064,1.642721,1.642625,1.649083,1.757647,1.767473,1.815523,1.832052,1.914077,1.890193,1.874303,2.202737,1.940061,1.939262,1.983773,2.002978,2.058745,2.108255,2.141933,2.16948,2.143115,2.132893,2.159432,2.118675,2.157031,2.145414,2.236635,2.241843,2.513094,2.475012,3.30132,3.754889,4.16407,4.008234,4.107714,4.09449,3.437133,2.825411,2.773318,2.674154,2.444515,2.256052,2.300122,2.326368,2.21459,2.0919,2.148081,2.16576,1.976373,1.845604,1.832328,1.835746,2.118434,2.015221,2.807527,2.84206,2.97445,3.125932
财务风险,权益乘数(含少数股权的净资产),1.174707,1.167929,1.16589,1.164507,1.155799,1.158381,1.183853,1.177052,1.18597,1.167713,1.191373,1.201739,1.239258,1.243157,1.197108,1.174727,1.183681,1.228828,1.161092,1.162637,1.169945,1.177989,1.177867,1.164406,1.15792,1.189421,1.20686,1.190774,1.24779,1.268365,1.282077,1.368772,1.334408,1.335769,1.30843,1.33105,1.362213,1.391952,1.388513,1.496328,1.54682,1.545525,1.556332,1.592377,1.609499,1.697348,1.726764,1.758919,1.718883,1.69185,2.254171,1.796071,1.789945,1.86586,1.898545,1.809369,1.891064,1.93074,1.972388,1.989467,1.958305,1.994757,1.919913,1.927863,1.890175,2.040091,2.047779,1.916715,1.879831,2.608365,3.053459,3.019146,2.95644,3.085486,2.977606,3.157133,2.895102,2.784336,2.576267,2.526211,2.141404,2.2256,2.274835,2.194058,1.95602,2.064315,2.09333,2.062587,1.840508,1.814481,1.820995,1.841298,1.707146,2.7277,2.794752,2.839569,3.125932
财务风险,产权比率,18.875636,18.15101,17.941617,17.797726,16.816816,17.095844,19.849133,19.124485,19.79694,17.847711,20.376708,21.596225,25.504221,25.971574,21.032193,18.639767,19.599271,24.466514,17.100367,17.266383,17.888023,18.748407,18.753046,17.352211,16.756388,20.157193,22.09767,20.418248,26.552394,28.782592,29.717042,38.743707,35.118,34.942421,31.966499,34.332952,37.68668,40.834356,40.513651,51.818896,57.176023,57.084098,58.26605,62.056214,63.933118,73.20117,76.350821,79.841691,75.640573,72.815565,135.437326,85.364047,84.91509,93.254021,96.972037,87.499616,96.350702,101.496198,106.311271,108.588718,105.887567,110.666043,102.467032,103.45396,100.153347,117.741196,118.618436,103.508748,98.756247,196.515448,279.941804,278.506628,256.036273,274.076052,267.374646,287.99929,197.48548,186.293636,165.072899,159.791434,118.761596,127.493808,132.689727,124.328919,99.37694,110.538602,113.818176,110.647002,86.216812,83.567464,84.261804,84.681373,71.166789,175.65753,182.644176,183.956977,212.593294
财务风险,现金比率,3.072298,2.774011,2.784645,2.611689,2.895882,2.822405,3.023755,3.108453,2.882968,3.16217,2.631182,1.859695,1.620522,1.610832,1.519098,3.982962,4.377791,3.501838,5.481651,5.425117,4.424354,4.831362,4.972257,5.284613,3.815385,3.197249,2.597415,1.551472,1.145039,0.869503,0.808158,0.568151,1.086839,1.322082,1.170102,0.959398,0.881469,1.236823,0.81865,0.806844,1.730283,1.769544,1.244866,1.339738,1.136832,0.854535,0.84857,0.854106,1.115524,1.100429,0.543901,0.426513,0.309888,0.366016,0.333903,0.246295,0.271097,0.309049,0.273078,0.360052,0.330535,0.365751,0.381124,0.456919,0.497373,0.603324,0.656861,0.661252,0.628222,0.252507,0.093596,0.130526,0.094653,0.056748,0.038782,0.071033,0.017868,0.022076,0.02896,0.037186,0.196636,0.205815,0.238023,0.244178,0.258246,0.341726,0.391794,0.42844,0.617948,0.611441,0.778112,0.80074,0.946973,0.089736,0.044877,0.034668,0.008924
营运能力,应收账款周转率,4.639347,3.226105,1.903062,7.940839,5.820259,4.019059,2.314391,9.447487,6.32713,4.325233,2.207376,9.796108,6.791379,4.147111,1.785427,9.821036,6.55706,4.399525,1.8545,9.282188,5.942348,3.880109,1.861304,12.138644,10.404356,6.396571,2.643722,15.185317,9.858382,5.709444,3.224791,9.43482,5.01817,1.959567,0.699129,2.376887,1.537567,0.978644,0.43582,2.36395,1.697092,1.18159,0.650799,3.924684,2.914823,1.978325,1.019153,4.028774,2.887308,2.115815,1.055134,5.068423,3.465211,2.614498,1.179956,7.476061,5.229901,3.481578,1.690349,6.676593,4.49651,2.767516,1.165507,4.93314,3.178763,2.274562,1.071534,8.785183,6.138861,4.215092,1.257175,4.718451,3.32695,2.016761,0.899473,2.089787,2.798898,1.895831,0.962706,3.251838,2.728789,1.568161,0.682817,3.818602,3.184708,1.822556,0.832494,4.187122,2.647916,1.719066,0.850467,3.534364,2.482941,1.853242,3.131806,1.911187,1.443917
营运能力,应收账款周转天数,58.197839,55.794833,47.292186,45.335254,46.389685,44.786599,38.887103,38.10537,42.673374,41.616253,40.772381,36.749285,39.756281,43.403703,50.408093,36.65601,41.176985,40.913506,48.530576,38.783958,45.436584,46.390442,48.353181,29.657346,25.950667,28.140074,34.042908,23.70711,27.387859,31.52671,27.90878,38.156528,53.804466,91.857013,128.731474,151.458578,175.602054,183.927827,206.50686,152.287482,159.095607,152.3371,138.291424,91.72713,92.629958,90.986029,88.308624,89.357195,93.512696,85.073584,85.29719,71.028004,77.91732,68.846856,76.274016,48.153698,51.626207,51.70068,53.243433,53.91971,60.046566,65.040251,77.219555,72.975828,84.938684,79.136107,83.991717,40.978084,43.982094,42.703692,71.589072,76.296211,81.155396,89.251994,100.058496,172.266282,96.466503,94.945159,93.486474,110.706614,98.944969,114.784082,131.806825,94.275321,84.780127,98.762354,108.108885,85.9779,101.966946,104.708,105.824113,101.857074,108.741996,97.127039,114.949629,188.364549,249.321797
营运能力,存货周转率,1.537002,0.967885,0.481289,1.95205,1.510018,1.058336,0.579135,1.994755,1.487707,0.969474,0.492941,1.953546,1.388885,0.923308,0.445054,2.012999,1.687169,1.129409,0.465758,1.722036,1.352785,0.826772,0.370392,1.962858,1.412053,0.930331,0.39388,1.614741,1.305746,0.691223,0.381618,1.665191,1.252396,1.047828,0.492684,1.545883,1.07486,0.665032,0.288996,1.214892,0.921759,0.582881,0.326668,1.435444,1.050742,0.661282,0.324,1.246244,0.971003,0.673326,0.35198,1.445814,1.053958,0.710265,,1.62814,1.230099,0.749062,0.307231,1.394496,0.94587,0.619409,0.285627,1.091158,0.770598,0.463951,0.178628,1.693213,0.924652,0.930075,0.306398,1.726027,1.197369,0.77362,0.377974,0.963873,1.142329,0.808705,0.348021,1.420401,0.951454,0.525862,0.289739,1.26635,0.726186,0.483301,0.214428,0.914977,0.600669,0.38378,0.182406,0.788979,0.628096,0.460366,1.084431,1.506849,1.626744
营运能力,存货周转天数,175.66654,185.972481,186.997698,184.421411,178.805713,170.078258,155.404128,180.473255,181.487245,185.667656,182.577557,184.280233,194.400451,194.951155,202.222505,178.83762,160.031308,159.37533,193.233034,209.054765,199.588241,217.714162,242.985782,183.406004,191.210855,193.479358,228.495674,222.945923,206.778274,260.407704,235.837838,216.191286,215.586738,171.783781,182.672722,232.876465,251.195345,270.663421,311.421971,296.322615,292.918034,308.810592,275.508873,250.793377,256.961144,272.198503,277.777675,288.867843,278.062824,267.329485,255.695721,248.994555,256.177027,253.426461,295.567036,221.111129,219.494409,240.300269,292.938724,258.157741,285.451292,290.599428,315.096147,329.924441,350.376785,387.971866,503.838441,212.613502,292.001634,193.532703,293.735247,208.571368,225.494359,232.672158,238.111159,373.492933,236.359172,222.577908,258.604622,253.449544,283.77614,342.294627,310.623835,284.281489,371.805177,372.438458,419.720902,393.452457,449.498553,469.017673,493.402672,456.285868,429.869934,390.992481,331.971234,238.909086,221.300946
营运能力,总资产周转率,0.12814,0.082783,0.041721,0.184034,0.146594,0.108791,0.063477,0.245059,0.184528,0.125924,0.064184,0.275105,0.203009,0.138385,0.061433,0.246527,0.189809,0.124861,0.048184,0.187696,0.138727,0.08749,0.044103,0.390592,0.327634,0.231409,0.107967,0.775587,0.632655,0.445816,0.236749,0.758825,0.533082,0.21716,0.086182,0.280597,0.197399,0.123086,0.05443,0.250578,0.190147,0.125912,0.066987,0.347759,0.263504,0.174778,0.088048,0.365087,0.290682,0.210048,0.111588,0.547621,0.415452,0.28086,0.119695,0.692247,0.509447,0.318,0.140811,0.544702,0.383837,0.238127,0.105537,0.3814,0.27079,0.172429,0.0733,0.734268,0.486509,0.412302,0.133338,0.624257,0.435163,0.272421,0.122742,0.249035,0.261887,0.172921,0.079997,0.342988,0.278845,0.160525,0.082833,0.369173,0.252193,0.159965,0.068281,0.334951,0.251452,0.164652,0.077607,0.396324,0.310443,0.285851,0.581704,0.577212,0.54856
营运能力,总资产周转天数,2107.055768,2174.334235,2157.172828,1956.158088,1841.820697,1654.540833,1417.832819,1469.028572,1463.188502,1429.429321,1402.19804,1308.590053,1329.987729,1300.716574,1465.00144,1460.285326,1422.482447,1441.59902,1867.831374,1917.989335,1946.26202,2057.365407,2040.671833,921.677599,824.08889,777.842403,833.581647,464.164551,426.772846,403.753964,380.148803,474.417288,506.488329,828.87923,1044.297488,1282.977015,1367.782057,1462.381669,1653.479279,1436.673471,1419.948402,1429.563125,1343.537045,1035.197915,1024.649397,1029.875025,1022.162883,986.065779,928.849567,856.94549,806.53491,657.388367,649.893306,640.88703,751.90497,520.045203,529.985725,566.037422,639.1504,660.91082,703.423326,755.897799,852.779221,943.890422,997.079724,1043.905533,1227.817135,490.283586,554.974171,436.57248,674.972439,576.685518,620.457005,660.739712,733.241891,1445.578394,1030.977681,1040.937542,1125.034711,1049.598196,968.278927,1121.318629,1086.513724,975.150341,1070.608208,1125.24245,1318.074157,1074.7822,1073.762745,1093.208921,1159.674618,908.34702,869.723241,629.696744,618.871332,623.68753,656.263227
营运能力,流动资产周转率,0.279673,0.183591,0.093417,0.38705,0.300994,0.222477,0.127899,0.511452,0.377658,0.26194,0.132871,0.490031,0.362117,0.246002,0.111966,0.364957,0.281455,0.184704,0.07046,0.258243,0.189445,0.113843,0.05711,0.498422,0.406434,0.286938,0.134522,0.977358,0.807891,0.570463,0.29604,1.029883,0.765883,0.330943,0.132618,0.42652,0.297876,0.18666,0.083497,0.373497,0.28343,0.187378,0.099847,0.510112,0.38522,0.253784,0.128066,0.54581,0.428918,0.310465,0.169756,0.811423,0.617025,0.412202,0.177217,1.054522,0.764275,0.482387,0.216224,0.846685,0.598933,0.369017,0.164718,0.568545,0.39751,0.246487,0.103413,1.122459,0.705553,0.67503,0.223943,1.125252,0.814315,0.504995,0.236298,0.434316,0.443401,0.274794,0.127162,0.53044,0.41853,0.237573,0.122552,0.527924,0.350452,0.219638,0.093872,0.448155,0.333252,0.218162,0.100553,0.527911,0.415471,0.393266,0.851692,0.863225,0.787001
营运能力,流动资产周转天数,965.411682,980.435897,963.416898,930.111255,897.026151,809.071507,703.679983,703.877713,714.931798,687.178862,677.344288,734.647258,745.613919,731.699553,803.809724,986.417201,959.299567,974.528605,1277.306874,1394.031257,1425.212474,1581.120955,1575.899199,722.278517,664.313167,627.311255,669.034572,368.339626,334.203366,315.532674,304.012637,349.554207,352.53396,543.898927,678.64002,844.039391,906.416548,964.316939,1077.878341,963.860934,952.615898,960.620784,901.376336,705.726809,700.897696,709.264365,702.759079,659.569889,629.490742,579.773888,530.171353,443.66477,437.58321,436.678809,507.850485,341.386692,353.275859,373.144341,416.233942,425.187255,450.801308,487.781114,546.388151,633.195081,679.226912,730.260352,870.289665,320.724161,382.678284,266.654481,401.887843,319.928112,331.566748,356.438696,380.874411,828.8889,608.92886,655.035057,707.754234,678.680854,645.114224,757.658767,734.382113,681.915812,770.433494,819.52969,958.749562,803.292293,810.196521,825.072348,895.047118,681.932024,649.863323,457.704614,422.687866,417.04061,457.432206
营运能力,应付账款周转率,5.882661,3.703474,1.768755,6.664228,5.222997,3.543626,1.97413,7.739444,6.258131,4.056833,1.948057,9.55842,7.161465,5.077279,2.410857,9.042745,6.916343,4.516401,2.161649,6.990929,5.723238,3.577317,1.868494,9.439072,8.209154,4.879651,,10.730147,,5.170962,2.410689,6.942738,4.610524,2.914758,1.434108,3.957787,3.121394,2.048759,0.817519,4.448326,3.321315,2.261069,1.059184,5.482867,4.315435,2.578053,1.333168,6.151152,5.079289,3.53796,1.903551,7.674391,5.374776,3.776036,-3.512776,8.675306,6.4635,4.107436,2.067388,6.541826,4.396706,2.636339,1.123442,4.358333,3.259364,2.256043,1.075187,9.525171,6.016753,4.787936,2.033938,5.43665,3.450434,2.170219,0.717136,3.727848,3.115301,2.224996,1.553003,4.233873,4.022359,2.236407,1.119478,3.333387,2.783327,1.772394,0.74546,2.713479,2.845566,1.74834,0.896919,3.115631,2.391114,1.544371,3.520548,2.088891,2.403034
