选项,指标,20260331,20251231,20250930,20250630,20250331,20241231,20240930,20240630,20240331,20231231,20230930,20230630,20230331,20221231,20220930,20220630,20220331,20211231,20210930,20210630,20210331,20201231,20200930,20200630,20200331,20191231,20190930,20190630,20190331,20181231,20180930,20180630,20180331,20171231,20170930,20170630,20170331,20161231,20160930,20160630,20160331,20151231,20150930,20150630,20150331,20141231,20140930,20140630,20140331,20131231,20130930,20130630,20130331,20121231,20120930,20120630,20120331,20111231,20110930,20110630,20110331,20101231,20100930,20100630,20100331,20091231,20090930,20090630,20090331,20081231,20080331,20071231,20061231,20051231
常用指标,归母净利润,126999673.55,463513959.05,436355773.35,241506462.69,111020933.33,431841438.56,414375757.65,213016110.28,108813169.07,430650666.05,349112095.86,189782604.57,81350570.58,403139743.63,315696827.06,165036773.47,78118788.94,394477546.92,297385326.9,124495012.73,71882423.38,337212903.02,291579386.16,91776603.91,2247110.78,498426771.55,322760522.17,169649759.12,15706219.59,481502347.86,293129175.9,97147480.13,-144465893.34,720369830.39,435241588.33,400007104.86,20913765.49,358316191.39,124888439.49,124556122.64,-61514446.39,93876039.04,-1224277872.87,-906961243.0,-298102248.53,-7897527527.73,-1417573017.86,-936654376.64,-298093589.11,-3207480789.34,-1498983900.68,-986504582.4,-304450560.81,-2889052775.02,-997298311.75,-397023874.61,-151394376.34,-140117107.01,81669897.69,81782737.32,15508362.99,279787492.92,158456839.98,102543275.65,27304766.05,380249876.11,198609790.32,101702890.46,22123586.09,346661495.89,91630164.95,410557278.02,106761910.41,6457510.84
常用指标,营业总收入,3586502154.46,13875466951.01,10216676207.47,7073411275.32,3480799196.74,12674262655.33,8950933037.34,6248015489.6,2871039287.24,11258048655.79,8129023728.21,5917937677.78,2573163251.08,9655188240.87,6792442479.79,4271984704.29,2082593289.16,9508218107.33,6527915498.7,4529916879.35,2056828517.56,8824448386.89,5721877562.41,3673400031.2,1825719896.32,9265430253.72,6145126953.75,4512136113.73,1889061952.0,9522792198.39,6623118761.49,4823068966.31,1919723141.08,7187048059.8,2096443411.04,1164887136.72,530878192.22,3301973252.74,2259346019.73,1601080467.37,910609298.61,2512060396.46,1826058935.66,1181469853.89,451064534.17,3906898501.9,2971864192.7,1937708222.48,794409332.46,4897552573.78,3911726497.71,2947107559.06,1357119700.99,3988426294.77,2910383819.96,1877725683.0,632489363.33,7220342143.13,5055412418.79,3231923623.69,1257148308.95,6724976239.2,4555807831.65,3021807589.4,1395632144.36,7554826368.38,5430763092.2,3562842312.14,1761483265.26,7497994630.74,1297387624.27,5460528694.27,4160855224.87,3017919803.99
常用指标,营业成本,3458994174.97,12972595330.83,9638423196.17,6732906735.57,3352055893.03,11945766649.43,8425654800.34,5927146426.67,2792279966.39,10631115754.01,7665663240.87,5628337325.63,2479456102.01,9158615391.82,6354835019.5,4000496519.74,2012372042.68,9102903997.4,6178510673.56,4373573775.1,2044388288.69,8487401143.54,5400762251.06,3584439673.58,1864021130.41,8622216635.62,5732816335.24,4303720744.33,1880630201.64,8807261383.09,6257412314.49,4660533672.09,2043156882.3,7001799873.48,1696444140.82,787534713.19,513137704.9,3124432982.87,2373503998.7,1687000339.52,974157649.34,5533723219.19,3081161296.4,2096815706.85,750844905.74,11588814696.12,4399940776.01,2885307476.24,1100442597.67,7942445548.73,5414408309.29,3937152941.92,1659184240.11,6775526553.78,3916929655.05,2282239641.03,784401951.85,7519764437.83,4998960409.69,3153853646.55,1250313680.17,6485883455.43,4378295818.21,2901961258.44,1357244040.44,7257941215.14,5233881520.56,3459349991.62,1733113024.41,7059876451.35,1208268471.87,5084483326.21,4008005786.5,2996214370.24
常用指标,净利润,134941947.43,498494908.51,474974100.86,256524700.24,117550598.9,467222084.42,447813374.19,225433311.92,113842520.4,441616403.69,377265815.87,201292901.42,83836960.51,432364410.28,346222369.3,179264501.83,79292123.0,419856346.2,314132355.49,130627116.35,72593348.9,352563394.42,303124126.14,91119981.96,340633.12,515238935.15,336727461.47,167766159.77,12807729.12,507639449.93,317321305.64,109486517.73,-143909046.33,739834202.43,435241588.33,400007104.86,20913765.49,358316191.39,124888439.49,124556122.64,-61514446.39,93792516.96,-1224277872.87,-906961243.0,-298102248.53,-7897660831.52,-1417617008.82,-936698627.1,-298125722.31,-3207534724.91,-1499018138.78,-986511058.44,-304540127.03,-2888982363.52,-996817918.95,-396592450.23,-151203154.29,-138730975.79,83010659.43,82511355.8,15395407.07,279796931.74,158810372.83,102887586.85,27342327.08,380032784.94,198330915.23,101453733.63,22028907.34,346672977.66,91884383.87,411246061.81,107395069.16,6908237.48
常用指标,扣非净利润,122729933.58,415772190.77,417874416.07,231253203.22,105686356.63,321117869.43,374249859.49,181896826.49,92006458.44,305490611.02,290424982.69,142088754.64,80336596.59,198750008.7,226825952.71,81487091.92,64101487.19,200823901.23,192278513.07,30966703.05,-1648511.61,85888389.31,224401904.88,18787170.59,-32580029.36,95820400.0,235936507.86,89714848.37,6047188.67,393399500.0,309727833.2,116051061.24,-125787848.39,75134048.22,52928125.67,6928559.01,17454095.41,70428083.4,-103085270.38,-87169264.06,-63827628.11,-3245965759.69,-1255873053.68,-916485936.72,-299786160.65,-6566795056.23,-1429794198.51,-948324281.08,-306556912.14,-3091742977.34,-1509557656.71,-996468700.58,-304198447.66,-2833820523.33,-1009233896.28,-403215516.81,-156108677.97,-242205345.22,33906331.81,52968972.02,5614125.17,191381190.37,149358103.93,92906135.45,-92686666.21,260258443.85,,56917315.5,,387461268.03,,331205441.64,107054644.58,
常用指标,股东权益合计(净资产),15564567192.98,15511750855.65,15477890037.59,15308526169.6,15175693774.53,15054897359.65,14934168223.9,14781788120.22,14652718058.47,14529322413.78,14510176717.54,14354929505.2,14074554944.85,14030545715.82,13943681291.73,13654657741.97,13389568592.04,13423518104.13,13487636792.1,13307864524.25,13270474091.5,13199457272.23,13124019296.14,13016681218.52,,12898377061.97,12750389809.42,12521035973.12,12037759251.26,12063730959.17,4856385822.31,4565382121.23,4226975208.85,4448071384.5,1179336430.69,1142629362.59,771377398.81,749546241.24,516070272.59,513933408.4,334981735.45,393600654.7,-7296421580.71,-6974549330.99,-6373582852.84,-6075787369.97,404242802.74,883204983.25,1519752174.74,1817411772.03,3518191105.93,4032417935.34,4713249436.05,5017169269.29,4423147129.18,5023717233.88,5268789950.74,5419750092.48,5669768456.01,5665410263.68,5687366504.36,5647879577.34,5542769793.03,5485640781.12,5411675765.69,2892400593.42,,2612180323.71,,2501492703.19,2203518787.96,2296970900.87,1435868889.01,1116303219.63
常用指标,商誉,,,,,,,,,,,,,,,,,,,,,,,,,,,,,,,,,,,,,,,,,,,,,,,,,,,,,,,,,,,,,,,,,,,,,,,,,,
常用指标,经营现金流量净额,-1662348098.57,1000015909.71,128128444.69,442648219.68,-490197413.26,1726546631.05,535769863.2,68029501.03,-276355108.07,719741210.88,-276552232.96,-520723720.35,-85935420.62,1489688587.74,211134430.18,-617132098.76,-920493323.33,596870486.56,200602938.61,-15169108.89,-108109096.37,-1118033131.38,-788638590.43,-713069929.07,-522394470.99,-369461900.05,-836255865.95,-722639131.73,-484152081.89,1002218786.48,406577668.97,-749255093.91,-738110016.4,203443892.02,-303098667.32,-193967679.13,-308559712.76,102184676.95,-152449543.95,25879308.79,-51314657.49,-1977847756.03,-1421533506.4,-851753604.38,-713272560.53,-910365364.26,-333624515.19,-118763241.65,-175935718.86,-572640840.36,-1118800850.4,-679410152.99,-477692765.02,-1599464427.69,-1571227992.83,-860462581.17,-750483387.51,-1905454738.64,-1540692893.53,-1029893610.92,-490889502.38,-405890002.11,-886877202.45,-711795064.74,-476385290.1,104346804.64,-281445625.92,-1086870308.25,-1027846738.36,48897543.34,-186030362.45,369396169.12,163022210.02,29081701.37
常用指标,基本每股收益,0.0176,0.0643,0.0605,0.0335,0.0154,0.0599,0.0574,0.0295,0.0151,0.0597,0.0484,0.0263,0.0113,0.0558,0.0437,0.0228,0.0107,0.0543,0.0409,0.0171,0.0099,0.0464,0.0401,0.0126,0.0003,0.0686,0.0463,0.0233,0.0022,0.0913,0.0556,0.0184,-0.0274,0.1366,0.1312,0.1206,0.0065,0.108,0.0375,0.0376,-0.0185,0.0283,-0.5331,-0.3925,-0.13,-3.4435,-0.6181,-0.4084,-0.13,-1.3985,-0.6536,-0.4301,-0.13275,-1.7095,-0.5901,-0.2349,-0.089,-0.0829,0.0483,0.0484,0.0092,0.168,0.0956,0.0625,0.0172,0.2594,,0.0732,,0.2494,,0.2924,0.0846,0.0056
常用指标,每股净资产,2.06243,2.05621,2.051532,2.028269,2.011223,1.995285,1.980074,1.960585,1.943963,1.927646,1.922173,1.902298,1.866436,1.860251,1.848188,1.810909,1.777082,1.768534,1.777676,1.754099,1.749513,1.739828,1.729227,1.715035,,1.698395,1.678749,1.64999,1.590777,1.593469,0.836798,0.7851,0.72415,1.217032,0.355615,0.344546,0.232599,0.226016,0.155614,0.15497,0.101009,0.118685,-3.181417,-3.041073,-2.779349,-2.649503,0.175926,0.384765,0.66231,0.792083,1.533674,1.757877,2.054773,2.18725,2.581693,2.937089,3.082244,3.171683,3.320005,3.317788,3.331278,3.319463,3.245447,3.211649,3.168064,2.039418,,1.837843,,1.763838,1.582453,1.649752,1.134755,0.958039
常用指标,每股现金流,-0.230447,0.13863,0.017762,0.061363,-0.067955,0.239347,0.074272,0.00943,-0.03831,0.099776,-0.038337,-0.072186,-0.011913,0.206512,0.029269,-0.085551,-0.127606,0.08212,0.027599,-0.002087,-0.014874,-0.153823,-0.108504,-0.098107,-0.071873,-0.050832,-0.115055,-0.099423,-0.066611,0.137889,0.077086,-0.142057,-0.139944,0.061346,-0.091395,-0.058488,-0.093042,0.030812,-0.045969,0.007803,-0.015473,-0.596396,-0.619823,-0.371385,-0.311004,-0.396941,-0.145468,-0.051783,-0.076712,-0.249685,-0.487824,-0.296239,-0.208285,-0.697405,-0.92972,-0.509149,-0.444073,-1.127488,-0.911652,-0.609404,-0.290467,-0.240171,-0.524779,-0.42118,-0.281884,0.075069,,-0.781921,,0.035178,-0.133834,0.265752,0.129116,0.025014
常用指标,净资产收益率(ROE),0.86,3.1723,2.99,1.66,0.77,3.05,2.94,1.52,0.78,3.15,2.56,1.4,0.6,3.07,2.44,1.28,0.59,3.07,2.33,0.98,0.55,2.69,2.34,0.74,0.02,4.14,2.71,1.45,0.14,12.62,6.94,2.38,-3.68,46.03,45.13,42.28,2.75,62.56,13.69,27.32,-45.0,,,,,,-127.7047,-69.41,-17.87,-93.97,-35.1307,-21.81,-6.259,-73.78,-20.5138,-7.69,-2.83,-2.54,1.45,1.45,0.28,5.34,3.09,2.07,0.61,13.7,,4.06,,14.88,,22.02,8.86,0.63
常用指标,总资产报酬率(ROA),0.466622,2.125619,1.703531,0.935816,0.422289,1.848765,1.651081,0.910778,0.414287,1.897473,1.495247,0.805939,0.360091,1.719391,1.357737,0.729288,0.337602,1.925553,1.434353,0.655098,0.336071,1.794129,1.433769,0.582168,,2.62301,1.545583,0.872602,0.14093,2.880371,2.159886,1.085322,-0.220473,5.397376,3.880909,3.615314,0.405589,4.194569,2.098447,1.696934,-0.022867,6.268717,-4.029773,-3.348803,-0.592143,-40.678829,-4.631352,-2.895145,-0.686911,-12.043444,-4.814462,-3.045324,-0.774814,-9.973613,-2.8891,-0.758018,-0.156306,1.33979,1.546893,1.128678,0.367497,2.711569,1.8753,1.336028,0.525809,3.792946,,1.584007,,4.651095,1.321522,6.476777,3.740143,1.198958
常用指标,毛利率,12.455199,15.985915,15.312856,13.309445,12.24894,15.111404,16.218882,14.355075,10.925812,16.804439,13.04613,10.25866,10.409426,14.353939,13.553867,13.461927,11.163792,15.52226,13.942825,12.047092,10.500214,14.961248,13.476502,11.947225,8.850608,15.658247,15.501145,13.396086,11.016623,17.553038,17.732547,15.175786,9.751397,17.740939,15.188603,17.134365,8.689519,17.549943,13.821873,11.222862,9.680787,-8.615626,-7.445721,-8.105865,-2.898513,-27.09517,-12.617112,-11.771509,-4.339144,-17.314129,-11.578844,-10.331956,-3.790042,-24.7281,-7.348755,4.205935,10.374115,15.453002,15.593899,16.809174,18.530661,19.034439,19.534208,19.571232,17.939669,18.477448,17.280483,16.264221,13.879799,17.869835,20.350672,21.070738,20.134317,18.174672
常用指标,销售净利率,3.762494,3.592635,4.649008,3.626605,3.377115,3.686384,5.002979,3.608078,3.965202,3.922672,4.640973,3.401402,3.258128,4.478052,5.09717,4.196281,3.807374,4.41572,4.812138,2.883653,3.529382,3.995302,5.297633,2.480535,0.018657,5.560874,5.479585,3.718109,0.677994,5.330783,4.791116,2.270059,-7.496343,10.293992,20.76095,34.3387,3.939465,10.851577,5.527636,7.779504,-6.755306,3.733688,-67.044817,-76.7655,-66.088602,-202.146557,-47.701271,-48.34054,-37.527973,-65.492604,-38.321138,-33.473873,-22.440181,-72.434141,-34.250393,-21.120893,-23.906039,-1.92139,1.642015,2.55301,1.224629,4.160563,3.485888,3.404835,1.959135,4.77047,3.651989,2.84755,1.250588,4.623542,7.138118,7.531249,2.581081,0.228907
常用指标,期间费用率,8.687828,8.812094,9.104605,7.890143,8.377675,8.545725,9.595238,8.417514,7.854087,10.392565,6.646689,4.592147,6.53491,8.270035,6.370848,6.19825,7.583633,10.469964,7.934902,7.886898,9.757169,10.285987,7.145479,8.497342,10.62208,7.844509,7.840187,7.681942,9.806644,9.209539,10.759869,10.53589,15.628538,14.214252,19.421248,23.635849,23.447129,20.415225,21.743274,22.127877,16.653,67.588515,53.236545,56.985873,63.515637,63.639112,32.372257,32.499181,34.049309,32.353833,25.284021,21.285372,18.208575,36.384271,26.356275,24.541431,33.85056,17.652058,13.726349,13.860843,17.70836,13.927491,14.094401,13.795807,14.981944,13.084559,12.50742,11.919077,11.930679,11.529121,12.942983,13.184975,16.097802,16.676683
常用指标,资产负债率,53.985942,54.458774,55.081615,54.909229,54.206112,54.557602,53.02882,52.313962,52.266187,51.685731,50.63133,50.261115,50.946328,50.627007,52.197672,52.211158,52.578779,52.247318,51.821956,50.413199,52.028604,51.963497,52.110438,52.774249,,53.593215,54.906319,54.438008,56.612018,57.569119,81.183558,81.657232,82.02892,81.595197,91.722646,91.825143,94.187882,94.335515,96.202419,96.219288,97.533224,97.152218,150.068092,147.118221,141.632751,139.852509,97.931208,95.440425,92.354433,90.869816,83.446289,81.6466,79.474874,76.777931,80.833046,77.965157,77.253971,76.259142,74.155564,73.306167,72.077193,72.798989,72.097453,72.247037,72.252719,83.721038,,83.781999,,83.612441,79.706488,77.224241,80.6148,81.44773
每股指标,基本每股收益,0.0176,0.0643,0.0605,0.0335,0.0154,0.0599,0.0574,0.0295,0.0151,0.0597,0.0484,0.0263,0.0113,0.0558,0.0437,0.0228,0.0107,0.0543,0.0409,0.0171,0.0099,0.0464,0.0401,0.0126,0.0003,0.0686,0.0463,0.0233,0.0022,0.0913,0.0556,0.0184,-0.0274,0.1366,0.1312,0.1206,0.0065,0.108,0.0375,0.0376,-0.0185,0.0283,-0.5331,-0.3925,-0.13,-3.4435,-0.6181,-0.4084,-0.13,-1.3985,-0.6536,-0.4301,-0.13275,-1.7095,-0.5901,-0.2349,-0.089,-0.0829,0.0483,0.0484,0.0092,0.168,0.0956,0.0625,0.0172,0.2594,,0.0732,,0.2494,,0.2924,0.0846,0.0056
每股指标,稀释每股收益,0.0176,0.0643,0.0605,0.0335,0.0154,0.0599,0.0574,0.0295,0.0151,0.0597,0.0484,0.0263,0.0113,0.0558,0.0437,0.0228,0.0107,0.0543,0.0409,0.0171,0.0099,0.0464,0.0401,0.0126,0.0003,0.0686,0.0463,0.0233,0.0022,0.0913,0.0556,0.0184,-0.0274,0.1366,0.1312,0.1206,0.0065,0.108,0.0375,0.0376,-0.0185,0.0283,-0.5331,-0.3925,-0.13,-3.4435,-0.6181,-0.4084,-0.13,-1.3985,-0.6536,-0.4301,-0.13275,-1.7095,-0.5901,-0.2349,-0.089,-0.0829,0.0483,0.0484,0.0092,0.168,0.0956,0.0625,0.0172,0.2594,,0.0732,,0.2494,,0.2924,0.0846,0.0056
每股指标,摊薄每股收益_最新股数,0.017605,0.064255,0.060491,0.033479,0.01539,0.059865,0.057444,0.029529,0.015084,0.0597,0.048396,0.026309,0.011277,0.055886,0.043764,0.022878,0.010829,0.054685,0.041225,0.017258,0.009964,0.046747,0.040421,0.012722,0.000311,0.069095,0.044743,0.023518,0.002177,0.066749,0.040635,0.013467,-0.020027,0.099863,0.060336,0.055452,0.002899,0.049672,0.017313,0.017266,-0.008527,0.013013,-0.169719,-0.12573,-0.041325,-1.094817,-0.196515,-0.129846,-0.041324,-0.444646,-0.2078,-0.136757,-0.042205,-0.400503,-0.138253,-0.055038,-0.020987,-0.019424,0.011321,0.011337,0.002149,0.038786,0.021966,0.014215,0.003785,0.049991,0.027532,0.014098,0.003066,0.048056,0.012702,0.056914,0.0148,0.000895
每股指标,摊薄每股净资产_期末股数,2.06243,2.05621,2.051532,2.028269,2.011223,1.995285,1.980074,1.960585,1.943963,1.927646,1.922173,1.902298,1.866436,1.860251,1.848188,1.810909,1.777082,1.768534,1.777676,1.754099,1.749513,1.739828,1.729227,1.715035,,1.698395,1.678749,1.64999,1.590777,1.593469,0.836798,0.7851,0.72415,1.217032,0.355615,0.344546,0.232599,0.226016,0.155614,0.15497,0.101009,0.118685,-3.181417,-3.041073,-2.779349,-2.649503,0.175926,0.384765,0.66231,0.792083,1.533674,1.757877,2.054773,2.18725,2.581693,2.937089,3.082244,3.171683,3.320005,3.317788,3.331278,3.319463,3.245447,3.211649,3.168064,2.039418,,1.837843,,1.763838,1.582453,1.649752,1.134755,0.958039
每股指标,调整每股净资产_期末股数,1.308218,1.305021,1.315091,1.300783,1.318149,1.320521,1.350615,1.340406,1.357519,1.361351,1.383602,1.369806,1.377255,1.36995,1.375128,1.350448,1.345463,1.336302,1.334662,1.307965,1.296061,1.282538,1.254934,1.217873,,1.19832,1.174708,1.154528,1.103903,1.094443,0.14743,0.116649,0.076481,0.14289,0.259243,0.249769,0.138465,0.129667,0.046841,0.043706,-0.080248,-0.06536,-3.446779,-3.310486,-3.053533,-2.927162,-0.108774,0.096588,0.370369,0.496618,1.234566,1.454933,1.748035,1.876688,2.209931,2.584053,2.729052,2.814279,2.984905,2.978469,2.988261,2.97259,2.900561,2.861883,2.875893,1.680768,,1.473025,,1.397576,1.190043,1.251449,0.855008,0.616756
每股指标,每股净资产_最新股数,2.06243,2.05621,2.051532,2.028269,2.011223,1.995285,1.980074,1.960585,1.943963,1.927646,1.922173,1.902298,1.866436,1.860251,1.848188,1.810909,1.777082,1.781947,1.791158,1.767402,1.762782,1.753023,1.742342,1.728042,,1.711276,1.69148,1.662503,1.602842,1.605554,0.611837,0.574037,0.529472,0.559512,0.163488,0.1584,0.106934,0.103908,0.071541,0.071245,0.046437,0.054564,-1.011487,-0.966867,-0.883655,-0.842372,0.055933,0.12233,0.210572,0.251831,0.48761,0.558892,0.653286,0.695405,0.604842,0.688104,0.722111,0.743065,0.777814,0.777295,0.780455,0.777687,0.760347,0.752428,0.742217,0.392981,,0.354139,,0.339878,0.304927,0.317895,0.198618,0.154406
每股指标,每股经营现金流,-0.230447,0.13863,0.017762,0.061363,-0.067955,0.239347,0.074272,0.00943,-0.03831,0.099776,-0.038337,-0.072186,-0.011913,0.206512,0.029269,-0.085551,-0.127606,0.08212,0.027599,-0.002087,-0.014874,-0.153823,-0.108504,-0.098107,-0.071873,-0.050832,-0.115055,-0.099423,-0.066611,0.137889,0.077086,-0.142057,-0.139944,0.061346,-0.091395,-0.058488,-0.093042,0.030812,-0.045969,0.007803,-0.015473,-0.596396,-0.619823,-0.371385,-0.311004,-0.396941,-0.145468,-0.051783,-0.076712,-0.249685,-0.487824,-0.296239,-0.208285,-0.697405,-0.92972,-0.509149,-0.444073,-1.127488,-0.911652,-0.609404,-0.290467,-0.240171,-0.524779,-0.42118,-0.281884,0.075069,,-0.781921,,0.035178,-0.133834,0.265752,0.129116,0.025014
每股指标,每股现金流量净额,-0.262184,0.10134,-0.016537,0.005732,-0.097471,0.062987,-0.078166,-0.101414,-0.096061,0.015265,-0.080258,-0.086863,-0.040063,0.067511,-0.063605,-0.171776,-0.195917,-0.022544,-0.098641,-0.120136,-0.089658,-0.149838,-0.179961,-0.148051,-0.127888,-0.146222,-0.221886,-0.19994,-0.146098,0.408785,-0.120757,-0.286183,-0.308147,-0.140181,-0.123465,-0.077296,-0.104661,1.015204,0.891867,0.958866,0.012117,0.026854,-0.013602,-0.000931,-0.0369,-0.15131,-0.195663,-0.174527,-0.12308,-0.478871,-0.355677,0.135567,0.374666,-0.311741,-0.337486,-0.351005,-0.305718,-0.493456,-0.674725,-0.40114,-0.556175,0.320774,-0.027357,0.249229,0.437833,-0.123296,,-0.580798,,1.046971,-0.284242,0.371308,0.242347,0.09709
每股指标,每股企业自由现金流量,,-0.030568,,0.040345,,0.063728,,0.03656,,0.046502,,0.029728,,0.053617,,0.036567,,0.110483,,0.040619,,0.060574,,0.03499,,,,0.020914,,,,0.032356,,,,0.108512,,-0.673372,,-0.535552,,-1.149258,,0.285274,,0.068875,,0.318551,,1.113596,,0.301372,,-0.4072,,0.30993,,0.312168,,-0.130978,,-2.109352,,-1.294945,,-0.810003,,-0.699916,,-1.018957,,0.056675,0.035622,-0.408561
每股指标,每股股东自由现金流量,,0.066594,,0.050304,,0.022765,,-0.021001,,0.044028,,0.029913,,-0.012766,,-0.032253,,0.030681,,-0.07999,,0.055567,,-0.03611,,,,-0.054805,,,,-0.086741,,,,0.10837,,-0.622613,,-0.334034,,-0.451882,,0.705621,,0.471268,,0.200434,,1.380678,,0.936986,,0.087969,,0.869298,,1.944126,,0.549125,,-2.059068,,-1.565142,,0.566329,,0.191103,,0.680095,,0.646689,0.552814,0.022221
每股指标,每股未分配利润,-1.058392,-1.075998,-1.079763,-1.106775,-1.124864,-1.140254,-1.142675,-1.170589,-1.185035,-1.200119,-1.211423,-1.233123,-1.248155,-1.259433,-1.271435,-1.292321,-1.308493,-1.3053,-1.318658,-1.342445,-1.350831,-1.360721,-1.367,-1.394493,,-1.407117,-1.431601,-1.452667,-1.476283,-1.478444,-2.073092,-2.11025,-2.15606,-3.38544,-3.752006,-3.762631,-3.876942,-3.883248,-3.953635,-3.953736,-4.009339,-3.991294,-6.346159,-6.207801,-5.942324,-5.812344,-2.986925,-2.777233,-2.498805,-2.368829,-1.623882,-1.400429,-1.103037,-0.970289,-0.197369,0.157822,0.303164,0.392747,0.529597,0.529664,0.545288,0.536111,0.471497,0.441721,0.403269,0.470662,,0.290307,,0.224457,0.06592,0.131182,0.033728,-0.044654
每股指标,每股资本公积金,2.052576,2.052576,2.052124,2.052124,2.052124,2.052124,2.052124,2.052124,2.052124,2.052124,2.052124,2.052124,2.052124,2.052124,2.052124,2.052124,2.052124,2.056676,2.056676,2.056676,2.056676,2.056676,2.040949,2.040949,,2.040949,2.040949,2.040949,2.040949,2.040949,1.865147,1.865148,1.865148,3.560139,3.067399,3.067399,3.067399,3.067399,3.067399,3.067399,3.067399,3.067399,2.102063,2.102063,2.102063,2.102063,2.103494,2.103138,2.103677,2.103459,2.10335,2.103718,2.103244,2.102966,1.709112,1.709316,1.709129,1.708985,1.714455,1.712172,1.714877,1.712238,1.710016,1.709303,1.710238,0.502424,,0.501243,,0.500405,0.502496,0.504533,0.093002,0.000228
每股指标,每股盈余公积金,0.016388,0.016388,0.016388,0.016388,0.016388,0.016388,0.016388,0.016388,0.016388,0.016388,0.016388,0.016388,0.016388,0.016388,0.016388,0.016388,0.016388,0.016264,0.016264,0.016264,0.016264,0.016264,0.016264,0.016264,,0.016264,0.016264,0.016264,0.016264,0.016264,0.022413,0.022413,0.022413,0.035646,0.035646,0.035646,0.035646,0.035646,0.035646,0.035646,0.035646,0.035646,0.051545,0.051545,0.051545,0.051545,0.051545,0.051545,0.051545,0.051545,0.051545,0.051545,0.051545,0.051545,0.06995,0.06995,0.06995,0.06995,0.075951,0.075951,0.071112,0.071112,0.063933,0.060624,0.054557,0.066331,,0.046292,,0.038975,0.014036,0.014036,0.008023,0.002465
每股指标,每股留存收益,-1.042004,-1.05961,-1.063375,-1.090386,-1.108475,-1.123866,-1.126287,-1.154201,-1.168647,-1.183731,-1.195035,-1.216735,-1.231767,-1.243044,-1.255047,-1.275933,-1.292105,-1.289035,-1.302394,-1.326181,-1.334567,-1.344457,-1.350735,-1.378229,,-1.390852,-1.415337,-1.436402,-1.460019,-1.46218,-2.050679,-2.087837,-2.133646,-3.349793,-3.716359,-3.726984,-3.841295,-3.847601,-3.917988,-3.918089,-3.973692,-3.955647,-6.294613,-6.156255,-5.890778,-5.760798,-2.93538,-2.725688,-2.447259,-2.317283,-1.572337,-1.348883,-1.051491,-0.918743,-0.127419,0.227772,0.373115,0.462698,0.605549,0.605616,0.6164,0.607224,0.535431,0.502346,0.457826,0.536993,,0.3366,,0.263432,0.079957,0.145218,0.041752,-0.042188
每股指标,每股营业收入,0.497189,1.923526,1.416316,0.980572,0.482535,1.757006,1.240848,0.866149,0.398006,1.560679,1.126909,0.820391,0.356712,1.338478,0.941621,0.592216,0.288705,1.308182,0.898139,0.623246,0.282987,1.214106,0.787241,0.505402,0.25119,1.274779,0.845473,0.620799,0.259905,1.310188,1.255735,0.914448,0.363977,2.16717,0.632158,0.351258,0.16008,0.995671,0.681279,0.482787,0.274583,0.757482,0.796206,0.515149,0.196675,1.703503,1.295805,0.844888,0.346381,2.135452,1.705608,1.28501,0.591737,1.739051,1.72212,1.11108,0.374254,4.272391,2.991368,1.91238,0.743874,3.979275,2.695744,1.788051,0.825817,5.435126,,2.563195,,5.39424,0.926068,3.928437,3.295465,2.595836
每股指标,每股营业总收入,0.497189,1.923526,1.416316,0.980572,0.482535,1.757006,1.240848,0.866149,0.398006,1.560679,1.126909,0.820391,0.356712,1.338478,0.941621,0.592216,0.288705,1.308182,0.898139,0.623246,0.282987,1.214106,0.787241,0.505402,0.25119,1.274779,0.845473,0.620799,0.259905,1.310188,1.255735,0.914448,0.363977,2.16717,0.632158,0.351258,0.16008,0.995671,0.681279,0.482787,0.274583,0.757482,0.796206,0.515149,0.196675,1.703503,1.295805,0.844888,0.346381,2.135452,1.705608,1.28501,0.591737,1.739051,1.72212,1.11108,0.374254,4.272391,2.991368,1.91238,0.743874,3.979275,2.695744,1.788051,0.825817,5.435126,,2.563195,,5.39424,0.933372,3.928437,3.295465,2.595836
每股指标,每股息税前利润,0.021956,0.098995,0.079806,0.043511,0.019397,0.08099,0.070802,0.038553,0.01745,0.076926,0.059914,0.031997,0.014254,0.067368,0.053906,0.028653,0.013185,0.073634,0.054736,0.024477,0.012748,0.068218,0.054443,0.022169,0.004431,0.101455,0.060293,0.033563,0.005446,0.104224,0.102331,0.050474,-0.009967,0.304348,0.160792,0.148314,0.016207,0.17109,0.086722,0.070139,-0.000944,0.27472,-0.261968,-0.219373,-0.039444,-3.117379,-0.398278,-0.2479,-0.059577,-1.089912,-0.449846,-0.289309,-0.075284,-0.966158,-0.392385,-0.102327,-0.021268,0.17308,0.195758,0.140448,0.044799,0.309691,0.208793,0.148361,0.05798,0.450935,,0.178854,,0.424115,0.099558,0.407528,0.198828,0.062052
盈利能力,净资产收益率(ROE),0.86,3.1723,2.99,1.66,0.77,3.05,2.94,1.52,0.78,3.15,2.56,1.4,0.6,3.07,2.44,1.28,0.59,3.07,2.33,0.98,0.55,2.69,2.34,0.74,0.02,4.14,2.71,1.45,0.14,12.62,6.94,2.38,-3.68,46.03,45.13,42.28,2.75,62.56,13.69,27.32,-45.0,,,,,,-127.7047,-69.41,-17.87,-93.97,-35.1307,-21.81,-6.259,-73.78,-20.5138,-7.69,-2.83,-2.54,1.45,1.45,0.28,5.34,3.09,2.07,0.61,13.7,,4.06,,14.88,,22.02,8.86,0.63
盈利能力,摊薄净资产收益率,0.853638,3.12497,2.948579,1.650644,0.765235,3.000335,2.901104,1.506181,0.775968,3.09705,2.51781,1.383019,0.604223,3.004239,2.367961,1.263381,0.609394,3.068867,2.301633,0.976488,0.565294,2.666656,2.319924,0.736254,,4.037678,2.645232,1.414624,0.135841,4.157421,6.641615,2.346074,-3.78244,17.848265,36.905634,35.007598,2.711223,47.804414,24.19989,24.235848,-18.363522,23.85058,,,,,-351.338848,-106.143703,-19.624654,-176.564819,-42.616183,-24.46928,-6.460463,-57.592736,-22.857763,-7.998577,-2.906403,-2.614054,1.455581,1.458566,0.275466,4.987394,2.889014,1.889262,0.509985,12.721144,,3.98,,14.14,4.165745,17.9,7.45,0.58
盈利能力,净资产收益率_平均,0.854927,3.171962,2.989562,1.664176,0.768279,3.052067,2.940027,1.51894,0.779238,3.152154,2.559029,1.398475,0.605226,3.068828,2.41117,1.273565,0.608561,3.093976,2.326398,0.980476,0.566863,2.698791,2.340792,0.739843,,4.166377,2.714172,1.439276,0.135726,6.166058,6.938297,2.376135,-3.678101,30.105577,45.128881,42.280124,2.75014,62.689439,27.457937,27.449354,-16.886064,,,,,,-127.704686,-69.406424,-17.873582,-93.88273,-35.130701,-21.806137,-6.258704,-55.684563,-20.513773,-7.691409,-2.864838,-2.559121,1.458251,1.460755,0.276438,6.626358,3.809242,2.482143,0.666879,13.642905,,4.062965,,14.61199,4.079009,22.038029,8.384795,0.579763
盈利能力,净资产收益率_平均_扣除非经常损益,0.826184,2.845251,2.862942,1.593523,0.731363,2.269521,2.655331,1.29704,0.658881,2.236043,2.128846,1.047027,0.597683,1.512948,1.732409,0.628824,0.499363,1.575107,1.504164,0.243882,-0.013,0.687384,1.801493,0.15145,,0.800968,1.984048,0.761123,0.052257,5.037824,7.331183,2.838499,-3.202558,3.139989,5.487956,0.732337,2.295196,12.32179,-22.664299,-19.210136,-17.521046,,,,,,-128.805653,-70.271168,-18.38104,-90.495093,-35.378511,-22.026388,-6.253521,-54.619998,-20.75928,-7.811358,-2.954047,-4.423678,0.605412,0.9461,0.100072,4.532583,3.590512,2.248868,-2.263736,9.846104,,2.27381,,16.331725,,17.778555,8.407786,
盈利能力,摊薄净资产收益率_扣除非经常损益,0.824938,2.803099,2.823695,1.580566,0.728465,2.231053,2.620177,1.286145,0.656116,2.196954,2.094556,1.035455,0.596692,1.481106,1.701363,0.623796,0.500047,1.562324,1.488152,0.24289,-0.012964,0.679199,1.785433,0.150715,,0.776226,1.933653,0.748087,0.052301,3.396717,7.017701,2.802588,-3.293407,8.67658,4.487958,0.606369,2.262718,9.396095,-19.975045,-16.961198,-19.054062,-824.68505,,,,,-354.36781,-107.466162,-20.181827,-170.193705,-42.916796,-24.71643,-6.455113,-56.491691,-23.131323,-8.123316,-2.996906,-4.518634,0.604303,0.944683,0.09972,3.411494,2.723124,1.711707,-1.731157,8.48833,,2.23,,15.8,,14.44,7.47,0.72
盈利能力,息税前利润率,4.416199,5.146547,5.634774,4.437367,4.019849,4.609576,5.705954,4.45116,4.384463,4.929058,5.316668,3.900228,3.995989,5.033235,5.724829,4.83833,4.567023,5.62874,6.094474,3.927445,4.504846,5.618785,6.915785,4.386538,1.764357,7.958642,7.131271,5.406492,2.095465,7.954917,8.149122,5.519616,-2.738452,14.043589,25.435436,42.223738,10.124589,17.183447,12.729353,14.528075,-0.344044,36.267591,-32.90215,-42.58449,-20.055644,-182.998149,-30.735991,-29.341202,-17.199861,-51.038959,-26.374539,-22.514187,-12.722651,-55.556648,-22.785014,-9.20973,-5.683006,4.051139,6.544113,7.344147,6.022488,7.782612,7.745298,8.297361,7.02102,8.296692,7.412062,6.97781,4.509951,7.862373,10.666501,10.373816,6.033386,2.390461
盈利能力,总资产报酬率,0.466622,2.125619,1.703531,0.935816,0.422289,1.848765,1.651081,0.910778,0.414287,1.897473,1.495247,0.805939,0.360091,1.719391,1.357737,0.729288,0.337602,1.925553,1.434353,0.655098,0.336071,1.794129,1.433769,0.582168,,2.62301,1.545583,0.872602,0.14093,2.880371,2.159886,1.085322,-0.220473,5.397376,3.880909,3.615314,0.405589,4.194569,2.098447,1.696934,-0.022867,6.268717,-4.029773,-3.348803,-0.592143,-40.678829,-4.631352,-2.895145,-0.686911,-12.043444,-4.814462,-3.045324,-0.774814,-9.973613,-2.8891,-0.758018,-0.156306,1.33979,1.546893,1.128678,0.367497,2.711569,1.8753,1.336028,0.525809,3.792946,,1.584007,,4.651095,1.321522,6.476777,3.740143,1.198958
盈利能力,总资本回报率,0.919079,3.942512,3.506654,1.773412,0.866685,3.345317,3.213642,1.608957,0.792235,3.236064,2.751964,1.352072,0.667434,2.881691,2.532837,1.239651,0.628578,3.158343,2.587501,1.061761,0.600483,3.190487,2.874486,1.056572,,5.369907,3.243172,1.642225,0.299691,5.740073,4.19046,2.096897,-0.423812,10.00346,7.192096,6.639441,0.741917,7.856788,3.900388,3.147475,-0.043279,13.263909,-10.29558,-8.461409,-1.458061,-69.872339,-6.799714,-4.198762,-0.988976,-16.769451,-6.481164,-4.124012,-1.045253,-13.960572,-4.083015,-1.073171,-0.222813,2.010428,2.358597,1.717209,0.575057,4.411667,3.047362,2.179524,0.86591,6.667191,,2.76692,,8.550107,2.486189,12.189782,7.649096,2.633224
盈利能力,投入资本回报率,0.776368,2.656424,2.734731,1.404166,0.704132,2.58319,2.705262,1.299449,0.721583,2.738999,2.393038,1.214865,0.588347,2.570724,2.250181,1.087511,0.574442,2.51908,2.089165,0.853535,0.522794,2.435643,2.369247,0.771555,,4.319242,2.79438,1.422956,0.280932,4.687467,3.852814,1.797142,-0.505947,8.921736,7.173596,6.63674,0.737964,7.814756,3.871112,3.121343,-0.043279,13.226832,-10.315017,-8.480485,-1.458061,-70.060917,-6.812926,-4.203695,-0.992766,-17.096849,-6.538274,-4.174708,-1.06868,-14.232657,-4.068557,-1.057971,-0.258565,2.19964,2.25004,1.612991,0.54114,4.442186,2.913407,2.054598,0.793102,6.914768,,2.7579,,8.434153,2.481559,12.034066,6.416489,2.163304
盈利能力,息前税后总资产报酬率_平均,0.417566,1.536345,1.442808,0.785745,0.362792,1.539542,1.497985,0.77624,0.393893,1.643514,1.397631,0.764344,0.326129,1.637248,1.312802,0.689985,0.312691,1.627122,1.218484,0.549204,0.295169,1.425197,1.22359,0.422752,,2.1696,1.380965,0.749355,0.12179,2.451554,2.082666,0.980478,-0.603531,4.917818,3.167682,3.613843,0.157814,4.172129,0.911236,1.682845,-0.448993,6.250619,-8.211482,-3.356353,-1.951266,-40.789375,-7.187709,-2.898772,-1.498755,-11.791402,-6.995218,-3.08279,-1.366616,-9.682921,-4.34289,-0.745391,-0.657514,1.471245,0.388138,0.392356,0.074728,2.730376,0.844007,0.548241,0.146721,3.932479,,1.577256,,4.588109,0.877454,6.401916,3.146874,0.992486
盈利能力,毛利率,12.455199,15.985915,15.312856,13.309445,12.24894,15.111404,16.218882,14.355075,10.925812,16.804439,13.04613,10.25866,10.409426,14.353939,13.553867,13.461927,11.163792,15.52226,13.942825,12.047092,10.500214,14.961248,13.476502,11.947225,8.850608,15.658247,15.501145,13.396086,11.016623,17.553038,17.732547,15.175786,9.751397,17.740939,15.188603,17.134365,8.689519,17.549943,13.821873,11.222862,9.680787,-8.615626,-7.445721,-8.105865,-2.898513,-27.09517,-12.617112,-11.771509,-4.339144,-17.314129,-11.578844,-10.331956,-3.790042,-24.7281,-7.348755,4.205935,10.374115,15.453002,15.593899,16.809174,18.530661,19.034439,19.534208,19.571232,17.939669,18.477448,17.280483,16.264221,13.879799,17.869835,20.350672,21.070738,20.134317,18.174672
盈利能力,销售净利率,3.762494,3.592635,4.649008,3.626605,3.377115,3.686384,5.002979,3.608078,3.965202,3.922672,4.640973,3.401402,3.258128,4.478052,5.09717,4.196281,3.807374,4.41572,4.812138,2.883653,3.529382,3.995302,5.297633,2.480535,0.018657,5.560874,5.479585,3.718109,0.677994,5.330783,4.791116,2.270059,-7.496343,10.293992,20.76095,34.3387,3.939465,10.851577,5.527636,7.779504,-6.755306,3.733688,-67.044817,-76.7655,-66.088602,-202.146557,-47.701271,-48.34054,-37.527973,-65.492604,-38.321138,-33.473873,-22.440181,-72.434141,-34.250393,-21.120893,-23.906039,-1.92139,1.642015,2.55301,1.224629,4.160563,3.485888,3.404835,1.959135,4.77047,3.651989,2.84755,1.250588,4.623542,7.138118,7.531249,2.581081,0.228907
盈利能力,成本费用利润率,4.392246,5.407294,5.876213,4.586769,4.102285,4.770602,5.924479,4.534848,4.313535,4.896327,5.329098,3.819105,3.78152,5.024177,5.695764,4.806134,4.298252,5.569474,6.095567,3.67124,4.108174,5.403327,6.738019,3.813258,1.007776,7.524543,6.756762,4.753339,0.974384,7.108143,5.463408,2.939661,-6.606375,11.963691,19.980668,32.258586,3.479867,10.638677,5.210442,7.123325,-6.31501,2.178379,-41.686429,-46.440538,-39.713331,-105.722605,-32.85763,-33.481357,-27.067295,-43.092086,-27.829211,-25.222276,-18.154654,-44.287807,-25.689071,-17.679168,-18.646791,-2.268975,1.957624,3.071647,1.606253,4.327592,4.038267,4.106175,2.624415,4.719791,3.753568,3.00799,1.688411,5.050237,7.709482,8.306158,3.686933,0.65031
盈利能力,营业利润率,4.248134,5.006559,5.500001,4.320977,3.847352,4.457475,5.509808,4.350494,4.430099,4.578454,5.025755,3.626056,3.649684,4.350227,4.955638,3.941111,3.740942,4.459235,4.633201,2.059156,0.707825,4.973209,6.179806,3.460608,0.72263,6.085059,6.187354,4.432894,0.545849,6.155317,5.33175,3.022666,-7.142824,11.99966,20.326337,33.024594,3.341724,10.890251,4.305991,7.84004,-7.009331,-120.30246,-68.712938,-77.475666,-66.461922,-196.639296,-48.051301,-48.906038,-38.525014,-62.11396,-38.358165,-33.534984,-22.231387,-69.92809,-34.675663,-21.680286,-24.018204,-4.098369,1.210564,2.559514,0.543661,3.609386,3.897385,3.966855,2.750588,3.930961,3.626027,2.904255,1.610588,5.811831,6.869123,7.560197,3.67351,0.720333
盈利能力,总资产净利率_平均,0.374152,1.3797,1.291233,0.720054,0.335062,1.36654,1.339572,0.697605,0.358119,1.472562,1.207813,0.662671,0.284892,1.426337,1.102294,0.58231,0.277282,1.419278,1.072173,0.458414,0.26072,1.220191,1.056467,0.331581,,1.772951,1.138348,0.606836,0.055917,1.830825,1.17305,0.396057,-0.605866,3.852206,3.167682,2.940175,0.157814,2.648926,0.911236,0.908675,-0.448993,0.645928,-8.211482,-6.036766,-1.951266,-44.934588,-7.187486,-4.769617,-1.498594,-15.453749,-6.995058,-4.527728,-1.366214,-13.003803,-4.344983,-1.740273,-0.658345,-0.64179,0.381869,0.388892,0.075276,1.449548,0.842128,0.546406,0.146519,2.182199,,0.647999,,2.735029,0.875026,4.694177,1.590599,0.107319
盈利能力,总资产净利率_平均(含少数股东损益),0.397551,1.483824,1.40551,0.764831,0.354769,1.4785,1.447668,0.73827,0.374671,1.510058,1.305216,0.702862,0.2936,1.529736,1.208877,0.632511,0.281447,1.510587,1.132551,0.480993,0.263299,1.275736,1.098297,0.329209,,1.832754,1.187608,0.600099,0.045598,1.930207,1.269862,0.446362,-0.603531,3.956292,3.167682,2.940175,0.157814,2.648926,0.911236,0.908675,-0.448993,0.645354,-8.211482,-6.036766,-1.951266,-44.935347,-7.187709,-4.769842,-1.498755,-15.454009,-6.995218,-4.527758,-1.366616,-13.003486,-4.34289,-1.738382,-0.657514,-0.635441,0.388138,0.392356,0.074728,1.449597,0.844007,0.548241,0.146721,2.180886,,0.646411,,2.73512,0.877454,4.702052,1.600032,0.11481
成长能力,归母净利润,126999673.55,463513959.05,436355773.35,241506462.69,111020933.33,431841438.56,414375757.65,213016110.28,108813169.07,430650666.05,349112095.86,189782604.57,81350570.58,403139743.63,315696827.06,165036773.47,78118788.94,394477546.92,297385326.9,124495012.73,71882423.38,337212903.02,291579386.16,91776603.91,2247110.78,498426771.55,322760522.17,169649759.12,15706219.59,481502347.86,293129175.9,97147480.13,-144465893.34,720369830.39,435241588.33,400007104.86,20913765.49,358316191.39,124888439.49,124556122.64,-61514446.39,93876039.04,-1224277872.87,-906961243.0,-298102248.53,-7897527527.73,-1417573017.86,-936654376.64,-298093589.11,-3207480789.34,-1498983900.68,-986504582.4,-304450560.81,-2889052775.02,-997298311.75,-397023874.61,-151394376.34,-140117107.01,81669897.69,81782737.32,15508362.99,279787492.92,158456839.98,102543275.65,27304766.05,380249876.11,198609790.32,101702890.46,22123586.09,346661495.89,91630164.95,410557278.02,106761910.41,6457510.84
成长能力,营业总收入,3586502154.46,13875466951.01,10216676207.47,7073411275.32,3480799196.74,12674262655.33,8950933037.34,6248015489.6,2871039287.24,11258048655.79,8129023728.21,5917937677.78,2573163251.08,9655188240.87,6792442479.79,4271984704.29,2082593289.16,9508218107.33,6527915498.7,4529916879.35,2056828517.56,8824448386.89,5721877562.41,3673400031.2,1825719896.32,9265430253.72,6145126953.75,4512136113.73,1889061952.0,9522792198.39,6623118761.49,4823068966.31,1919723141.08,7187048059.8,2096443411.04,1164887136.72,530878192.22,3301973252.74,2259346019.73,1601080467.37,910609298.61,2512060396.46,1826058935.66,1181469853.89,451064534.17,3906898501.9,2971864192.7,1937708222.48,794409332.46,4897552573.78,3911726497.71,2947107559.06,1357119700.99,3988426294.77,2910383819.96,1877725683.0,632489363.33,7220342143.13,5055412418.79,3231923623.69,1257148308.95,6724976239.2,4555807831.65,3021807589.4,1395632144.36,7554826368.38,5430763092.2,3562842312.14,1761483265.26,7497994630.74,1297387624.27,5460528694.27,4160855224.87,3017919803.99
成长能力,净利润,134941947.43,498494908.51,474974100.86,256524700.24,117550598.9,467222084.42,447813374.19,225433311.92,113842520.4,441616403.69,377265815.87,201292901.42,83836960.51,432364410.28,346222369.3,179264501.83,79292123.0,419856346.2,314132355.49,130627116.35,72593348.9,352563394.42,303124126.14,91119981.96,340633.12,515238935.15,336727461.47,167766159.77,12807729.12,507639449.93,317321305.64,109486517.73,-143909046.33,739834202.43,435241588.33,400007104.86,20913765.49,358316191.39,124888439.49,124556122.64,-61514446.39,93792516.96,-1224277872.87,-906961243.0,-298102248.53,-7897660831.52,-1417617008.82,-936698627.1,-298125722.31,-3207534724.91,-1499018138.78,-986511058.44,-304540127.03,-2888982363.52,-996817918.95,-396592450.23,-151203154.29,-138730975.79,83010659.43,82511355.8,15395407.07,279796931.74,158810372.83,102887586.85,27342327.08,380032784.94,198330915.23,101453733.63,22028907.34,346672977.66,91884383.87,411246061.81,107395069.16,6908237.48
成长能力,扣非净利润,122729933.58,415772190.77,417874416.07,231253203.22,105686356.63,321117869.43,374249859.49,181896826.49,92006458.44,305490611.02,290424982.69,142088754.64,80336596.59,198750008.7,226825952.71,81487091.92,64101487.19,200823901.23,192278513.07,30966703.05,-1648511.61,85888389.31,224401904.88,18787170.59,-32580029.36,95820400.0,235936507.86,89714848.37,6047188.67,393399500.0,309727833.2,116051061.24,-125787848.39,75134048.22,52928125.67,6928559.01,17454095.41,70428083.4,-103085270.38,-87169264.06,-63827628.11,-3245965759.69,-1255873053.68,-916485936.72,-299786160.65,-6566795056.23,-1429794198.51,-948324281.08,-306556912.14,-3091742977.34,-1509557656.71,-996468700.58,-304198447.66,-2833820523.33,-1009233896.28,-403215516.81,-156108677.97,-242205345.22,33906331.81,52968972.02,5614125.17,191381190.37,149358103.93,92906135.45,-92686666.21,260258443.85,,56917315.5,,387461268.03,,331205441.64,107054644.58,
成长能力,营业总收入增长率,3.036743,9.477508,14.140907,13.210527,21.238299,12.579569,10.110799,5.577581,11.576258,16.601027,19.677476,38.528999,23.555725,1.545716,4.052242,-5.693971,1.252645,7.748583,14.086948,23.316732,12.658492,-4.759432,-6.887561,-18.588448,-3.353095,-2.702589,-7.21702,-6.446784,-1.597167,32.499353,215.921656,314.037447,261.612733,117.659184,-7.210166,-27.243685,-41.700771,31.444819,23.72799,35.515981,101.880048,-35.701928,-38.555101,-39.027463,-43.220136,-20.227533,-24.026789,-34.250508,-41.463576,22.79411,34.405863,56.95091,114.567987,-44.761256,-42.430338,-41.900678,-49.688564,7.366061,10.966322,6.953322,-9.92266,-10.98437,-16.111092,-15.18548,-20.769491,0.757959,,,35.771548,37.312612,,31.235729,37.871629,
成长能力,归属母公司净利润增长率,14.392547,7.334293,5.304368,13.37474,2.028949,0.276505,18.694185,12.242168,33.758335,6.824165,10.584607,14.994131,4.137009,2.195865,6.157499,32.564967,8.675786,16.981747,1.991204,35.650053,3098.882049,-32.344544,-9.660765,-45.902308,-85.69286,3.51492,10.10863,74.631147,110.871922,-33.159007,-32.651386,-75.713561,-790.769404,101.043058,248.504305,221.146079,133.998136,281.690786,110.200988,113.733345,79.364648,101.188676,13.635639,3.170127,-0.002904,-146.22213,5.431071,5.053215,2.088014,-11.021882,-50.304465,-148.474876,-101.097668,-1961.884402,-1321.133293,-585.461709,-1076.211199,-150.079832,-48.459215,-20.245635,-43.202725,-26.420096,-20.217004,0.826313,23.419259,4.025938,,,-75.855564,-15.563183,,284.554075,1553.298198,
收益质量,经营活动净现金/销售收入,-0.463501,0.07207,0.012541,0.062579,-0.140828,0.136224,0.059856,0.010888,-0.096256,0.063931,-0.03402,-0.08799,-0.033396,0.154288,0.031083,-0.14446,-0.441993,0.062774,0.03073,-0.003348,-0.052561,-0.126697,-0.137828,-0.194117,-0.28613,-0.039875,-0.136084,-0.160154,-0.256292,0.105244,0.061387,-0.155348,-0.384487,0.028307,-0.144577,-0.166511,-0.581225,0.030946,-0.067475,0.016163,-0.056352,-0.78734,-0.77847,-0.720927,-1.581309,-0.233014,-0.112261,-0.06129,-0.221467,-0.116923,-0.286012,-0.230534,-0.35199,-0.401026,-0.539869,-0.458247,-1.186554,-0.2639,-0.304761,-0.318662,-0.390478,-0.060355,-0.194669,-0.235552,-0.34134,0.013811,-0.051824,-0.305057,-0.583512,0.006521,-0.144519,0.067648,0.039179,0.009636
收益质量,经营性现金净流量/营业总收入,-0.463501,0.07207,0.012541,0.062579,-0.140828,0.136224,0.059856,0.010888,-0.096256,0.063931,-0.03402,-0.08799,-0.033396,0.154288,0.031083,-0.14446,-0.441993,0.062774,0.03073,-0.003348,-0.052561,-0.126697,-0.137828,-0.194117,-0.28613,-0.039875,-0.136084,-0.160154,-0.256292,0.105244,0.061387,-0.155348,-0.384487,0.028307,-0.144577,-0.166511,-0.581225,0.030946,-0.067475,0.016163,-0.056352,-0.78734,-0.77847,-0.720927,-1.581309,-0.233014,-0.112261,-0.06129,-0.221467,-0.116923,-0.286012,-0.230534,-0.35199,-0.401026,-0.539869,-0.458247,-1.186554,-0.2639,-0.304761,-0.318662,-0.390478,-0.060355,-0.194669,-0.235552,-0.34134,0.013811,-0.051824,-0.305057,-0.583512,0.006521,-0.143388,0.067648,0.039179,0.009636
收益质量,成本费用率,96.232628,92.826179,93.791748,94.580697,96.128735,93.434321,93.376355,94.062439,96.928274,93.588125,93.600559,94.333486,96.125484,93.916095,92.816981,92.736323,96.41984,94.947704,93.992076,95.839805,99.256955,95.324738,93.668976,96.550116,101.771472,92.186261,92.339041,94.285855,98.790021,91.6565,93.027321,95.360104,105.877141,96.473312,104.232644,106.501483,114.757609,102.865282,107.921401,110.905014,106.972212,176.204142,160.682267,165.091738,166.41415,190.734282,144.989369,144.27069,138.388453,149.667962,136.862866,131.617329,121.998618,161.112372,133.70503,120.335496,123.476444,102.199056,98.13245,97.051669,99.177699,94.893052,94.560193,94.224575,97.042274,94.607111,95.226936,95.654855,98.05088,93.659286,92.59231,92.114236,95.963484,98.502011
收益质量,期间费用率,8.687828,8.812094,9.104605,7.890143,8.377675,8.545725,9.595238,8.417514,7.854087,10.392565,6.646689,4.592147,6.53491,8.270035,6.370848,6.19825,7.583633,10.469964,7.934902,7.886898,9.757169,10.285987,7.145479,8.497342,10.62208,7.844509,7.840187,7.681942,9.806644,9.209539,10.759869,10.53589,15.628538,14.214252,19.421248,23.635849,23.447129,20.415225,21.743274,22.127877,16.653,67.588515,53.236545,56.985873,63.515637,63.639112,32.372257,32.499181,34.049309,32.353833,25.284021,21.285372,18.208575,36.384271,26.356275,24.541431,33.85056,17.652058,13.726349,13.860843,17.70836,13.927491,14.094401,13.795807,14.981944,13.084559,12.50742,11.919077,11.930679,11.529121,12.942983,13.184975,16.097802,16.676683
收益质量,销售成本率,87.5448,84.014084,84.687143,86.690554,87.751059,84.888595,83.781117,85.644924,89.074187,83.19556,86.953869,89.741339,89.590573,85.64606,86.446132,86.538072,88.836207,84.477739,86.057174,87.952907,89.499785,85.038751,86.523497,88.052774,91.149391,84.341752,84.498854,86.603913,88.983376,82.446961,82.267452,84.824213,90.248602,82.25906,84.811396,82.865634,91.31048,82.450056,86.178126,88.777137,90.319212,108.615626,107.445721,108.105865,102.898513,127.09517,112.617112,111.771509,104.339144,117.314129,111.578844,110.331956,103.790042,124.7281,107.348755,95.794064,89.625884,84.546997,84.4061,83.190825,81.469338,80.96556,80.465791,80.428767,82.06033,81.522551,82.719516,83.735778,86.1202,82.130164,79.649327,78.929261,79.865682,81.825327
收益质量,经营活动净现金/归属母公司的净利润,-13.089388,2.157466,0.293632,1.832862,-4.41536,3.998103,1.292956,0.319363,-2.539721,1.671287,-0.792158,-2.74379,-1.056359,3.695216,0.668788,-3.739361,-11.783251,1.513065,0.674555,-0.121845,-1.503971,-3.315511,-2.704713,-7.769626,-232.473839,-0.741256,-2.590948,-4.259594,-30.8255,2.081441,1.387025,-7.712553,,0.282415,-0.696391,-0.48491,-14.753905,0.28518,-1.220685,0.207772,,-21.068717,,,,,,,,,,,,,,,,,-18.86488,-12.593044,-31.653212,-1.450708,-5.596963,-6.941411,-17.446964,0.289355,-1.417078,-10.686719,-46.459318,0.141052,-2.03023,0.899743,1.526969,4.503546
收益质量,所得税/利润总额,10.984265,28.42479,15.647475,16.402963,14.361961,17.297049,9.563936,15.414299,5.162188,14.396629,6.958466,5.58727,10.367973,5.096067,3.583866,5.850324,8.131358,16.496843,16.009003,18.043323,13.445642,22.431979,16.062907,32.625373,98.180875,19.832801,12.173883,17.038456,29.565951,18.177713,5.732398,19.020866,,10.810963,0.314158,0.049986,1.350895,0.840024,1.699144,1.52682,,2.72786,,,,,,,,,,,,,,,,,14.525743,14.359679,23.126535,-1.314461,8.71276,11.997611,23.074395,-6.835276,-2.170458,1.033566,24.458657,2.251025,0.003779,1.567141,27.04913,64.265015
财务风险,流动比率,1.635158,1.6245,1.570646,1.571841,1.603927,1.604472,1.66619,1.695758,1.722494,1.751704,1.818438,1.821306,1.832905,1.844395,1.813259,1.809346,1.820648,1.828522,1.879082,1.952072,1.909688,1.894907,1.893265,1.869051,,1.849216,1.805509,1.827622,1.775433,1.730242,0.935211,0.923693,0.899542,0.907692,0.810425,0.809845,0.782473,0.776996,0.713584,0.710267,0.505662,0.520652,0.357305,0.374827,0.400597,0.404657,0.622759,0.664822,0.740518,0.737774,0.935258,1.005683,1.122581,1.123645,1.165048,1.171292,1.224594,1.274385,1.315492,1.46065,1.50593,1.462715,1.428788,1.351742,1.376382,1.148005,,1.207447,,1.162712,0.982393,1.030722,1.01333,1.06011
财务风险,速动比率,1.336298,1.328004,1.312565,1.321859,1.340025,1.318506,1.366047,1.399599,1.455522,1.452803,1.548065,1.555998,1.542896,1.551148,1.512257,1.49933,1.534422,1.548166,1.553592,1.62276,1.570029,1.556999,1.501002,1.4681,,1.498633,1.478915,1.513979,1.547312,1.494662,0.777359,0.746286,0.743482,0.767732,0.655569,0.660218,0.646822,0.66355,0.594511,0.593405,0.382045,0.374849,0.22794,0.241937,0.261116,0.264606,0.30303,0.330144,0.380767,0.409876,0.542332,0.625854,0.694411,0.630388,0.646102,0.645212,0.709857,0.787744,0.770832,0.862747,0.85878,0.916143,0.88157,0.889501,0.939355,0.752613,,0.749199,,0.703467,0.56174,0.575126,0.553957,0.625339
财务风险,保守速动比率,0.953492,1.003055,0.975954,0.981571,0.965467,0.97359,0.987113,1.006544,1.074762,1.112003,1.135645,1.169775,1.173048,1.180621,1.179647,1.156225,1.184492,1.264857,1.277997,1.315839,1.27846,1.27958,1.301633,1.292984,,1.316693,1.255973,1.339498,1.315262,1.315706,0.658262,0.63678,0.608225,0.652696,0.581783,0.592268,0.584533,0.612785,0.540346,0.546594,0.32013,0.310541,0.176726,0.187321,0.211074,0.220689,0.272643,0.301317,0.347653,0.390993,0.508982,0.598051,0.661838,0.593694,0.582333,0.578248,0.641754,0.725248,0.685444,0.771019,0.767712,0.8534,0.806705,0.812104,0.855183,0.675777,,0.660866,,0.638719,0.454121,0.523825,0.459584,0.470341
财务风险,资产负债率,53.985942,54.458774,55.081615,54.909229,54.206112,54.557602,53.02882,52.313962,52.266187,51.685731,50.63133,50.261115,50.946328,50.627007,52.197672,52.211158,52.578779,52.247318,51.821956,50.413199,52.028604,51.963497,52.110438,52.774249,,53.593215,54.906319,54.438008,56.612018,57.569119,81.183558,81.657232,82.02892,81.595197,91.722646,91.825143,94.187882,94.335515,96.202419,96.219288,97.533224,97.152218,150.068092,147.118221,141.632751,139.852509,97.931208,95.440425,92.354433,90.869816,83.446289,81.6466,79.474874,76.777931,80.833046,77.965157,77.253971,76.259142,74.155564,73.306167,72.077193,72.798989,72.097453,72.247037,72.252719,83.721038,,83.781999,,83.612441,79.706488,77.224241,80.6148,81.44773
财务风险,权益乘数,2.28497,2.299022,2.315276,2.311182,2.292942,2.233426,2.194749,2.177364,2.175919,2.140591,2.118727,2.110359,2.124401,2.151544,2.187411,2.187089,2.194731,2.179965,2.169797,2.138843,2.174215,2.211776,2.215678,2.231255,,2.349967,2.384308,2.371767,2.427241,3.367911,5.914748,5.999473,6.070806,7.815151,14.246656,14.380137,17.426427,23.665977,30.132604,30.208086,37.608715,,,,,,17.767641,14.55178,11.926899,6.075077,5.022216,4.816131,4.581056,4.282175,4.721254,4.419655,4.35157,3.987473,3.818718,3.756195,3.672317,4.571324,4.523351,4.542666,4.551469,6.251904,,6.270013,,5.342534,4.661582,4.694758,5.271468,5.402206
财务风险,权益乘数(含少数股权的净资产),2.173248,2.195812,2.226259,2.217748,2.183697,2.200588,2.128965,2.097049,2.094951,2.069781,2.025576,2.010499,2.038583,2.025398,2.091948,2.092538,2.10876,2.094123,2.075634,2.016665,2.084575,2.08175,2.088137,2.117488,,2.154857,2.217605,2.194811,2.304785,2.356774,5.314501,5.45174,5.564495,5.433364,12.081155,12.232631,17.205434,17.653857,26.332552,26.450044,40.53875,35.115049,,,,,48.337407,21.93187,13.079475,10.952682,6.040941,5.448581,4.872077,4.306248,5.217313,4.538267,4.396371,4.212147,3.869304,3.746183,3.581301,3.676333,3.583902,3.603218,3.603956,6.142897,,6.165988,,6.10219,4.927683,4.390633,5.158574,5.390176
财务风险,产权比率,122.743473,125.056736,128.252673,127.413648,123.81678,125.579089,118.040376,114.661653,114.413004,111.779925,107.324464,105.708291,108.570869,107.212731,114.204686,114.201395,115.81036,114.258464,112.28379,106.12108,113.187432,112.913509,113.623415,116.691601,,120.668465,127.237056,124.746336,135.845329,141.323642,474.742855,490.814295,505.160429,488.591254,1108.115593,1123.263135,1620.543454,1665.385712,2533.255287,2545.004465,3953.875098,3411.504908,,,,,4742.720155,2095.001923,1208.565643,995.711681,504.206776,444.947949,387.267752,330.678903,427.539148,358.106288,343.536028,324.786702,289.945621,277.476073,260.766849,270.382246,261.120881,263.10146,263.199372,524.741335,,528.2423,,520.573869,393.466275,339.627428,416.764921,439.997498
财务风险,现金比率,0.540472,0.65679,0.558189,0.589394,0.558567,0.604789,0.571288,0.580242,0.594721,0.672454,0.659183,0.66056,0.694541,0.744941,0.618295,0.557354,0.549236,0.685227,0.655995,0.70747,0.683214,0.755389,0.745595,0.76744,,0.859993,0.762179,0.824893,0.808609,0.868954,0.368631,0.314229,0.325849,0.413628,0.306413,0.316341,0.325646,0.343884,0.298852,0.31794,0.075824,0.076129,0.032367,0.036328,0.033059,0.034452,0.025963,0.034285,0.044795,0.065513,0.099397,0.18618,0.239234,0.181922,0.179647,0.181531,0.190347,0.248686,0.233162,0.324859,0.317346,0.407483,0.339443,0.371242,0.413806,0.320779,,0.28979,,0.363347,0.172074,0.297456,0.262891,0.250203
营运能力,应收账款周转率,0.760465,3.125993,2.026843,1.477104,0.709891,2.697881,1.862962,1.30145,0.558322,2.479363,1.754444,1.239612,0.551454,2.110685,1.303362,0.832779,0.394659,2.120078,1.384082,1.014441,0.459544,2.422482,1.537414,1.064389,,2.9351,1.609532,1.235035,0.52627,3.198039,2.063502,1.383084,0.641352,2.895467,0.825214,0.473871,0.237905,1.400255,0.928092,0.649362,0.359515,0.908725,0.66415,0.435917,0.156494,1.165897,0.815961,0.539275,0.219846,1.349272,1.013149,0.767975,0.349486,1.095994,0.77403,0.507608,0.1674,2.286941,1.523392,1.081976,0.469658,2.445656,1.506462,0.996222,0.444916,3.062364,,1.476169,,5.082601,1.299113,7.205194,7.072909,5.286246
营运能力,应收账款周转天数,118.348602,115.163401,133.212032,121.860017,126.779849,133.438053,144.930486,138.307259,161.197286,145.198555,153.894904,145.206707,163.204893,170.560681,207.156499,216.143739,228.044501,169.805,195.075023,177.43749,195.8462,148.607888,175.61957,169.11101,,122.653387,167.75056,145.744772,171.014877,112.568977,130.845501,130.143896,140.328522,124.332234,327.187515,379.849974,378.301825,257.095922,290.9194,277.194969,250.336855,396.159403,406.534162,412.922581,575.100825,308.775064,330.898065,333.78119,409.376782,266.810541,266.495836,234.382557,257.520606,328.468934,348.823531,354.604016,537.633656,157.415493,177.235999,166.362218,191.628555,147.199726,179.227796,180.682604,202.285138,117.556228,,121.937216,,70.829875,69.277992,49.963955,50.898428,68.101249
营运能力,存货周转率,0.741639,2.767435,2.129552,1.543769,0.765315,2.756393,1.949564,1.436879,0.728517,2.735812,2.240549,1.722084,0.715682,2.634845,1.788765,1.123067,0.591774,2.466623,1.63156,1.207124,0.534233,2.118274,1.302219,0.836493,,2.446867,1.647568,1.304141,0.63944,3.015282,2.009331,1.440254,0.671775,3.128575,1.095291,0.615281,0.334757,1.801784,1.239017,0.913352,0.523587,1.300793,0.792953,0.51486,0.184549,1.429598,0.713631,0.470795,0.179037,1.176874,0.861514,0.649633,0.26998,0.935079,0.542343,0.31378,0.100226,1.176516,0.794735,0.514205,0.195121,1.197804,0.814872,0.569678,0.277445,1.467311,,0.69737,,1.698964,0.343443,1.682998,1.694463,1.450046
营运能力,存货周转天数,121.352767,130.084345,126.787227,116.59769,117.598531,130.605445,138.492495,125.271486,123.538471,131.587982,120.506158,104.524481,125.75404,136.630376,150.942084,160.275284,152.084967,145.948511,165.48572,149.114693,168.465652,169.949622,207.338374,215.184054,,147.126903,163.877885,138.021804,140.747961,119.391796,134.373066,124.977942,133.973355,115.068332,246.509687,292.549117,268.851263,199.801898,217.914613,197.076228,171.891095,276.754181,340.499001,349.609332,487.674953,251.818936,378.346555,382.331362,502.688279,305.89501,313.40172,277.079479,333.357768,384.993863,497.839613,573.648694,897.968835,305.988108,339.735741,350.054446,461.251309,300.549885,331.340125,315.967677,324.388585,245.346637,,258.112358,,211.893727,262.051956,213.903955,212.45661,248.267832
营运能力,总资产周转率,0.105661,0.413018,0.302324,0.210894,0.10505,0.40107,0.289361,0.204615,0.094489,0.384956,0.281237,0.206639,0.090113,0.341607,0.237166,0.150731,0.073921,0.342093,0.235353,0.1668,0.074602,0.319309,0.207318,0.132717,,0.32958,0.216733,0.161399,0.067255,0.362086,0.265045,0.19663,0.08051,0.38433,0.152578,0.085622,0.040059,0.244105,0.164851,0.116803,0.066465,0.172846,0.122477,0.078639,0.029525,0.22229,0.150681,0.098671,0.039937,0.235965,0.182542,0.135262,0.0609,0.179521,0.126798,0.082306,0.027504,0.330719,0.236379,0.153684,0.06102,0.348413,0.242121,0.161018,0.07489,0.457163,,0.227006,,0.591563,0.123894,0.624338,0.619907,0.501559
营运能力,总资产周转天数,851.775877,871.631561,893.079464,853.507325,856.72678,897.597641,933.089865,879.697059,952.483135,935.170614,960.041973,871.084293,998.744326,1053.840795,1138.440983,1194.177039,1217.503824,1052.344957,1147.212398,1079.13544,1206.399831,1127.434148,1302.344282,1356.268179,,1092.298672,1245.771062,1115.248407,1338.186648,994.236403,1018.693826,915.424247,1117.871649,936.694386,1769.576737,2102.244127,2246.639567,1474.77389,1637.841996,1541.045663,1354.090209,2082.775616,2204.486267,2288.939106,3048.263241,1619.499248,1791.856361,1824.231551,2253.547697,1525.645326,1479.111397,1330.74624,1477.822631,2005.330757,2129.366514,2186.953241,3272.237911,1088.535905,1142.231893,1171.234353,1474.903848,1033.254147,1115.144277,1117.884451,1201.751137,787.464028,,792.929478,,608.556514,726.423598,576.60989,580.73144,717.761149
营运能力,流动资产周转率,0.154726,0.594146,0.430414,0.300159,0.149492,0.566955,0.408409,0.289677,0.133092,0.542518,0.396167,0.292261,0.1267,0.480441,0.330702,0.210806,0.103436,0.483504,0.333171,0.238238,0.106305,0.458191,0.298545,0.191901,,0.470663,0.308563,0.230892,0.095127,0.527123,0.39526,0.294721,0.121855,0.575218,0.219328,0.123445,0.058571,0.437216,0.307337,0.218729,0.152219,0.378205,0.261143,0.166809,0.062261,0.453727,0.30299,0.199234,0.079785,0.442861,0.331848,0.240154,0.106303,0.306145,0.208936,0.135974,0.044873,0.525779,0.371015,0.241878,0.096002,0.530994,0.368064,0.242259,0.111274,0.663915,,0.322483,,0.853421,0.188963,0.952808,0.919728,0.726781
营运能力,流动资产周转天数,581.672598,605.911467,627.301611,599.681797,602.035696,634.970916,661.1011,621.380598,676.223426,663.571575,681.529624,615.886819,710.33779,749.310668,816.444099,853.86258,870.097695,744.563232,810.392338,755.546238,846.620141,785.697756,904.385666,937.981146,,764.877341,875.022436,779.58254,946.09491,682.951442,683.094128,610.746747,738.580472,625.849339,1231.029921,1458.135065,1536.59401,823.390039,878.511911,822.934323,591.249823,951.862842,1033.913495,1079.073541,1445.517154,793.427721,891.116225,903.456375,1128.022458,812.895836,813.625491,749.518934,846.636046,1175.912097,1292.260819,1323.773291,2005.658506,684.698002,727.732593,744.174376,937.475988,677.973721,733.566084,743.003467,808.813276,542.237298,,558.168061,,421.831211,476.283144,377.830337,391.420056,495.334888
营运能力,应付账款周转率,0.79666,2.80369,1.952473,1.314505,0.602261,2.660689,1.93494,1.35869,0.600593,2.581097,1.87466,1.353888,0.617406,2.311581,1.769351,1.144356,0.557175,2.263094,1.678908,1.128775,0.545365,2.186806,1.486818,1.022681,,2.292723,1.645315,1.145329,,2.271744,,1.483162,0.656633,2.568478,0.941422,0.585045,0.309327,0.895873,0.636545,0.428959,0.197534,0.649696,0.651729,0.40184,0.166123,0.954145,1.184631,0.803667,0.390101,1.659285,1.367091,0.953759,0.447126,1.674498,1.357289,0.872208,0.413,2.349672,1.897154,1.244414,0.596165,2.588191,1.850414,1.130576,0.521027,2.208303,,1.074154,,3.836666,0.931555,5.255125,6.5711,8.491144
