选项,指标,20260331,20251231,20250930,20250630,20250331,20241231,20240930,20240630,20240331,20231231,20230930,20230630,20230331,20221231,20220930,20220630,20220331,20211231,20210930,20210630,20210331,20201231,20200930,20200630,20200331,20191231,20190930,20190630,20190331,20181231,20180930,20180630,20180331,20171231,20170930,20170630,20170331,20161231,20160930,20160630,20160331,20151231,20150930,20150630,20150331,20141231,20140930,20140630,20140331,20131231,20130930,20130630,20130331,20121231,20120930,20120630,20120331,20111231,20110930,20110630,20110331,20101231,20100930,20100630,20100331,20091231,20090930,20090630,20090331,20081231,20080930,20080630,20080331,20071231,20070930,20070630,20070331,20061231,20060930,20060630,20060331,20051231,20050930,20050630,20050331,20041231,20040930,20040630,20040331,20031231,20030930,20021231,20011231
常用指标,归母净利润,66638152.93,213476711.14,191926567.2,94502232.85,34467582.7,210870860.33,192276433.52,112311106.72,55813358.84,227410467.81,211808037.8,121052537.53,55203027.44,3745284.87,26642549.96,-53449993.66,-28277488.1,-37803207.56,10959382.36,10055655.76,-9920592.73,70489807.73,48494043.1,-24119584.59,-21459181.69,203483569.62,184773658.66,98045489.95,35318454.33,191631395.67,202903194.82,118891398.15,46123222.2,204212170.89,183644275.6,99930309.73,46883999.18,223823560.63,209411576.68,116075812.82,41066263.01,197250254.78,193789500.04,108904332.53,42092328.2,181066548.56,162588680.69,83515850.71,29802433.14,147804953.98,140686254.56,83296793.22,22519563.28,137178622.51,114986480.97,65263692.15,19143655.61,117018447.6,100468666.44,53333951.64,18703873.82,45214318.31,14800374.01,6466906.35,6680105.65,38270346.17,38457188.29,22227277.96,8167415.19,45930907.06,37423663.55,22131383.85,7787743.13,66782889.37,52090873.42,28622793.76,10619575.44,47236928.38,41728472.95,22075147.46,6518505.88,38307194.25,30972898.54,15722014.8,4672787.25,36616353.43,32764238.49,19152914.91,7262986.79,20312491.49,12751880.73,32694132.68,20493306.1
常用指标,营业总收入,200762511.61,860365968.61,659725503.89,377703495.14,162486287.74,808450948.27,635646072.63,384829859.62,179930044.26,798904745.29,641817284.94,392390558.49,180011667.44,316555051.92,256460761.19,78971350.7,41695495.12,358348180.31,290258180.51,202351327.97,72278275.67,431044774.38,273839493.16,94640598.06,41401966.54,722695468.61,558353575.74,318348464.76,128450028.54,678422268.82,559968335.56,342551163.11,136012373.0,687203991.38,537362274.17,318884694.55,142807073.43,779682466.35,609218963.13,359740573.25,151991795.99,786012209.8,598681829.71,350373052.7,146737248.93,742754150.97,557962991.64,327314861.23,149474203.22,667173449.78,520229497.75,300817512.09,117824263.94,589582321.58,443096637.36,267170086.15,108911639.78,555286111.23,410482664.13,241308905.41,96422729.19,373565844.82,134478080.83,83740369.69,47206561.5,183188092.77,123647104.86,71612471.46,30225225.64,146117596.36,101926533.46,61088275.14,22312625.87,154339289.17,109601014.05,64560270.36,23670530.09,128844614.47,97251017.08,54932635.95,20993489.88,110916322.62,80135945.56,44896151.41,16388935.53,109255213.39,83125885.49,48591998.5,20284016.1,64115537.84,39024517.42,85022729.22,60530904.27
常用指标,营业成本,115459078.29,563934790.78,407292720.74,252388377.46,117127195.55,521501109.04,384740978.76,236383270.5,106969514.44,495147162.12,366125187.17,228200507.92,107226163.1,327748769.48,237570326.29,140457273.59,71692194.81,366883612.73,255575239.63,170917422.23,79549319.61,334024772.77,212239578.34,118705652.82,64061257.18,450108603.01,302349918.53,184190759.13,81860510.91,425816211.91,305303649.82,191816634.1,78326016.94,419130439.6,305073078.31,188196783.15,85687211.62,467521455.11,325342448.62,197328227.17,91719640.36,486533599.51,327019892.76,194395722.83,82446478.52,467267517.39,320735977.7,197890127.42,96809561.12,431398943.47,297453430.17,165313703.57,74494386.16,357812277.01,248946113.56,153095044.54,69196253.19,345858927.32,239735384.84,149000909.98,62541897.9,270043512.15,115036043.26,72940477.99,38948768.13,123782440.05,72440548.21,42164729.58,18641713.7,85370301.14,55046780.91,34327504.46,13204973.56,72498179.47,39201621.76,25803533.49,10318863.07,53035882.66,31959257.23,20739932.98,10419385.3,44748884.59,29285814.04,18790689.87,7945193.64,45385525.67,30365245.75,18405363.0,8365163.6,28252876.74,17253703.82,25719150.5,25756581.78
常用指标,净利润,75239768.84,239129457.81,218159032.41,105964753.88,38319160.16,236486695.69,217147271.04,127086633.54,62834257.36,251837803.32,237660743.93,136384056.34,61841035.04,77580.42,25924199.45,-59016661.71,-31619791.87,-37603367.06,15453115.79,14187642.53,-10053496.75,75858398.04,51681582.16,-27636990.79,-23334595.66,232775699.71,220676680.28,113592323.93,39153909.79,200507004.74,214481789.3,125049373.88,47616740.36,216882875.27,197662802.45,109543582.12,48390528.95,255112818.87,243758296.44,137786542.02,51290720.39,248582855.38,238642969.91,139300998.74,56279717.62,240338091.49,218742728.83,118785752.13,45766840.73,197209216.36,188285093.04,117031695.98,36032523.65,195990558.29,163426548.17,96385329.22,32880005.61,175705908.1,148706720.19,80365191.78,30787757.62,89268639.26,23008931.18,11089148.78,8418241.35,45458073.56,43450292.59,25031873.67,9652626.93,48826981.29,38920949.58,22560709.57,7591378.92,71543379.51,56315469.56,30285528.55,11205176.57,53170846.9,46409653.86,24883370.9,7666197.38,45389265.3,36623867.66,19267608.15,5785327.39,43056182.59,38368484.64,22287113.52,8358751.63,24308708.04,15817994.96,37029993.0,21942202.86
常用指标,扣非净利润,65971724.13,220422298.59,192926217.88,96106026.02,33985019.14,218250712.41,192475788.89,112151696.34,55194270.25,235225335.32,215720854.47,126471161.13,55558693.43,-20489841.6,10374215.1,-59862008.91,-29381862.68,-32825352.02,11133853.9,11137793.42,-10783067.42,70933636.17,45873324.04,-25745159.91,-22511527.57,203275403.05,179812097.93,94792394.25,33650120.13,191053362.5,196649878.03,114181177.3,44214754.3,206462581.71,183813887.08,99800095.08,46913744.95,218505874.53,210189739.22,116155802.66,40993182.24,199184677.13,193122525.44,107485406.25,40491879.67,178642715.2,163559920.17,84456083.01,29898807.95,152802812.13,145121185.22,85178299.17,24219384.73,139179666.46,117653022.23,66001960.4,20045818.38,68229253.61,59364979.66,30235770.84,7916654.96,15491702.97,13811676.89,6532963.56,6710091.36,39994134.06,38757548.61,22499831.66,8207910.18,48206264.53,37463541.03,22124574.01,7869555.63,69739402.22,51749640.75,28373393.92,10609835.44,44529625.3,38538778.81,21374748.16,6273777.82,40052665.0,29587913.89,16671735.09,4774734.98,36788287.87,32942798.91,19216156.12,,20647343.19,,33741737.51,20795015.83
常用指标,股东权益合计(净资产),2879663915.16,2804387710.93,2783817125.33,2671434871.26,2702267482.13,2664011707.24,2644740168.49,2543824417.99,2698509406.29,2635537941.55,2622058513.69,2520211161.33,2581966017.44,2520302906.66,2548395078.39,2463339514.95,2490716007.91,2511144911.78,2572032388.18,2570602837.28,2656268745.2,2666336057.95,2676153599.03,2596553597.31,2666804554.76,2690147438.42,2678088507.79,2570829677.85,2588421027.74,2549276292.12,2563192858.78,2478333343.38,2496898830.01,2449282089.67,2437524629.81,2349405409.48,2358754550.11,2254376185.16,2329054578.9,2222899884.94,2222275051.01,2178640434.21,2168322166.22,2088750195.05,2039569499.77,2044068954.25,2021973556.72,1922016580.03,1882812481.68,1136226160.37,1127302037.05,1056048639.99,1043514257.69,1016602912.49,984038902.37,907197683.42,868252626.02,881266406.97,681065657.7,648777834.83,626593648.47,730832347.6,624022209.95,613154195.91,453254569.3,466466205.22,464453845.11,421090005.33,405710754.76,413964312.31,401963280.6,383648040.59,368678509.94,364561696.87,354241420.23,322211479.22,337894194.04,330412527.27,321512064.43,300759286.46,285757663.24,303882477.39,308029060.95,290672801.43,277160249.17,297503673.71,292814685.76,138528470.65,,116751566.71,,115228906.41,90595444.94
常用指标,商誉,26124493.35,26124493.35,26124493.35,26124493.35,26124493.35,26124493.35,26124493.35,26124493.35,26124493.35,26124493.35,26124493.35,26124493.35,26124493.35,26124493.35,26124493.35,26124493.35,26124493.35,26124493.35,26124493.35,26124493.35,26124493.35,26124493.35,26124493.35,26124493.35,26124493.35,26124493.35,26124493.35,26124493.35,26124493.35,26124493.35,26124493.35,26124493.35,26124493.35,26124493.35,26124493.35,26124493.35,26124493.35,26124493.35,26124493.35,26124493.35,26124493.35,26124493.35,26124493.35,26124493.35,26124493.35,26124493.35,26124493.35,26124493.35,26124493.35,26124493.35,26124493.35,26124493.35,26124493.35,26124493.35,30033500.41,30033500.41,26124493.35,26124493.35,26124493.35,26124493.35,26124493.35,26124493.35,26124493.35,26124493.35,26124493.35,26124493.35,26124493.35,26124493.35,26124493.35,26124493.35,26124493.35,26124493.35,26124493.35,26124493.35,,,,15151059.35,,,,,,,,,,,,,,,
常用指标,经营现金流量净额,64223327.82,387630237.56,315224876.06,118941509.62,45275807.04,329125983.64,276990122.85,138587314.12,83155380.53,405406305.77,361435204.23,212765318.07,108570714.05,116597241.44,131911155.58,-16085538.23,-23963634.23,1487647.65,29551021.73,503310.95,-13570909.29,161382645.01,86685254.53,-56266494.48,-672621.25,293190041.49,236084005.07,91679910.88,33171613.81,307425829.09,210693288.01,145000973.13,23109624.28,300225048.94,268546979.73,126019739.47,30900170.42,343499955.09,285461713.92,140957373.07,30304453.44,405301511.13,257058230.11,130735168.8,28699010.55,303883679.18,225215460.52,96083896.23,8591276.97,286379913.62,236637566.79,92893686.35,1531430.42,273124804.74,190484856.6,88907452.01,3597494.84,247895950.89,184089315.89,75736701.89,6640255.6,92196858.16,-4129542.27,-28996736.5,-2874747.06,111651226.86,64114614.52,35816316.03,10179646.38,45040136.62,32602566.43,-1117268.81,-5537941.12,91135948.29,67452264.11,22320954.63,13290935.65,79342910.32,47364373.67,17497705.51,7350544.6,60004481.03,38823354.35,12111096.31,3017113.64,82376381.69,19106951.33,25584706.05,5664679.64,25566418.48,,,
常用指标,基本每股收益,0.1213,0.3885,0.3493,0.172,0.0627,0.3838,0.3499,0.2044,0.1016,0.4139,0.3855,0.2203,0.1005,0.0068,0.0486,-0.0972,-0.0515,-0.0688,0.0199,0.0183,-0.0181,0.1283,0.0883,-0.0439,-0.0391,0.3703,0.3363,0.1784,0.0643,0.3487,0.3693,0.2164,0.0839,0.3716,0.3342,0.1819,0.0853,0.4073,0.4954,0.2112,0.0972,0.4667,0.4585,0.2576,0.0996,0.428,0.3847,0.2,0.12,0.694,0.66,0.391,0.137,0.644,0.54,0.4,0.12,0.714,0.61,0.33,0.114,0.289,0.13,0.06,0.07,0.39,0.39,0.22,0.1,0.46,0.38,0.22,0.08,0.67,0.52,0.29,0.11,0.48,0.42,0.22,0.07,0.39,,0.16,,0.44,,0.26,,0.27,,0.44,0.36
常用指标,每股净资产,4.778433,4.657094,4.617907,4.440567,4.662665,4.600054,4.566338,4.413883,4.661119,4.559654,4.53253,4.366328,4.496355,4.396003,4.438241,4.292274,4.338048,4.389576,4.478343,4.4764,4.640062,4.658141,4.618144,4.485485,4.610344,4.649412,4.615867,4.457715,4.493627,4.429368,4.44977,4.29688,4.314451,4.230513,4.192658,4.04031,5.226919,5.134105,5.25588,5.034631,4.957165,4.860045,4.850962,4.67432,6.894474,6.745099,6.677752,6.397143,6.326528,4.697477,4.664048,4.394546,5.491875,5.354397,5.218918,4.915369,4.783814,4.666946,4.36993,4.178045,5.245005,5.177149,5.223225,5.160886,4.120343,4.203086,4.204099,4.040694,3.899137,3.966906,3.881254,3.727289,3.582873,3.504466,3.339979,3.103698,3.272439,3.138108,3.105331,2.914212,2.767628,2.904791,2.960948,2.8074,2.696155,2.849108,2.810312,1.712962,,1.466745,,1.475995,1.159179
常用指标,每股现金流,0.116877,0.705435,0.573667,0.216457,0.082395,0.598965,0.504085,0.25221,0.151331,0.737785,0.657763,0.387204,0.197584,0.212191,0.24006,-0.029273,-0.04361,0.002707,0.053778,0.000915,-0.024697,0.293694,0.157755,-0.102397,-0.001224,0.533566,0.429641,0.166845,0.060367,0.559474,0.383433,0.263882,0.042056,0.546369,0.488719,0.229339,0.073104,0.812661,0.675353,0.33348,0.071695,0.958873,0.608155,0.309296,0.101845,1.078404,0.799231,0.340976,0.030488,1.344845,1.111254,0.43623,0.009349,1.667379,1.162876,0.542764,0.021962,1.513361,0.735842,0.270046,0.035051,0.061157,-0.015666,-0.249277,-0.028943,1.124122,0.645515,0.360604,0.10249,0.453471,0.328247,-0.011248,-0.055756,0.91757,0.679119,0.22473,0.133815,0.798836,0.476871,0.176169,0.074006,0.604134,0.390879,0.121936,0.030376,0.829378,0.192371,0.344236,,0.34399,,,
常用指标,净资产收益率(ROE),2.57,8.46,7.56,3.72,1.35,8.44,7.39,4.44,2.2,9.24,8.63,4.89,2.26,0.15,1.1,-2.24,-1.18,-1.53,0.44,0.39,-0.39,2.76,2.0,-0.95,-0.82,8.16,7.42,3.95,1.44,8.05,8.46,4.99,1.97,9.1,8.2,4.53,2.14,10.45,9.78,5.51,1.98,9.96,9.77,5.59,2.19,10.3,9.39,5.05,1.96,15.78,15.02,9.11,2.54,16.8,14.18,8.23,2.47,16.28,9.28,7.76,2.79,7.46,2.94,1.34,1.62,9.52,,5.5,,12.38,,5.98,,20.47,,9.37,,15.8,,7.28,,13.49,,5.53,,21.39,,16.15,,20.19,,34.46,32.02
常用指标,总资产报酬率(ROA),2.999703,9.715896,8.617093,4.378486,1.605455,9.72758,8.749969,5.393765,2.576096,10.589855,9.720784,5.744315,2.646905,0.412198,1.339257,-2.194356,-1.230395,-0.918146,1.078882,0.90587,-0.292913,3.362552,2.283925,-0.887486,-0.854652,10.02566,9.083365,5.060478,1.644267,9.230559,9.63811,5.708727,2.096443,10.197644,8.901192,5.065627,2.20378,12.219524,10.512018,6.510221,2.267465,12.140949,10.505859,6.625431,2.616298,14.124926,12.731268,7.32336,3.015874,15.366455,14.310914,9.410451,3.153783,17.472032,14.686631,9.859756,3.493282,18.896582,8.579177,4.579331,1.298873,3.392731,3.69131,2.1402,1.405786,8.069414,6.734961,4.078557,1.650273,11.501355,8.593624,5.271209,1.904542,19.879852,18.615498,11.188725,3.948426,19.951954,17.178293,9.482677,2.785551,17.948399,13.59829,7.081804,2.207028,23.871018,20.011248,17.07168,,23.176631,,44.58178,28.730443
常用指标,毛利率,60.956404,56.176991,58.428157,53.793062,51.63469,57.368223,60.762538,57.208732,58.242555,58.680665,62.202894,62.141741,61.422317,33.985097,41.058943,-12.360037,-7.99593,46.13875,57.729825,58.988164,48.351926,55.539231,54.897398,24.423844,11.685834,67.080829,71.497241,68.647471,66.877793,67.158653,72.544599,72.091011,70.643666,70.076192,73.947987,73.237091,73.329516,74.70703,77.205125,77.442699,74.643463,75.331285,78.08617,76.670254,74.399477,75.140339,76.41736,74.212331,72.253376,76.095463,79.223685,78.044281,73.315418,76.981778,78.349605,76.371733,71.727049,76.266947,77.865929,75.530733,70.574612,77.37984,78.151067,74.880687,74.323936,83.879307,82.740208,81.946918,80.804759,81.210456,80.502098,79.000763,75.939848,80.869011,81.680773,79.565729,76.357865,83.707935,85.299131,82.56128,75.279249,84.391967,84.292686,81.759985,78.574343,85.44426,85.937427,84.135382,81.098836,79.694263,76.820831,82.623404,75.619641
常用指标,销售净利率,37.477001,27.793923,33.068152,28.05501,23.583011,29.251829,34.161663,33.024109,34.921492,31.522882,37.029346,34.757221,34.353903,0.005349,10.126182,-74.693339,-75.835031,-10.493528,5.32392,7.01139,-13.90943,17.598728,18.872946,-29.202045,-56.36108,32.209375,39.522748,35.681756,30.481822,29.554897,38.302485,36.505312,35.009124,31.560188,36.7839,34.352097,33.885246,32.720091,40.011606,38.30164,33.745716,31.625826,39.861401,39.757908,38.354077,32.35769,39.203806,36.290974,30.618554,29.558912,36.192698,38.904548,30.581581,33.242271,36.882822,36.076392,30.189615,31.64241,28.091529,25.127186,17.9888,10.707058,17.589515,13.242297,17.832778,24.814971,35.140566,34.954628,31.935665,33.416222,38.185297,36.931325,34.022794,46.354612,51.382252,46.910473,47.338088,40.252758,48.618558,46.001518,37.597288,43.370094,48.640961,45.884419,37.353667,42.365929,49.69505,49.488567,44.342214,39.696521,42.292706,46.458032,37.944943
常用指标,期间费用率,16.018295,19.30495,17.779485,17.870703,20.891226,19.417433,18.957929,16.026039,15.169605,18.190814,17.041449,17.737285,17.136841,32.23453,29.006951,54.790058,56.784235,44.028057,42.028631,39.66181,55.116314,32.599735,31.598741,48.339536,60.920149,27.205584,23.702144,24.17716,28.172283,27.852163,25.131199,25.938848,25.732846,28.831305,28.392006,29.691134,30.411904,31.652619,28.276371,28.646606,29.94699,32.136963,27.68021,27.013079,25.889576,33.249019,29.098337,29.779403,32.313172,35.993038,31.492341,28.050409,31.966917,33.019527,29.849446,28.951742,30.704449,34.064395,39.968155,42.009739,49.053477,60.322183,57.919521,57.678587,51.342114,45.95795,36.011088,35.603941,37.282111,34.464224,28.839734,29.255021,29.701471,22.440688,11.925337,13.974755,14.586927,17.866625,12.556164,15.005338,20.115506,21.801846,17.847327,21.191691,24.942873,24.746666,19.92385,19.671279,20.134574,25.097973,21.750925,11.729123,17.026487
常用指标,资产负债率,7.321214,8.622997,10.821814,10.94426,10.58769,11.682033,12.261393,8.737984,9.402066,9.866358,9.732949,13.510662,8.347479,8.353076,6.334841,4.771589,5.757999,6.65706,7.380577,7.74261,9.393067,6.013669,5.922161,4.097271,5.879491,5.895316,5.3913,4.313844,5.702779,6.105814,5.38038,9.280945,7.705274,8.971479,9.388021,18.887562,17.256134,18.841313,18.407178,18.511955,18.144517,20.478822,18.956299,19.966944,21.285604,21.777082,19.452148,19.699163,20.341484,36.020764,36.152728,31.319528,31.710358,39.182081,38.10117,27.232882,28.115867,30.466876,32.775663,32.309951,33.91735,35.094804,33.912548,38.15966,55.138178,54.114846,52.166389,50.143255,52.15218,40.672455,44.027256,38.725124,25.397272,24.932794,21.488065,14.687199,15.937238,15.266898,12.036496,11.870702,18.383779,12.10387,10.757291,13.235974,20.677394,16.602903,15.642423,23.882864,,32.578131,,15.978279,25.571756
每股指标,基本每股收益,0.1213,0.3885,0.3493,0.172,0.0627,0.3838,0.3499,0.2044,0.1016,0.4139,0.3855,0.2203,0.1005,0.0068,0.0486,-0.0972,-0.0515,-0.0688,0.0199,0.0183,-0.0181,0.1283,0.0883,-0.0439,-0.0391,0.3703,0.3363,0.1784,0.0643,0.3487,0.3693,0.2164,0.0839,0.3716,0.3342,0.1819,0.0853,0.4073,0.4954,0.2112,0.0972,0.4667,0.4585,0.2576,0.0996,0.428,0.3847,0.2,0.12,0.694,0.66,0.391,0.137,0.644,0.54,0.4,0.12,0.714,0.61,0.33,0.114,0.289,0.13,0.06,0.07,0.39,0.39,0.22,0.1,0.46,0.38,0.22,0.08,0.67,0.52,0.29,0.11,0.48,0.42,0.22,0.07,0.39,,0.16,,0.44,,0.26,,0.27,,0.44,0.36
每股指标,稀释每股收益,0.1213,0.3885,0.3493,0.172,0.0627,0.3838,0.3499,0.2044,0.1016,0.4139,0.3855,0.2203,0.1005,0.0068,0.1486,-0.0972,-0.0515,-0.0688,0.0199,0.0183,-0.0181,0.1283,0.0883,-0.0439,-0.0391,0.3703,0.3363,0.1784,0.0643,0.3487,0.3693,0.2164,0.0839,0.3716,0.3342,0.1819,0.0853,0.4073,0.4954,0.2112,0.0972,0.4667,0.4585,0.2576,0.0996,0.428,0.3847,0.2,0.12,0.694,0.66,0.391,0.137,0.64,0.54,0.4,0.12,0.71,0.61,0.33,0.114,0.29,0.13,0.06,0.07,0.39,0.39,0.22,0.1,0.46,0.38,0.22,0.08,0.67,0.52,0.29,0.11,0.48,0.42,0.22,0.07,,,,,,,,,,,,
每股指标,摊薄每股收益_最新股数,0.121272,0.388499,0.34928,0.171981,0.062726,0.383756,0.349917,0.204391,0.101572,0.413856,0.385462,0.220299,0.100462,0.006705,0.048568,-0.097216,-0.051461,-0.068796,0.019944,0.018299,-0.018054,0.128282,0.088252,-0.043894,-0.039052,0.370313,0.336263,0.178429,0.064274,0.348743,0.369256,0.216366,0.083938,0.371638,0.334208,0.181859,0.085322,0.407329,0.381101,0.211242,0.074735,0.358969,0.352671,0.198191,0.076602,0.329517,0.295889,0.151987,0.054236,0.268985,0.25603,0.151589,0.040982,0.249646,0.20926,0.118771,0.034838,0.212958,0.106642,0.053835,0.014364,0.018356,0.02811,0.011768,0.012156,0.069646,0.069986,0.04045,0.014863,0.083588,0.068106,0.040276,0.014172,0.121535,0.094798,0.052089,0.019326,0.078323,0.072399,0.037853,0.011357,0.069713,0.056366,0.028611,0.008503,0.066636,0.059626,0.034855,0.013217,0.036966,0.023206,0.059498,0.037295
每股指标,摊薄每股净资产_期末股数,4.778433,4.657094,4.617907,4.440567,4.662665,4.600054,4.566338,4.413883,4.661119,4.559654,4.53253,4.366328,4.496355,4.396003,4.438241,4.292274,4.338048,4.389576,4.478343,4.4764,4.640062,4.658141,4.618144,4.485485,4.610344,4.649412,4.615867,4.457715,4.493627,4.429368,4.44977,4.29688,4.314451,4.230513,4.192658,4.04031,5.226919,5.134105,5.25588,5.034631,4.957165,4.860045,4.850962,4.67432,6.894474,6.745099,6.677752,6.397143,6.326528,4.697477,4.664048,4.394546,5.491875,5.354397,5.218918,4.915369,4.783814,4.666946,4.36993,4.178045,5.245005,5.177149,5.223225,5.160886,4.120343,4.203086,4.204099,4.040694,3.899137,3.966906,3.881254,3.727289,3.582873,3.504466,3.339979,3.103698,3.272439,3.138108,3.105331,2.914212,2.767628,2.904791,2.960948,2.8074,2.696155,2.849108,2.810312,1.712962,,1.466745,,1.475995,1.159179
每股指标,调整每股净资产_期末股数,4.152415,4.026912,3.993858,3.811559,4.079135,4.010273,3.98793,3.832338,4.071608,3.962401,3.921957,3.755449,3.875753,3.7676,3.797493,3.644378,3.684364,3.747078,3.867881,3.860944,3.929134,4.105611,4.354231,4.225537,4.350333,4.396372,4.389595,4.231953,4.266957,4.199474,4.193773,4.036052,4.074523,3.986575,3.929113,3.768248,4.866884,4.800291,4.900651,4.67371,4.589311,4.489977,4.524918,4.347874,6.41495,6.262103,6.20554,5.927189,5.860034,4.074065,4.050287,3.906163,4.853511,4.710587,4.573466,4.256175,4.179312,4.059528,3.789915,3.584546,4.464991,4.399709,4.465351,4.424419,3.256266,3.332969,3.317054,3.665575,3.527597,3.612927,3.534994,3.37989,3.236992,3.159029,3.252286,3.013355,3.171499,3.040987,3.004904,2.822953,2.68561,2.814444,2.864672,2.70881,2.591949,2.750533,2.699699,1.578585,,1.362544,,1.354917,1.041545
每股指标,每股净资产_最新股数,4.778433,4.657094,4.617907,4.440567,4.662665,4.600054,4.566338,4.413883,4.661119,4.559654,4.53253,4.366328,4.496355,4.396003,4.438241,4.292274,4.338048,4.389576,4.478343,4.4764,4.640062,4.658141,4.618144,4.485485,4.610344,4.649412,4.615867,4.457715,4.493627,4.429368,4.44977,4.29688,4.314451,4.230513,4.192658,4.04031,4.020707,3.949312,4.042984,3.872793,3.813204,3.738496,3.731509,3.595631,3.535627,3.459025,3.424488,3.280586,3.244373,1.820432,1.807477,1.703035,1.637144,1.596162,1.555775,1.465286,1.426069,1.39123,1.202605,1.149799,1.110328,1.095963,1.105717,1.09252,0.744771,0.759727,0.75991,0.730374,0.704787,0.717037,0.701555,0.673725,0.647621,0.633448,0.603717,0.561008,0.591508,0.567227,0.561303,0.526757,0.500261,0.525054,0.535205,0.50745,0.487342,0.514989,0.507977,0.231692,,0.198389,,0.19964,0.156788
每股指标,每股经营现金流,0.116877,0.705435,0.573667,0.216457,0.082395,0.598965,0.504085,0.25221,0.151331,0.737785,0.657763,0.387204,0.197584,0.212191,0.24006,-0.029273,-0.04361,0.002707,0.053778,0.000915,-0.024697,0.293694,0.157755,-0.102397,-0.001224,0.533566,0.429641,0.166845,0.060367,0.559474,0.383433,0.263882,0.042056,0.546369,0.488719,0.229339,0.073104,0.812661,0.675353,0.33348,0.071695,0.958873,0.608155,0.309296,0.101845,1.078404,0.799231,0.340976,0.030488,1.344845,1.111254,0.43623,0.009349,1.667379,1.162876,0.542764,0.021962,1.513361,0.735842,0.270046,0.035051,0.061157,-0.015666,-0.249277,-0.028943,1.124122,0.645515,0.360604,0.10249,0.453471,0.328247,-0.011248,-0.055756,0.91757,0.679119,0.22473,0.133815,0.798836,0.476871,0.176169,0.074006,0.604134,0.390879,0.121936,0.030376,0.829378,0.192371,0.344236,,0.34399,,,
每股指标,每股现金流量净额,0.008528,-0.628865,-0.451345,-0.132246,0.019027,0.219644,0.212649,-0.070772,0.34302,0.00226,0.176418,0.455532,0.099309,-0.020167,-0.04944,-0.234265,-0.112431,-0.536089,-0.422302,-0.262156,-0.064707,0.032276,0.034778,-0.152928,0.262309,-0.390658,0.063788,-0.112693,-0.006461,-0.305221,-0.104741,0.049241,-0.007245,-0.305743,-0.328765,0.02568,-0.068884,0.208909,0.359672,0.055876,0.003711,0.282197,0.140839,0.008174,-0.098019,2.664051,1.085504,0.716092,0.600492,-0.44767,-0.456109,-1.27313,-1.214845,1.652087,1.435859,-0.371423,-0.405984,0.76294,0.418194,0.139386,0.034179,-0.496001,-0.434323,-0.005731,-0.072597,-0.043436,0.022849,0.253286,0.898628,0.253622,1.212029,0.882083,-0.313332,-0.13441,-0.312054,-0.447549,-0.144384,-0.27261,-0.288649,-0.389744,-0.048127,-0.438949,-0.383565,-0.354133,-0.0542,1.484073,1.305363,-0.40402,,0.401176,,,
每股指标,每股企业自由现金流量,,-0.033349,,0.223776,,0.453647,,0.34021,,0.333848,,0.222111,,0.032958,,-0.106432,,0.173848,,0.208849,,0.225064,,0.113269,,0.149174,,0.166313,,0.211967,,0.186889,,0.401437,,0.254682,,0.984058,,0.203551,,0.194384,,0.260986,,-1.682014,,-2.071265,,0.175789,,0.478495,,-0.783191,,0.703832,,0.177739,,0.280469,,-1.081495,-1.552305,-1.505325,,-0.059641,,-0.510185,,-0.695473,,-0.484433,,0.807169,,0.354237,,0.545683,-0.078417,-0.037338,0.17895,0.191049,0.15505,0.116122,0.232097,-1.082841,-1.0541,0.436224,,0.073385,,,
每股指标,每股股东自由现金流量,,-0.033349,,0.223776,,0.453647,,0.34021,,0.333848,,0.222111,,0.032958,,-0.106432,,0.173848,,0.208849,,0.225064,,0.113269,,0.149174,,0.166313,,0.048179,,0.186889,,-0.053528,,0.254682,,0.984058,,0.203551,,0.194384,,0.260986,,-2.150448,,-2.539698,,-0.05131,,-0.22121,,0.920054,,0.76488,,0.214368,,0.439178,,-2.31083,-2.953575,-2.365,,1.370037,,0.879219,,1.036249,,1.045926,,1.260236,,0.354237,,0.545683,-0.078417,0.013002,0.229291,-0.020381,-0.05638,0.055713,0.232097,-1.410056,-1.29749,0.066218,,0.584666,,,
每股指标,每股未分配利润,2.213032,2.09176,2.052541,1.875242,2.115987,2.05326,2.053466,1.908635,2.155817,2.054244,2.060915,1.894884,2.024833,1.924371,1.979173,1.833387,1.879143,1.930604,2.047488,2.045843,2.209489,2.227543,2.208125,2.075978,2.20082,2.239872,2.237286,2.079452,2.115297,2.051022,2.112924,1.960033,1.977605,1.893667,1.901308,1.74896,2.248149,2.13723,2.166012,1.945196,1.867722,1.770566,1.82241,1.621586,2.315281,2.165906,2.16683,1.886221,1.815606,2.262624,2.30111,2.031608,2.420056,2.282578,2.216675,1.913126,1.781572,1.664703,1.26687,1.074985,1.211027,1.14317,1.200423,1.138084,1.317624,1.400368,1.442003,1.278597,1.13704,1.20481,1.163459,1.009494,0.865077,0.786671,0.554394,0.318113,0.486854,0.355718,0.5056,0.314481,0.167897,0.305061,0.399064,0.245515,0.157655,0.310608,0.352515,0.25085,,,,0.073315,
每股指标,每股资本公积金,1.041742,1.041676,1.041707,1.041667,1.023019,1.023135,1.023258,1.015634,1.015689,1.015797,1.016199,1.016028,1.016105,1.016216,1.016591,1.016409,1.016427,1.016494,1.01652,1.016222,1.016238,1.016263,1.016295,1.015783,1.0158,1.015816,1.01632,1.016002,1.016068,1.016085,1.015973,1.015973,1.015973,1.015973,1.015549,1.015549,1.620228,1.638334,1.794191,1.793758,1.793766,1.793801,1.792906,1.817088,3.225724,3.225724,3.22395,3.22395,3.22395,1.055106,1.055106,1.055106,1.671638,1.671638,1.671638,1.671638,1.671638,1.671638,1.757585,1.757585,2.584861,2.584861,2.584861,2.584861,1.289821,1.289821,1.289821,1.289821,1.289821,1.289821,1.289821,1.289821,1.289821,1.289821,1.35989,1.35989,1.35989,1.35989,1.35989,1.35989,1.35989,1.35989,1.35989,1.35989,1.35989,1.35989,1.359877,1.3e-05,,1.3e-05,,1.3e-05,0.0
每股指标,每股盈余公积金,0.523658,0.523658,0.523658,0.523658,0.523658,0.523658,0.489612,0.489612,0.489612,0.489612,0.455415,0.455415,0.455415,0.455415,0.442477,0.442477,0.442477,0.442477,0.414334,0.414334,0.414334,0.414334,0.393723,0.393723,0.393723,0.393723,0.36226,0.36226,0.36226,0.36226,0.320872,0.320872,0.320872,0.320872,0.2758,0.2758,0.35854,0.35854,0.295676,0.295676,0.295676,0.295676,0.235645,0.235645,0.353468,0.353468,0.28697,0.28697,0.28697,0.379746,0.30783,0.30783,0.400179,0.400179,0.330604,0.330604,0.330604,0.330604,0.345474,0.345474,0.449117,0.449117,0.437939,0.437939,0.512897,0.512897,0.472275,0.472275,0.472275,0.472275,0.427973,0.427973,0.427973,0.427973,0.425694,0.425694,0.425694,0.422498,0.239839,0.239839,0.239839,0.239839,0.201993,0.201993,0.178609,0.178609,0.097918,0.167959,,0.161111,,0.120116,0.036089
每股指标,每股留存收益,2.736691,2.615418,2.5762,2.3989,2.639645,2.576919,2.543079,2.398248,2.64543,2.543857,2.51633,2.3503,2.480249,2.379787,2.42165,2.275865,2.32162,2.373081,2.461823,2.460178,2.623824,2.641878,2.601849,2.469702,2.594543,2.633596,2.599546,2.441713,2.477558,2.413283,2.433796,2.280906,2.298477,2.214539,2.177109,2.02476,2.60669,2.495771,2.461689,2.240873,2.163398,2.066243,2.058055,1.857232,2.668749,2.519374,2.453801,2.173192,2.102577,2.64237,2.608941,2.339439,2.820236,2.682758,2.547279,2.24373,2.112176,1.995307,1.612345,1.42046,1.660144,1.592287,1.638363,1.576024,1.830521,1.913265,1.914278,1.750873,1.609316,1.677085,1.591433,1.437467,1.293051,1.214645,0.980088,0.743808,0.912548,0.778217,0.74544,0.554321,0.407737,0.544901,0.601058,0.447509,0.336264,0.489218,0.450434,0.418809,,0.161111,,0.193431,0.036089
每股指标,每股营业收入,0.365361,1.565751,1.200612,0.68737,0.295703,1.471273,1.156791,0.700339,0.327448,1.4539,1.168022,0.714098,0.327597,0.576088,0.466724,0.143717,0.07588,0.652146,0.528231,0.368252,0.131536,0.784444,0.498351,0.172233,0.075346,1.315209,1.016129,0.579351,0.233761,1.234638,1.019067,0.623397,0.247524,1.250619,0.977927,0.580327,0.337856,1.844593,1.441306,0.851083,0.359586,1.859568,1.416377,0.828922,0.520732,2.635841,1.980065,1.161555,0.530445,3.133059,2.443007,1.412644,0.719296,3.599296,2.705027,1.631026,0.664886,3.389924,1.568015,0.90326,0.458325,1.637223,1.157603,0.719894,0.475283,1.844366,1.244898,0.721005,0.304312,1.471134,1.026212,0.615046,0.224647,1.553912,1.10348,0.650002,0.238318,1.225422,0.92078,0.516709,0.197864,1.053689,0.758074,0.422778,0.155935,1.023219,0.77734,0.605934,,0.823921,,1.07243,0.778041
每股指标,每股营业总收入,0.365361,1.565751,1.200612,0.68737,0.295703,1.471273,1.156791,0.700339,0.327448,1.4539,1.168022,0.714098,0.327597,0.576088,0.466724,0.143717,0.07588,0.652146,0.528231,0.368252,0.131536,0.784444,0.498351,0.172233,0.075346,1.315209,1.016129,0.579351,0.233761,1.234638,1.019067,0.623397,0.247524,1.250619,0.977927,0.580327,0.337856,1.844593,1.441306,0.851083,0.359586,1.859568,1.416377,0.828922,0.520732,2.635841,1.980065,1.161555,0.530445,3.133059,2.443007,1.412644,0.719296,3.599296,2.705027,1.631026,0.664886,3.389924,1.568015,0.90326,0.458325,1.637223,1.157603,0.719894,0.475283,1.844366,1.244898,0.721005,0.304312,1.471134,1.026212,0.615046,0.224647,1.553912,1.10348,0.650002,0.238318,1.266537,0.957781,0.539626,0.205782,1.116722,0.806821,0.452021,0.165006,1.099998,0.836924,0.653794,,0.86266,,1.143961,0.814429
每股指标,每股息税前利润,0.16858,0.538,0.481281,0.23969,0.088215,0.525813,0.472806,0.280314,0.138361,0.546753,0.50018,0.296048,0.134084,0.020404,0.06594,-0.105366,-0.059708,-0.046176,0.055112,0.046351,-0.015375,0.174268,0.118526,-0.044949,-0.044265,0.508473,0.45837,0.248735,0.081691,0.454037,0.473548,0.281677,0.102935,0.507423,0.442864,0.261546,0.146725,0.797525,0.695625,0.42106,0.146303,0.768757,0.657245,0.409342,0.241595,1.100024,0.968253,0.541793,0.221517,1.243871,1.154964,0.709094,0.308016,1.567399,1.280854,0.75665,0.263934,1.379735,0.606409,0.315407,0.115727,0.286884,0.311118,0.184733,0.143442,0.696406,0.565774,0.316674,0.128408,0.685178,0.52077,0.295012,0.093942,0.876371,0.788348,0.432426,0.157424,0.733726,0.615054,0.327949,0.097577,0.634698,0.480477,0.24661,0.078454,0.636769,0.524117,0.407892,,0.483825,,0.776381,0.47053
盈利能力,净资产收益率(ROE),2.57,8.46,7.56,3.72,1.35,8.44,7.39,4.44,2.2,9.24,8.63,4.89,2.26,0.15,1.1,-2.24,-1.18,-1.53,0.44,0.39,-0.39,2.76,2.0,-0.95,-0.82,8.16,7.42,3.95,1.44,8.05,8.46,4.99,1.97,9.1,8.2,4.53,2.14,10.45,9.78,5.51,1.98,9.96,9.77,5.59,2.19,10.3,9.39,5.05,1.96,15.78,15.02,9.11,2.54,16.8,14.18,8.23,2.47,16.28,9.28,7.76,2.79,7.46,2.94,1.34,1.62,9.52,,5.5,,12.38,,5.98,,20.47,,9.37,,15.8,,7.28,,13.49,,5.53,,21.39,,16.15,,20.19,,34.46,32.02
盈利能力,摊薄净资产收益率,2.537914,8.342093,7.563616,3.872961,1.34529,8.342443,7.662978,4.630645,2.179152,9.076494,8.504355,5.045417,2.234302,0.152537,1.094322,-2.264922,-1.186276,-1.567276,0.445357,0.408809,-0.389092,2.753932,1.910999,-0.978588,-0.84707,7.964727,7.284947,4.002716,1.430356,7.873438,8.298334,5.035433,1.94551,8.784724,7.97127,4.501136,2.12208,10.313924,9.426233,5.454526,1.959903,9.601968,9.451164,5.512005,2.166586,9.526296,8.640408,4.632944,1.671708,14.775905,14.165062,8.901108,2.503297,15.640441,13.450532,8.11,2.443001,15.307163,8.867606,4.682172,1.293736,1.674939,2.542299,1.077225,1.632299,9.167353,9.21,5.54,2.11,11.66,9.71,5.98,2.19,19.19,15.7,9.29,3.27,13.81,12.9,7.19,2.27,13.28,10.53,5.64,1.74,12.94,11.74,15.05,,18.63,,29.8,23.79
盈利能力,净资产收益率_平均,2.570551,8.393496,7.578265,3.804638,1.354384,8.379238,7.66859,4.555422,2.203131,9.242133,8.634189,5.028208,2.259462,0.152649,1.100355,-2.239538,-1.179273,-1.520754,0.436592,0.400675,-0.388336,2.756515,1.904551,-0.961027,-0.843496,8.157769,7.435151,4.015484,1.440657,8.054235,8.507943,5.074622,1.964621,9.086721,8.209514,4.552402,2.141089,10.596754,9.795081,5.550768,1.979292,9.9748,9.809314,5.618739,2.190314,12.482987,11.282907,5.959113,2.141699,15.745816,15.044499,9.189449,2.535027,16.713356,14.201535,8.315806,2.473211,16.426631,8.871289,4.57901,1.242657,1.978424,3.013827,1.270769,1.616072,9.432366,9.477241,5.589382,2.090779,12.37897,10.203128,6.162327,2.212627,20.111425,16.082606,9.169221,3.31301,14.341333,13.328826,7.19782,2.215509,13.40596,10.734488,5.596798,1.696811,18.682043,16.882614,16.208921,,18.574522,,33.386189,23.786901
盈利能力,净资产收益率_平均_扣除非经常损益,2.544844,8.666583,7.617737,3.869206,1.335422,8.672486,7.676541,4.548956,2.178693,9.559735,8.793692,5.253283,2.27402,-0.848863,0.427731,-2.509623,-1.225329,-1.320504,0.443543,0.443794,-0.422097,2.773871,1.801625,-1.025797,-0.88486,8.149423,7.235501,3.882252,1.372604,8.02994,8.245734,4.873576,1.88333,9.186856,8.217097,4.54647,2.142448,10.344992,9.831479,5.554593,1.97577,10.072622,9.775553,5.545532,2.107033,12.315885,11.350307,6.026201,2.148625,16.278243,15.518755,9.39702,2.726376,16.957156,14.530869,8.409875,2.589764,9.577778,8.987252,4.680184,1.246337,3.038526,2.694843,1.28375,1.623327,9.857222,9.551261,5.65792,2.101145,12.992208,10.214,6.160431,2.235871,21.001768,15.977253,9.089326,3.309971,14.83828,12.91203,7.396602,2.227104,14.016804,10.254484,5.934883,1.733831,18.769766,16.974622,16.262442,,18.880723,,34.455969,24.1371
盈利能力,摊薄净资产收益率_扣除非经常损益,2.512533,8.613508,7.603011,3.938689,1.326456,8.634403,7.670923,4.624072,2.15498,9.388404,8.661459,5.271263,2.248697,-0.848242,0.425386,-2.538068,-1.232606,-1.3609,0.452447,0.452803,-0.422919,2.771271,1.807724,-1.044541,-0.88861,7.956579,7.089331,3.869909,1.36279,7.849689,8.042585,4.83594,1.86501,8.881532,7.978632,4.495271,2.123426,10.068882,9.461261,5.458285,1.956416,9.696133,9.418635,5.440188,2.084207,9.398773,8.692022,4.685102,1.677114,15.275536,14.611595,9.102166,2.692251,15.868591,13.76245,8.2,2.55813,8.925057,8.983521,4.785625,1.297567,2.572424,2.273222,1.088228,1.639626,9.580273,9.28,5.61,2.12,12.23,9.72,5.98,2.21,20.04,15.6,9.48,3.26,14.29,12.495106,7.38,2.282292,13.88,10.06082,5.98,1.783012,13.0,11.802007,14.93,,18.94,,30.76,24.14
盈利能力,息税前利润率,46.140813,34.360544,40.086299,34.870613,29.832577,35.738668,40.872266,40.02555,42.254298,37.606,42.822873,41.457717,40.929735,3.541894,14.128285,-73.315402,-78.687841,-7.08076,10.433425,12.586929,-11.688802,22.215566,23.783811,-26.098185,-58.750097,38.661029,45.109495,42.933472,34.94636,36.774952,46.468815,45.184314,41.586185,40.573789,45.28603,45.068765,43.428445,43.235841,48.263564,49.4734,40.686607,41.340614,46.403287,49.382475,46.395272,41.733315,48.900049,46.643748,41.760765,39.701493,47.276357,50.196227,42.821904,43.547396,47.350889,46.391046,39.696247,40.701076,38.673708,34.918751,25.250057,17.522649,26.876056,25.661162,30.180449,37.758589,45.447451,43.92116,42.196451,46.574794,50.746865,47.965865,41.818025,56.397767,71.442011,66.526812,66.056458,57.931723,64.216562,60.773536,47.417737,56.835827,59.551975,54.55719,47.54646,57.888246,62.624253,62.388564,58.709748,56.085338,54.00817,67.867753,57.774176
盈利能力,总资产报酬率,2.999703,9.715896,8.617093,4.378486,1.605455,9.72758,8.749969,5.393765,2.576096,10.589855,9.720784,5.744315,2.646905,0.412198,1.339257,-2.194356,-1.230395,-0.918146,1.078882,0.90587,-0.292913,3.362552,2.283925,-0.887486,-0.854652,10.02566,9.083365,5.060478,1.644267,9.230559,9.63811,5.708727,2.096443,10.197644,8.901192,5.065627,2.20378,12.219524,10.512018,6.510221,2.267465,12.140949,10.505859,6.625431,2.616298,14.124926,12.731268,7.32336,3.015874,15.366455,14.310914,9.410451,3.153783,17.472032,14.686631,9.859756,3.493282,18.896582,8.579177,4.579331,1.298873,3.392731,3.69131,2.1402,1.405786,8.069414,6.734961,4.078557,1.650273,11.501355,8.593624,5.271209,1.904542,19.879852,18.615498,11.188725,3.948426,19.951954,17.178293,9.482677,2.785551,17.948399,13.59829,7.081804,2.207028,23.871018,20.011248,17.07168,,23.176631,,44.58178,28.730443
盈利能力,总资本回报率,3.562119,11.582086,10.40446,5.28192,1.897556,11.438037,10.324195,6.223878,2.990035,12.165386,11.163012,6.731745,3.004537,0.463056,1.490316,-2.421259,-1.364887,-1.019514,1.205118,1.013683,-0.33071,3.744672,2.55789,-0.984132,-0.956091,11.201361,10.135076,5.597693,1.831028,10.291355,10.706742,6.362029,2.320326,11.323431,9.924679,5.669075,2.451605,13.74699,11.866004,7.320596,2.560892,14.021328,11.997413,7.594604,3.010022,16.70285,14.783033,8.453027,3.455058,18.477246,17.076675,11.176618,3.764141,21.390402,17.785403,12.035462,4.242602,24.799322,10.668878,5.644398,1.613794,4.185318,4.580908,2.627318,1.798078,9.970566,8.099697,4.600617,1.871072,13.555493,9.912972,6.102703,2.315493,24.701689,23.358722,13.855802,4.911431,24.283929,20.467269,11.175005,3.410145,21.279576,15.958776,8.194441,2.629122,27.679035,22.976017,19.79322,,26.764133,,52.492068,33.576548
盈利能力,投入资本回报率,2.592774,8.363615,7.574819,3.789861,1.333157,8.347876,7.600747,4.538138,2.159713,9.208182,8.450429,5.009185,2.202102,0.152175,1.097702,-2.233972,-1.261831,-1.518927,0.436165,0.400209,-0.463449,2.756515,1.904551,-0.961027,-0.913549,8.157769,7.015991,4.015484,1.321213,8.05199,8.495637,5.012672,1.826511,9.074884,7.819671,4.407707,2.001402,10.090718,8.666583,5.260265,1.73913,9.530598,8.362293,5.298591,1.897887,11.231433,9.795616,5.410225,2.065329,12.326988,11.202533,7.166228,2.258405,13.183132,11.01949,7.180532,2.269251,14.131289,7.93273,4.212853,1.310383,2.73241,3.241551,1.748697,1.395785,7.024106,6.236064,3.537887,1.376897,10.992436,8.225295,5.136889,2.011831,18.992545,15.270802,9.169221,3.230527,14.38506,12.902551,7.15673,2.091514,13.231042,10.343373,5.435474,1.57771,16.811128,14.961185,13.246715,,16.083565,,30.140735,20.611346
盈利能力,息前税后总资产报酬率_平均,2.436452,7.859098,7.108447,3.522693,1.269131,7.961951,7.313358,4.450264,2.12904,8.876848,8.405655,4.815905,2.221649,0.000622,0.959887,-2.235599,-1.185787,-1.360672,0.550569,0.504603,-0.34856,2.663747,1.812342,-0.993035,-0.819898,8.352603,7.958403,4.205734,1.434205,7.550398,8.07656,4.725057,1.76488,8.636064,7.230057,4.277367,1.71951,10.103706,8.714705,5.472126,1.880649,10.170424,9.024754,5.786376,2.162843,12.198844,10.206823,6.379025,2.211207,13.11775,10.955806,8.136199,2.252298,14.770431,11.439794,7.667523,2.656696,16.017581,6.23168,3.990341,0.925351,3.262573,3.452388,1.884838,0.830639,6.523309,5.20756,3.500096,1.248981,9.816139,6.466411,4.514222,1.54952,16.467127,13.388568,7.889576,2.829563,13.449131,12.503311,6.890457,2.123669,13.176171,10.435781,5.722561,1.638577,16.928888,14.749251,13.190263,,16.50335,,28.609648,18.026509
盈利能力,毛利率,60.956404,56.176991,58.428157,53.793062,51.63469,57.368223,60.762538,57.208732,58.242555,58.680665,62.202894,62.141741,61.422317,33.985097,41.058943,-12.360037,-7.99593,46.13875,57.729825,58.988164,48.351926,55.539231,54.897398,24.423844,11.685834,67.080829,71.497241,68.647471,66.877793,67.158653,72.544599,72.091011,70.643666,70.076192,73.947987,73.237091,73.329516,74.70703,77.205125,77.442699,74.643463,75.331285,78.08617,76.670254,74.399477,75.140339,76.41736,74.212331,72.253376,76.095463,79.223685,78.044281,73.315418,76.981778,78.349605,76.371733,71.727049,76.266947,77.865929,75.530733,70.574612,77.37984,78.151067,74.880687,74.323936,83.879307,82.740208,81.946918,80.804759,81.210456,80.502098,79.000763,75.939848,80.869011,81.680773,79.565729,76.357865,83.707935,85.299131,82.56128,75.279249,84.391967,84.292686,81.759985,78.574343,85.44426,85.937427,84.135382,81.098836,79.694263,76.820831,82.623404,75.619641
盈利能力,销售净利率,37.477001,27.793923,33.068152,28.05501,23.583011,29.251829,34.161663,33.024109,34.921492,31.522882,37.029346,34.757221,34.353903,0.005349,10.126182,-74.693339,-75.835031,-10.493528,5.32392,7.01139,-13.90943,17.598728,18.872946,-29.202045,-56.36108,32.209375,39.522748,35.681756,30.481822,29.554897,38.302485,36.505312,35.009124,31.560188,36.7839,34.352097,33.885246,32.720091,40.011606,38.30164,33.745716,31.625826,39.861401,39.757908,38.354077,32.35769,39.203806,36.290974,30.618554,29.558912,36.192698,38.904548,30.581581,33.242271,36.882822,36.076392,30.189615,31.64241,28.091529,25.127186,17.9888,10.707058,17.589515,13.242297,17.832778,24.814971,35.140566,34.954628,31.935665,33.416222,38.185297,36.931325,34.022794,46.354612,51.382252,46.910473,47.338088,40.252758,48.618558,46.001518,37.597288,43.370094,48.640961,45.884419,37.353667,42.365929,49.69505,49.488567,44.342214,39.696521,42.292706,46.458032,37.944943
盈利能力,成本费用利润率,83.085842,54.429993,67.385052,54.419315,43.441166,57.597297,70.505213,68.050635,75.101975,63.192582,79.153025,74.570217,74.660848,3.605002,16.06436,-43.862016,-44.762887,-7.233435,12.376234,15.602281,-8.461595,28.828732,31.008337,-21.061243,-36.483206,64.30135,89.982167,77.316248,60.733055,59.724229,87.153913,82.252175,77.622274,64.289403,80.413287,73.272401,71.484968,70.604948,92.786152,90.208896,72.463049,67.485457,93.618482,91.396902,89.002571,65.47811,86.629593,76.134312,61.165078,59.048755,82.851819,91.391859,61.792975,71.337196,85.366966,82.048755,61.109942,65.475985,54.201812,44.553029,24.005454,13.719522,24.231489,19.691453,27.140625,51.627328,78.014924,76.75407,67.578402,75.563691,93.83151,87.195805,75.122376,134.794364,237.927406,193.341166,175.712961,174.970404,250.16739,195.264115,113.360268,158.74405,189.058008,144.756945,108.458932,153.843347,194.066875,182.332874,154.470946,124.669379,122.543398,246.838477,141.985095
盈利能力,营业利润率,45.781593,35.598034,40.305118,35.430068,30.013869,37.096636,41.372373,40.438965,42.753333,39.872213,44.925039,43.887191,42.420587,3.845167,12.389144,-79.711154,-74.249699,-3.590527,11.640325,14.337437,-9.064507,24.339324,23.867853,-25.861726,-54.586807,40.091779,47.013177,42.990594,37.240072,37.726577,45.907789,44.19039,42.787716,39.49788,43.829503,41.326574,40.826098,40.694241,47.559096,46.200152,39.968988,38.657865,46.291039,45.513336,44.861868,37.879507,45.833335,42.647045,36.799757,36.290039,44.149978,46.425299,37.939409,40.372686,44.706722,43.505311,36.883371,38.436332,34.168347,30.403166,18.904857,15.730854,19.42286,16.418735,21.016654,33.124552,41.848597,41.631464,38.323988,41.85792,45.401907,43.806721,40.818379,58.015504,72.644448,67.986343,67.118326,59.201491,67.003112,61.798687,49.030694,57.661827,61.385482,55.683908,48.148197,56.43541,61.475526,59.84752,56.008091,54.848963,54.449996,68.931714,56.778186
盈利能力,总资产净利率_平均,2.15791,7.016009,6.253694,3.141633,1.141567,7.099526,6.475726,3.932861,1.891148,8.015826,7.491289,4.274528,1.983177,0.135461,0.986438,-2.02462,-1.060446,-1.367903,0.390435,0.357643,-0.343952,2.47523,1.700563,-0.86665,-0.754002,7.301525,6.66361,3.630115,1.293713,7.089938,7.515462,4.385071,1.709524,7.468789,6.717291,3.522258,1.665977,8.113316,7.486761,4.245964,1.505754,7.36994,7.328532,4.170189,1.617618,8.250807,7.586601,4.006085,1.439893,8.574663,8.186157,5.191161,1.407638,9.335191,8.049008,5.191774,1.546802,9.783965,5.482269,2.840212,0.761591,1.02549,1.575508,0.644079,0.659135,4.464691,4.609132,2.882241,1.056805,7.762481,6.217649,3.981334,1.589601,15.252461,12.384203,7.456423,2.681685,11.783003,11.186959,6.055406,1.793803,10.906575,8.825567,4.545598,1.323472,13.820173,12.59492,10.785527,,13.091845,,25.25973,16.836175
盈利能力,总资产净利率_平均(含少数股东损益),2.436452,7.859098,7.108447,3.522693,1.269131,7.961951,7.313358,4.450264,2.12904,8.876848,8.405655,4.815905,2.221649,0.000622,0.959887,-2.235599,-1.185787,-1.360672,0.550527,0.504603,-0.34856,2.663747,1.812342,-0.993035,-0.819898,8.352603,7.958403,4.205734,1.434205,7.418316,7.944329,4.612195,1.76488,7.932203,7.230057,3.861098,1.71951,9.247511,8.714705,5.040126,1.880649,9.287901,9.024754,5.334145,2.162843,10.951681,10.206823,5.69791,2.211207,11.440771,10.955806,7.293563,2.252298,13.337423,11.439794,7.667523,2.656696,14.69085,6.23168,3.295241,0.925351,2.073098,2.415844,1.104438,0.830639,5.303225,5.20756,3.245917,1.248981,8.251928,6.466411,4.058568,1.54952,16.339704,13.388568,7.889576,2.829563,13.413205,12.503311,6.872938,2.123669,12.922936,10.435781,5.570711,1.638577,16.250768,14.749251,12.55048,,15.667494,,28.609648,18.026509
成长能力,归母净利润,66638152.93,213476711.14,191926567.2,94502232.85,34467582.7,210870860.33,192276433.52,112311106.72,55813358.84,227410467.81,211808037.8,121052537.53,55203027.44,3745284.87,26642549.96,-53449993.66,-28277488.1,-37803207.56,10959382.36,10055655.76,-9920592.73,70489807.73,48494043.1,-24119584.59,-21459181.69,203483569.62,184773658.66,98045489.95,35318454.33,191631395.67,202903194.82,118891398.15,46123222.2,204212170.89,183644275.6,99930309.73,46883999.18,223823560.63,209411576.68,116075812.82,41066263.01,197250254.78,193789500.04,108904332.53,42092328.2,181066548.56,162588680.69,83515850.71,29802433.14,147804953.98,140686254.56,83296793.22,22519563.28,137178622.51,114986480.97,65263692.15,19143655.61,117018447.6,100468666.44,53333951.64,18703873.82,45214318.31,14800374.01,6466906.35,6680105.65,38270346.17,38457188.29,22227277.96,8167415.19,45930907.06,37423663.55,22131383.85,7787743.13,66782889.37,52090873.42,28622793.76,10619575.44,47236928.38,41728472.95,22075147.46,6518505.88,38307194.25,30972898.54,15722014.8,4672787.25,36616353.43,32764238.49,19152914.91,7262986.79,20312491.49,12751880.73,32694132.68,20493306.1
成长能力,营业总收入,200762511.61,860365968.61,659725503.89,377703495.14,162486287.74,808450948.27,635646072.63,384829859.62,179930044.26,798904745.29,641817284.94,392390558.49,180011667.44,316555051.92,256460761.19,78971350.7,41695495.12,358348180.31,290258180.51,202351327.97,72278275.67,431044774.38,273839493.16,94640598.06,41401966.54,722695468.61,558353575.74,318348464.76,128450028.54,678422268.82,559968335.56,342551163.11,136012373.0,687203991.38,537362274.17,318884694.55,142807073.43,779682466.35,609218963.13,359740573.25,151991795.99,786012209.8,598681829.71,350373052.7,146737248.93,742754150.97,557962991.64,327314861.23,149474203.22,667173449.78,520229497.75,300817512.09,117824263.94,589582321.58,443096637.36,267170086.15,108911639.78,555286111.23,410482664.13,241308905.41,96422729.19,373565844.82,134478080.83,83740369.69,47206561.5,183188092.77,123647104.86,71612471.46,30225225.64,146117596.36,101926533.46,61088275.14,22312625.87,154339289.17,109601014.05,64560270.36,23670530.09,128844614.47,97251017.08,54932635.95,20993489.88,110916322.62,80135945.56,44896151.41,16388935.53,109255213.39,83125885.49,48591998.5,20284016.1,64115537.84,39024517.42,85022729.22,60530904.27
成长能力,净利润,75239768.84,239129457.81,218159032.41,105964753.88,38319160.16,236486695.69,217147271.04,127086633.54,62834257.36,251837803.32,237660743.93,136384056.34,61841035.04,77580.42,25924199.45,-59016661.71,-31619791.87,-37603367.06,15453115.79,14187642.53,-10053496.75,75858398.04,51681582.16,-27636990.79,-23334595.66,232775699.71,220676680.28,113592323.93,39153909.79,200507004.74,214481789.3,125049373.88,47616740.36,216882875.27,197662802.45,109543582.12,48390528.95,255112818.87,243758296.44,137786542.02,51290720.39,248582855.38,238642969.91,139300998.74,56279717.62,240338091.49,218742728.83,118785752.13,45766840.73,197209216.36,188285093.04,117031695.98,36032523.65,195990558.29,163426548.17,96385329.22,32880005.61,175705908.1,148706720.19,80365191.78,30787757.62,89268639.26,23008931.18,11089148.78,8418241.35,45458073.56,43450292.59,25031873.67,9652626.93,48826981.29,38920949.58,22560709.57,7591378.92,71543379.51,56315469.56,30285528.55,11205176.57,53170846.9,46409653.86,24883370.9,7666197.38,45389265.3,36623867.66,19267608.15,5785327.39,43056182.59,38368484.64,22287113.52,8358751.63,24308708.04,15817994.96,37029993.0,21942202.86
成长能力,扣非净利润,65971724.13,220422298.59,192926217.88,96106026.02,33985019.14,218250712.41,192475788.89,112151696.34,55194270.25,235225335.32,215720854.47,126471161.13,55558693.43,-20489841.6,10374215.1,-59862008.91,-29381862.68,-32825352.02,11133853.9,11137793.42,-10783067.42,70933636.17,45873324.04,-25745159.91,-22511527.57,203275403.05,179812097.93,94792394.25,33650120.13,191053362.5,196649878.03,114181177.3,44214754.3,206462581.71,183813887.08,99800095.08,46913744.95,218505874.53,210189739.22,116155802.66,40993182.24,199184677.13,193122525.44,107485406.25,40491879.67,178642715.2,163559920.17,84456083.01,29898807.95,152802812.13,145121185.22,85178299.17,24219384.73,139179666.46,117653022.23,66001960.4,20045818.38,68229253.61,59364979.66,30235770.84,7916654.96,15491702.97,13811676.89,6532963.56,6710091.36,39994134.06,38757548.61,22499831.66,8207910.18,48206264.53,37463541.03,22124574.01,7869555.63,69739402.22,51749640.75,28373393.92,10609835.44,44529625.3,38538778.81,21374748.16,6273777.82,40052665.0,29587913.89,16671735.09,4774734.98,36788287.87,32942798.91,19216156.12,,20647343.19,,33741737.51,20795015.83
成长能力,营业总收入增长率,23.556587,6.421542,3.788182,-1.851822,-9.694743,1.194911,-0.961521,-1.926829,-0.045343,152.374662,150.259447,396.877101,331.729295,-11.662715,-11.643916,-60.973149,-42.312548,-16.865207,5.995733,113.81028,74.576914,-40.355959,-50.955898,-70.271382,-67.768036,6.525906,-0.288366,-7.065425,-5.560041,-1.277891,4.206856,7.421638,-4.757957,-11.861043,-11.794887,-11.357039,-6.042906,-0.805298,1.760055,2.673584,3.580922,5.824007,7.297766,7.044651,-1.831054,11.328493,7.253239,8.808446,26.861987,13.160355,17.407683,12.594009,8.183353,6.176313,7.945274,10.717043,12.952247,48.644775,76.322634,63.112559,12.937285,3.962439,8.903428,16.935455,56.18266,25.370316,21.310026,17.227849,35.462431,-5.327025,-7.002198,-5.377913,-5.736686,19.787148,12.699092,17.526256,12.751763,13.415521,18.710436,19.380618,24.71164,1.520393,-3.596881,-7.605875,-19.202708,70.403644,113.009387,,,-24.59012,,40.461686,
成长能力,归属母公司净利润增长率,93.33573,1.235756,-0.18196,-15.856734,-38.244923,-7.273019,-9.22137,-7.221187,1.105612,5971.913771,694.99912,326.478113,295.218992,109.746895,143.517685,-631.24005,-185.038292,-153.629324,-77.400559,141.690833,53.769939,-65.358476,-73.754893,-124.600401,-160.759118,6.184881,-8.935066,-17.533571,-23.425873,-6.160639,10.487078,18.974311,-1.622679,-8.761986,-12.304621,-13.909446,14.166704,13.471874,8.061363,6.585119,-2.437653,8.937987,19.190031,30.399596,41.237891,22.503707,15.568277,0.262984,32.340191,7.746346,22.350256,27.631138,17.634603,17.228202,14.450091,22.368004,2.351287,158.808386,295.929109,357.438976,18.161004,-73.643169,-59.83445,-70.90554,-18.210284,-16.678444,2.761687,0.433294,4.875251,-31.22354,-28.156966,-22.679162,-26.666153,41.37856,24.832925,29.660713,62.914257,12.350403,28.443904,32.300518,33.562978,4.61772,-5.467363,-17.9132,-35.663007,80.2652,156.936519,,,-37.871141,,59.535667,
收益质量,经营活动净现金/销售收入,0.319897,0.450541,0.477812,0.314907,0.278643,0.407106,0.435761,0.360126,0.462153,0.507452,0.563143,0.542228,0.603131,0.368331,0.514352,-0.203688,-0.574729,0.004151,0.101809,0.002487,-0.187759,0.374398,0.316554,-0.594528,-0.016246,0.405689,0.422821,0.287986,0.258245,0.453148,0.376259,0.423297,0.169908,0.436879,0.49975,0.395189,0.216377,0.440563,0.468569,0.39183,0.199382,0.515642,0.429373,0.373131,0.19558,0.40913,0.403638,0.293551,0.057476,0.429243,0.454871,0.308804,0.012997,0.463251,0.429894,0.332774,0.033031,0.446429,0.469282,0.298967,0.076478,0.037354,-0.013533,-0.346269,-0.060897,0.609489,0.518529,0.50014,0.336793,0.308245,0.319863,-0.018289,-0.248197,0.59049,0.615434,0.345738,0.561497,0.651886,0.517899,0.340944,0.374026,0.573351,0.515621,0.288417,0.194803,0.810557,0.247474,0.568108,0.300504,0.417503,,,
收益质量,经营性现金净流量/营业总收入,0.319897,0.450541,0.477812,0.314907,0.278643,0.407106,0.435761,0.360126,0.462153,0.507452,0.563143,0.542228,0.603131,0.368331,0.514352,-0.203688,-0.574729,0.004151,0.101809,0.002487,-0.187759,0.374398,0.316554,-0.594528,-0.016246,0.405689,0.422821,0.287986,0.258245,0.453148,0.376259,0.423297,0.169908,0.436879,0.49975,0.395189,0.216377,0.440563,0.468569,0.39183,0.199382,0.515642,0.429373,0.373131,0.19558,0.40913,0.403638,0.293551,0.057476,0.429243,0.454871,0.308804,0.012997,0.463251,0.429894,0.332774,0.033031,0.446429,0.469282,0.298967,0.076478,0.037354,-0.013533,-0.346269,-0.060897,0.609489,0.518529,0.50014,0.336793,0.308245,0.319863,-0.018289,-0.248197,0.59049,0.615434,0.345738,0.561497,0.630725,0.497892,0.326466,0.359634,0.540988,0.484468,0.269758,0.184094,0.753981,0.229855,0.52652,0.279268,0.398755,,,
收益质量,成本费用率,55.061891,63.127959,59.351328,64.07764,69.256536,62.04921,58.19539,58.817306,56.92705,59.510149,54.838555,55.595543,55.714523,98.249432,87.948008,167.150096,164.780165,97.889307,84.298806,80.673645,106.764387,77.060504,76.701342,123.915692,149.234314,60.124754,52.204902,55.529689,61.294489,60.69351,52.586599,53.847836,55.089179,58.755112,54.444018,56.454042,57.082388,56.945588,51.071245,51.203907,55.303526,56.805678,49.594039,50.342824,51.490098,58.108679,52.680976,55.567071,60.059795,59.897574,52.268656,50.006128,58.651499,56.037748,51.49984,52.580008,58.9774,57.797447,62.102226,66.479005,78.478864,82.942343,79.768453,82.7979,77.018178,62.078642,53.270879,53.657023,56.477351,53.253768,48.337635,50.254258,53.761623,41.571676,30.244564,34.409025,38.229061,34.158689,27.257033,32.444058,44.836256,37.409878,33.554641,39.431705,46.368529,39.302406,33.986422,35.535897,39.035738,45.40371,44.930093,29.105719,41.406845
收益质量,期间费用率,16.018295,19.30495,17.779485,17.870703,20.891226,19.417433,18.957929,16.026039,15.169605,18.190814,17.041449,17.737285,17.136841,32.23453,29.006951,54.790058,56.784235,44.028057,42.028631,39.66181,55.116314,32.599735,31.598741,48.339536,60.920149,27.205584,23.702144,24.17716,28.172283,27.852163,25.131199,25.938848,25.732846,28.831305,28.392006,29.691134,30.411904,31.652619,28.276371,28.646606,29.94699,32.136963,27.68021,27.013079,25.889576,33.249019,29.098337,29.779403,32.313172,35.993038,31.492341,28.050409,31.966917,33.019527,29.849446,28.951742,30.704449,34.064395,39.968155,42.009739,49.053477,60.322183,57.919521,57.678587,51.342114,45.95795,36.011088,35.603941,37.282111,34.464224,28.839734,29.255021,29.701471,22.440688,11.925337,13.974755,14.586927,17.866625,12.556164,15.005338,20.115506,21.801846,17.847327,21.191691,24.942873,24.746666,19.92385,19.671279,20.134574,25.097973,21.750925,11.729123,17.026487
收益质量,销售成本率,39.043595,43.823008,41.571842,46.206937,48.365309,42.631776,39.237461,42.791267,41.757444,41.319334,37.797105,37.858258,38.577682,66.014902,58.941056,112.360037,107.99593,53.861249,42.270174,41.011835,51.648073,44.460768,45.102601,75.576155,88.314165,32.91917,28.502758,31.352528,33.122206,32.841346,27.4554,27.908988,29.356333,29.923807,26.052012,26.762908,26.670483,25.292969,22.794874,22.5573,25.356536,24.668714,21.913829,23.329745,25.600522,24.85966,23.582639,25.787668,27.746623,23.904536,20.776314,21.955718,26.684581,23.018221,21.650394,23.628266,28.27295,23.733052,22.13407,24.469266,29.425387,22.620159,21.848932,25.119312,25.676063,16.120692,17.259791,18.053081,19.19524,18.789543,19.497901,20.999236,24.060151,19.130988,18.319226,20.43427,23.642134,16.292064,14.700868,17.438719,24.72075,15.608032,15.707313,18.240014,21.425656,14.555739,14.062572,15.864617,18.901163,20.305736,23.179168,17.376595,24.380358
收益质量,经营活动净现金/归属母公司的净利润,0.963762,1.815796,1.642424,1.25861,1.313576,1.560794,1.440582,1.233959,1.489883,1.782707,1.706428,1.757627,1.966752,31.644141,4.942707,,,,2.696413,0.050052,,2.289446,1.787544,,,1.440853,1.277692,0.935075,0.939214,1.604256,1.038393,1.219608,0.50104,1.470162,1.462321,1.261076,0.659077,1.53469,1.363161,1.214356,0.73794,2.054757,1.326481,1.200458,0.68181,1.678298,1.385185,1.150486,0.288274,1.937552,1.682023,1.115213,0.068004,1.991015,1.656584,1.36228,0.18792,2.118434,1.898907,1.380439,0.516557,0.705273,-0.117977,-4.483865,-0.430344,2.917434,1.667168,1.611367,1.246373,0.980606,0.871175,-0.050483,-0.711109,1.36466,1.294896,0.779831,1.25155,1.843542,1.190574,0.841223,1.177761,1.566402,1.253462,0.770327,0.645677,2.249715,0.583164,1.335812,0.779938,1.258654,,,
收益质量,所得税/利润总额,18.080615,19.110933,17.317061,19.545406,21.614268,18.150756,16.741384,17.492429,18.318678,16.175924,14.691457,16.16224,17.412417,99.84896,28.326883,,,,48.970461,44.296255,,20.781996,20.647929,,,16.687743,15.864476,16.890587,18.116882,18.466395,16.427196,17.578517,18.129286,16.448446,15.980559,16.954177,16.958768,18.619699,15.564247,17.078927,15.792802,17.502662,14.145812,13.591895,16.307746,14.956646,14.097037,14.217107,16.651593,16.426523,16.42477,14.872546,15.619572,16.843925,16.10648,16.376093,16.235484,16.386029,16.544607,15.163622,4.514031,5.907533,8.999747,18.779389,14.688826,22.573091,15.444629,15.125603,16.325384,16.958755,15.809699,15.71963,15.758073,17.277495,28.596199,29.486364,29.528537,31.177126,27.764551,27.38697,26.028179,25.055591,23.324877,19.614028,25.724668,28.196249,24.654681,23.621237,26.462615,27.443268,23.18638,34.398249,34.561279
财务风险,流动比率,4.938611,4.091093,2.995012,2.566526,2.793242,2.546334,2.29675,3.032925,3.312753,3.098625,3.445914,2.453578,3.849539,3.655425,5.214072,6.701643,5.44491,4.903297,4.764684,4.460275,3.891571,6.552226,6.883823,9.567852,7.013365,7.309874,8.366139,10.240454,8.07372,7.441342,9.590286,5.568972,6.692402,5.70403,5.433136,3.392358,3.745341,3.544988,8.563814,8.81025,9.348742,6.499021,8.302284,7.318351,6.141594,5.820658,8.785287,9.073905,9.602542,2.546459,2.749134,2.319566,2.743581,2.05526,2.37678,1.25821,1.224533,1.429262,1.031232,0.823543,0.695254,0.654228,1.073179,0.976268,0.586099,0.603789,0.621283,0.842841,1.12607,0.996974,1.472809,1.285587,1.066464,1.261962,2.200994,3.05093,3.050113,3.316075,5.959729,6.092303,3.951363,5.998808,6.597817,8.081429,4.356226,5.763582,7.311867,3.431836,,2.742422,,3.353744,1.486697
财务风险,速动比率,4.847295,4.024195,2.939639,2.515829,2.744933,2.503738,2.25418,2.967524,3.245831,3.033962,3.376979,2.405514,3.770951,3.568015,5.106804,6.55643,5.328314,4.817678,4.688744,4.391621,3.837553,6.46975,6.7891,9.442946,6.929191,7.228939,8.262344,10.101569,7.967713,7.335639,9.466464,5.503288,6.611444,5.634018,5.364856,3.358975,3.706139,3.506773,8.478563,8.722637,9.24916,6.433142,8.209908,7.238302,6.073751,5.759977,8.67533,8.946139,9.455211,2.466144,2.667104,2.224233,2.665665,2.023693,2.348546,1.231642,1.200074,1.407321,1.006871,0.802267,0.675135,0.63532,1.055679,0.952799,0.563389,0.576628,0.593792,0.830605,1.11955,0.989248,1.463976,1.278931,1.05701,1.253754,2.17897,3.014844,3.017458,3.2815,5.908774,6.033378,3.912013,5.936517,6.525939,7.980103,4.301978,5.693351,7.231897,3.307761,,2.674046,,3.224207,1.368055
财务风险,保守速动比率,3.192023,2.398018,2.269101,2.270616,2.49559,2.223733,2.124128,2.633965,3.103023,2.7833,3.252504,2.355208,3.59841,3.407654,4.825409,6.104019,4.972311,4.529851,3.730373,3.931354,3.372543,5.729484,5.824142,7.981468,6.619561,5.684856,8.027451,9.833025,7.617708,7.145734,8.875876,5.362829,6.419524,5.529487,5.264533,3.309473,3.661234,3.445688,8.355572,8.624954,9.158264,6.297513,8.028062,7.130681,5.995429,5.591082,5.592229,5.518811,5.7104,2.296775,2.322344,1.847467,2.442235,1.939834,2.195568,1.123878,1.105394,1.319141,0.886107,0.745078,0.637946,0.601057,0.62991,0.643153,0.383937,0.401707,0.481331,0.809363,1.061278,0.912369,1.379202,1.228795,0.998422,1.213695,1.534831,2.455211,2.506304,2.785107,3.814067,3.838243,2.902527,4.549868,5.231751,6.762243,3.874571,5.207161,6.442382,2.437737,,2.345842,,2.996968,1.174358
财务风险,资产负债率,7.321214,8.622997,10.821814,10.94426,10.58769,11.682033,12.261393,8.737984,9.402066,9.866358,9.732949,13.510662,8.347479,8.353076,6.334841,4.771589,5.757999,6.65706,7.380577,7.74261,9.393067,6.013669,5.922161,4.097271,5.879491,5.895316,5.3913,4.313844,5.702779,6.105814,5.38038,9.280945,7.705274,8.971479,9.388021,18.887562,17.256134,18.841313,18.407178,18.511955,18.144517,20.478822,18.956299,19.966944,21.285604,21.777082,19.452148,19.699163,20.341484,36.020764,36.152728,31.319528,31.710358,39.182081,38.10117,27.232882,28.115867,30.466876,32.775663,32.309951,33.91735,35.094804,33.912548,38.15966,55.138178,54.114846,52.166389,50.143255,52.15218,40.672455,44.027256,38.725124,25.397272,24.932794,21.488065,14.687199,15.937238,15.266898,12.036496,11.870702,18.383779,12.10387,10.757291,13.235974,20.677394,16.602903,15.642423,23.882864,,32.578131,,15.978279,25.571756
财务风险,权益乘数,1.191222,1.196334,1.211806,1.211038,1.186425,1.180253,1.184205,1.158297,1.16497,1.152985,1.152563,1.176318,1.139314,1.12688,1.115482,1.106151,1.112053,1.111741,1.11822,1.12032,1.12904,1.113639,1.119953,1.108898,1.118691,1.117269,1.115784,1.106158,1.113582,1.136009,1.132058,1.157249,1.149221,1.216625,1.222146,1.292466,1.285185,1.306094,1.30832,1.307304,1.314485,1.353443,1.33851,1.347358,1.354036,1.512941,1.487214,1.487515,1.487401,1.836318,1.837797,1.77021,1.800907,1.79036,1.764383,1.601727,1.598918,1.678933,1.618178,1.612206,1.631657,1.929247,1.912923,1.973,2.451807,2.112658,2.056187,1.939248,1.978395,1.594718,1.640994,1.547804,1.391938,1.318569,1.298638,1.229707,1.23542,1.21712,1.191461,1.18866,1.23509,1.229163,1.216294,1.231256,1.28209,1.351795,1.34043,1.502839,,1.418785,,1.321715,1.412844
财务风险,权益乘数(含少数股权的净资产),1.078995,1.094367,1.12135,1.122892,1.118414,1.132272,1.139749,1.095746,1.103777,1.109463,1.107823,1.156211,1.091077,1.091144,1.067632,1.050106,1.061098,1.071318,1.079687,1.083924,1.103668,1.063984,1.062949,1.042723,1.062467,1.062646,1.056985,1.045083,1.060476,1.065028,1.056863,1.102304,1.083485,1.098556,1.103606,1.232856,1.208548,1.232153,1.225598,1.227173,1.221665,1.257526,1.233902,1.249483,1.270415,1.278397,1.241498,1.245317,1.255358,1.563007,1.566237,1.456017,1.46435,1.644252,1.615539,1.374247,1.391127,1.438163,1.487556,1.477322,1.513256,1.540708,1.513146,1.617067,2.229066,2.179354,2.09058,2.005746,2.089959,1.685557,1.786583,1.63199,1.340433,1.332139,1.273691,1.172157,1.189587,1.180176,1.136835,1.134696,1.225246,1.137706,1.120539,1.152551,1.260674,1.199082,1.185429,1.313764,,1.483198,,1.190168,1.343575
财务风险,产权比率,8.663606,10.34151,13.313019,13.454582,12.489286,13.940623,14.73003,10.042159,10.933981,11.514548,11.351586,16.408701,9.517886,9.509172,7.067294,5.233266,6.384054,7.424886,8.328885,8.770653,10.800249,6.665253,6.638593,4.500815,6.575866,6.596499,6.016912,4.731685,6.339649,6.811136,5.960945,10.738405,8.79278,10.384173,10.961945,24.641739,22.265255,24.116857,23.651159,23.729775,23.50959,27.311806,24.735071,26.375043,28.388564,29.939676,25.949742,26.156102,26.96909,63.950476,64.269637,51.461411,53.863826,74.67408,70.853422,42.167454,43.337452,50.51075,50.249327,49.014564,52.711905,55.398473,52.703194,63.024917,136.123865,131.778944,121.304567,105.525523,114.184793,72.028591,82.018019,65.493807,35.269453,34.787222,29.225852,17.994351,19.709175,18.847411,14.263853,13.995998,23.415227,14.504244,12.625277,15.902528,26.979559,20.929861,19.452176,34.140635,,51.749943,,19.975207,36.128922
财务风险,现金比率,3.130138,2.355145,2.209723,2.22647,2.461004,2.195111,2.080396,2.554294,3.056848,2.748553,3.1727,2.305565,3.549349,3.381839,4.743115,6.012985,4.91271,4.488387,3.670237,3.870052,3.334798,5.705903,5.760269,7.929527,6.605062,5.638797,7.926612,9.70281,7.516011,7.101229,8.811392,5.320797,6.351692,5.481189,5.214942,3.276612,3.62527,3.426161,8.276609,8.527574,9.08128,6.243965,7.915905,6.989591,5.829212,5.501478,5.447527,5.351745,5.603309,2.252103,2.248232,1.745574,2.345949,1.924993,2.160626,1.088654,1.065049,1.303059,0.859678,0.727709,0.62233,0.592875,0.610602,0.634482,0.375785,0.391714,0.472357,0.803621,1.05522,0.905723,1.373119,1.193684,0.884438,1.173779,1.477393,2.269697,2.38154,2.689867,3.559584,3.624444,2.80715,4.434151,5.064809,6.508582,3.85631,5.113346,6.258952,2.168729,,2.223666,,2.731697,0.945126
营运能力,应收账款周转率,17.626974,86.281255,46.719113,32.037076,16.023471,84.150586,50.719573,27.758905,16.527119,106.246789,47.794692,32.321798,22.139314,51.114797,25.658906,9.334313,5.502194,66.967349,37.747503,24.934451,10.385685,76.584474,30.908813,14.751942,8.5029,99.894475,51.25941,29.900629,,73.647938,54.869516,31.431678,10.824518,69.771399,52.477689,27.611941,12.689052,77.665527,46.342243,25.985399,12.992397,48.896258,30.723536,15.323014,5.30682,48.97351,35.559792,20.528646,13.137144,91.759904,49.396981,25.496141,11.26587,136.759387,67.660528,42.40648,15.726591,91.317499,35.601909,24.488428,9.79939,67.877902,34.907747,26.265259,12.525748,68.027001,55.575147,55.028342,22.382438,48.21633,33.997093,10.540891,2.331596,29.600782,20.007146,8.357878,3.538263,23.32289,11.404657,7.601104,3.579234,23.278548,14.552805,7.244748,5.96304,23.980589,14.798831,8.685549,,13.490418,,15.165502,10.039724
营运能力,应收账款周转天数,5.10581,4.172401,5.779219,5.61849,5.61676,4.278045,5.323388,6.484405,5.445594,3.388337,5.649162,5.568996,4.065166,7.04297,10.522662,19.283688,16.357109,5.375754,7.15279,7.218927,8.665773,4.700691,8.735372,12.201782,10.584623,3.603802,5.267325,6.01994,4.934762,4.88812,4.920765,5.726706,8.314457,5.159707,5.145043,6.518918,7.092728,4.635261,5.826217,6.926966,6.927128,7.362526,8.78805,11.747035,16.959307,7.350912,7.592845,8.768235,6.850803,3.923282,5.465921,7.059891,7.98873,2.63236,3.990509,4.244634,5.722791,3.942289,7.583862,7.35041,9.184244,5.30364,7.734672,6.853159,7.185199,5.292016,4.858286,3.271041,4.021009,7.46635,7.941855,17.076355,38.600167,12.16184,13.495177,21.536565,25.436208,15.435479,23.674538,23.680767,25.145041,15.464881,18.553124,24.845583,15.092971,15.012141,18.244683,20.724077,,26.685606,,23.738086,35.857558
营运能力,存货周转率,4.546422,24.78874,17.291491,11.492722,5.380001,21.443577,15.183651,10.082167,4.235519,18.139275,13.074564,8.064585,3.870127,12.718416,9.662253,5.872564,2.962848,13.992874,8.769727,6.083116,2.682223,14.492979,8.724352,5.492175,2.762437,15.979016,9.977017,6.252292,2.615898,13.411825,9.087155,5.83398,2.426679,12.548003,8.47834,5.454414,2.399432,12.827691,9.20973,5.635617,2.611015,13.714668,9.012669,5.800052,2.677724,11.655478,7.702373,4.870698,2.336315,11.532515,7.718696,4.793364,2.735504,17.773428,14.964592,10.558243,5.380346,28.670855,12.376796,9.033335,4.334947,5.876871,4.05081,2.430826,1.170099,4.639813,3.778181,5.933258,3.85176,22.680026,14.817185,11.277853,4.924318,19.522391,9.825611,6.683183,2.750895,8.5513,5.545996,3.584342,1.890562,5.718573,4.095844,2.519778,1.068411,5.352302,4.271013,2.743239,,5.244547,,5.225093,4.729279
营运能力,存货周转天数,19.795784,14.522722,15.614616,15.662084,16.72862,16.788243,17.782284,17.853303,21.248869,19.846437,20.650782,22.319809,23.255047,28.305411,27.943791,30.651006,30.376174,25.72738,30.78773,29.590097,33.554252,24.839612,30.947854,32.773896,32.579926,22.529546,27.062194,28.789442,34.405002,26.841983,29.712268,30.853718,37.087718,28.689822,31.845852,33.00079,37.508865,28.064284,29.31682,31.939711,34.469353,26.249267,29.957826,31.034202,33.610628,30.886762,35.05413,36.955686,38.522196,31.216085,34.98,37.551915,32.900694,20.254954,18.042589,17.04829,16.727547,12.556304,21.815014,19.926195,20.761496,61.257085,66.653331,74.0489,76.916557,77.589327,71.462952,30.337463,23.36594,15.872997,18.222083,15.960484,18.27664,18.440364,27.479204,26.933272,32.71662,42.098859,48.683769,50.218417,47.604873,62.952759,65.920465,71.434839,84.237178,67.260777,63.216838,65.615859,,68.642718,,68.898293,76.121534
营运能力,总资产周转率,0.065011,0.282763,0.214963,0.125563,0.053815,0.272186,0.21408,0.134758,0.060966,0.2816,0.226999,0.138558,0.064669,0.116377,0.094792,0.02993,0.015636,0.129667,0.103406,0.071969,0.025059,0.15136,0.096028,0.034005,0.014547,0.259322,0.201362,0.117867,0.047051,0.251001,0.20741,0.126343,0.050412,0.251335,0.196554,0.112397,0.050745,0.282624,0.217804,0.13159,0.05573,0.29368,0.226403,0.134165,0.056391,0.338456,0.260352,0.157006,0.072217,0.387049,0.302707,0.187473,0.073648,0.401218,0.310165,0.212535,0.088,0.464277,0.221834,0.131142,0.05144,0.193619,0.137345,0.083402,0.046579,0.21371,0.148192,0.09286,0.039109,0.246943,0.169342,0.109895,0.045543,0.352493,0.260567,0.168183,0.059773,0.344404,0.267505,0.156033,0.058744,0.315793,0.228343,0.129805,0.046418,0.412363,0.319544,0.273634,,0.413238,,0.656891,0.497288
营运能力,总资产周转天数,1384.361358,1273.150177,1256.026825,1433.534129,1672.380296,1322.622867,1261.20573,1335.727268,1476.220898,1278.408446,1189.428222,1299.09113,1391.691768,3093.369802,2848.323002,6013.958854,5755.797354,2776.326758,2611.056909,2501.071101,3591.481574,2378.432314,2811.66307,5293.231409,6186.737754,1388.234792,1340.864653,1527.133193,1912.810458,1434.255707,1301.767684,1424.691585,1785.288439,1432.346949,1373.661768,1601.455547,1773.570329,1273.773247,1239.644134,1367.881512,1614.928348,1225.820238,1192.561879,1341.625217,1595.985596,1063.651116,1037.054052,1146.451033,1246.228721,930.112881,891.949735,960.136821,1222.015035,897.266099,870.501851,846.916321,1022.723479,775.398804,1217.121545,1372.552983,1749.596898,1859.314284,1965.842305,2158.213629,1932.185647,1684.520201,1821.957193,1938.383813,2301.242975,1457.821742,1594.397459,1637.926841,1976.128963,1021.29514,1036.198042,1070.258311,1505.683748,1045.282103,1009.32445,1153.602086,1532.046997,1139.98456,1182.430469,1386.693735,1938.888356,873.01547,844.952192,657.81113,,871.167229,,548.035345,723.925596
营运能力,流动资产周转率,0.202994,0.934943,0.733916,0.452465,0.189222,0.944782,0.763293,0.499045,0.208231,0.980132,0.753996,0.459383,0.221672,0.397316,0.312039,0.101741,0.053134,0.381838,0.293285,0.205791,0.068689,0.384358,0.239381,0.087059,0.036049,0.613441,0.465151,0.277023,0.107895,0.538076,0.416787,0.251496,0.100726,0.481543,0.378088,0.21008,0.095589,0.53087,0.405694,0.250838,0.107019,0.57127,0.443458,0.265533,0.112248,0.785433,0.597262,0.372217,0.174241,1.108551,0.833935,0.562584,0.213858,1.185745,0.909103,0.80484,0.332145,1.922857,1.123154,0.752403,0.31165,1.03656,0.59987,0.334266,0.191027,0.841413,0.607257,0.371006,0.131995,0.867216,0.469303,0.305264,0.155674,0.879751,0.543236,0.358544,0.121892,0.564321,0.370715,0.21532,0.080888,0.438456,0.320617,0.182489,0.064996,0.620713,0.488141,0.55783,,0.81574,,1.745296,1.620406
营运能力,流动资产周转天数,443.362264,385.049996,367.889028,397.820253,475.630359,381.040103,353.730226,360.688479,432.212022,367.297208,358.092074,391.829837,406.005036,906.078534,865.275741,1769.183844,1693.821414,942.807297,920.604078,874.671818,1310.241145,936.624535,1127.905214,2067.556191,2496.584343,586.853488,580.456503,649.763645,834.140034,669.049337,647.812562,715.716793,893.509748,747.595478,714.118282,856.814191,941.526287,678.131786,665.525467,717.593997,840.968844,630.174673,608.850392,677.881673,801.790778,458.345407,452.062305,483.587934,516.525052,324.748103,323.76605,319.951877,420.839461,303.606553,296.995874,223.646891,270.965807,187.22136,240.394324,239.233238,288.785077,347.302434,450.096777,538.492573,471.137343,427.851443,444.621935,485.166501,681.843536,415.121087,575.320719,589.652508,578.129896,409.206417,497.02151,502.030023,738.35377,637.934104,728.322189,835.961212,1112.649128,821.062491,842.12601,986.356571,1384.680318,579.977682,553.118264,322.67893,,441.316704,,206.268635,222.166534
营运能力,应付账款周转率,2.096187,3.491718,1.857301,1.126654,0.498721,2.449404,1.694677,1.692149,0.742237,2.939612,2.375595,1.415099,0.69986,2.185368,2.146041,1.364106,0.637779,3.604765,5.071433,3.153673,1.523789,8.851406,7.538873,4.818485,2.386359,14.855925,9.166753,6.972883,,15.129274,,4.978253,2.597625,14.749512,10.549761,6.38864,2.849014,8.45677,5.548785,3.210041,1.514337,3.407778,2.134568,1.287769,0.57886,3.398624,5.608842,3.423883,1.660224,7.885238,7.032716,5.01285,2.367851,5.258429,3.63048,2.321468,1.082554,2.657343,1.2299,0.75464,0.304475,0.469107,0.297157,0.215715,0.135641,0.840239,3.928382,3.313858,1.406932,5.186464,4.308646,2.831869,1.201797,11.117992,50.39017,47.289346,18.672228,64.672976,48.725639,35.978476,23.982083,33.401888,24.951704,15.497413,6.779876,29.867997,36.181172,23.085606,,33.952857,,17.022331,15.29328
