选项,指标,20251231,20250930,20250630,20250331,20241231,20240930,20240630,20240331,20231231,20230930,20230630,20230331,20221231,20220930,20220630,20220331,20211231,20210930,20210630,20210331,20201231,20200930,20200630,20200331,20191231,20190930,20190630,20190331,20181231,20180930,20180630,20180331,20171231,20170930,20170630,20170331,20161231,20160930,20160630,20160331,20151231,20150930,20150630,20150331,20141231,20140930,20140630,20140331,20131231,20130930,20130630,20130331,20121231,20120930,20120630,20120331,20111231,20110930,20110630,20110331,20101231,20100930,20100630,20100331,20091231,20090930,20090630,20090331,20081231,20080930,20080630,20080331,20071231,20061231,20051231
常用指标,归母净利润,1206219000.0,1065370000.0,820752000.0,292299000.0,752480000.0,982085000.0,764798000.0,118972000.0,803346000.0,821268000.0,590363000.0,366853000.0,-3566484000.0,-1416229000.0,-991340000.0,12640000.0,-9987908000.0,-4422309000.0,-4970832000.0,661481000.0,3758175000.0,2345034000.0,1522052000.0,113524000.0,3501037000.0,2211837000.0,1846457000.0,762298000.0,3016525000.0,2169116000.0,1766023000.0,657420000.0,2659576000.0,1877448000.0,1562509000.0,536458000.0,2396852000.0,2043869000.0,1249356000.0,504877000.0,2142615000.0,1898507000.0,1419325000.0,651206000.0,2554487000.0,1788819000.0,1295934000.0,669784000.0,2462792000.0,2089935000.0,1459621000.0,664716000.0,2720707000.0,2914731000.0,1873739000.0,914448000.0,3225971000.0,2784154000.0,1637044000.0,826036000.0,2819499000.0,2364805000.0,1419713000.0,707075000.0,2501270000.0,2119371000.0,1409590000.0,610218000.0,2620982000.0,2240285000.0,1596843000.0,730966000.0,2895344000.0,2087139000.0,1746437000.0
常用指标,营业总收入,126678586000.0,82276241000.0,54303335000.0,22245441000.0,116186116000.0,76595171000.0,49868517000.0,20586986000.0,114797077000.0,78371349000.0,53077946000.0,21289809000.0,117623118000.0,78057423000.0,50292790000.0,24981188000.0,130261250000.0,93528580000.0,62527712000.0,25562750000.0,137285056000.0,82532284000.0,53236808000.0,14704503000.0,127508964000.0,75219388000.0,52956456000.0,20514320000.0,101157525000.0,69905398000.0,51273997000.0,18419990000.0,79543794000.0,58647550000.0,41224346000.0,15344874000.0,88507384000.0,61871979000.0,36866602000.0,15456798000.0,79460611000.0,55161864000.0,37125005000.0,16108481000.0,76784516000.0,54463475000.0,36087089000.0,15724745000.0,79214931000.0,56495611000.0,38565112000.0,16980212000.0,77076743000.0,56713952000.0,38680751000.0,17190418000.0,71863158000.0,54441206000.0,33719850000.0,15584517000.0,63175862000.0,46009246000.0,30463087000.0,14056729000.0,57790394000.0,43144232000.0,27871801000.0,12936920000.0,59060009000.0,44478094000.0,28760462000.0,13685444000.0,56097841000.0,44193984000.0,36292213000.0
常用指标,营业成本,123455089000.0,79735160000.0,52136586000.0,21935674000.0,112369793000.0,73843464000.0,47848830000.0,19999608000.0,112573284000.0,76466863000.0,51631988000.0,21245908000.0,117467341000.0,77092714000.0,49602344000.0,24689333000.0,130304620000.0,91397663000.0,60587356000.0,24903183000.0,133728239000.0,78950214000.0,50121796000.0,14213653000.0,121170788000.0,71766685000.0,49888272000.0,19545820000.0,95526814000.0,65464954000.0,47930593000.0,17532251000.0,77749154000.0,56196057000.0,39282377000.0,14530508000.0,84831053000.0,58176321000.0,34854153000.0,14586368000.0,76680189000.0,52669403000.0,35367401000.0,15183761000.0,72862436000.0,51545658000.0,33978053000.0,14683059000.0,75773902000.0,53283438000.0,36524584000.0,16133776000.0,72894968000.0,52779506000.0,36255026000.0,16012652000.0,68445097000.0,51123917000.0,31613986000.0,14578772000.0,61004452000.0,43529984000.0,28757352000.0,13131178000.0,55751107000.0,40612071000.0,26147064000.0,12131703000.0,56103499000.0,41335976000.0,26520578000.0,12605770000.0,52689560000.0,41305797000.0,33337460000.0
常用指标,净利润,3085595000.0,2624505000.0,2046914000.0,634926000.0,2695410000.0,2785408000.0,1984641000.0,640163000.0,2673117000.0,2417518000.0,1486339000.0,693072000.0,-2313006000.0,-278877000.0,-117551000.0,316411000.0,-10240131000.0,-3768689000.0,-4938140000.0,888712000.0,5266003000.0,3420857000.0,2498393000.0,136981000.0,5812610000.0,3735103000.0,2899908000.0,1134435000.0,5478622000.0,3971972000.0,2937636000.0,1123471000.0,5006213000.0,3549849000.0,2592330000.0,897278000.0,4812077000.0,3997844000.0,2430430000.0,929887000.0,4894995000.0,3852163000.0,2540878000.0,1050069000.0,4725786000.0,3346517000.0,2270830000.0,1026022000.0,4424749000.0,3452708000.0,2226585000.0,924332000.0,4459541000.0,4192964000.0,2664804000.0,1269063000.0,4262207000.0,3809160000.0,2373022000.0,1136813000.0,3894828000.0,3252537000.0,1998471000.0,1003197000.0,3330822000.0,2939116000.0,1982763000.0,869012000.0,3795881000.0,3282353000.0,2332266000.0,1081123000.0,4418984000.0,3037157000.0,2631099000.0
常用指标,扣非净利润,200563000.0,608995000.0,545677000.0,205498000.0,-615950000.0,294638000.0,244820000.0,-119582000.0,-1223664000.0,34896000.0,246170000.0,206965000.0,-4709752000.0,-1940389000.0,-1350840000.0,-142150000.0,-11889508000.0,-5849267000.0,-5609026000.0,508832000.0,1041832000.0,1836007000.0,1346638000.0,62720000.0,996307000.0,1509612000.0,1345419000.0,360712000.0,1900974000.0,1661768000.0,1412752000.0,572484000.0,1696802000.0,1361923000.0,1152844000.0,451797000.0,1384510000.0,1413200000.0,999673000.0,445484000.0,1117697000.0,1307339000.0,1155596000.0,638995000.0,2152671000.0,1395835000.0,1108128000.0,604645000.0,1762821000.0,1609096000.0,1112660000.0,556793000.0,2196826000.0,2497000000.0,1674620000.0,816723000.0,2630992000.0,2638149000.0,1542736000.0,768808000.0,1814877000.0,1944439000.0,1332843000.0,704175000.0,1694815000.0,1949874000.0,1273000000.0,595419873.0,2228000000.0,,1546759000.0,,2709971000.0,1848778000.0,1709435000.0
常用指标,股东权益合计(净资产),79906754000.0,79151847000.0,78315074000.0,78091872000.0,77380319000.0,77889356000.0,77625741000.0,77244753000.0,79854479000.0,81337284000.0,84957078000.0,94743476000.0,94194167000.0,96304821000.0,97180582000.0,98400020000.0,98144353000.0,105182323000.0,104296031000.0,109573036000.0,106849342000.0,101390082000.0,96478891000.0,94807180000.0,91589172000.0,88772970000.0,88103233000.0,77826526000.0,73636620000.0,72530297000.0,71449434000.0,72058589000.0,70721587000.0,67226412000.0,58676696000.0,58495211000.0,62418827000.0,57762592000.0,53372123000.0,50439661000.0,51988052000.0,48530506000.0,47622523000.0,48036803000.0,45425068000.0,43927075000.0,42957447000.0,43691511000.0,42708568000.0,41926389000.0,40452190000.0,41332566000.0,40682258000.0,40043892000.0,39967416000.0,39329376000.0,37619707000.0,36747899000.0,35519636000.0,35614829000.0,34502465000.0,34531000000.0,32578725000.0,30040765000.0,29063619000.0,29110124000.0,27720555000.0,27971890000.0,27976031000.0,,27326697000.0,,27152632000.0,23202949000.0,20969200000.0
常用指标,商誉,3070023000.0,3092664000.0,3106817000.0,2979340000.0,2920760000.0,3238095000.0,3203397000.0,3206510000.0,3244929000.0,3323872000.0,3347622000.0,3304258000.0,3288723000.0,3909097000.0,3890434000.0,3938578000.0,3954704000.0,4618795000.0,4643918000.0,4620566000.0,4667958000.0,5197164000.0,5183829000.0,4833038000.0,3641102000.0,3719213000.0,3715360000.0,3700069000.0,3398942000.0,2698914000.0,2615714000.0,2678794000.0,2648897000.0,2666984000.0,1149005000.0,1131993000.0,2554827000.0,189151000.0,189151000.0,175418000.0,189151000.0,155173000.0,148073000.0,148073000.0,148073000.0,148073000.0,148073000.0,148073000.0,148073000.0,167519000.0,167519000.0,167519000.0,167519000.0,158494000.0,158494000.0,12483000.0,12483000.0,12483000.0,12483000.0,12483000.0,16110000.0,77068000.0,77068000.0,77068000.0,77068000.0,124700000.0,3627000.0,3627000.0,3627000.0,,12871000.0,,3627000.0,21340000.0,11311000.0
常用指标,经营现金流量净额,10515888000.0,1645669000.0,1568155000.0,-3870138000.0,17638541000.0,24426000.0,-240739000.0,-6937684000.0,7761466000.0,-4159474000.0,-4329587000.0,-9230945000.0,8482815000.0,-8517339000.0,-6622924000.0,-9204691000.0,-10554000000.0,-20306633000.0,-18635074000.0,-13436344000.0,4696198000.0,-12860505000.0,-16028231000.0,-11882812000.0,10505138000.0,-16011258000.0,-10217135000.0,-11077303000.0,5806585000.0,-14269334000.0,-11497776000.0,-11376425000.0,-7525017000.0,-10498778000.0,-6942692000.0,-7151063000.0,10715517000.0,743655000.0,-294759000.0,-3852297000.0,8358553000.0,-718637000.0,-1967137000.0,-3702345000.0,4410915000.0,-2998158000.0,-2021213000.0,-2704367000.0,7178088000.0,2683591000.0,1033268000.0,-3789226000.0,6672128000.0,-1320710000.0,-819307000.0,-4290521000.0,274963000.0,-2971838000.0,-3362299000.0,-3551762000.0,4827114000.0,2363847000.0,578141000.0,-2424717000.0,6932568000.0,3708027000.0,2959048000.0,-348173000.0,3042843000.0,-546055000.0,-778942000.0,-3483205000.0,3548116000.0,265384000.0,-1029583000.0
常用指标,基本每股收益,0.078,0.068,0.053,0.0188,0.048,0.063,0.049,0.0076,0.052,0.05,0.038,0.0235,-0.228,-0.0906,-0.06,0.0008,-0.64,-0.2913,-0.32,0.0424,0.25,0.1547,0.1,0.0075,0.23,0.1475,0.12,0.0518,0.2,0.1473,0.1199,0.0446,0.1895,0.1398,0.1121,0.0385,0.1744,0.1493,0.0974,0.0384,0.1629,0.148,0.1107,0.0508,0.2,0.1395,0.1011,0.0522,0.1921,0.163,0.1138,0.0518,0.2122,0.2273,0.1461,0.0713,0.2516,0.2171,0.1277,0.0644,0.2219,0.187,0.113,0.0565,0.2,0.1694,0.1127,0.05,0.2196,,0.13,,0.24,0.18,0.1584
常用指标,每股净资产,3.519581,3.474889,3.467094,3.437698,3.414028,3.437258,3.427546,3.382585,3.388866,3.418357,3.406827,3.541033,3.521372,3.650832,3.680071,3.732602,3.701415,4.087737,4.049055,4.453514,4.373841,4.279115,4.288175,4.190693,4.180564,4.066521,4.046449,3.94429,3.890625,3.862536,3.832006,3.83373,3.771572,3.911458,3.463365,3.398824,3.357324,3.314727,3.186457,2.930483,2.904725,2.877036,2.875332,2.840523,2.66979,2.590828,2.540763,2.558408,2.511454,2.47201,2.415145,2.432688,2.378933,2.350995,2.370509,2.353191,2.281506,2.255578,2.165142,2.168784,2.105679,2.123442,2.025107,1.851677,1.796882,1.788924,1.700259,1.69491,1.704685,,1.670682,,1.627166,1.383924,1.23814
常用指标,每股现金流,0.676692,0.105898,0.100653,-0.248407,1.132141,0.00238,-0.012988,-0.44495,0.500435,-0.266978,-0.277897,-0.592494,0.544474,-0.54669,-0.425096,-0.590808,-0.671973,-1.292924,-1.186496,-0.855492,0.309339,-0.848562,-1.057796,-0.784216,0.693295,-1.022605,-0.659488,-0.752251,0.064468,-0.969043,-0.780824,-0.592325,-0.51103,-0.781673,-0.53886,-0.543482,0.740769,-0.037608,-0.022984,-0.298924,0.597465,-0.056573,-0.153017,-0.288712,0.343967,-0.233799,-0.157616,-0.210889,0.559754,0.209269,0.080575,-0.295487,0.520299,-0.172037,-0.07647,-0.338022,0.072503,-0.181728,-0.262195,-0.27697,0.376423,0.184335,0.045084,-0.193858,0.554264,0.296459,0.236578,-0.027836,0.242261,,-0.064627,,0.305014,0.022316,-0.08658
常用指标,净资产收益率(ROE),2.24,1.99,1.53,0.55,1.42,1.75,1.37,0.21,1.42,1.52,1.09,0.67,-6.31,-2.46,-1.72,0.02,-15.69,-6.61,-7.44,0.96,5.79,3.7,2.37,0.18,5.79,3.7,3.14,1.32,5.33,3.88,3.14,1.18,5.32,3.82,3.17,1.11,5.25,4.67,3.13,1.28,5.56,4.81,3.66,1.84,7.65,5.44,3.94,2.06,7.86,6.7,4.69,2.15,8.98,9.52,6.16,3.15,11.39,10.17,5.92,3.01,11.13,9.56,6.04,3.1,11.38,,6.5,,13.81,,8.14,,16.19,13.39,15.14
常用指标,总资产报酬率(ROA),2.010242,1.498374,1.14002,0.432533,1.801029,1.649828,1.147377,0.434863,1.795041,1.446526,0.890796,0.438357,-0.073951,0.418666,0.317711,0.286562,-2.962829,-0.627972,-1.241942,0.447227,2.826182,1.9068,1.406484,0.219105,3.525302,2.433734,1.923533,0.790275,3.498209,2.523899,1.801992,0.756692,3.205488,2.336504,1.513964,0.60118,3.485758,2.784346,1.979105,0.778953,4.346322,3.188496,2.103233,0.885021,4.337656,3.24313,2.265136,1.069105,4.638454,3.614224,2.43917,1.050097,5.227979,4.257882,2.956116,1.47058,5.163866,4.555037,2.772897,1.367461,4.44527,3.982839,2.553719,1.317309,3.961202,3.784158,2.676705,1.246748,5.423268,,3.725212,,8.350234,6.985625,6.681783
常用指标,毛利率,17.521924,18.182506,18.597896,18.400607,18.129046,18.654635,18.824759,19.394654,18.4742,17.914365,17.574249,17.138058,15.804404,16.516288,16.570096,16.50784,14.691213,16.439007,16.524956,17.821745,16.545306,17.754671,19.177649,23.51442,18.456643,18.413052,19.081388,19.126241,20.761502,20.006168,19.484184,20.717823,22.810102,22.188896,21.992932,23.503661,21.678126,20.675696,20.29433,20.066753,21.391888,19.529475,19.574259,19.782703,20.85929,19.344268,20.111031,21.621978,19.402191,19.08427,18.577612,18.085917,19.808133,20.232487,19.921584,18.671601,19.401224,18.034049,18.497309,17.305737,17.65409,17.562417,17.584429,17.750952,16.4659,15.255804,16.037628,16.270849,18.248106,17.496975,19.210021,18.015782,17.843591,18.933642,21.334361
常用指标,销售净利率,2.449687,3.208887,3.790036,2.87355,2.334574,3.366971,3.675938,2.705583,1.886674,3.101487,2.811845,3.277403,-1.977168,-0.359276,-0.235051,1.273468,-7.835948,-4.0506,-7.937997,3.496759,3.856738,4.17348,4.730107,0.943661,4.589589,5.008423,5.527892,5.584824,5.415931,5.681924,5.72929,6.099194,6.293656,6.052849,6.330075,6.158946,5.477131,6.596162,6.592498,5.862263,6.208495,7.067662,6.708809,6.518733,6.154608,6.144516,6.292638,6.524888,5.585751,6.111462,5.773573,5.493123,5.785845,7.333398,7.564653,8.108071,6.578627,7.619776,7.037463,7.349029,6.165057,7.104497,6.560303,7.171168,5.763625,6.841191,7.113867,6.747664,6.445765,7.418794,8.034407,7.944244,7.780703,6.872331,7.249761
常用指标,期间费用率,14.877415,14.965277,14.385597,16.790927,14.796346,15.044746,14.677642,16.439934,16.333843,15.317859,14.648249,16.94666,15.686317,15.326587,15.215034,15.368986,14.610505,14.200293,13.454443,15.342585,14.027099,13.577548,13.51418,20.622411,13.654872,14.163686,13.685447,14.786547,14.667643,13.194712,12.472577,14.451153,16.228225,14.332235,13.601358,16.371629,13.933264,12.412074,11.715511,11.86137,14.255441,12.753369,12.912768,13.31118,13.891895,12.979452,12.686141,13.370111,12.940464,12.266729,11.829925,12.454243,12.496213,11.962083,10.818847,10.583081,11.177115,10.019373,10.260772,11.350331,11.938333,11.38257,11.023058,10.412042,11.135714,9.393767,9.521508,9.607082,11.325789,9.72085,10.015069,8.987636,10.159635,10.655479,11.119597
常用指标,资产负债率,75.441323,75.152627,74.97122,74.010449,74.420151,73.154572,72.501923,72.278917,72.843021,71.668392,70.658946,67.004213,67.296059,68.373461,67.278018,66.488355,67.37246,66.173774,66.551317,64.982625,66.122886,67.618634,66.622387,65.949087,67.350634,66.347559,65.408134,68.245708,66.302401,65.418033,65.528875,63.766875,64.523154,65.851233,67.370109,66.830101,67.177676,66.207953,67.51271,68.123461,69.387457,69.542539,69.610336,68.180641,68.35605,67.951897,68.057796,66.007444,66.967536,66.85306,67.14585,64.534161,65.726691,65.160294,63.935854,63.052534,64.713716,64.120173,65.040864,63.787411,64.869342,65.004798,65.765147,66.525789,67.572364,67.802467,68.404954,66.585136,65.912224,,65.832559,,64.275541,63.585956,61.813342
每股指标,基本每股收益,0.078,0.068,0.053,0.0188,0.048,0.063,0.049,0.0076,0.052,0.05,0.038,0.0235,-0.228,-0.0906,-0.06,0.0008,-0.64,-0.2913,-0.32,0.0424,0.25,0.1547,0.1,0.0075,0.23,0.1475,0.12,0.0518,0.2,0.1473,0.1199,0.0446,0.1895,0.1398,0.1121,0.0385,0.1744,0.1493,0.0974,0.0384,0.1629,0.148,0.1107,0.0508,0.2,0.1395,0.1011,0.0522,0.1921,0.163,0.1138,0.0518,0.2122,0.2273,0.1461,0.0713,0.2516,0.2171,0.1277,0.0644,0.2219,0.187,0.113,0.0565,0.2,0.1694,0.1127,0.05,0.2196,,0.13,,0.24,0.18,0.1584
每股指标,稀释每股收益,0.078,0.068,0.053,0.0188,0.048,0.063,0.049,0.0076,0.052,0.05,0.038,0.0235,-0.228,-0.0906,-0.06,0.0008,-0.64,-0.2913,-0.32,0.0423,0.24,0.1547,0.1,0.0075,0.23,0.1475,0.12,0.0513,0.2,0.1473,0.1199,0.0446,0.1895,0.1398,0.1121,0.0385,0.1744,0.1493,0.0974,0.0384,0.1629,0.148,0.1107,0.0508,0.2,0.1395,0.1011,0.0522,0.1921,0.163,0.1138,0.0518,0.2122,0.2273,0.1461,0.0713,0.2516,0.2171,0.1277,0.0644,0.2219,0.187,0.113,0.0565,0.2,0.1694,0.1127,0.05,0.2196,,,,,0.18,0.16
每股指标,摊薄每股收益_最新股数,0.077619,0.068556,0.052815,0.018809,0.048421,0.048796,0.038721,0.002059,0.018349,0.052848,0.037989,0.023606,-0.229501,-0.091133,-0.063792,0.000813,-0.642717,-0.284573,-0.31987,0.042566,0.241836,0.150901,0.097943,0.007305,0.22529,0.14233,0.118818,0.049053,0.194112,0.139581,0.113642,0.042304,0.171142,0.120812,0.08745,0.031251,0.132571,0.113815,0.080395,0.030206,0.136972,0.121763,0.085991,0.041904,0.16438,0.115109,0.083392,0.0431,0.158479,0.134486,0.093925,0.042774,0.175076,0.184582,0.124013,0.060278,0.213002,0.183266,0.105343,0.053155,0.181433,0.152174,0.091357,0.045499,0.160955,0.13638,0.090706,0.039267,0.168738,0.144161,0.102715,0.047037,0.186511,0.134306,0.112382
每股指标,摊薄每股净资产_期末股数,3.519581,3.474889,3.467094,3.437698,3.414028,3.437258,3.427546,3.382585,3.388866,3.418357,3.406827,3.541033,3.521372,3.650832,3.680071,3.732602,3.701415,4.087737,4.049055,4.453514,4.373841,4.279115,4.288175,4.190693,4.180564,4.066521,4.046449,3.94429,3.890625,3.862536,3.832006,3.83373,3.771572,3.911458,3.463365,3.398824,3.357324,3.314727,3.186457,2.930483,2.904725,2.877036,2.875332,2.840523,2.66979,2.590828,2.540763,2.558408,2.511454,2.47201,2.415145,2.432688,2.378933,2.350995,2.370509,2.353191,2.281506,2.255578,2.165142,2.168784,2.105679,2.123442,2.025107,1.851677,1.796882,1.788924,1.700259,1.69491,1.704685,,1.670682,,1.627166,1.383924,1.23814
每股指标,调整每股净资产_期末股数,2.048685,1.96506,1.958284,1.876811,1.864922,1.890328,1.869892,1.824565,1.826695,1.830955,1.822762,1.993442,1.968326,2.025731,2.045501,2.09613,2.068954,2.745117,2.689721,3.130746,3.002455,2.945046,2.941261,2.868437,3.006267,2.814511,2.81668,2.680932,2.716875,2.874881,2.85504,2.862678,2.814007,2.8859,2.714199,2.681801,2.63631,2.678383,2.720275,2.500771,2.468279,2.412988,2.422902,2.368442,2.215432,2.182504,2.118701,2.142651,2.100019,2.076545,2.014144,2.035687,1.980587,1.980925,2.008333,2.013112,1.968555,1.987204,1.893629,1.908366,1.845705,1.878709,1.777559,1.592669,1.535813,1.512668,1.449042,1.471043,1.471939,,1.457426,,1.42805,1.217828,1.098481
每股指标,每股净资产_最新股数,3.519581,3.474889,3.475948,3.446477,3.422747,3.446036,3.4363,3.391224,3.39752,3.427087,3.415527,3.550076,3.530365,3.660156,3.68947,3.742135,3.740918,4.131362,4.092268,4.501043,4.272864,4.173245,4.181206,4.086154,4.076278,3.965079,3.945491,3.737538,3.686598,3.659981,3.631051,3.632685,3.573786,3.380632,2.993348,2.937566,2.901698,2.864882,2.629588,2.418348,2.397091,2.374168,2.372709,2.343985,2.203096,2.137938,2.096625,2.111184,2.072438,2.039889,1.992965,2.007442,1.963083,1.940029,1.956132,1.94184,1.882687,1.861291,1.786664,1.789669,1.737595,1.752253,1.671108,1.490348,1.446246,1.43984,1.368477,1.364172,1.37204,,1.278443,,1.245143,1.059009,0.947452
每股指标,每股经营现金流,0.676692,0.105898,0.100653,-0.248407,1.132141,0.00238,-0.012988,-0.44495,0.500435,-0.266978,-0.277897,-0.592494,0.544474,-0.54669,-0.425096,-0.590808,-0.671973,-1.292924,-1.186496,-0.855492,0.309339,-0.848562,-1.057796,-0.784216,0.693295,-1.022605,-0.659488,-0.752251,0.064468,-0.969043,-0.780824,-0.592325,-0.51103,-0.781673,-0.53886,-0.543482,0.740769,-0.037608,-0.022984,-0.298924,0.597465,-0.056573,-0.153017,-0.288712,0.343967,-0.233799,-0.157616,-0.210889,0.559754,0.209269,0.080575,-0.295487,0.520299,-0.172037,-0.07647,-0.338022,0.072503,-0.181728,-0.262195,-0.27697,0.376423,0.184335,0.045084,-0.193858,0.554264,0.296459,0.236578,-0.027836,0.242261,,-0.064627,,0.305014,0.022316,-0.08658
每股指标,每股现金流量净额,-0.440234,-0.594969,-0.242971,-0.407223,-0.140224,-0.024452,0.267087,-0.30037,-0.353752,-0.654623,-0.516095,-0.578796,0.013079,-0.40334,-0.447024,-0.63584,-0.170227,-0.792308,-0.770078,-0.726351,0.251851,-0.862175,-0.910016,-0.501443,0.698852,-0.319329,-0.348321,-0.131589,0.636533,-0.080009,-0.025851,-0.400229,-0.592672,-0.808306,-0.490596,-0.217743,-0.282957,-0.243108,-0.651158,-0.578514,1.104578,0.791407,0.289713,0.061061,0.221505,0.028653,0.137225,-0.057365,0.020748,0.054598,0.171378,-0.094724,0.004892,-0.401005,-0.111832,-0.344009,-0.004746,-0.403894,-0.254375,-0.237736,0.215788,0.363152,0.31734,-0.071372,0.16888,0.011868,0.025304,-0.09707,-0.025554,,-0.190834,,0.326479,-0.049846,-0.085463
每股指标,每股企业自由现金流量,0.274371,,0.462619,,0.892608,,0.280351,,1.13728,,0.642938,,0.123715,,-0.037227,,-0.39218,,-0.485963,,-0.254703,,-0.015464,,0.179122,,0.087662,,0.446055,,0.132866,,0.26406,,0.404509,,0.288544,,0.154095,,-0.389342,,-0.575818,,0.583585,,0.201259,,0.284989,,0.049142,,0.318149,,0.331727,,0.241138,,0.139842,,-0.104779,,-0.130726,,0.233179,,0.17294,,0.15673,,0.144702,,-0.111558,0.168474,-0.739151
每股指标,每股股东自由现金流量,0.232101,,0.574167,,0.949593,,0.420523,,1.663048,,1.18481,,0.328178,,0.03385,,-0.071292,,-0.402821,,-0.399959,,0.112249,,0.472909,,-0.288365,,1.362247,,0.606058,,0.322222,,0.415386,,0.415028,,0.184777,,0.196723,,-0.006316,,0.73122,,0.179559,,0.325025,,0.088651,,0.354644,,0.331367,,0.248206,,0.13909,,-0.116771,,-0.153613,,0.201139,,0.158086,,0.166671,,0.157006,,0.064267,0.161319,-0.779685
每股指标,每股未分配利润,0.891195,0.887307,0.869346,0.835427,0.816665,0.797939,0.788238,0.751678,0.749623,0.785658,0.770837,0.756499,0.732952,0.885902,0.913174,0.977615,0.968957,1.324287,1.289266,1.719752,1.735609,1.659484,1.605518,1.512651,1.505159,1.45079,1.429514,1.461123,1.410293,1.384347,1.356973,1.367507,1.297905,1.401951,1.299368,1.235049,1.19889,1.21333,1.230247,1.09942,1.062816,1.046621,1.003294,1.010984,0.960202,0.917073,0.886696,0.908716,0.862852,0.864356,0.821146,0.827253,0.78675,0.766916,0.821485,0.817024,0.747053,0.736556,0.645022,0.646993,0.58263,0.635451,0.560163,0.521898,0.465367,0.490666,0.414112,0.398978,0.40619,,0.366357,,0.242098,0.114332,0.028723
每股指标,每股资本公积金,1.222572,1.182321,1.194453,1.202029,1.202029,1.250967,1.250137,1.250137,1.250137,1.240036,1.240036,1.401674,1.401674,1.398561,1.402471,1.400641,1.403641,1.410421,1.409572,1.379457,1.273808,1.267598,1.328314,1.318327,1.318327,1.299586,1.298042,1.124442,1.124386,1.122872,1.122872,1.120903,1.12288,1.086837,0.723888,0.724092,0.723735,0.70741,0.561709,0.431284,0.431282,0.439105,0.446976,0.421501,0.330223,0.367372,0.349646,0.347289,0.346913,0.339701,0.328005,0.340378,0.331626,0.365488,0.337044,0.325146,0.32106,0.326482,0.331466,0.333696,0.334563,0.324111,0.304976,0.170026,0.171425,0.167867,0.156986,0.15032,0.153073,,0.179829,,0.266613,0.201308,0.172435
每股指标,每股盈余公积金,0.388954,0.383778,0.382801,0.382801,0.382801,0.379114,0.379114,0.379114,0.379114,0.379114,0.379114,0.379114,0.379114,0.379114,0.379114,0.379114,0.376068,0.376068,0.376068,0.376068,0.389064,0.377463,0.377542,0.377542,0.377542,0.346088,0.34609,0.356122,0.356131,0.345797,0.345797,0.345797,0.345797,0.342935,0.342936,0.342936,0.342936,0.309639,0.324291,0.324291,0.324291,0.324222,0.324229,0.333596,0.324229,0.306928,0.30361,0.301804,0.301804,0.268035,0.268035,0.262459,0.258498,0.212395,0.212312,0.211951,0.212861,0.191164,0.187767,0.187653,0.1876,0.162326,0.160746,0.162156,0.162156,0.132108,0.132108,0.146856,0.146856,,0.130176,,0.123814,0.072527,0.037713
每股指标,每股留存收益,1.28015,1.271086,1.252147,1.218228,1.199467,1.177053,1.167352,1.130792,1.128737,1.164772,1.149951,1.135613,1.112066,1.265016,1.292288,1.356729,1.345026,1.700355,1.665335,2.09582,2.124673,2.036947,1.98306,1.890194,1.882701,1.796879,1.775605,1.817245,1.766424,1.730144,1.70277,1.713304,1.643703,1.744887,1.642304,1.577985,1.541826,1.52297,1.554539,1.423711,1.387108,1.370843,1.327524,1.34458,1.284432,1.224002,1.190306,1.21052,1.164657,1.132391,1.089182,1.089713,1.045249,0.979312,1.033797,1.028975,0.959915,0.92772,0.83279,0.834646,0.770231,0.797777,0.72091,0.684054,0.627523,0.622774,0.54622,0.545834,0.553047,,0.496533,,0.365912,0.186859,0.066436
每股指标,每股营业收入,8.105386,5.263062,3.466522,1.418215,7.410628,4.883319,3.180676,1.312378,7.331168,5.00308,3.392846,1.357332,7.508808,4.982213,3.209977,1.594781,8.320494,5.923877,3.960843,1.618193,8.993949,5.408318,3.48583,0.957989,8.358226,4.921736,3.462129,1.379427,6.869693,4.747337,3.482062,1.250917,5.401889,4.366528,2.688867,0.970476,5.88768,4.073494,2.874743,1.174985,6.082937,4.203832,2.82452,1.256156,5.987737,4.247119,2.814109,1.226232,6.177264,4.405587,3.007348,1.312193,6.010525,4.287116,2.8245,1.255581,5.326283,4.036477,2.629509,1.20628,4.92652,3.57008,2.375543,1.118457,4.62039,3.434851,2.228373,1.029663,4.709795,,2.440427,,4.779285,3.716388,3.051907
每股指标,每股营业总收入,8.151711,5.294439,3.485494,1.427837,7.45748,4.91631,3.200842,1.321388,7.368323,5.030315,3.406841,1.3665,7.549715,5.010165,3.228074,1.603433,8.365471,5.954969,3.981142,1.627581,9.043005,5.445647,3.513407,0.970436,8.415065,4.964169,3.494922,1.393111,6.869693,4.747337,3.482062,1.250917,5.401889,4.366528,2.688867,0.970476,5.88768,4.073494,2.874743,1.174985,6.082937,4.203832,2.82452,1.256156,5.987737,4.247119,2.814109,1.226232,6.177264,4.405587,3.007348,1.324134,6.010525,4.287116,2.8245,1.266404,5.326283,4.063337,2.629509,1.215297,4.92652,3.587849,2.375543,1.123847,4.62039,3.449417,2.228373,1.034317,4.709795,,2.440427,,4.779285,3.716388,3.051907
每股指标,每股息税前利润,0.406104,0.29941,0.225155,0.0837,0.340251,0.30514,0.209321,0.078825,0.329106,0.266984,0.165116,0.080914,-0.013974,0.08133,0.060952,0.054667,-0.581215,-0.125217,-0.247982,0.089456,0.554692,0.37344,0.264346,0.040412,0.580528,0.387338,0.300363,0.124403,0.496356,0.350582,0.248799,0.102318,0.420079,0.33354,0.206518,0.081228,0.442627,0.34869,0.254445,0.098309,0.517984,0.376547,0.246229,0.10163,0.461453,0.336814,0.232965,0.107474,0.448508,0.345517,0.229987,0.096316,0.467814,0.374762,0.255443,0.124566,0.412603,0.356327,0.216033,0.104802,0.325567,0.292416,0.183995,0.094455,0.271578,0.260627,0.181492,0.082528,0.340994,,0.243731,,0.490572,0.348446,0.308546
盈利能力,净资产收益率(ROE),2.24,1.99,1.53,0.55,1.42,1.75,1.37,0.21,1.42,1.52,1.09,0.67,-6.31,-2.46,-1.72,0.02,-15.69,-6.61,-7.44,0.96,5.79,3.7,2.37,0.18,5.79,3.7,3.14,1.32,5.33,3.88,3.14,1.18,5.32,3.82,3.17,1.11,5.25,4.67,3.13,1.28,5.56,4.81,3.66,1.84,7.65,5.44,3.94,2.06,7.86,6.7,4.69,2.15,8.98,9.52,6.16,3.15,11.39,10.17,5.92,3.01,11.13,9.56,6.04,3.1,11.38,,6.5,,13.81,,8.14,,16.19,13.39,15.14
盈利能力,摊薄净资产收益率,2.205366,1.972899,1.519442,0.545754,1.414704,1.416028,1.12685,0.060738,0.540087,1.542074,1.112261,0.664966,-6.50079,-2.489885,-1.729036,0.021735,-17.18074,-6.888129,-7.816467,0.945692,5.659831,3.615936,2.342467,0.178779,5.52686,3.589606,3.011505,1.312455,5.265342,3.813726,3.129749,1.164556,4.788829,3.573677,2.921486,1.063871,4.568738,3.972792,3.057342,1.249066,5.714126,5.128681,3.624205,1.787759,7.46132,5.384146,3.977477,2.041522,7.647008,6.592826,4.712875,2.13078,8.918432,9.514437,6.33974,3.104199,11.313741,9.846211,5.896074,2.970103,10.441641,8.684482,5.466905,3.052975,11.129198,9.47,6.63,2.88,12.3,,8.03,,14.98,12.68,11.86
盈利能力,净资产收益率_平均,2.236127,1.987813,1.531159,0.547639,1.381766,1.387858,1.10284,0.059043,0.529731,1.519183,1.093872,0.666817,-6.312548,-2.462715,-1.717064,0.021739,-16.040301,-6.772154,-7.647717,0.970286,5.793095,3.658439,2.372232,0.178996,5.804296,3.720248,3.11366,1.321461,5.347155,3.859168,3.154624,1.174074,5.14241,3.738619,2.878697,1.038287,4.884127,4.221788,3.118198,1.221636,5.955096,5.320361,3.758544,1.843152,7.689334,5.467905,4.000551,2.060429,7.854228,6.719324,4.748473,2.154585,9.063731,9.613257,6.431785,3.137889,11.767167,10.184631,5.978166,3.013952,11.397143,9.515345,5.861246,3.098825,11.385661,9.669181,6.597866,2.860725,12.894665,,8.140486,,16.189162,13.387386,11.861534
盈利能力,净资产收益率_平均_扣除非经常损益,0.37181,1.136289,1.017991,0.385013,-1.131058,0.539247,0.448691,-0.220578,-2.273196,0.06455,0.456123,0.376194,-8.336092,-3.37419,-2.339742,-0.24448,-19.094218,-8.957343,-8.62959,0.746374,1.605947,2.864316,2.098836,0.098892,1.651756,2.539125,2.268765,0.625302,3.369706,2.956523,2.523581,1.022389,3.280843,2.71204,2.442029,0.965894,3.282313,3.373206,2.495028,1.159352,3.126972,3.675849,3.250229,1.80859,6.479816,4.266666,3.420794,1.860044,5.621911,5.173385,3.619731,1.804767,7.31848,8.368417,5.588866,2.735865,9.353035,9.434234,5.633771,2.805145,7.336201,7.823904,5.502605,3.086115,7.714717,8.895887,5.958529,2.791351,10.956129,,7.888247,,15.136614,11.858484,11.610222
盈利能力,摊薄净资产收益率_扣除非经常损益,0.366695,1.127764,1.010201,0.383687,-1.15802,0.550192,0.458459,-0.22691,-2.317638,0.065523,0.463791,0.375149,-8.584676,-3.411416,-2.356055,-0.24444,-20.451785,-9.11074,-8.820006,0.727456,1.569004,2.831039,2.072501,0.098772,1.572805,2.44996,2.19433,0.621041,3.318148,2.92171,2.503681,1.0141,3.055259,2.592389,2.478327,0.989694,3.07036,3.174259,2.446334,1.185383,3.000441,3.543417,3.134058,1.754236,6.287668,4.201308,3.401063,1.842976,5.473587,5.07599,3.592595,1.784827,7.201158,8.281926,5.508884,2.706491,8.992633,9.120748,5.556409,2.764334,6.721157,7.140735,5.132394,3.040453,7.540942,8.71,5.98,2.81,10.45,,7.74,,14.01,11.23,11.61
盈利能力,息税前利润率,4.981831,5.655193,6.459772,5.862064,4.562558,6.206688,6.539578,5.965351,4.466509,5.307511,4.846626,5.921264,-0.185101,1.623306,1.888193,3.409397,-6.947789,-2.102735,-6.228927,5.496259,6.13394,6.857592,7.523931,4.16435,6.898675,7.802694,8.594281,8.929884,7.225308,7.384817,7.145187,8.179439,7.776521,7.638564,7.680493,8.369989,7.51785,8.559985,8.851073,8.366833,8.515371,8.95723,8.717558,8.090601,7.706634,7.930417,8.278478,8.764606,7.260631,7.842708,7.647523,7.273949,7.783262,8.741594,9.043852,9.836209,7.746558,8.769335,8.215739,8.623616,6.60846,8.150179,7.745406,8.404679,5.877821,7.5557,8.144611,7.979024,7.240117,8.8656,9.987237,9.54368,10.264546,9.375934,10.109953
盈利能力,总资产报酬率,2.010242,1.498374,1.14002,0.432533,1.801029,1.649828,1.147377,0.434863,1.795041,1.446526,0.890796,0.438357,-0.073951,0.418666,0.317711,0.286562,-2.962829,-0.627972,-1.241942,0.447227,2.826182,1.9068,1.406484,0.219105,3.525302,2.433734,1.923533,0.790275,3.498209,2.523899,1.801992,0.756692,3.205488,2.336504,1.513964,0.60118,3.485758,2.784346,1.979105,0.778953,4.346322,3.188496,2.103233,0.885021,4.337656,3.24313,2.265136,1.069105,4.638454,3.614224,2.43917,1.050097,5.227979,4.257882,2.956116,1.47058,5.163866,4.555037,2.772897,1.367461,4.44527,3.982839,2.553719,1.317309,3.961202,3.784158,2.676705,1.246748,5.423268,,3.725212,,8.350234,6.985625,6.681783
盈利能力,总资本回报率,5.745796,4.289725,3.190041,1.189713,4.827698,4.384908,2.986073,1.143904,4.82765,3.967301,2.448727,1.227297,-0.20328,1.133525,0.853155,0.773106,-7.988705,-1.686145,-3.371919,1.188355,7.154192,4.784416,3.365053,0.522401,8.33317,5.780224,4.561775,1.842097,8.637821,6.28729,4.545289,1.955674,8.956189,6.608487,4.413562,1.750351,10.472656,8.392727,6.021461,2.426503,13.988249,10.12192,6.662936,2.802274,14.459194,10.94273,7.692543,3.522005,15.284582,11.870228,7.960411,3.317895,17.535056,14.258241,9.92785,4.916087,17.229173,14.907172,9.250954,4.485108,15.011291,13.345264,8.561687,4.478452,13.400214,12.888324,9.254106,4.20531,18.015747,,12.612331,,29.286148,25.649167,24.180673
盈利能力,投入资本回报率,2.271783,1.888503,1.361325,0.605592,2.07946,1.882837,1.318937,0.416205,1.993954,1.955216,1.276084,0.705676,-1.688926,-0.085593,-0.123754,0.403877,-7.72465,-2.798179,-3.757512,0.843371,4.955288,3.173338,2.05055,0.477693,4.93154,3.604816,2.843715,1.138562,4.928148,3.4148,2.705448,1.122822,4.706501,3.210162,2.480552,0.958347,4.432381,3.324481,2.737154,1.048753,5.559805,4.222481,3.266498,1.49583,6.966233,4.593091,3.688677,1.663211,7.220257,5.719095,4.250985,1.880275,8.49036,8.474413,6.000089,2.997081,11.047828,9.27988,5.602862,2.73923,10.326028,8.40236,5.306886,2.69645,10.07077,8.205618,5.813797,2.475978,11.379905,,7.084913,,14.940358,13.279686,11.741346
盈利能力,息前税后总资产报酬率_平均,1.403714,1.161733,0.889905,0.333814,1.469869,1.343808,0.956576,0.344933,1.406866,1.268006,0.792105,0.365484,-0.1569,0.344178,0.257567,0.251908,-2.926729,-0.833421,-1.353923,0.389726,2.499557,1.627167,1.199895,0.208747,3.046022,2.149437,1.644321,0.648991,3.174248,2.252218,1.648853,0.564245,2.934766,1.851461,1.375915,0.44237,2.833113,2.145564,1.632721,0.545778,3.503665,2.515869,1.759582,0.713076,3.681429,2.512788,1.825343,0.795904,3.773424,2.816399,1.936866,0.785858,4.056718,3.571974,2.530897,1.201851,4.466036,3.93176,2.416071,1.156701,4.239285,3.45464,2.231756,1.118584,4.016434,3.411838,2.400346,1.0496,5.002076,,3.073499,,6.483935,5.224726,4.857535
盈利能力,毛利率,17.521924,18.182506,18.597896,18.400607,18.129046,18.654635,18.824759,19.394654,18.4742,17.914365,17.574249,17.138058,15.804404,16.516288,16.570096,16.50784,14.691213,16.439007,16.524956,17.821745,16.545306,17.754671,19.177649,23.51442,18.456643,18.413052,19.081388,19.126241,20.761502,20.006168,19.484184,20.717823,22.810102,22.188896,21.992932,23.503661,21.678126,20.675696,20.29433,20.066753,21.391888,19.529475,19.574259,19.782703,20.85929,19.344268,20.111031,21.621978,19.402191,19.08427,18.577612,18.085917,19.808133,20.232487,19.921584,18.671601,19.401224,18.034049,18.497309,17.305737,17.65409,17.562417,17.584429,17.750952,16.4659,15.255804,16.037628,16.270849,18.248106,17.496975,19.210021,18.015782,17.843591,18.933642,21.334361
盈利能力,销售净利率,2.449687,3.208887,3.790036,2.87355,2.334574,3.366971,3.675938,2.705583,1.886674,3.101487,2.811845,3.277403,-1.977168,-0.359276,-0.235051,1.273468,-7.835948,-4.0506,-7.937997,3.496759,3.856738,4.17348,4.730107,0.943661,4.589589,5.008423,5.527892,5.584824,5.415931,5.681924,5.72929,6.099194,6.293656,6.052849,6.330075,6.158946,5.477131,6.596162,6.592498,5.862263,6.208495,7.067662,6.708809,6.518733,6.154608,6.144516,6.292638,6.524888,5.585751,6.111462,5.773573,5.493123,5.785845,7.333398,7.564653,8.108071,6.578627,7.619776,7.037463,7.349029,6.165057,7.104497,6.560303,7.171168,5.763625,6.841191,7.113867,6.747664,6.445765,7.418794,8.034407,7.944244,7.780703,6.872331,7.249761
盈利能力,成本费用利润率,4.09525,4.636176,5.47364,4.289596,3.350774,4.695507,5.059386,4.067876,2.947754,3.860304,3.551273,4.27659,-1.690489,-0.069671,0.194662,1.707448,-7.880192,-3.435977,-7.505038,4.314494,4.768103,5.412163,6.194834,1.177127,5.882046,6.190826,7.174339,7.523634,6.479928,6.950264,6.814304,7.523884,7.440129,7.65377,7.674417,7.979069,7.462688,9.092056,8.905611,8.492484,8.463428,9.365196,8.713645,8.355247,7.868761,8.422207,8.533575,9.684213,7.419202,8.331359,7.880177,7.556253,8.123573,9.530936,9.765189,10.515858,8.308799,9.604147,8.821261,9.274232,6.921138,8.739241,8.138948,9.081246,6.101558,8.154561,8.63312,8.593319,7.647506,9.759824,10.877413,10.727873,10.970901,10.078606,11.152215
盈利能力,营业利润率,3.905468,4.423347,5.180663,4.167141,3.186081,4.420356,4.727946,3.895582,2.922661,3.765971,3.499668,4.260066,-1.721139,-0.027238,0.12733,1.663703,-8.249213,-3.523255,-7.440329,4.10818,4.416385,5.024826,5.676854,0.857315,5.433231,5.774572,6.64883,7.005516,5.975828,6.3531,6.295939,6.681208,6.762775,6.640875,6.608702,6.977497,5.942669,7.867225,7.887814,7.552273,6.424861,8.07686,7.429038,7.479681,6.501284,6.648354,7.088238,8.138643,5.443139,6.539837,6.132571,6.421244,6.610969,8.026156,8.289765,9.097424,6.926451,8.366343,7.954818,8.504447,5.512155,7.518049,7.171036,8.300842,5.052256,7.38513,7.832769,7.700457,6.747013,8.763738,9.727244,9.510133,9.847437,8.758126,9.656947
盈利能力,总资产净利率_平均,0.384222,0.343082,0.266735,0.096951,0.255654,0.263162,0.21171,0.011334,0.099828,0.285603,0.204429,0.127565,-1.211394,-0.467936,-0.331667,0.004252,-3.241748,-1.412084,-1.585056,0.210557,1.261288,0.790057,0.53445,0.04062,1.403093,0.917174,0.780387,0.328851,1.44377,1.060484,0.868637,0.330178,1.378208,0.979202,0.741753,0.267616,1.20795,1.051542,0.75775,0.29003,1.392707,1.249446,0.89012,0.442218,1.872493,1.343165,0.982595,0.519564,1.986184,1.704775,1.207165,0.565135,2.370994,2.541398,1.73916,0.862372,3.230501,2.839026,1.638558,0.840487,3.002055,2.511747,1.536581,0.788402,2.916859,2.460247,1.662102,0.737026,3.334299,,2.051588,,4.148719,3.518673,3.180407
盈利能力,总资产净利率_平均(含少数股东损益),0.982868,0.845173,0.665224,0.210596,0.915762,0.888984,0.640884,0.195887,0.75441,0.840713,0.514686,0.241001,-0.785637,-0.092143,-0.039328,0.106458,-3.323612,-1.203377,-1.574632,0.282888,1.767333,1.152509,0.877281,0.049013,2.329491,1.548821,1.225618,0.48939,2.62218,1.941903,1.444908,0.564245,2.59425,1.851461,1.247772,0.44237,2.53955,2.145564,1.474086,0.545778,3.168872,2.515869,1.618594,0.713076,3.464102,2.512788,1.721775,0.795904,3.568457,2.816399,1.841476,0.785858,3.886324,3.571974,2.472618,1.201851,4.385321,3.93176,2.375217,1.156701,4.147009,3.45464,2.162981,1.118584,3.884243,3.411838,2.337953,1.0496,4.828252,,2.996812,,6.329621,5.120293,4.79145
成长能力,归母净利润,1206219000.0,1065370000.0,820752000.0,292299000.0,752480000.0,982085000.0,764798000.0,118972000.0,803346000.0,821268000.0,590363000.0,366853000.0,-3566484000.0,-1416229000.0,-991340000.0,12640000.0,-9987908000.0,-4422309000.0,-4970832000.0,661481000.0,3758175000.0,2345034000.0,1522052000.0,113524000.0,3501037000.0,2211837000.0,1846457000.0,762298000.0,3016525000.0,2169116000.0,1766023000.0,657420000.0,2659576000.0,1877448000.0,1562509000.0,536458000.0,2396852000.0,2043869000.0,1249356000.0,504877000.0,2142615000.0,1898507000.0,1419325000.0,651206000.0,2554487000.0,1788819000.0,1295934000.0,669784000.0,2462792000.0,2089935000.0,1459621000.0,664716000.0,2720707000.0,2914731000.0,1873739000.0,914448000.0,3225971000.0,2784154000.0,1637044000.0,826036000.0,2819499000.0,2364805000.0,1419713000.0,707075000.0,2501270000.0,2119371000.0,1409590000.0,610218000.0,2620982000.0,2240285000.0,1596843000.0,730966000.0,2895344000.0,2087139000.0,1746437000.0
成长能力,营业总收入,126678586000.0,82276241000.0,54303335000.0,22245441000.0,116186116000.0,76595171000.0,49868517000.0,20586986000.0,114797077000.0,78371349000.0,53077946000.0,21289809000.0,117623118000.0,78057423000.0,50292790000.0,24981188000.0,130261250000.0,93528580000.0,62527712000.0,25562750000.0,137285056000.0,82532284000.0,53236808000.0,14704503000.0,127508964000.0,75219388000.0,52956456000.0,20514320000.0,101157525000.0,69905398000.0,51273997000.0,18419990000.0,79543794000.0,58647550000.0,41224346000.0,15344874000.0,88507384000.0,61871979000.0,36866602000.0,15456798000.0,79460611000.0,55161864000.0,37125005000.0,16108481000.0,76784516000.0,54463475000.0,36087089000.0,15724745000.0,79214931000.0,56495611000.0,38565112000.0,16980212000.0,77076743000.0,56713952000.0,38680751000.0,17190418000.0,71863158000.0,54441206000.0,33719850000.0,15584517000.0,63175862000.0,46009246000.0,30463087000.0,14056729000.0,57790394000.0,43144232000.0,27871801000.0,12936920000.0,59060009000.0,44478094000.0,28760462000.0,13685444000.0,56097841000.0,44193984000.0,36292213000.0
成长能力,净利润,3085595000.0,2624505000.0,2046914000.0,634926000.0,2695410000.0,2785408000.0,1984641000.0,640163000.0,2673117000.0,2417518000.0,1486339000.0,693072000.0,-2313006000.0,-278877000.0,-117551000.0,316411000.0,-10240131000.0,-3768689000.0,-4938140000.0,888712000.0,5266003000.0,3420857000.0,2498393000.0,136981000.0,5812610000.0,3735103000.0,2899908000.0,1134435000.0,5478622000.0,3971972000.0,2937636000.0,1123471000.0,5006213000.0,3549849000.0,2592330000.0,897278000.0,4812077000.0,3997844000.0,2430430000.0,929887000.0,4894995000.0,3852163000.0,2540878000.0,1050069000.0,4725786000.0,3346517000.0,2270830000.0,1026022000.0,4424749000.0,3452708000.0,2226585000.0,924332000.0,4459541000.0,4192964000.0,2664804000.0,1269063000.0,4262207000.0,3809160000.0,2373022000.0,1136813000.0,3894828000.0,3252537000.0,1998471000.0,1003197000.0,3330822000.0,2939116000.0,1982763000.0,869012000.0,3795881000.0,3282353000.0,2332266000.0,1081123000.0,4418984000.0,3037157000.0,2631099000.0
成长能力,扣非净利润,200563000.0,608995000.0,545677000.0,205498000.0,-615950000.0,294638000.0,244820000.0,-119582000.0,-1223664000.0,34896000.0,246170000.0,206965000.0,-4709752000.0,-1940389000.0,-1350840000.0,-142150000.0,-11889508000.0,-5849267000.0,-5609026000.0,508832000.0,1041832000.0,1836007000.0,1346638000.0,62720000.0,996307000.0,1509612000.0,1345419000.0,360712000.0,1900974000.0,1661768000.0,1412752000.0,572484000.0,1696802000.0,1361923000.0,1152844000.0,451797000.0,1384510000.0,1413200000.0,999673000.0,445484000.0,1117697000.0,1307339000.0,1155596000.0,638995000.0,2152671000.0,1395835000.0,1108128000.0,604645000.0,1762821000.0,1609096000.0,1112660000.0,556793000.0,2196826000.0,2497000000.0,1674620000.0,816723000.0,2630992000.0,2638149000.0,1542736000.0,768808000.0,1814877000.0,1944439000.0,1332843000.0,704175000.0,1694815000.0,1949874000.0,1273000000.0,595419873.0,2228000000.0,,1546759000.0,,2709971000.0,1848778000.0,1709435000.0
成长能力,营业总收入增长率,9.030743,7.417008,8.893021,8.055841,1.209995,-2.266361,-6.046633,-3.301217,-2.402623,0.402173,5.537883,-14.776635,-9.702142,-16.541635,-19.567199,-2.275036,-4.29559,13.323629,17.45203,73.843005,7.666984,9.722089,0.5294,-28.320787,26.049904,7.601687,3.28131,11.369875,27.172114,19.195768,24.377951,20.040021,-10.127505,-5.211452,-2.039775,-15.670658,-0.481055,-0.816007,-0.696034,-6.456872,1.595285,-1.016987,0.369963,2.440332,-3.068127,-3.59698,-6.425556,-7.393706,2.774102,-0.384986,-0.298957,-1.222809,7.254878,0.983027,7.415474,4.205372,8.114512,13.252734,10.69085,10.86873,9.318967,6.640549,9.29716,8.655916,-2.149703,-2.998918,-3.08987,-5.46949,5.010536,,,,28.600275,21.772634,
成长能力,归属母公司净利润增长率,60.299144,8.480426,7.31618,145.68722,-6.331767,-7.666072,1.927796,-91.274706,107.995409,157.989774,159.55202,2802.318037,64.291981,67.975349,80.056859,-98.089136,-365.764845,-288.581871,-426.587527,482.679433,7.344623,6.022007,-17.569052,-85.107661,16.061925,1.969512,4.554527,15.952967,13.421274,15.535343,13.02482,22.54827,10.96121,-8.142498,8.77508,-3.806471,-3.847868,-6.836687,-11.97534,-27.915744,-16.673132,5.780405,3.116671,-2.77373,3.723213,-14.407912,-11.214349,0.76243,-9.479705,-28.297499,-22.101157,-27.30959,-15.662385,3.027346,17.723653,13.401474,17.399686,20.432213,15.308093,16.824382,12.722696,11.580511,0.718152,15.872524,-4.567448,-5.397259,-11.72645,-16.518962,-9.433421,,,,38.870147,19.508404,
收益质量,经营活动净现金/销售收入,0.083486,0.020121,0.029035,-0.175154,0.152772,0.000487,-0.004083,-0.33904,0.068261,-0.053362,-0.081906,-0.436513,0.072511,-0.109728,-0.132429,-0.370463,-0.080761,-0.218256,-0.299556,-0.528671,0.034394,-0.156899,-0.303456,-0.818606,0.082947,-0.207773,-0.190486,-0.545335,0.009384,-0.204123,-0.224241,-0.473513,-0.094602,-0.179014,-0.200404,-0.560016,0.125816,-0.009232,-0.007995,-0.254407,0.098219,-0.013457,-0.054174,-0.229838,0.057445,-0.055048,-0.056009,-0.171981,0.090615,0.0475,0.026792,-0.225186,0.086564,-0.040128,-0.027074,-0.269215,0.013612,-0.045021,-0.099712,-0.229606,0.076407,0.051633,0.018978,-0.173326,0.11996,0.086309,0.106166,-0.027034,0.051437,-0.012341,-0.026481,-0.25595,0.06382,0.006004,-0.028369
收益质量,经营性现金净流量/营业总收入,0.083012,0.020001,0.028877,-0.173974,0.151812,0.000484,-0.004057,-0.336729,0.067917,-0.053073,-0.08157,-0.433585,0.072118,-0.109116,-0.131687,-0.368464,-0.080327,-0.217116,-0.298029,-0.525622,0.034207,-0.155823,-0.301074,-0.808107,0.082387,-0.205997,-0.188699,-0.539979,0.009384,-0.204123,-0.224241,-0.473513,-0.094602,-0.179014,-0.200404,-0.560016,0.125816,-0.009232,-0.007995,-0.254407,0.098219,-0.013457,-0.054174,-0.229838,0.057445,-0.055048,-0.056009,-0.171981,0.090615,0.0475,0.026792,-0.223155,0.086564,-0.040128,-0.027074,-0.266915,0.013612,-0.044723,-0.099712,-0.227903,0.076407,0.051377,0.018978,-0.172495,0.11996,0.085944,0.106166,-0.026913,0.051437,-0.012276,-0.026481,-0.254518,0.06382,0.006004,-0.028369
收益质量,成本费用率,97.35549,96.78277,95.787701,98.39032,96.6673,96.390111,95.852883,97.04528,97.859643,97.403494,97.073999,99.808601,99.881913,98.810298,98.644937,98.861146,99.919292,97.761285,96.929487,97.52084,97.481792,95.822876,94.33653,97.107991,95.198229,95.750634,94.604059,95.660306,93.90614,93.188543,92.988393,93.733329,93.418122,92.143339,91.608425,92.867967,92.255137,91.736378,91.421181,91.794617,92.863552,93.223893,93.338508,93.528477,93.032605,93.635183,92.575109,91.748133,93.538272,93.182459,93.252313,94.368326,92.688079,91.729595,90.897263,91.91148,91.77589,91.985323,91.763462,94.044594,94.284242,93.820153,93.438629,92.661089,94.669813,94.137963,93.483879,93.336233,93.077683,92.223874,90.805048,90.971853,92.316043,91.721837,89.785235
收益质量,期间费用率,14.877415,14.965277,14.385597,16.790927,14.796346,15.044746,14.677642,16.439934,16.333843,15.317859,14.648249,16.94666,15.686317,15.326587,15.215034,15.368986,14.610505,14.200293,13.454443,15.342585,14.027099,13.577548,13.51418,20.622411,13.654872,14.163686,13.685447,14.786547,14.667643,13.194712,12.472577,14.451153,16.228225,14.332235,13.601358,16.371629,13.933264,12.412074,11.715511,11.86137,14.255441,12.753369,12.912768,13.31118,13.891895,12.979452,12.686141,13.370111,12.940464,12.266729,11.829925,12.454243,12.496213,11.962083,10.818847,10.583081,11.177115,10.019373,10.260772,11.350331,11.938333,11.38257,11.023058,10.412042,11.135714,9.393767,9.521508,9.607082,11.325789,9.72085,10.015069,8.987636,10.159635,10.655479,11.119597
收益质量,销售成本率,82.478075,81.817493,81.402103,81.599392,81.870953,81.345364,81.17524,80.605345,81.525799,82.085634,82.42575,82.861941,84.195595,83.483711,83.429903,83.492159,85.308786,83.560992,83.475043,82.178254,83.454693,82.245328,80.82235,76.485579,81.543356,81.586947,80.918611,80.873758,79.238497,79.993831,80.515815,79.282176,77.189897,77.811103,78.007067,76.496338,78.321873,79.324303,79.705669,79.933246,78.608111,80.470524,80.42574,80.217296,79.140709,80.655731,79.888968,78.378021,80.597808,80.915729,81.422387,81.914082,80.191866,79.767512,80.078415,81.328398,80.598775,81.96595,81.50269,82.694262,82.345909,82.437582,82.41557,82.249047,83.534099,84.744195,83.962371,83.72915,81.751893,82.503024,80.789978,81.984217,82.156408,81.066357,78.665638
收益质量,经营活动净现金/归属母公司的净利润,8.718058,1.544692,1.910631,-13.240339,23.440544,0.048906,-0.336275,-216.571526,27.341943,-5.064697,-7.33377,-25.162517,,,,-728.219224,,,,-20.312516,1.249595,-5.484144,-10.530672,-104.672245,3.000578,-7.005483,-5.411896,-14.53146,0.314701,-6.578409,-6.510547,-13.267174,-2.829404,-5.59205,-5.325669,-15.030305,4.829401,-0.285592,-0.235928,-8.166519,3.59963,-0.383406,-1.46839,-5.685366,1.726732,-1.676054,-1.559657,-4.03767,2.914613,1.284054,0.707901,-5.700518,2.45235,-0.769108,-0.508841,-4.627418,0.280885,-0.818269,-2.053884,-4.299766,1.712046,0.999594,0.407223,-3.429221,2.771619,1.749588,2.099226,-0.570571,1.15556,-0.243743,-0.481465,-4.765207,1.251417,0.127152,-0.589533
收益质量,所得税/利润总额,38.557366,28.485107,27.713463,31.915217,27.925299,25.608301,24.200691,31.463996,34.59633,17.515176,18.434888,23.217144,,,222.40688,24.557709,,,,16.892861,17.024287,19.525512,19.060333,17.446016,18.037257,15.508941,18.554355,22.402082,10.996124,12.273338,9.582906,13.515887,9.449384,14.173675,9.961536,16.883311,20.445036,20.916189,19.027151,24.800775,21.005883,19.047233,17.513151,16.581943,15.926554,22.08471,20.346013,26.563585,19.511281,21.278187,21.431386,22.965271,23.1585,16.119647,14.77685,16.111377,13.728298,13.748854,13.060799,15.740637,5.524226,13.351011,13.736082,14.778918,0.220001,10.881813,11.854282,15.871669,9.445698,17.577092,18.657361,18.598594,23.175563,25.65858,27.596819
财务风险,流动比率,1.056526,1.041267,1.044072,1.068635,1.069804,1.09457,1.134669,1.158422,1.1437,1.172678,1.174398,1.228913,1.230106,1.237246,1.256886,1.257272,1.242164,1.289869,1.27158,1.296846,1.242264,1.24287,1.228981,1.221284,1.214187,1.249827,1.23541,1.260505,1.268381,1.314706,1.297692,1.323119,1.29678,1.301129,1.273002,1.288621,1.298109,1.32387,1.311477,1.326253,1.29165,1.299202,1.299214,1.276851,1.192221,1.239077,1.225465,1.249821,1.233011,1.27368,1.255993,1.293706,1.243024,1.220975,1.234185,1.255654,1.244395,1.262616,1.25181,1.273291,1.260773,1.286937,1.273195,1.239897,1.21887,1.213561,1.221652,1.248958,1.257133,,1.264042,,1.291647,1.248218,1.31981
财务风险,速动比率,0.830527,0.798399,0.829194,0.858096,0.888432,0.882135,0.930558,0.935017,0.950385,0.957218,0.973711,1.007232,1.041316,1.027578,1.053402,1.052357,1.047471,1.078771,1.074573,1.095048,1.078845,1.04502,1.043428,1.008309,1.049587,1.035064,1.02364,1.01095,1.034904,1.046168,1.054803,0.958657,0.987097,0.983069,1.005519,1.006139,1.056667,1.040894,1.041521,1.05452,1.051685,0.991627,1.015659,0.980757,0.911562,0.91955,0.924341,0.944154,0.963736,0.953709,0.961784,0.954362,0.925961,0.890553,0.919908,0.909496,0.930364,0.907131,0.904501,0.908251,0.927109,0.951292,0.948039,0.875054,0.867626,0.854408,0.84634,0.846002,0.827918,,0.876922,,0.926375,0.834246,0.957267
财务风险,保守速动比率,0.410499,0.410507,0.419504,0.448774,0.42556,0.483253,0.489795,0.517425,0.489675,0.498536,0.488916,0.507206,0.480287,0.478378,0.47748,0.485956,0.439383,0.463857,0.476768,0.463741,0.397336,0.392037,0.419353,0.44904,0.390004,0.44798,0.44215,0.455426,0.595376,0.579364,0.581434,0.639914,0.680512,0.655211,0.673909,0.693091,0.757886,0.745097,0.672216,0.712295,0.735407,0.755997,0.695127,0.726736,0.678903,0.682857,0.674868,0.659574,0.686206,0.687269,0.727836,0.711047,0.692754,0.635861,0.677514,0.633376,0.677684,0.68172,0.660397,0.649359,0.667772,0.694048,0.691488,0.604889,0.577868,0.570281,0.580927,0.556485,0.546736,,0.568902,,0.611246,0.559169,0.723406
财务风险,资产负债率,75.441323,75.152627,74.97122,74.010449,74.420151,73.154572,72.501923,72.278917,72.843021,71.668392,70.658946,67.004213,67.296059,68.373461,67.278018,66.488355,67.37246,66.173774,66.551317,64.982625,66.122886,67.618634,66.622387,65.949087,67.350634,66.347559,65.408134,68.245708,66.302401,65.418033,65.528875,63.766875,64.523154,65.851233,67.370109,66.830101,67.177676,66.207953,67.51271,68.123461,69.387457,69.542539,69.610336,68.180641,68.35605,67.951897,68.057796,66.007444,66.967536,66.85306,67.14585,64.534161,65.726691,65.160294,63.935854,63.052534,64.713716,64.120173,65.040864,63.787411,64.869342,65.004798,65.765147,66.525789,67.572364,67.802467,68.404954,66.585136,65.912224,,65.832559,,64.275541,63.585956,61.813342
财务风险,权益乘数,5.819881,5.793977,5.740366,5.64859,5.404824,5.273773,5.209197,5.20923,5.306393,5.319208,5.350851,5.227247,5.210978,5.26293,5.177061,5.111737,4.948039,4.795855,4.824884,4.608172,4.592998,4.630596,4.438638,4.406563,4.136785,4.056206,3.989889,4.018407,3.703604,3.639062,3.631692,3.555876,3.731227,3.818023,3.880937,3.879756,4.043318,4.014852,4.115073,4.212103,4.275912,4.258173,4.222512,4.167967,4.106466,4.070911,4.071411,3.965687,3.954429,3.941472,3.933572,3.812513,3.822754,3.782664,3.698212,3.638668,3.64252,3.587367,3.64843,3.585957,3.796447,3.788337,3.814471,3.930512,3.903397,3.930166,3.969589,3.881441,3.867278,,3.967895,,3.902206,3.804668,3.729564
财务风险,权益乘数(含少数股权的净资产),4.07188,4.02457,3.9954,3.8477,3.909327,3.725029,3.636617,3.607362,3.682294,3.529626,3.408193,3.03069,3.057735,3.161901,3.056049,2.984037,3.064895,2.956286,2.989654,2.855725,2.951845,3.088195,2.99602,2.936778,3.062846,2.971552,2.890853,3.14918,2.96757,2.89168,2.900978,2.759905,2.818739,2.928363,3.064674,3.014781,3.046706,2.959276,3.078126,3.137103,3.266634,3.283267,3.290592,3.14274,3.160161,3.120309,3.130654,2.94182,3.027324,3.016869,3.043755,2.819614,2.917722,2.870288,2.772837,2.706545,2.833962,2.787081,2.860482,2.76147,2.846516,2.857534,2.920999,2.987374,3.083789,3.105828,3.165053,2.99268,2.933602,,2.926763,,2.799202,2.746193,2.618715
财务风险,产权比率,448.789228,443.33228,434.282639,415.212339,423.246897,396.346444,383.27233,382.17253,390.810948,386.337134,385.459512,348.739209,353.296597,366.041141,348.493509,335.715295,348.602699,320.499509,326.307363,290.703157,314.082488,326.466292,296.374771,289.169249,298.258526,284.042186,271.702784,287.978773,252.897101,241.231479,240.707285,224.642976,231.600518,246.760971,260.438699,258.170217,261.653524,254.203236,271.421605,286.829935,301.987123,300.334873,295.84297,282.57545,286.611673,280.33803,280.915878,258.598195,268.845152,266.749849,266.941974,241.087308,255.739335,248.417505,233.089264,222.416437,236.042067,227.042961,238.010833,225.568754,235.939251,235.55629,240.991898,257.779556,269.467779,273.96688,282.213814,262.927245,252.431092,,265.020518,,252.475365,246.19601,230.53686
财务风险,现金比率,0.218419,0.219285,0.221584,0.236938,0.211815,0.244418,0.249721,0.259047,0.224594,0.227192,0.216703,0.228173,0.208272,0.211921,0.21149,0.220648,0.195443,0.210038,0.208412,0.224787,0.172922,0.169814,0.187849,0.203879,0.173277,0.19296,0.187864,0.212438,0.392031,0.313579,0.312599,0.289688,0.339047,0.295041,0.326899,0.367633,0.430001,0.394384,0.324616,0.367988,0.41167,0.39301,0.333967,0.348632,0.331137,0.298365,0.304361,0.296927,0.319838,0.316375,0.340425,0.319183,0.344735,0.248599,0.294334,0.25966,0.339325,0.287498,0.300488,0.306094,0.366542,0.381686,0.376726,0.293536,0.305558,0.289743,0.319105,0.275471,0.304335,,0.289218,,0.348777,0.305124,0.515705
营运能力,应收账款周转率,3.377814,2.192135,1.439643,0.589494,2.959452,1.915455,1.275354,0.524516,2.900489,1.950971,1.329556,0.542181,3.262784,2.122489,1.412732,0.717284,3.946391,2.643966,1.771142,0.77639,4.394875,2.564774,1.695576,0.466253,5.25753,2.940897,2.110047,0.875142,4.327924,2.492404,,0.636333,2.924096,1.995674,1.254841,0.48579,2.975093,1.97159,1.358597,0.569898,3.024878,1.966838,1.330288,0.583203,2.992139,2.018917,1.377432,0.624331,3.453581,2.518828,1.65848,0.781019,3.889244,2.557521,1.748183,0.800724,3.977738,2.732285,1.876657,0.888731,4.269887,2.957094,2.024635,0.945695,4.615173,3.315501,2.242315,1.029675,5.556281,,2.713231,,6.165928,6.102387,6.062443
营运能力,应收账款周转天数,106.577786,123.167549,125.030993,152.673129,121.644118,140.958647,141.137236,171.586553,124.116996,138.392567,135.383472,165.996166,110.33521,127.209119,127.412692,125.473222,91.222569,102.119303,101.629337,115.920974,81.913585,105.272411,106.158572,193.027992,68.473208,91.808702,85.306153,102.840351,83.180753,108.329143,97.964909,141.435367,123.114958,135.292585,143.444412,185.264951,121.004617,136.945302,132.489586,157.922736,119.013034,137.276123,135.309001,154.32,120.31525,133.735054,130.677944,144.154235,104.239614,107.192692,108.533054,115.234028,92.562965,105.57097,102.964024,112.398156,90.503681,98.818374,95.91522,101.267876,84.311362,91.305833,88.904885,95.168071,78.003559,81.435648,80.274169,87.406205,64.791536,,66.341548,,58.385364,58.993308,59.381994
营运能力,存货周转率,2.538624,1.573841,1.12674,0.486087,2.822761,1.767478,1.209676,0.482709,2.942298,1.906282,1.342782,0.526833,3.090031,1.873077,1.257269,0.628902,3.546705,2.339641,1.614451,0.643104,3.998883,2.120705,1.464737,0.365224,3.7599,2.023555,1.443414,0.530141,2.568965,1.704079,1.319056,0.39515,1.997092,1.453373,1.012092,0.353482,2.509725,1.653706,1.157604,0.479645,2.448698,1.548376,1.09355,0.481028,2.514416,1.749158,1.190694,0.527334,2.802651,1.884523,1.365499,0.586389,2.707702,1.897825,1.319691,0.582632,2.652831,1.981247,1.296988,0.605694,2.567686,1.85347,1.271285,0.563729,2.301632,1.707857,1.08593,0.502257,2.513003,,1.312765,,2.815372,2.517811,2.365481
营运能力,存货周转天数,141.809055,171.554739,159.752822,185.151822,127.534691,152.759986,148.800155,186.447588,122.353316,141.636916,134.05003,170.832003,116.503659,144.147778,143.167443,143.106548,101.502642,115.402291,111.492962,139.946225,90.025121,127.316131,122.888893,246.423715,95.747217,133.428543,124.704312,169.766116,140.134226,158.4433,136.461143,227.761347,180.262094,185.774723,177.849381,254.609708,143.441968,163.269592,155.493586,187.638611,147.016891,174.376221,164.601383,187.099219,143.174378,154.359962,151.172225,170.669774,128.449794,143.272283,131.819912,153.481672,132.954029,142.268122,136.395501,154.471431,135.704063,136.277785,138.783068,148.589653,140.204042,145.672704,141.588997,159.651031,156.41071,158.092808,165.756503,179.190956,143.254861,,137.115113,,127.869399,142.981317,152.188858
营运能力,总资产周转率,0.403514,0.264955,0.176479,0.073785,0.394741,0.265814,0.175451,0.072898,0.401889,0.272543,0.183797,0.074031,0.399519,0.257909,0.168262,0.08405,0.426442,0.298645,0.199383,0.081369,0.460745,0.278056,0.186934,0.052614,0.511011,0.311909,0.223815,0.088497,0.48416,0.341768,0.252196,0.092511,0.4122,0.305882,0.197118,0.071825,0.463664,0.325274,0.2236,0.0931,0.510409,0.355969,0.241264,0.109388,0.562847,0.408948,0.273617,0.121979,0.63885,0.460838,0.318949,0.144364,0.671695,0.487083,0.326864,0.149506,0.666601,0.519427,0.33751,0.158571,0.672663,0.488681,0.329707,0.156735,0.673923,0.500834,0.328647,0.156253,0.749058,,0.372997,,0.813502,0.745059,0.660911
营运能力,总资产周转天数,892.16054,1019.039239,1019.945773,1219.758227,911.990188,1015.745392,1025.926135,1234.598782,895.769632,990.668149,979.340733,1215.706214,901.082621,1046.878711,1069.759276,1070.782492,844.19438,904.081827,902.784726,1106.066237,781.34315,971.024418,962.902705,1710.551445,704.485229,865.635628,804.234002,1016.97372,743.554889,790.008068,713.728533,972.852296,873.360589,882.691407,913.157896,1253.033266,776.423792,830.067754,805.006753,966.700259,705.316614,758.492974,746.070497,822.752973,639.605386,660.230293,657.852653,737.826819,563.512517,585.888145,564.353355,623.423618,535.957416,554.32019,550.686473,601.979395,540.052904,519.802657,533.316808,567.566615,535.185829,552.507369,545.938366,574.216752,534.18522,539.099878,547.69954,575.988048,480.60357,,482.577233,,442.530935,483.183134,544.702365
营运能力,流动资产周转率,0.59628,0.391561,0.261647,0.109865,0.587238,0.397192,0.261512,0.108963,0.584238,0.393342,0.26522,0.106774,0.572473,0.368143,0.241411,0.121028,0.600325,0.414937,0.278135,0.112944,0.6428,0.384817,0.261983,0.074833,0.726694,0.443564,0.319086,0.126751,0.6833,0.470909,0.348085,0.12812,0.564077,0.412932,0.263561,0.095915,0.599294,0.418952,0.285937,0.117814,0.650407,0.454324,0.307782,0.140075,0.722136,0.517945,0.346401,0.155702,0.820006,0.589384,0.409877,0.186843,0.860428,0.624891,0.419586,0.191344,0.849944,0.664921,0.431504,0.203403,0.860213,0.618419,0.418268,0.200557,0.86357,0.6424,0.418351,0.19991,0.960876,,0.478045,,1.04517,0.946803,0.826004
营运能力,流动资产周转天数,603.742721,689.547708,687.947865,819.183386,613.038322,679.770686,688.302762,825.964877,616.186971,686.424765,678.67985,842.896628,628.850068,733.409136,745.615619,743.625737,599.674334,650.699915,647.165863,796.854403,560.049601,701.631159,687.065258,1202.662908,495.394194,608.705691,564.11108,710.049789,526.854897,573.358361,517.114078,702.463969,638.210457,653.85955,682.952104,938.322763,600.705966,644.463928,629.508809,763.914149,553.499537,594.288682,584.829313,642.508444,498.520919,521.290141,519.628593,578.024119,439.021154,458.104872,439.155308,481.685363,418.396408,432.075243,428.993303,470.356274,423.556984,406.06302,417.14542,442.469908,418.500831,436.596694,430.345111,448.750155,416.873868,420.298862,430.260048,450.200732,374.657916,,376.533388,,344.441316,380.226824,435.832862
营运能力,应付账款周转率,1.777873,1.278379,0.830607,0.381123,1.608435,1.137944,0.715483,0.332358,1.618173,1.201503,0.799561,0.389586,1.625761,1.100872,0.689349,0.346318,1.798977,1.304018,0.844483,0.401716,1.889395,1.277052,0.806718,0.316186,2.114552,1.478482,1.045375,,2.027269,,,0.569725,2.088242,1.535047,0.881575,0.380581,2.102457,1.527499,1.039323,0.465559,2.141164,1.62308,1.084328,0.5217,2.490644,1.860047,1.237247,0.595292,2.547749,1.915585,1.220247,0.6036,2.778448,2.006719,1.31457,0.624646,3.052492,2.409916,1.600643,0.831953,3.62379,2.660334,1.710034,0.882711,4.094633,2.810474,1.933287,0.972575,5.541397,,2.773682,,5.929516,7.300411,8.908024
