选项,指标,20260331,20251231,20250930,20250630,20250331,20241231,20240930,20240630,20240331,20231231,20230930,20230630,20230331,20221231,20220930,20220630,20220331,20211231,20210930,20210630,20210331,20201231,20200930,20200630,20200331,20191231,20190930,20190630,20190331,20181231,20180930,20180630,20180331,20171231,20170930,20170630,20170331,20161231,20160930,20160630,20160331,20151231,20150930,20150630,20150331,20141231,20140930,20140630,20140331,20131231,20130930,20130630,20130331,20121231,20120930,20120630,20120331,20111231,20110930,20110630,20110331,20101231,20100930,20100630,20100331,20091231,20090930,20090630,20090331,20081231,20080930,20080630,20080331,20071231,20070930,20070630,20070331,20061231,20060930,20060630,20060331,20051231,20050930,20050630,20050331,20041231,20040930,20040630,20040331,20031231,20030930,20030630,20030331,20021231,20020930,20020630,20020331,20011231,20010630,20001231,20000630,19991231,19990630,19981231,19971231,19961231
常用指标,归母净利润,1117304846.56,3293158248.3,616539116.9,458876424.91,1114023118.23,3315512899.38,763060349.04,529951316.82,330898360.8,1270373073.72,716644916.54,590641359.43,300279012.98,1001422054.22,1029268275.59,714765120.58,304297876.74,1307433297.0,947239985.86,762281598.12,361989588.44,1270877595.66,948925805.49,662897033.53,308402412.29,1333750925.45,1121631024.65,692314237.92,382044636.84,893228543.57,134541485.22,117515918.51,96095528.39,107148843.46,102547355.1,85849165.58,76929682.47,283654999.17,284445650.77,242956313.41,170818122.12,445345078.08,396358342.68,312503564.99,200559255.19,384018896.34,163938191.67,146370955.67,107556282.41,685378854.43,75372282.97,59092617.85,30539432.0,-66000793.17,-72353619.91,-52827725.39,-1618100.24,-276898530.58,-195492633.36,-106091288.22,-33413657.33,27632002.83,-25218021.12,-70788467.99,-32261026.82,-1237025627.26,-1161123370.36,-1112467987.02,1180105.99,-322937079.23,-235620410.33,-158005111.58,-60530791.55,10061351.45,-43162613.88,-16143332.37,5112353.4,-3420879.07,-25485641.41,3431166.29,14133898.27,14124634.29,-37447115.18,-14700630.65,12583781.21,17888829.36,25657585.25,34798559.34,32635911.97,76147445.24,49990511.13,40412637.75,24087853.07,70197902.75,41619574.2,37211131.07,22924993.27,76789369.37,48367433.96,52369988.77,14424766.89,46984968.25,27367305.19,40032600.17,33575755.28,25711184.37
常用指标,营业总收入,2728799208.83,12466257345.59,3650029509.49,2665199140.2,3300263281.34,12238630835.76,3952965579.81,2769432791.27,1549080497.26,6076815033.89,4282931754.21,2916055978.97,1584065789.41,6113397039.24,4400552052.23,3097869805.68,1811534115.43,8870959344.12,6960079519.79,5278023964.86,2819897468.2,13362749019.06,9015044195.87,5433246574.58,2589694803.85,11500508445.74,7913711098.32,5214588733.98,2733518586.97,12225858439.92,2141754152.99,1448963194.36,877920176.71,2644725291.73,2086726355.01,1430020882.72,827729326.47,2502767055.25,1688120011.96,1217291135.23,741559668.24,2560409262.63,1907581950.27,1434099730.68,877468880.49,2673056511.43,568021464.47,465928278.08,289282315.87,757750728.85,555034355.72,447086938.71,343954032.51,857412607.41,581065381.79,424391168.35,352503619.13,970001012.39,630908823.81,490021168.61,367743353.02,1327332855.61,845415287.06,575561534.92,406563235.4,1094025851.03,772043457.87,608825979.63,445893411.64,972351814.9,638562152.64,494836257.48,339342862.2,982622648.48,668646578.92,494291632.73,324840034.01,1040334147.83,740092241.97,567527785.04,308374956.06,1038708183.73,513700060.85,390332169.12,262108953.11,663750608.77,483493440.95,349298849.48,228124636.62,521476014.74,350136766.64,257387231.41,162178153.29,432456695.56,285479509.06,218508507.0,138371162.4,464530579.36,259718785.09,306335807.84,152119562.42,227736357.03,109103470.37,172312665.57,151677533.08,150455589.51
常用指标,营业成本,2201528669.08,10437598196.96,2846708575.94,2027195039.01,2471656611.49,10616764262.36,3038643085.76,2086557287.61,1143794193.42,4861167162.13,3407030578.25,2177019567.51,1241732151.37,5025797079.97,3429905377.62,2467985320.37,1453369503.91,7170810243.57,5470935606.54,3988892971.29,2183879156.79,10642405378.39,6881134812.98,4024887064.92,1915592217.0,8796609330.04,5848065189.61,3869064560.22,2091854631.8,9539673265.82,2009939334.9,1337837027.35,799610694.55,2531174616.24,1944532791.8,1311502481.62,727183490.95,2121759111.72,1310744281.8,904368305.38,530267083.37,1972387877.27,1406139940.78,1031761689.77,632221647.12,2201453030.28,530831354.59,413630420.38,232319682.97,808754614.75,613627131.89,475813288.93,365698116.88,1046242840.92,701936246.05,507885313.81,370657351.04,1200155669.95,792939167.31,591491258.25,403357848.42,1318377538.73,862927257.02,641102758.35,435322294.6,2352828057.43,1971656987.23,1760430875.64,444228235.74,1283371281.65,880389691.16,659470761.88,401183458.91,969283168.03,712060372.66,511395207.73,315981332.09,1028850230.91,749395677.61,548427949.75,289607869.81,979578053.2,574254316.19,415682208.51,253727423.4,664126165.68,451421017.34,300839083.15,181824640.31,415542393.78,289599091.16,207087526.21,135307635.93,372441115.05,262174567.6,194608543.2,117903759.6,392046134.62,221950051.95,259804997.49,132887325.43,188437095.85,85457449.69,141057137.71,137078220.97,131282051.49
常用指标,净利润,1239913309.43,4724900041.3,804872381.33,574069702.19,1644372573.76,4762114412.23,886886903.42,712312361.81,410507424.77,1561903161.94,947669091.36,820589209.94,407408309.2,1479210755.27,1457421186.18,1051180941.15,458366174.96,2212146764.31,1912640577.23,1625424990.71,807057243.83,2728566153.46,2148989856.13,1493430536.77,703201189.06,2486029172.51,2101431528.44,1357963152.24,760540034.07,2373540168.82,136856223.82,118949078.21,96039227.41,108356900.36,102471335.86,85712022.62,76858889.46,285358809.65,285113402.61,243826148.67,172008998.81,447034159.84,397419371.31,313506021.95,201009578.99,389302232.81,164042859.36,146856795.53,106861253.15,691237717.95,76229669.91,59375132.82,29885634.41,-68793447.41,-76713865.83,-56247595.9,-3406257.37,-282780717.78,-197504600.73,-107894829.81,-35603441.52,28784546.91,-28060679.55,-72460760.69,-32261498.13,-1275606248.85,-1201349869.75,-1153176737.82,1285152.44,-332664404.37,-243782031.78,-165765359.1,-62581184.03,11592595.43,-44986944.76,-18102494.11,4834132.51,3041356.75,-16989144.72,11681145.67,12995699.57,38631622.27,-45401370.62,-21968235.66,7868336.73,11742833.74,22709886.59,33777802.31,32100727.45,74922607.83,50021562.57,40412637.75,24087853.07,71627981.59,42147214.19,37211131.07,24200758.44,80037940.14,49504426.06,53376851.42,14842661.02,49022522.32,27367305.19,40032600.17,33575755.28,25711184.37
常用指标,扣非净利润,1109062669.57,764979966.07,597467074.61,444800735.64,264872116.12,832156137.45,754698079.76,515003296.06,330418115.84,1257590256.82,707216524.12,581962408.88,298592535.81,977715350.67,1018902456.43,709427984.22,300747421.16,1206761567.63,938374664.8,751911216.13,358874579.67,1244667026.55,905262732.13,627184237.89,312966023.27,232204472.37,188590945.57,150904189.6,97671914.32,104256979.99,99059593.13,83706442.19,64640527.83,25866019.55,55451746.72,47349758.93,65418254.74,267122617.92,282849706.78,241476180.9,170107713.59,191006863.89,199601813.18,175276615.83,131176232.72,142584518.4,164586225.98,121160886.76,98135743.25,48221579.48,13751403.94,22100361.5,-751855.0,-119581284.43,-72231269.0,-52725703.87,-1646165.11,-269129629.54,-193307982.94,-104075269.05,-33424711.21,-220668118.93,-100419708.17,-70721847.31,-32185046.17,-1259026004.18,-1160723250.69,-1111786959.03,1114722.53,-310145658.03,-235002137.8,-157765070.7,-60235611.14,8037952.07,-41667649.86,-15324949.09,5643409.44,2830926.66,-33905951.12,-4932201.77,12080704.76,22035770.16,-53941936.01,-19236268.71,8923319.27,12679966.42,25984791.29,34934977.63,33303960.31,76680064.48,50173314.83,40557508.06,24348504.56,73592724.8,35486595.9,37559307.65,,64938521.67,43677373.71,51446007.3,14349000.0,46826986.35,,,,
常用指标,股东权益合计(净资产),56645105106.58,55382987101.24,30179545204.86,29940020716.73,30093435735.12,73264415175.8,29371906712.74,29282212299.55,29406337539.41,28982916793.39,28543484963.61,28801279739.53,28404344808.03,28003703443.47,26621603226.6,26326209065.64,25756065026.99,25432393788.79,26224315937.59,26005548367.08,34183946738.37,33368100020.61,32810986993.45,32036897240.97,31318996500.9,30693553249.14,3775297447.43,3717605741.01,3687659290.41,28780537496.01,2757388841.4,2739481695.79,2698207434.99,2932455657.9,2741314019.29,2732029136.42,2806051462.83,2635984031.47,2618665297.18,2577378043.24,2492030893.38,2320021894.57,1042935465.59,1004752926.67,961616675.28,1536966150.26,797029251.91,807561979.95,784035032.58,854183492.55,-682526735.02,-707280529.17,-736770027.58,-766655661.99,-774576080.41,-754109810.48,-701268471.95,-697862214.58,-612586097.53,-522976326.61,-450684938.32,-415081496.8,-471926723.26,-516326804.4,-476127541.84,-443866043.71,-369609664.61,-321436532.68,833025357.58,831740205.14,921122577.73,998639250.41,1101823425.48,1164404609.51,1108305492.21,1134744535.95,1175016755.66,1152812014.08,1102810708.7,1324767610.69,1324596920.84,1296335768.31,1217418117.56,1258037498.54,1287874070.92,1274129051.34,1288889054.05,1299956969.74,1298279890.95,1286802663.5,1284137310.07,1228678606.47,1215880064.35,1209777062.98,1182489967.25,1177192173.28,638000320.25,613799561.81,595469566.04,550415280.99,525404908.53,510562247.51,225648997.62,198281692.43,168752041.32,166166695.1
常用指标,商誉,,,546156824.44,546156824.44,546156824.44,546156824.44,546156824.44,546156824.44,546156824.44,546156824.44,546156824.44,546156824.44,546156824.44,546156824.44,546156824.44,546156824.44,546156824.44,546156824.44,546156824.44,546156824.44,546156824.44,546156824.44,546156824.44,546156824.44,546156824.44,546156824.44,,,,546156824.44,,,,,,,,,,,,,,,,,,,,,,,,,,,,,,,,,,,,,,,,,,,,,24157020.92,24157020.92,24157020.92,,,,,,,,,,,,,,,,,,,,,,,,,,,,,
常用指标,经营现金流量净额,795169499.77,3535781831.5,-38562854.47,460343870.55,996002741.29,6561188678.24,1486258597.68,993941814.98,240665836.35,89820669.29,-535558467.79,-910203729.61,-652670160.48,3648474298.16,2448804728.9,1993911107.66,685999937.4,-4863267802.58,-5165675504.57,-5089054588.54,-3996273488.59,1067150823.2,-2286591502.82,-5440340033.43,-4636562838.84,-2244042539.47,-2055449049.71,-6336721091.91,-6171863594.64,2665281252.84,390035486.73,432536168.65,643708363.85,456916952.77,-103576902.81,119273118.97,20688258.9,459995892.15,190682458.14,168055276.14,91880290.95,721422320.15,459796243.09,301060557.95,177377044.46,1286838543.42,15633843.52,-68318042.06,-86184516.48,342178511.5,350363252.33,85689500.57,53513678.19,56619089.68,59054525.06,46797806.34,23891564.06,34986208.35,-4291662.4,39702597.34,54590639.81,-30868566.57,-84909055.43,-30271655.57,-32519762.51,91560041.36,63565122.86,85763741.98,15567204.91,106286452.72,42015415.28,14694263.0,-4216239.41,256781111.45,121718504.57,88037294.14,66215368.17,221736662.26,108762872.07,83952277.82,80158167.75,225152366.06,69306437.88,12189262.15,100813429.52,-56738054.9,-36305301.28,-8443668.24,-28934406.67,63957333.73,-95393225.9,50672539.09,37522221.67,66815561.97,,19876347.1,,109303537.18,31719602.04,179834001.04,66820684.65,103649301.87,62986236.74,,,
常用指标,基本每股收益,0.0643,0.2541,0.1145,0.0852,0.0859,0.2558,0.1417,0.0984,0.0615,0.236,0.1331,0.1097,0.0558,0.186,0.1912,0.1328,0.0565,0.2429,0.176,0.1416,0.0672,0.2361,0.1763,0.1231,0.057,0.25,0.18,0.13,0.07,0.17,0.12,0.11,0.09,0.1,0.05,0.08,0.07,0.51,0.52,0.44,0.31,0.81,0.72,0.57,0.36,0.79,0.34,0.3,0.22,2.29,0.25,0.2,0.1,-0.22,-0.24,-0.18,-0.005,-0.92,-0.65,-0.35,-0.112,0.09,-0.08,-0.24,-0.108,-4.21,-3.877,-3.715,0.004,-1.0783,-0.79,-0.53,-0.2,0.0336,-0.14,-0.05,0.02,-0.0103,-0.07,0.01,0.04,0.04,,-0.04,,0.054,,0.1,,0.219,,0.18,,0.35,0.219,0.207,,0.44,0.2687,0.291,,0.32,,,,
常用指标,每股净资产,2.609168,2.543596,3.767691,3.734872,3.758516,3.71319,3.669097,3.624671,3.656709,3.592984,3.505892,3.539313,3.484818,3.429506,3.442642,3.379239,3.306062,3.261795,3.268651,3.237868,3.154311,3.085926,3.045675,2.964319,2.90383,2.851342,2.560717,2.49513,2.433403,2.392709,2.336897,2.321451,2.302018,2.365249,2.386349,2.377981,4.829807,4.709478,4.735082,4.659803,4.528913,4.218975,2.203443,2.124076,2.034451,1.763012,1.700524,1.721524,1.675297,1.47331,-2.234421,-2.315156,-2.410497,-2.51247,-2.533682,-2.468484,-2.297492,-2.292089,-2.020269,-1.721752,-1.479077,-1.367507,-1.543976,-1.696139,-1.6473,-1.539579,-1.206329,-1.043866,2.674677,2.670737,2.963962,3.221455,3.546928,3.749045,3.572931,3.661663,3.784584,3.729763,3.545477,3.643683,3.670499,3.633701,3.513921,3.630097,3.709476,3.672848,3.689405,3.715999,3.709707,3.674759,3.602554,3.574597,5.306044,5.195635,5.160331,5.137212,3.399666,3.272305,3.182203,2.932403,2.796062,2.715924,1.671474,1.468753,1.250015,1.230864
常用指标,每股现金流,0.04577,0.20352,-0.007163,0.085511,0.059184,0.434921,0.27608,0.18463,0.044705,0.016684,-0.099482,-0.169075,-0.121237,0.677724,0.454879,0.37038,0.127428,-0.903379,-0.959553,-0.94532,-0.74233,0.198229,-0.424747,-1.010573,-0.861267,-0.416843,0.024887,0.047741,-0.119231,0.534467,0.353846,0.392403,0.583982,0.376767,0.062468,0.032678,0.029733,0.859928,0.34598,0.304924,0.16671,1.308971,0.161805,0.024276,0.101598,0.0809,0.032341,-0.251357,-0.233145,0.545948,0.939816,0.286122,0.178685,0.189054,0.197186,0.15626,0.079775,0.116821,-0.01433,0.132569,0.182281,-0.103072,-0.283516,-0.101079,-0.108585,0.305724,0.212248,0.28637,0.051979,0.354897,0.140292,0.049065,-0.014078,0.857408,0.406426,0.287284,0.221097,0.747071,0.363166,0.244242,0.233204,0.655036,0.201633,0.035462,0.293296,-0.165068,-0.105623,-0.024565,-0.084178,0.186071,-0.277527,0.147421,0.163745,0.29158,,0.086739,,0.607241,0.17622,0.999077,0.371226,0.575829,0.466564,,,
常用指标,净资产收益率(ROE),2.5,6.85,3.06,2.29,2.36,7.2,3.9,2.73,1.7,6.72,3.84,3.15,1.61,5.48,5.7,4.0,1.72,7.56,5.54,4.48,2.16,7.94,6.95,4.23,2.08,8.47,7.09,4.49,2.5,5.13,4.73,4.13,3.54,3.95,2.09,2.99,3.0,11.46,11.45,9.96,7.14,25.21,22.73,19.02,8.63,28.41,22.15,15.78,11.53,-190.51,,,,0.0,,,,,,,,,,14.99,7.01,,,,,-33.59,,,,0.9,,-1.38,,-0.28,,0.27,,1.13,,-1.17,,1.48,,2.72,,6.11,,3.34,,8.01,,6.148,,14.1,8.816,10.139,,,,,,
常用指标,总资产报酬率(ROA),1.125453,4.225716,1.225792,0.887159,0.493054,4.393397,2.879825,2.326653,1.240994,5.042475,3.245481,2.56596,1.300665,5.347366,4.681399,3.363419,1.491024,4.661855,4.043067,3.300085,1.22835,4.591643,3.772855,2.599946,1.283426,4.449009,3.684353,2.784195,1.736375,3.594185,2.965424,2.329057,1.613495,2.978479,2.385566,1.845483,1.826092,8.558035,8.089733,6.621376,4.432039,13.405509,10.995607,8.978249,6.478372,9.435426,7.656863,5.884556,4.608458,39.455375,7.434579,7.098066,3.980286,2.218112,-0.006068,-0.480172,1.520077,-12.485599,-8.769478,-4.283588,-0.869461,7.650649,2.596249,-1.520828,-0.516664,-51.511392,-50.652041,-48.76647,0.84601,-8.14106,-6.212532,-4.246452,-1.46211,2.960818,0.40529,0.649776,0.802057,2.885051,1.256584,1.460405,0.900567,3.491744,-0.164447,0.151248,0.826266,1.601282,2.226443,2.60399,2.114477,5.333692,3.045222,2.588811,1.661802,4.644741,3.573594,3.070146,2.457465,7.609025,4.754288,6.737898,2.376555,7.325082,5.679852,10.269329,10.090315,8.286474
常用指标,毛利率,30.379105,31.213345,32.233145,33.762584,33.551809,27.168053,29.32089,32.429284,26.63014,27.245428,29.037256,34.156809,29.052862,27.874289,32.37661,29.09292,25.177783,14.934899,28.975563,18.238077,17.294371,11.999185,13.813848,16.1734,17.056289,11.793702,23.983128,23.686792,23.394807,13.482374,14.45086,15.487656,15.442508,9.185062,10.829894,10.584997,14.896104,22.020008,28.319713,31.513942,33.353362,31.563822,22.28945,26.138838,32.883015,14.181941,19.253029,16.508089,25.049578,3.504893,1.326592,6.563568,3.778017,-2.555683,0.319662,0.028846,4.054233,-9.364609,-10.017203,-7.057365,-0.910437,11.15442,9.222159,0.053381,0.19795,-2.813164,-2.159154,-0.017765,5.839613,-10.366683,-13.608481,-14.76788,-7.071467,15.729188,13.154711,15.190089,19.673605,16.352971,13.28966,15.926058,13.687148,18.935257,5.098843,9.063397,15.349059,13.234705,19.075663,24.338618,28.868019,32.60584,22.455529,23.658237,24.44325,27.212327,22.418236,24.047138,26.593737,28.481546,25.88818,31.893085,27.964277,33.532469,33.308384,33.874769,27.767022,28.16578
常用指标,销售净利率,45.438055,41.334708,25.911092,25.357518,26.934655,29.232552,26.620314,29.87147,32.942719,30.543906,26.241889,32.756585,30.410759,28.944704,39.164213,40.213901,30.418347,33.485717,31.014722,42.23261,38.278421,26.490623,31.386075,37.24684,35.908587,29.272623,12.073418,13.156456,14.436328,4.3988,6.389912,8.209254,10.939403,2.729953,3.161733,3.584368,8.316244,11.945087,16.889403,20.030224,23.19557,17.45948,42.178052,43.549282,44.671989,25.405732,28.879693,29.5132,36.5941,92.630948,12.482845,13.280444,8.688845,-8.023377,-13.202277,-13.253714,-0.966304,-29.15262,-31.304777,-22.018401,-9.6816,2.1686,-3.319159,-12.589576,-7.935173,-116.59745,-155.606508,-189.409909,0.288219,-34.212349,-38.176711,-33.499032,-18.441874,1.17976,-6.52822,-3.48209,1.625273,1.7222,-2.341357,2.109382,3.870237,3.741383,-8.901345,-5.67161,3.02954,1.784327,4.737622,9.760449,14.215743,14.485793,15.698473,17.244682,15.001001,16.711406,15.398869,17.17215,17.657314,17.35951,19.199008,17.636579,9.865684,21.755744,25.32808,23.524025,22.454251,17.394755
常用指标,期间费用率,10.584564,20.286814,21.061046,19.817895,17.51034,21.15799,18.782622,18.383691,17.078279,20.92548,22.588673,20.275079,20.994774,24.930587,23.129191,22.364185,20.263651,19.442553,14.244201,15.519755,15.939481,11.0686,10.355656,11.925331,10.62793,10.47841,7.961086,6.892157,5.253545,7.906369,7.087984,6.783691,5.494516,5.053351,4.208532,3.434238,2.56705,4.676277,4.754517,4.532792,3.911378,6.881298,15.224682,12.782775,8.995035,10.61948,10.826269,7.652625,6.289941,12.533363,13.538988,12.802418,9.71934,18.365448,19.738091,17.776009,8.857264,13.940777,14.854018,12.419953,8.170807,10.10543,10.675903,10.460436,6.945718,10.813113,10.90288,8.665162,6.05908,20.233078,22.941961,16.190962,10.827231,14.960351,16.560889,14.738693,16.28072,14.626586,15.147113,13.377026,10.690052,11.861764,17.209921,15.727604,12.411875,13.086816,12.288258,10.162382,8.236637,12.029471,12.457714,10.933347,7.679479,13.136643,13.616982,12.934172,11.650931,11.948323,10.276234,16.479074,15.137967,16.136454,11.062566,15.409507,18.424191,15.921193
常用指标,资产负债率,60.105764,60.272208,40.828479,39.469938,37.437469,37.721058,37.682261,36.542107,36.668563,36.755835,38.722622,37.403007,38.649555,39.353419,42.288209,42.982914,45.512634,46.255581,44.405422,43.263229,64.181807,63.495814,58.940027,59.637554,58.320406,61.41606,72.420571,70.547728,69.133834,66.650924,75.585807,73.421223,71.562114,63.142355,58.864673,57.789004,50.140118,51.221397,48.589577,50.084839,50.015833,56.237298,55.29283,55.184736,56.824936,62.071992,63.196842,46.683521,47.816863,69.667327,146.204704,155.011256,155.723529,155.593894,158.128908,159.697215,152.110247,149.239945,144.075578,138.057333,130.268041,126.863806,131.465771,135.174762,130.937748,126.240964,123.034182,119.041259,70.726063,70.921562,65.755806,64.054917,62.162072,61.812827,62.919242,61.458027,62.25964,62.85706,63.85465,63.864118,64.200987,62.077182,61.548383,59.211425,55.01834,54.570696,46.922154,43.921241,45.35276,45.886085,46.073005,44.578915,42.595014,42.831847,32.275703,35.249815,56.180207,58.123557,56.086013,56.89955,56.33749,54.440383,62.295165,64.320754,64.812105,61.901336
每股指标,基本每股收益,0.0643,0.2541,0.1145,0.0852,0.0859,0.2558,0.1417,0.0984,0.0615,0.236,0.1331,0.1097,0.0558,0.186,0.1912,0.1328,0.0565,0.2429,0.176,0.1416,0.0672,0.2361,0.1763,0.1231,0.057,0.25,0.18,0.13,0.07,0.17,0.12,0.11,0.09,0.1,0.05,0.08,0.07,0.51,0.52,0.44,0.31,0.81,0.72,0.57,0.36,0.79,0.34,0.3,0.22,2.29,0.25,0.2,0.1,-0.22,-0.24,-0.18,-0.005,-0.92,-0.65,-0.35,-0.112,0.09,-0.08,-0.24,-0.108,-4.21,-3.877,-3.715,0.004,-1.0783,-0.79,-0.53,-0.2,0.0336,-0.14,-0.05,0.02,-0.0103,-0.07,0.01,0.04,0.04,,-0.04,,0.054,,0.1,,0.219,,0.18,,0.35,0.219,0.207,,0.44,0.2687,0.291,,0.32,,,,
每股指标,稀释每股收益,0.0643,0.2541,0.1145,0.0852,0.0859,0.2558,0.1417,0.0984,0.0615,0.236,0.1331,0.1097,0.0558,0.186,0.1912,0.1328,0.0565,0.2429,0.176,0.1416,0.0672,0.2361,0.1763,0.1231,0.057,0.25,0.18,0.13,0.07,0.17,0.12,0.11,0.09,0.1,0.05,0.08,0.07,0.51,0.52,0.44,0.31,0.81,0.72,0.57,0.36,0.79,0.34,0.31,0.22,2.29,0.25,0.2,0.1,-0.22,-0.24,-0.18,-0.005,-0.92,-0.65,-0.35,-0.112,0.09,-0.08,-0.24,-0.108,-4.21,-3.877,-3.715,0.004,-1.0783,-0.79,-0.53,-0.2,0.0336,-0.14,-0.05,0.02,-0.0103,-0.07,0.01,0.04,,,,,,,,,,,,,,,,,,,,,,,,,
每股指标,摊薄每股收益_最新股数,0.064312,0.189554,0.035488,0.026412,0.015214,0.06009,0.043921,0.030504,0.019046,0.073122,0.04125,0.033997,0.017284,0.057517,0.059207,0.041097,0.017515,0.0746,0.054523,0.043877,0.020836,0.073151,0.05462,0.038156,0.018505,0.07677,0.011169,0.008922,0.005754,0.008001,0.007744,0.006764,0.005531,0.003896,0.003211,0.00268,0.003765,0.016271,0.016372,0.013984,0.009832,0.025634,0.012254,0.010046,0.007552,0.011174,0.009436,0.006906,0.00562,0.038466,0.003774,0.003401,0.001757,-0.003799,-0.004164,-0.00304,-9.3e-05,-0.015938,-0.011252,-0.006106,-0.001923,0.00159,-0.001451,-0.004074,-0.001856,-0.072579,-0.066834,-0.064033,6.7e-05,-0.018588,-0.013562,-0.009094,-0.003484,0.000579,-0.002407,-0.000877,0.000319,0.000507,-0.001466,0.000197,0.000728,0.000813,-0.002155,-0.000846,0.000724,0.001029,0.001476,0.002003,0.001878,0.004383,0.002877,0.002326,0.001386,0.00404,0.002477,0.002141,0.001319,0.00442,0.002784,0.003014,0.00083,0.002704,0.001575,0.002304,0.001932,0.001479
每股指标,摊薄每股净资产_期末股数,2.609168,2.543596,3.767691,3.734872,3.758516,3.71319,3.669097,3.624671,3.656709,3.592984,3.505892,3.539313,3.484818,3.429506,3.442642,3.379239,3.306062,3.261795,3.268651,3.237868,3.154311,3.085926,3.045675,2.964319,2.90383,2.851342,2.560717,2.49513,2.433403,2.392709,2.336897,2.321451,2.302018,2.365249,2.386349,2.377981,4.829807,4.709478,4.735082,4.659803,4.528913,4.218975,2.203443,2.124076,2.034451,1.763012,1.700524,1.721524,1.675297,1.47331,-2.234421,-2.315156,-2.410497,-2.51247,-2.533682,-2.468484,-2.297492,-2.292089,-2.020269,-1.721752,-1.479077,-1.367507,-1.543976,-1.696139,-1.6473,-1.539579,-1.206329,-1.043866,2.674677,2.670737,2.963962,3.221455,3.546928,3.749045,3.572931,3.661663,3.784584,3.729763,3.545477,3.643683,3.670499,3.633701,3.513921,3.630097,3.709476,3.672848,3.689405,3.715999,3.709707,3.674759,3.602554,3.574597,5.306044,5.195635,5.160331,5.137212,3.399666,3.272305,3.182203,2.932403,2.796062,2.715924,1.671474,1.468753,1.250015,1.230864
每股指标,调整每股净资产_期末股数,2.521089,2.456326,3.501135,3.479849,3.496201,3.474528,3.399224,3.386153,3.399694,3.354996,3.248979,3.305194,3.236243,3.199889,3.206027,3.168107,3.109767,3.054291,3.110757,3.075569,2.958669,2.860516,2.857017,2.753685,2.688959,2.63596,2.199517,2.130011,2.078349,2.034507,1.91934,1.914998,1.902955,2.031595,2.066474,2.055642,4.177875,4.065192,4.105312,4.025767,3.89388,3.592055,1.840847,1.758619,1.66604,1.396342,1.330812,1.35271,1.304216,1.099605,-3.007284,-3.092828,-3.19349,-3.300398,-3.326899,-3.266926,-3.101219,-3.101101,-2.834566,-2.541335,-2.303945,-2.197659,-2.37935,-2.536614,-2.493054,-2.390612,-2.086994,-1.930167,1.671301,1.661716,2.052774,2.304835,2.624034,2.819021,2.54833,2.629844,2.746729,3.707807,3.526614,3.627706,3.652475,3.613742,3.487593,3.603706,3.684083,3.651374,3.662227,3.695612,3.687591,3.656578,3.5826,3.556054,5.280971,5.169537,5.133196,5.109062,3.362525,3.233858,3.141145,2.886369,2.747271,2.665121,1.601177,1.394911,1.171885,1.146294
每股指标,每股净资产_最新股数,2.609168,2.543596,1.167496,1.157326,1.164652,1.150607,1.136944,1.123178,1.133106,1.113359,1.086372,1.096728,1.079842,1.062702,1.066773,1.047126,1.02445,1.010733,1.012858,1.003319,0.977427,0.956237,0.943764,0.918554,0.899811,0.883546,0.162469,0.158308,0.154392,0.15181,0.148269,0.147289,0.146056,0.150068,0.151406,0.150875,0.153218,0.149401,0.150213,0.147825,0.143673,0.13384,0.061308,0.0591,0.056606,0.049054,0.047315,0.0479,0.046613,0.040993,-0.038517,-0.039909,-0.041553,-0.04331,-0.043676,-0.042552,-0.039605,-0.039511,-0.034826,-0.02968,-0.025496,-0.023573,-0.026615,-0.029238,-0.028396,-0.026539,-0.020795,-0.017994,0.046107,0.046039,0.051093,0.055532,0.061143,0.064627,0.061591,0.063121,0.06524,0.064295,0.061118,0.072089,0.07262,0.071892,0.069522,0.07182,0.073391,0.072666,0.072994,0.07352,0.073396,0.072704,0.071276,0.070722,0.069986,0.068529,0.068064,0.067759,0.035223,0.033903,0.03297,0.030382,0.028969,0.028139,0.012988,0.011413,0.009713,0.009564
每股指标,每股经营现金流,0.04577,0.20352,-0.007163,0.085511,0.059184,0.434921,0.27608,0.18463,0.044705,0.016684,-0.099482,-0.169075,-0.121237,0.677724,0.454879,0.37038,0.127428,-0.903379,-0.959553,-0.94532,-0.74233,0.198229,-0.424747,-1.010573,-0.861267,-0.416843,0.024887,0.047741,-0.119231,0.534467,0.353846,0.392403,0.583982,0.376767,0.062468,0.032678,0.029733,0.859928,0.34598,0.304924,0.16671,1.308971,0.161805,0.024276,0.101598,0.0809,0.032341,-0.251357,-0.233145,0.545948,0.939816,0.286122,0.178685,0.189054,0.197186,0.15626,0.079775,0.116821,-0.01433,0.132569,0.182281,-0.103072,-0.283516,-0.101079,-0.108585,0.305724,0.212248,0.28637,0.051979,0.354897,0.140292,0.049065,-0.014078,0.857408,0.406426,0.287284,0.221097,0.747071,0.363166,0.244242,0.233204,0.655036,0.201633,0.035462,0.293296,-0.165068,-0.105623,-0.024565,-0.084178,0.186071,-0.277527,0.147421,0.163745,0.29158,,0.086739,,0.607241,0.17622,0.999077,0.371226,0.575829,0.466564,,,
每股指标,每股现金流量净额,0.001192,-0.116177,0.374171,0.157305,-0.036802,0.102906,0.085726,-0.019019,0.034229,-0.231204,-0.144743,-0.186549,-0.103608,0.152815,0.043361,0.118668,0.016703,-1.584286,-1.481057,-1.502676,-0.313493,-0.019098,-0.853569,-0.916578,-1.205208,-0.750977,0.44029,0.231957,0.055656,0.115532,0.614129,0.152883,0.258694,0.034075,0.269841,0.415772,0.050471,-0.532817,-0.514032,-0.395413,-0.441556,0.065251,0.040431,-0.026137,0.005774,-1.608496,-1.544584,-1.616918,-1.623299,1.638074,0.144668,0.177131,0.099321,-0.051999,0.055835,0.064995,0.054716,-0.024617,-0.077437,-0.051938,0.11536,-0.342912,-0.315249,-0.323601,-0.162833,0.227259,0.033325,0.210102,0.000815,-0.088041,-0.220617,-0.207261,-0.121594,0.10436,-0.013673,-0.087686,0.14618,-0.585902,-0.392527,-0.178725,-0.250801,0.200269,-0.054368,-0.066277,0.096184,0.483323,-0.040358,-0.232006,-0.215811,-0.318624,-0.486671,-0.528961,-0.866448,0.681917,,1.339705,,0.222412,-0.011527,-0.373799,0.208195,0.726134,0.370157,,,
每股指标,每股企业自由现金流量,,0.452101,,-1.852004,,0.571822,,0.121621,,0.318699,,0.337133,,-0.374342,,-0.247182,,-0.723539,,-1.29968,,-0.208172,,0.751432,,-0.899044,,-0.418277,,-1.542435,,-0.422332,,-0.1723,,-0.617738,,0.32084,,0.040405,,-0.348626,,0.197048,,0.31543,,-0.379716,,-0.748726,,0.438601,,0.517139,,0.374549,,0.316128,,0.176197,,1.983139,,0.011289,,-3.034585,,-3.019033,,0.101101,,,,0.734567,,0.191753,,2.896773,2.64758,0.335494,0.260092,-0.038251,0.13629,0.050565,-0.011134,-0.432822,-0.137896,-0.116196,-0.025657,-0.378825,-0.719947,-0.097405,0.121145,-1.621864,,-1.886828,,-0.945008,-0.255185,-0.134755,-0.449603,-0.624216,0.008779,,,
每股指标,每股股东自由现金流量,,0.698369,,-1.889224,,0.5259,,0.141196,,0.181075,,0.258818,,-1.082196,,-0.406282,,-0.447568,,-1.242518,,0.72319,,1.013978,,-1.091732,,0.800118,,-0.698091,,0.677234,,1.229673,,0.461044,,-0.122341,,-0.261663,,-1.554392,,0.263341,,-0.530163,,-1.729373,,-0.749695,,0.437036,,-0.084141,,0.90855,,-0.352196,,0.106077,,1.94925,,-0.121269,,-2.877091,,-2.798435,,0.128338,,,,0.281789,,0.062142,,2.923318,2.994342,0.741146,0.231499,0.727186,0.819976,0.464705,-0.046046,0.846484,0.409285,0.026591,0.015072,0.197158,-0.25549,0.123119,0.102816,-1.930173,,-2.462433,,-0.080813,0.035925,-0.173366,-0.078769,-0.902082,0.07789,,,
每股指标,每股未分配利润,1.065148,1.000835,1.447709,1.418509,1.45476,1.402274,1.367371,1.323406,1.350124,1.288657,1.189949,1.225423,1.172485,1.116707,1.206091,1.145489,1.070886,1.014361,0.97495,0.945002,0.842652,0.775351,0.728102,0.673288,0.619937,0.560216,0.408713,0.343126,0.282577,0.241883,0.228994,0.213548,0.194115,0.156936,0.182504,0.174136,0.422118,0.303434,0.306621,0.231342,0.100452,-0.209485,-1.280149,-1.359516,-1.44914,-1.720579,-1.783068,-1.905817,-1.952045,-2.154032,-5.480202,-5.501875,-5.597216,-5.69919,-5.720402,-5.655204,-5.484212,-5.478809,-5.206989,-4.908472,-4.665797,-4.554226,-4.730696,-4.882859,-4.83402,-4.726298,-4.393049,-4.230585,-0.512041,-0.515982,-0.224426,0.034736,0.360209,0.562325,0.373779,0.462511,0.581914,0.527093,0.407014,0.434369,0.461186,0.424387,0.318973,0.435149,0.514528,0.477918,0.506224,0.532818,0.526526,0.491579,0.464462,0.436597,0.695966,0.586616,0.622144,0.600308,0.676276,0.548914,0.57691,0.360336,0.286244,0.206106,0.20272,,,
每股指标,每股资本公积金,0.489809,0.489004,1.173295,1.173295,1.173295,1.173295,1.176835,1.176835,1.176835,1.176835,1.176942,1.176942,1.176942,1.176942,1.117371,1.116692,1.117371,1.117371,1.182459,1.182459,1.172793,1.172793,1.172787,1.172787,1.172787,1.172706,1.073705,1.073705,1.073705,1.073705,1.039191,1.039191,1.039191,1.139601,1.135133,1.135133,3.270266,3.268621,3.291039,3.291039,3.291039,3.291039,2.326912,2.326912,2.326912,2.326912,2.326912,2.474198,2.474198,2.474198,1.998593,1.939532,1.939532,1.939532,1.939532,1.939532,1.939532,1.939532,1.939532,1.939532,1.939532,1.939532,1.939532,1.939532,1.939532,1.939532,1.939532,1.939532,1.939532,1.939532,1.941201,1.939532,1.939532,1.939532,1.939532,1.939532,1.939532,1.939532,1.892783,1.986184,1.986184,1.986184,1.986178,1.986178,1.986178,1.986161,1.985294,1.985294,1.985294,1.985294,1.983344,1.983252,3.374878,3.374878,3.366219,3.364937,1.482594,1.482594,1.468053,1.421795,1.421795,1.421795,0.420014,0.420014,0.250015,0.230864
每股指标,每股盈余公积金,0.052591,0.052591,0.056357,0.056272,0.056272,0.056272,0.040455,0.040455,0.040455,0.040455,0.039526,0.039526,0.039526,0.039526,0.017379,0.017379,0.017379,0.017379,0.017379,0.017379,0.017379,0.017379,0.017304,0.017304,0.017304,0.017304,0.078298,0.078298,0.077119,0.077119,0.06871,0.06871,0.06871,0.06871,0.06871,0.06871,0.137421,0.137421,0.137421,0.137421,0.137421,0.137421,0.15668,0.15668,0.15668,0.15668,0.15668,0.153144,0.153144,0.153144,0.247187,0.247187,0.247187,0.247187,0.247187,0.247187,0.247187,0.247187,0.247187,0.247187,0.247187,0.247187,0.247187,0.247187,0.247187,0.247187,0.247187,0.247187,0.247187,0.247187,0.247187,0.247187,0.247187,0.247187,0.259619,0.259619,0.263138,0.263138,0.24568,0.223129,0.223129,0.223129,0.208769,0.208769,0.208769,0.208769,0.197886,0.197886,0.197886,0.197886,0.154747,0.154747,0.235198,0.23414,0.171966,0.171966,0.240796,0.240796,0.137238,0.150272,0.088022,0.088022,0.048738,0.048738,,
每股指标,每股留存收益,1.117739,1.053427,1.504066,1.474781,1.511032,1.458546,1.407827,1.363862,1.390579,1.329113,1.229476,1.264949,1.212012,1.156233,1.22347,1.162868,1.088266,1.031741,0.99233,0.962381,0.860031,0.79273,0.745407,0.690592,0.637242,0.57752,0.487011,0.421424,0.359697,0.319003,0.297705,0.282259,0.262826,0.225647,0.251215,0.242847,0.55954,0.440856,0.444043,0.368764,0.237874,-0.072063,-1.123468,-1.202835,-1.29246,-1.563899,-1.626387,-1.752673,-1.7989,-2.000888,-5.233015,-5.254688,-5.350029,-5.452002,-5.473214,-5.408016,-5.237024,-5.231621,-4.959801,-4.661284,-4.418609,-4.307039,-4.483508,-4.635671,-4.586832,-4.479111,-4.145861,-3.983398,-0.264854,-0.268794,0.022761,0.281923,0.607396,0.809513,0.633399,0.72213,0.845052,0.790231,0.652694,0.657498,0.684315,0.647516,0.527742,0.643919,0.723297,0.686687,0.70411,0.730704,0.724412,0.689465,0.61921,0.591345,0.931165,0.820756,0.794111,0.772275,0.917072,0.789711,0.714149,0.510608,0.374267,0.294129,0.251459,0.048738,,
每股指标,每股营业收入,0.15707,0.65796,0.577009,0.420532,0.243059,0.866033,0.618866,0.442951,0.231474,0.949885,0.670816,0.465338,0.248853,0.947091,0.690891,0.485061,0.27991,1.220801,1.145532,0.714925,0.391644,1.913304,1.271859,0.744796,0.36775,1.577561,1.981029,1.427028,0.843886,2.684294,1.943033,1.314522,0.796463,2.289932,1.598715,1.175206,1.425594,4.319863,3.062979,2.208692,1.345509,4.645688,1.041552,0.827379,0.606826,1.608926,1.175071,0.844435,0.548037,1.505555,1.777239,1.492852,1.148485,2.862956,1.940215,1.417069,1.177032,3.238896,2.106645,1.636212,1.227919,4.432051,2.822896,1.921837,1.357541,3.653023,2.577903,2.032909,1.488867,3.246746,2.1322,1.65229,1.133088,3.281041,2.232654,1.650472,1.084662,3.401255,2.422862,1.611087,0.865254,3.003997,1.483891,1.126879,0.755605,1.91464,1.394579,1.006816,0.656952,1.504733,0.927019,0.68179,0.700741,1.870466,1.234781,0.945645,0.761433,2.56145,1.432493,1.68138,0.835818,1.251841,0.800379,1.260574,1.107626,1.094888
每股指标,每股营业总收入,0.15707,0.717559,0.678013,0.495075,0.277558,1.067074,0.734285,0.514437,0.28775,1.128802,0.795578,0.541673,0.294249,1.135597,0.817427,0.575446,0.336502,1.644847,1.292873,0.980422,0.523811,2.482205,1.674594,1.009255,0.487693,2.136283,1.981029,1.427028,0.843886,2.684294,1.943033,1.314522,0.796463,2.289932,1.598715,1.175206,1.425594,4.319863,3.062979,2.208692,1.345509,4.645688,1.041552,0.827379,0.606826,1.608926,1.175071,0.844435,0.548037,1.505555,1.777239,1.492852,1.148485,2.862956,1.940215,1.417069,1.177032,3.238896,2.106645,1.636212,1.227919,4.432051,2.822896,1.921837,1.357541,3.653023,2.577903,2.032909,1.488867,3.246746,2.1322,1.65229,1.133088,3.281041,2.232654,1.650472,1.084662,3.421901,2.435621,1.620196,0.872318,3.021916,1.494508,1.135594,0.762554,1.931051,1.406628,1.016216,0.663683,1.517131,0.934283,0.687721,0.707737,1.887221,1.245819,0.953561,0.768728,2.580725,1.442882,1.701865,0.845108,1.265201,0.808173,1.27639,1.123537,1.114485
每股指标,每股息税前利润,0.091145,0.361185,0.237471,0.170598,0.094189,0.382173,0.24864,0.198744,0.106339,0.430945,0.279641,0.219732,0.111728,0.464374,0.406273,0.29203,0.130978,0.600584,0.520381,0.42066,0.213166,0.729074,0.55877,0.383763,0.184396,0.638883,0.409459,0.295953,0.179254,0.313674,0.265295,0.197934,0.131128,0.174098,0.130715,0.099516,0.182951,0.823214,0.762904,0.628627,0.413621,1.295034,0.514382,0.411574,0.295989,0.494771,0.399589,0.267473,0.208889,1.487234,0.35452,0.315782,0.179501,0.103552,-0.000278,-0.021488,0.07012,-0.617516,-0.429709,-0.208777,-0.044043,0.413415,0.138328,-0.080219,-0.027865,-3.914574,-3.775793,-3.703212,0.080593,-0.80321,-0.595257,-0.413141,-0.145514,0.3046,0.041287,0.065707,0.083373,0.314423,0.135535,0.150311,0.093135,0.320117,-0.014506,0.013161,0.069244,0.121019,0.155659,0.177881,0.146215,0.345992,0.197687,0.161872,0.152276,0.359613,0.250438,0.21998,0.199444,0.579721,0.347729,0.448762,0.153418,0.3411,0.242802,0.393774,0.342219,0.267713
盈利能力,净资产收益率(ROE),2.5,6.85,3.06,2.29,2.36,7.2,3.9,2.73,1.7,6.72,3.84,3.15,1.61,5.48,5.7,4.0,1.72,7.56,5.54,4.48,2.16,7.94,6.95,4.23,2.08,8.47,7.09,4.49,2.5,5.13,4.73,4.13,3.54,3.95,2.09,2.99,3.0,11.46,11.45,9.96,7.14,25.21,22.73,19.02,8.63,28.41,22.15,15.78,11.53,-190.51,,,,0.0,,,,,,,,,,14.99,7.01,,,,,-33.59,,,,0.9,,-1.38,,-0.28,,0.27,,1.13,,-1.17,,1.48,,2.72,,6.11,,3.34,,8.01,,6.148,,14.1,8.816,10.139,,,,,,
盈利能力,摊薄净资产收益率,2.464855,7.452232,3.039675,2.282242,1.306312,5.222501,3.863148,2.715871,1.680915,6.567767,3.797058,3.099892,1.600614,5.412405,5.550153,3.924808,1.709738,7.3808,5.383109,4.373187,2.131735,7.649974,5.787492,4.153965,2.056639,8.688949,6.87508,5.636416,3.727044,5.27067,5.223088,4.592486,3.787085,2.596687,2.121067,1.776638,2.457331,10.891227,10.899647,9.460222,6.843537,19.152717,19.988281,16.99862,13.342113,22.780831,19.943295,14.418316,12.056806,93.835667,,,,,,,,,,,,,,,,,,,0.15,-40.37,-26.54,-16.38,-5.7,0.9,-3.91,-1.39,0.49,0.789,-2.4,0.27,1.003,1.13,-3.1,-1.18,0.987,1.48,2.023,2.72,2.559,5.99,4.037,3.29,1.981,6.05,3.64,3.161,3.746281,13.58,8.444,9.922,2.87,9.61,12.13,20.19,19.9,15.47
盈利能力,净资产收益率_平均,2.496222,7.247545,1.841257,1.374032,0.789943,5.308425,3.903638,2.727794,1.695691,6.721701,3.839481,3.149228,1.613672,5.546308,5.698066,3.992945,1.720707,7.585291,5.5379,4.478262,2.155096,7.952228,5.978216,4.234662,2.075396,8.766946,7.108266,5.754523,3.758471,5.126124,5.018277,4.397201,3.610162,2.577731,2.115002,1.768438,2.464919,11.489559,11.527897,9.929918,7.086004,23.020621,22.207755,18.577586,14.295794,22.424911,19.272085,14.021455,11.561049,,,,,,,,,,,,,,,,,-744.425821,-529.506529,-456.656141,0.147432,-33.593288,-23.439624,-15.137775,-5.540487,0.900141,-3.83243,-1.380734,0.49487,0.743045,-2.20074,0.273759,1.005488,1.127457,-3.039042,-1.174014,0.994129,1.416624,2.027267,2.739624,2.571552,6.158594,4.084083,3.314609,1.986088,7.8892,4.859538,4.213676,3.817793,13.75109,8.789051,10.301963,2.907756,13.675353,12.911216,21.814125,20.05009,15.473127
盈利能力,净资产收益率_平均_扣除非经常损益,2.477808,1.683559,1.7843,1.331884,0.791608,4.231424,3.860858,2.650853,1.69323,6.654065,3.788968,3.102953,1.604609,5.426706,5.644234,3.9674,1.700631,7.062776,5.48607,4.417337,2.136551,7.788222,5.70314,4.006524,2.020275,1.526315,6.908054,5.601766,3.672086,3.844582,3.694834,3.13212,2.428446,0.984875,2.102075,1.798087,2.465181,10.856882,11.463218,9.869424,7.056534,9.873459,20.820516,18.656455,14.291937,16.469398,19.348266,14.158828,11.619833,,,,,,,,,,,,,,,,,-743.303748,-529.324063,-456.376587,0.139264,-32.26267,-23.378118,-15.114778,-5.513469,0.719117,-3.817885,-1.38729,0.502496,0.238767,-2.927853,-0.39352,0.96034,1.75894,-4.377689,-1.536237,0.704949,1.004132,2.053121,2.750364,2.624191,6.201671,4.099017,3.326491,2.00758,8.270727,4.006378,4.253103,,11.628894,7.9368,10.120202,2.892483,13.629371,,,,
盈利能力,摊薄净资产收益率_扣除非经常损益,2.446672,1.731106,2.945645,2.212236,1.309066,4.162933,3.820813,2.639266,1.678476,6.501681,3.747103,3.054342,1.591624,5.29569,5.497718,3.899699,1.68979,6.872371,5.332728,4.313692,2.113391,7.492201,5.521191,3.930175,2.002017,1.512735,6.681436,5.486794,3.641382,3.952991,3.845631,3.271222,2.547456,0.992118,2.108103,1.806425,2.457592,10.291498,10.838492,9.402589,6.815076,8.21453,18.739684,17.070785,13.338513,16.730794,20.022129,14.559577,12.118111,6.770908,,,,,,,,,,,,,,,,,,,0.14,-38.78,-26.47,-16.352478,-5.67,0.72,-3.89,-1.4,0.5,0.253,-3.193199,-0.4,0.957537,1.757,-4.466047,-1.54,0.699846,1.008,2.049045,2.67,2.61183,6.029,4.051828,3.3,2.002541,6.18,,3.190584,,11.03,7.625,9.747,,,,,,
盈利能力,息税前利润率,58.0285,50.335213,35.024564,34.459162,33.935141,35.815064,33.861568,38.633446,36.95532,38.177278,35.149425,40.565519,37.970739,40.892498,49.701545,50.748535,38.923494,36.51311,40.250022,42.906048,40.695226,29.372064,33.36753,38.024377,37.809865,29.906312,20.669035,20.739158,21.241534,11.685531,13.65367,15.057549,16.463905,7.602763,8.176281,8.467983,12.833362,19.056492,24.907264,28.461532,30.740904,27.876043,49.386152,49.744321,48.776588,30.751687,34.005546,31.674834,38.115882,98.783096,19.947816,21.152966,15.629439,3.616987,-0.014358,-1.516406,5.957367,-19.065627,-20.397797,-12.759791,-3.5868,9.327858,4.900217,-4.174091,-2.052664,-107.15985,-146.467583,-182.163137,5.413059,-24.738935,-27.917525,-25.004174,-12.842281,9.283666,1.849238,3.981158,7.686579,9.188548,5.564719,9.277349,10.67683,10.593186,-0.970635,1.159033,9.080612,6.267029,11.066172,17.50428,22.030914,22.805722,21.15926,23.537527,21.515973,19.055186,20.102282,23.0694,25.944663,22.463509,24.099618,26.368857,18.15369,26.960178,30.043319,30.850664,30.45912,24.021255
盈利能力,总资产报酬率,1.125453,4.225716,1.225792,0.887159,0.493054,4.393397,2.879825,2.326653,1.240994,5.042475,3.245481,2.56596,1.300665,5.347366,4.681399,3.363419,1.491024,4.661855,4.043067,3.300085,1.22835,4.591643,3.772855,2.599946,1.283426,4.449009,3.684353,2.784195,1.736375,3.594185,2.965424,2.329057,1.613495,2.978479,2.385566,1.845483,1.826092,8.558035,8.089733,6.621376,4.432039,13.405509,10.995607,8.978249,6.478372,9.435426,7.656863,5.884556,4.608458,39.455375,7.434579,7.098066,3.980286,2.218112,-0.006068,-0.480172,1.520077,-12.485599,-8.769478,-4.283588,-0.869461,7.650649,2.596249,-1.520828,-0.516664,-51.511392,-50.652041,-48.76647,0.84601,-8.14106,-6.212532,-4.246452,-1.46211,2.960818,0.40529,0.649776,0.802057,2.885051,1.256584,1.460405,0.900567,3.491744,-0.164447,0.151248,0.826266,1.601282,2.226443,2.60399,2.114477,5.333692,3.045222,2.588811,1.661802,4.644741,3.573594,3.070146,2.457465,7.609025,4.754288,6.737898,2.376555,7.325082,5.679852,10.269329,10.090315,8.286474
盈利能力,总资本回报率,1.334685,8.440197,4.162325,3.032053,1.666802,6.805369,4.448345,3.543295,1.884446,7.725681,4.988083,3.935745,1.98693,8.17155,6.909816,5.011286,2.210484,6.628214,5.759941,4.700308,1.688608,6.419034,5.372549,3.69275,1.857793,6.146589,5.259868,3.960368,2.672459,5.546137,4.2138,3.464084,2.451821,4.245635,3.188924,2.477111,2.555321,11.993826,10.930724,9.055931,6.052232,18.787923,13.628418,11.057271,8.181241,17.308106,13.967604,11.596445,9.129469,99.70542,26.700998,23.962838,14.038595,7.24032,-0.019364,-1.444227,4.426913,-24.981419,-16.446023,-7.493539,-1.352169,12.845301,4.479873,-2.835404,-0.925592,-78.907692,-74.131629,-70.824877,1.125491,-10.621978,-7.574979,-5.166246,-1.776884,3.57315,0.479873,0.762852,0.946807,3.47974,1.475222,1.738196,1.09371,4.06313,-0.190317,0.17427,0.938669,1.773997,2.516471,2.95299,2.432765,6.077661,3.502285,2.875712,1.874597,5.434556,4.197321,3.617666,3.015448,9.974597,6.429979,9.457852,3.285258,10.269478,7.900222,14.127504,13.466803,10.98394
盈利能力,投入资本回报率,1.130195,5.039499,1.869333,1.397042,0.803579,4.614463,3.402154,2.35755,1.39126,5.567649,3.535791,2.654155,1.390709,5.121514,4.592856,3.202639,1.401318,3.633361,2.61375,2.01396,0.717285,2.659032,2.079752,1.451984,0.739235,4.58271,3.890732,2.904411,1.903315,5.160133,3.712731,3.042757,2.165018,3.191107,2.30557,1.743437,1.942419,9.02917,8.465723,7.182795,4.954718,20.919239,13.658199,11.077311,8.191123,16.085913,13.164587,10.747529,8.54672,98.892744,26.485378,23.891254,14.20933,7.892306,0.99261,-0.676754,4.803867,-24.186849,-16.188906,-7.277389,-1.127688,12.569878,4.726196,-2.601348,-0.913433,-78.400721,-71.494493,-68.225197,1.120592,-10.283747,-7.22818,-4.842223,-1.693282,3.407491,0.551133,0.839498,0.827157,2.869964,0.886008,1.200779,0.963,2.342074,-0.086917,0.252556,0.886121,1.777695,1.914624,2.241904,1.802121,4.731568,2.956936,2.365867,1.409507,5.333237,3.733569,3.162617,2.2168,8.696909,5.606234,7.223297,2.347429,8.674774,7.031236,11.869315,12.306187,9.82612
盈利能力,息前税后总资产报酬率_平均,1.040164,3.940289,0.97035,0.700176,0.427694,3.660035,2.468939,1.944612,1.088785,4.26724,2.798383,2.229042,1.141945,4.37134,4.028395,2.868968,1.271182,3.859888,3.227945,2.67182,0.998177,3.607357,2.965659,2.067497,1.014135,3.595928,3.29334,2.485035,1.538207,3.299975,2.669972,2.090151,1.072083,2.2698,0.922488,1.303901,1.18334,6.474782,5.485579,5.268429,3.344198,10.527814,9.390755,8.978249,5.93321,9.435322,6.5027,5.884556,4.424465,39.455326,4.652374,7.098066,2.212753,2.218112,-5.57963,-0.480172,-0.246561,-12.485599,-13.458637,-4.283588,-2.346876,7.650649,-1.758567,-4.587008,-1.997315,-56.048015,-53.812503,-48.76647,0.045046,-8.211035,-8.495526,-5.689131,-2.099631,0.376258,-1.430765,0.649776,0.169589,2.64937,-0.525938,1.24297,0.323802,2.788234,-1.497378,-0.024025,0.273153,1.368032,0.945014,1.933471,1.350558,4.117812,2.241743,2.140398,1.14716,4.638752,2.713211,2.683967,1.656619,6.871234,4.23158,4.45234,1.277349,5.848615,4.742229,7.733465,7.333172,5.895054
盈利能力,毛利率,30.379105,31.213345,32.233145,33.762584,33.551809,27.168053,29.32089,32.429284,26.63014,27.245428,29.037256,34.156809,29.052862,27.874289,32.37661,29.09292,25.177783,14.934899,28.975563,18.238077,17.294371,11.999185,13.813848,16.1734,17.056289,11.793702,23.983128,23.686792,23.394807,13.482374,14.45086,15.487656,15.442508,9.185062,10.829894,10.584997,14.896104,22.020008,28.319713,31.513942,33.353362,31.563822,22.28945,26.138838,32.883015,14.181941,19.253029,16.508089,25.049578,3.504893,1.326592,6.563568,3.778017,-2.555683,0.319662,0.028846,4.054233,-9.364609,-10.017203,-7.057365,-0.910437,11.15442,9.222159,0.053381,0.19795,-2.813164,-2.159154,-0.017765,5.839613,-10.366683,-13.608481,-14.76788,-7.071467,15.729188,13.154711,15.190089,19.673605,16.352971,13.28966,15.926058,13.687148,18.935257,5.098843,9.063397,15.349059,13.234705,19.075663,24.338618,28.868019,32.60584,22.455529,23.658237,24.44325,27.212327,22.418236,24.047138,26.593737,28.481546,25.88818,31.893085,27.964277,33.532469,33.308384,33.874769,27.767022,28.16578
盈利能力,销售净利率,45.438055,41.334708,25.911092,25.357518,26.934655,29.232552,26.620314,29.87147,32.942719,30.543906,26.241889,32.756585,30.410759,28.944704,39.164213,40.213901,30.418347,33.485717,31.014722,42.23261,38.278421,26.490623,31.386075,37.24684,35.908587,29.272623,12.073418,13.156456,14.436328,4.3988,6.389912,8.209254,10.939403,2.729953,3.161733,3.584368,8.316244,11.945087,16.889403,20.030224,23.19557,17.45948,42.178052,43.549282,44.671989,25.405732,28.879693,29.5132,36.5941,92.630948,12.482845,13.280444,8.688845,-8.023377,-13.202277,-13.253714,-0.966304,-29.15262,-31.304777,-22.018401,-9.6816,2.1686,-3.319159,-12.589576,-7.935173,-116.59745,-155.606508,-189.409909,0.288219,-34.212349,-38.176711,-33.499032,-18.441874,1.17976,-6.52822,-3.48209,1.625273,1.7222,-2.341357,2.109382,3.870237,3.741383,-8.901345,-5.67161,3.02954,1.784327,4.737622,9.760449,14.215743,14.485793,15.698473,17.244682,15.001001,16.711406,15.398869,17.17215,17.657314,17.35951,19.199008,17.636579,9.865684,21.755744,25.32808,23.524025,22.454251,17.394755
盈利能力,成本费用利润率,62.134896,50.567887,38.825026,39.402217,38.199425,38.939021,36.16366,43.324074,42.651273,40.049994,34.189387,45.236277,39.035036,39.043505,52.193305,52.604128,39.246273,40.139426,47.113769,54.927529,49.143285,34.984661,42.246509,49.919579,49.619097,37.531644,16.988963,18.490231,20.597157,5.671591,8.366255,10.683706,14.048509,4.734518,5.781055,6.536847,12.93662,20.063744,29.393307,35.396027,40.54755,31.126235,45.38435,50.262354,58.692424,26.344589,31.537604,32.380657,45.044235,84.960441,11.124302,12.500554,8.201564,-6.635214,-11.055477,-11.256079,-0.922019,-23.642617,-25.069648,-18.428938,-8.875586,2.19159,-3.271598,-11.402873,-7.433573,-102.039895,-137.629318,-174.277518,0.287588,-26.033516,-27.957955,-25.579817,-15.642135,1.473097,-6.313182,-3.497879,2.782138,2.520891,-1.25787,3.589979,5.701679,6.33663,-7.022915,-4.048297,5.530601,2.709043,8.606175,16.673493,25.478987,24.838293,21.021972,24.471051,24.398255,19.477834,19.137653,22.610979,27.821082,23.427313,25.913441,27.912216,17.009465,30.365013,36.866033,34.975487,27.705512,22.758894
盈利能力,营业利润率,49.854226,41.218695,29.349687,28.810457,28.143487,28.46772,27.7272,32.003326,30.960726,31.525448,26.889438,33.314414,30.150077,31.685382,39.979187,41.386888,30.815698,31.437667,35.479988,38.832683,36.132472,26.380236,30.74969,35.103371,34.51108,27.187862,13.995202,15.100277,16.605398,3.288624,6.086273,7.411175,9.062758,3.009813,5.350728,6.118749,11.330417,15.945963,22.354792,25.70649,28.492998,22.965913,39.530801,43.734546,44.641405,21.658001,29.005025,29.682161,36.781504,6.50671,2.688739,4.943191,-0.408674,-14.375201,-13.175282,-13.223309,-0.974265,-28.34863,-30.958506,-21.606987,-9.684606,-0.249231,-3.2873,-12.578001,-7.916484,-115.769287,-155.554682,-189.29805,0.273556,-32.169538,-38.079889,-33.450523,-18.354888,1.504412,-6.492786,-3.460219,2.727096,2.417116,-1.5487,3.134941,5.490039,7.027728,-7.730647,-4.179918,5.455063,2.753777,8.054333,14.235755,19.974333,19.725149,18.858075,21.264402,20.268153,17.115142,17.419409,20.090734,23.463995,20.490458,22.127291,23.225321,14.680713,24.93825,28.363919,28.323353,24.761348,19.620971
盈利能力,总资产净利率_平均,0.79412,2.21771,0.591164,0.443264,0.257012,2.229285,1.641704,1.152427,0.717321,2.761176,1.544983,1.281211,0.649334,2.137439,2.201677,1.52753,0.643465,1.868721,1.367069,1.110838,0.387472,1.486762,1.190174,0.834236,0.41567,1.725274,1.584125,1.323038,0.878521,1.445032,1.364344,1.254484,1.072711,1.050744,0.923746,0.783472,1.184622,5.332253,5.472732,4.643267,3.321045,8.364489,9.414784,7.876391,5.941035,7.659166,6.498551,5.460855,4.456186,36.676576,4.592337,4.435167,2.261161,-4.720585,-5.262496,-3.941642,-0.117125,-18.694194,-13.321534,-7.268236,-2.202532,1.707453,-1.580417,-4.481147,-1.997286,-55.403016,-52.010622,-48.916477,0.041364,-10.929353,-8.211102,-5.422797,-2.030839,0.326559,-1.370967,-0.503631,0.178526,0.269918,-0.788967,0.096986,0.355821,0.448228,-1.23504,-0.491471,0.436852,0.688625,1.067675,1.482037,1.373074,3.415113,2.240351,1.880324,1.14716,3.956669,2.680354,2.266351,1.569289,5.599358,3.673881,4.368354,1.241385,5.605525,4.742229,7.733465,7.333172,5.895054
盈利能力,总资产净利率_平均(含少数股东损益),0.881263,3.181888,0.771747,0.554538,0.3427,2.910324,1.908114,1.548987,0.889897,3.394821,2.043038,1.780011,0.880994,3.156697,3.117853,2.246596,0.969256,3.173139,2.760349,2.368657,0.863872,3.192069,2.695334,1.879437,0.919116,3.215804,2.152144,1.766231,1.180088,1.352963,1.387817,1.269783,1.072083,1.069494,0.922488,0.781165,1.18334,5.364391,5.485579,4.659891,3.344198,8.396214,9.390755,7.860119,5.93321,7.795147,6.5027,5.482967,4.424465,36.998119,4.652374,4.456371,2.212753,-4.920324,-5.57963,-4.196809,-0.246561,-19.091317,-13.458637,-7.391795,-2.346876,1.778672,-1.758567,-4.587008,-1.997315,-56.048015,-53.812503,-50.706487,0.045046,-11.258561,-8.495526,-5.689131,-2.099631,0.376258,-1.430765,-0.568322,0.169589,0.537479,-0.525938,0.330184,0.323802,1.225928,-1.497378,-0.734441,0.273153,0.452037,0.945014,1.438564,1.350558,3.360181,2.241743,1.880324,1.14716,4.037275,2.713211,2.266351,1.656619,5.836238,3.760244,4.45234,1.277349,5.848615,4.742229,7.733465,7.333172,5.895054
成长能力,归母净利润,1117304846.56,3293158248.3,616539116.9,458876424.91,1114023118.23,3315512899.38,763060349.04,529951316.82,330898360.8,1270373073.72,716644916.54,590641359.43,300279012.98,1001422054.22,1029268275.59,714765120.58,304297876.74,1307433297.0,947239985.86,762281598.12,361989588.44,1270877595.66,948925805.49,662897033.53,308402412.29,1333750925.45,1121631024.65,692314237.92,382044636.84,893228543.57,134541485.22,117515918.51,96095528.39,107148843.46,102547355.1,85849165.58,76929682.47,283654999.17,284445650.77,242956313.41,170818122.12,445345078.08,396358342.68,312503564.99,200559255.19,384018896.34,163938191.67,146370955.67,107556282.41,685378854.43,75372282.97,59092617.85,30539432.0,-66000793.17,-72353619.91,-52827725.39,-1618100.24,-276898530.58,-195492633.36,-106091288.22,-33413657.33,27632002.83,-25218021.12,-70788467.99,-32261026.82,-1237025627.26,-1161123370.36,-1112467987.02,1180105.99,-322937079.23,-235620410.33,-158005111.58,-60530791.55,10061351.45,-43162613.88,-16143332.37,5112353.4,-3420879.07,-25485641.41,3431166.29,14133898.27,14124634.29,-37447115.18,-14700630.65,12583781.21,17888829.36,25657585.25,34798559.34,32635911.97,76147445.24,49990511.13,40412637.75,24087853.07,70197902.75,41619574.2,37211131.07,22924993.27,76789369.37,48367433.96,52369988.77,14424766.89,46984968.25,27367305.19,40032600.17,33575755.28,25711184.37
成长能力,营业总收入,2728799208.83,12466257345.59,3650029509.49,2665199140.2,3300263281.34,12238630835.76,3952965579.81,2769432791.27,1549080497.26,6076815033.89,4282931754.21,2916055978.97,1584065789.41,6113397039.24,4400552052.23,3097869805.68,1811534115.43,8870959344.12,6960079519.79,5278023964.86,2819897468.2,13362749019.06,9015044195.87,5433246574.58,2589694803.85,11500508445.74,7913711098.32,5214588733.98,2733518586.97,12225858439.92,2141754152.99,1448963194.36,877920176.71,2644725291.73,2086726355.01,1430020882.72,827729326.47,2502767055.25,1688120011.96,1217291135.23,741559668.24,2560409262.63,1907581950.27,1434099730.68,877468880.49,2673056511.43,568021464.47,465928278.08,289282315.87,757750728.85,555034355.72,447086938.71,343954032.51,857412607.41,581065381.79,424391168.35,352503619.13,970001012.39,630908823.81,490021168.61,367743353.02,1327332855.61,845415287.06,575561534.92,406563235.4,1094025851.03,772043457.87,608825979.63,445893411.64,972351814.9,638562152.64,494836257.48,339342862.2,982622648.48,668646578.92,494291632.73,324840034.01,1040334147.83,740092241.97,567527785.04,308374956.06,1038708183.73,513700060.85,390332169.12,262108953.11,663750608.77,483493440.95,349298849.48,228124636.62,521476014.74,350136766.64,257387231.41,162178153.29,432456695.56,285479509.06,218508507.0,138371162.4,464530579.36,259718785.09,306335807.84,152119562.42,227736357.03,109103470.37,172312665.57,151677533.08,150455589.51
成长能力,净利润,1239913309.43,4724900041.3,804872381.33,574069702.19,1644372573.76,4762114412.23,886886903.42,712312361.81,410507424.77,1561903161.94,947669091.36,820589209.94,407408309.2,1479210755.27,1457421186.18,1051180941.15,458366174.96,2212146764.31,1912640577.23,1625424990.71,807057243.83,2728566153.46,2148989856.13,1493430536.77,703201189.06,2486029172.51,2101431528.44,1357963152.24,760540034.07,2373540168.82,136856223.82,118949078.21,96039227.41,108356900.36,102471335.86,85712022.62,76858889.46,285358809.65,285113402.61,243826148.67,172008998.81,447034159.84,397419371.31,313506021.95,201009578.99,389302232.81,164042859.36,146856795.53,106861253.15,691237717.95,76229669.91,59375132.82,29885634.41,-68793447.41,-76713865.83,-56247595.9,-3406257.37,-282780717.78,-197504600.73,-107894829.81,-35603441.52,28784546.91,-28060679.55,-72460760.69,-32261498.13,-1275606248.85,-1201349869.75,-1153176737.82,1285152.44,-332664404.37,-243782031.78,-165765359.1,-62581184.03,11592595.43,-44986944.76,-18102494.11,4834132.51,3041356.75,-16989144.72,11681145.67,12995699.57,38631622.27,-45401370.62,-21968235.66,7868336.73,11742833.74,22709886.59,33777802.31,32100727.45,74922607.83,50021562.57,40412637.75,24087853.07,71627981.59,42147214.19,37211131.07,24200758.44,80037940.14,49504426.06,53376851.42,14842661.02,49022522.32,27367305.19,40032600.17,33575755.28,25711184.37
成长能力,扣非净利润,1109062669.57,764979966.07,597467074.61,444800735.64,264872116.12,832156137.45,754698079.76,515003296.06,330418115.84,1257590256.82,707216524.12,581962408.88,298592535.81,977715350.67,1018902456.43,709427984.22,300747421.16,1206761567.63,938374664.8,751911216.13,358874579.67,1244667026.55,905262732.13,627184237.89,312966023.27,232204472.37,188590945.57,150904189.6,97671914.32,104256979.99,99059593.13,83706442.19,64640527.83,25866019.55,55451746.72,47349758.93,65418254.74,267122617.92,282849706.78,241476180.9,170107713.59,191006863.89,199601813.18,175276615.83,131176232.72,142584518.4,164586225.98,121160886.76,98135743.25,48221579.48,13751403.94,22100361.5,-751855.0,-119581284.43,-72231269.0,-52725703.87,-1646165.11,-269129629.54,-193307982.94,-104075269.05,-33424711.21,-220668118.93,-100419708.17,-70721847.31,-32185046.17,-1259026004.18,-1160723250.69,-1111786959.03,1114722.53,-310145658.03,-235002137.8,-157765070.7,-60235611.14,8037952.07,-41667649.86,-15324949.09,5643409.44,2830926.66,-33905951.12,-4932201.77,12080704.76,22035770.16,-53941936.01,-19236268.71,8923319.27,12679966.42,25984791.29,34934977.63,33303960.31,76680064.48,50173314.83,40557508.06,24348504.56,73592724.8,35486595.9,37559307.65,,64938521.67,43677373.71,51446007.3,14349000.0,46826986.35,,,,
成长能力,营业总收入增长率,-17.315711,1.859901,-7.663513,-3.763718,-3.541882,-5.468417,-7.704212,-5.028133,-2.208575,-0.59839,-2.672853,-5.868995,-12.556668,-31.085277,-36.774399,-41.306257,-35.758865,-33.734442,-22.794837,-2.856903,8.889181,16.19268,13.916771,4.193194,-3.953249,-5.932916,1.955498,8.558687,5.954283,11.876486,2.637039,1.324617,6.063679,0.853621,4.389579,6.416482,5.952008,-7.013508,-11.504718,-15.118097,-15.488778,-4.214173,-11.362689,-14.160747,1.40113,2.638449,2.339874,-8.699127,-22.97875,-15.119613,-8.399888,5.347842,-2.425389,-11.607039,-7.90026,-13.393298,-4.144122,-26.921042,-25.37291,-14.862071,-9.548301,21.325547,9.503587,-5.463703,-8.820533,12.513375,20.903416,23.035846,31.399083,-1.045246,-4.499301,0.110182,4.464606,-5.5474,-9.653615,-12.904417,5.339304,-1.338198,41.995729,42.673888,14.394253,56.490731,6.247575,11.747338,14.897258,27.283056,38.087023,35.70947,40.662988,20.584562,12.490303,8.182164,17.205167,-6.904579,,-15.867268,,51.640966,70.733323,34.513352,39.426877,32.164606,,13.604607,0.812162,
成长能力,归属母公司净利润增长率,0.294583,-0.674244,-19.201788,-13.411588,-20.122025,-17.82255,6.476768,-10.275278,10.196965,26.856909,-30.37336,-17.365671,-1.3207,-23.57058,8.591307,-6.334376,-15.937395,1.979901,-0.177655,14.992458,17.375731,-4.714023,-15.397685,-4.249111,-15.846247,49.317992,44.235643,31.91341,4.031498,29.735153,31.199371,36.8865,24.91346,-76.133135,-80.385443,-80.832358,-61.707042,-36.523609,-28.23523,-22.254866,-14.8291,15.969573,29.866611,19.241998,21.993462,-71.673385,117.504612,103.046266,219.715429,1112.5426,190.64284,211.859099,1987.363418,76.164267,62.989081,50.205406,95.157368,-1102.093595,-675.210046,-49.870863,-3.572826,102.233745,97.828135,93.636808,-2833.739773,-290.455813,-392.794053,-604.070884,101.949596,-3309.678946,-445.89004,-878.763912,-1284.010314,394.115963,-64.117482,-544.528689,-60.677796,-37.627648,31.94231,123.340265,0.515531,-21.042154,-245.949491,-142.24494,-61.441919,-76.507643,-48.675089,-13.891888,35.48701,8.475384,20.11298,8.603626,5.072454,-8.583826,,-23.065732,,46.628577,235.308253,11.461156,-47.291971,17.366766,,19.230676,30.588131,
收益质量,经营活动净现金/销售收入,0.291399,0.309319,-0.012414,0.20334,0.243496,0.502199,0.446107,0.416818,0.193131,0.017564,-0.148301,-0.363338,-0.487181,0.715584,0.658394,0.763574,0.455247,-0.739988,-0.837648,-1.322263,-1.895417,0.103605,-0.333957,-1.356845,-2.341989,-0.264232,0.012562,0.033455,-0.141288,0.199109,0.18211,0.298514,0.733219,0.164531,0.039074,0.027806,0.020857,0.199063,0.112955,0.138056,0.123901,0.28176,0.15535,0.029342,0.167426,0.050282,0.027523,-0.297662,-0.425417,0.362622,0.528806,0.191661,0.155583,0.066034,0.101631,0.11027,0.067776,0.036068,-0.006802,0.081022,0.148447,-0.023256,-0.100434,-0.052594,-0.079986,0.08369,0.082333,0.140867,0.034912,0.109308,0.065796,0.029695,-0.012424,0.261322,0.182037,0.174061,0.203839,0.219645,0.149891,0.151601,0.269521,0.218054,0.135881,0.031469,0.388161,-0.086213,-0.075738,-0.024398,-0.128135,0.123657,-0.299376,0.216227,0.233674,0.155886,,0.091725,,0.237069,0.123016,0.5942,0.444146,0.459986,0.582929,,,
收益质量,经营性现金净流量/营业总收入,0.291399,0.283628,-0.010565,0.172724,0.21323,0.407583,0.375985,0.358897,0.15536,0.01478,-0.125044,-0.312135,-0.412022,0.596799,0.556476,0.643639,0.378684,-0.549217,-0.742186,-0.964196,-1.417169,0.07986,-0.253641,-1.001305,-1.766003,-0.195125,0.012562,0.033455,-0.141288,0.199109,0.18211,0.298514,0.733219,0.164531,0.039074,0.027806,0.020857,0.199063,0.112955,0.138056,0.123901,0.28176,0.15535,0.029342,0.167426,0.050282,0.027523,-0.297662,-0.425417,0.362622,0.528806,0.191661,0.155583,0.066034,0.101631,0.11027,0.067776,0.036068,-0.006802,0.081022,0.148447,-0.023256,-0.100434,-0.052594,-0.079986,0.08369,0.082333,0.140867,0.034912,0.109308,0.065796,0.029695,-0.012424,0.261322,0.182037,0.174061,0.203839,0.21832,0.149106,0.150748,0.267338,0.216761,0.134916,0.031227,0.384624,-0.08548,-0.075089,-0.024173,-0.126835,0.122646,-0.297048,0.214362,0.231364,0.154502,,0.090963,,0.235298,0.12213,0.587048,0.439264,0.455128,0.577307,,,
收益质量,成本费用率,80.205458,89.073469,88.8279,86.05531,83.958531,93.989937,89.461731,85.954406,90.448138,93.680052,93.551416,86.11827,91.941912,97.056297,90.75258,93.271265,95.085868,104.507653,85.268638,97.281678,98.645109,99.069415,96.541807,95.751931,93.57164,98.684707,83.977958,83.205364,81.858737,94.423995,92.637123,91.296035,90.052008,95.868288,93.378638,92.849241,87.670945,82.656269,76.434803,73.018849,70.558016,75.317476,92.935232,86.643937,76.112019,96.437539,91.573239,91.144535,81.240363,109.028469,112.212395,106.238849,105.941323,120.921132,119.418428,117.747162,104.803031,123.305387,124.871222,119.477318,109.081245,98.95101,101.453743,110.407055,106.747768,113.626278,113.062034,108.682927,100.219466,130.599762,136.550443,130.958843,117.898698,99.231162,103.406177,99.548604,96.607114,98.273615,101.857453,97.450968,97.002903,92.926506,112.111077,106.664207,97.062816,99.852111,93.212595,85.823763,79.368617,79.423631,90.002184,87.275109,83.236228,85.924315,91.198745,88.887034,85.057193,83.466776,84.388054,84.585988,87.173689,82.603985,77.754181,81.534737,90.657168,87.755413
收益质量,期间费用率,10.584564,20.286814,21.061046,19.817895,17.51034,21.15799,18.782622,18.383691,17.078279,20.92548,22.588673,20.275079,20.994774,24.930587,23.129191,22.364185,20.263651,19.442553,14.244201,15.519755,15.939481,11.0686,10.355656,11.925331,10.62793,10.47841,7.961086,6.892157,5.253545,7.906369,7.087984,6.783691,5.494516,5.053351,4.208532,3.434238,2.56705,4.676277,4.754517,4.532792,3.911378,6.881298,15.224682,12.782775,8.995035,10.61948,10.826269,7.652625,6.289941,12.533363,13.538988,12.802418,9.71934,18.365448,19.738091,17.776009,8.857264,13.940777,14.854018,12.419953,8.170807,10.10543,10.675903,10.460436,6.945718,10.813113,10.90288,8.665162,6.05908,20.233078,22.941961,16.190962,10.827231,14.960351,16.560889,14.738693,16.28072,14.626586,15.147113,13.377026,10.690052,11.861764,17.209921,15.727604,12.411875,13.086816,12.288258,10.162382,8.236637,12.029471,12.457714,10.933347,7.679479,13.136643,13.616982,12.934172,11.650931,11.948323,10.276234,16.479074,15.137967,16.136454,11.062566,15.409507,18.424191,15.921193
收益质量,销售成本率,69.620894,68.786654,67.766854,66.237415,66.44819,72.831946,70.679109,67.570715,73.369859,72.754571,70.962743,65.84319,70.947137,72.12571,67.623389,70.907079,74.822216,85.0651,71.024436,81.761922,82.705628,88.000814,86.186151,83.826599,82.94371,88.206297,76.016871,76.313207,76.605192,86.517625,85.549139,84.512343,84.557491,90.814937,89.170105,89.415002,85.103895,77.979991,71.680286,68.486057,66.646637,68.436177,77.710549,73.861161,67.116984,85.818058,80.74697,83.49191,74.950421,96.495106,98.673407,93.436431,96.221982,102.555683,99.680337,99.971153,95.945766,109.364609,110.017203,107.057365,100.910437,88.845579,90.77784,99.946618,99.802049,102.813164,102.159154,100.017765,94.160386,110.366683,113.608481,114.76788,107.071467,84.270811,86.845288,84.80991,80.326394,83.647028,86.710339,84.073941,86.312851,81.064742,94.901156,90.936602,84.65094,86.765294,80.924336,75.661381,71.13198,67.394159,77.54447,76.341762,75.556749,72.787672,77.581763,75.952861,73.406262,71.518453,74.111819,68.106914,72.035722,66.46753,66.691615,66.12523,72.232977,71.834219
收益质量,经营活动净现金/归属母公司的净利润,0.711685,1.073675,-0.062547,1.003197,1.205428,2.242773,1.94776,1.875534,0.72731,0.070704,-0.747313,-1.541042,-2.173545,3.651162,2.380669,2.792608,2.254369,-3.752406,-5.453396,-6.676082,-11.039747,0.839695,-2.409663,-8.206915,-14.421437,-1.682504,0.141362,0.339471,-1.314658,4.238045,2.898997,3.68066,6.698629,6.13446,1.234166,0.77348,0.250528,1.676535,0.670365,0.691709,0.537883,1.619917,0.36738,0.067237,0.374297,0.201431,0.095364,-1.012659,-1.154255,0.394901,4.29165,1.450088,1.752281,,,,,,,,,-1.11713,,,,,,,13.191361,,,,,25.521532,,,11.914038,25.396146,,24.467563,6.337288,15.940403,,,8.011378,-3.171703,-1.414992,-0.242644,-0.886581,0.839914,-1.908226,1.253878,1.557723,0.951817,,0.53415,,1.42342,0.655804,3.433913,4.632358,2.206009,2.301514,,,
收益质量,所得税/利润总额,8.824062,8.23191,24.868066,25.216048,16.017313,20.126936,17.718254,19.784342,14.605909,18.590516,17.954755,15.915397,15.265721,23.617021,17.317114,18.038763,18.488064,20.174739,22.797614,20.963662,21.038702,23.568055,23.046077,22.076046,22.659811,20.965959,15.375119,14.48442,14.378183,17.861463,17.552264,15.835325,13.529102,39.854312,41.430633,40.943738,26.675225,27.971968,24.82478,22.500963,18.923669,25.525264,,,,0.001341,0.001082,,,0.000129,2e-06,2e-06,,,,,,,,,,,,,,,,,,,,,,19.292432,,,39.530184,30.48276,,39.705573,30.02385,36.4619,,,43.564623,34.03684,40.94242,31.791945,29.702708,26.570459,17.028124,19.255643,26.133234,0.148119,11.771019,13.347365,25.382691,11.222822,12.204403,25.299829,33.464849,24.165887,25.609605,21.915379,10.601496,12.904994
财务风险,流动比率,0.906548,0.823538,3.440101,3.004521,2.750605,2.675624,3.639267,3.667458,3.773274,3.693914,3.1898,3.20934,3.335785,3.226647,3.314974,2.798594,1.995744,2.082342,2.630228,2.608417,1.095761,1.153132,1.083066,1.051878,1.137614,1.119744,1.002721,0.739716,0.724208,0.659423,0.697718,0.553469,0.546169,0.4687,0.920915,0.967188,0.944934,0.781216,0.941991,0.901989,0.874736,0.796683,0.320114,0.301887,0.300753,0.287454,0.32443,0.420915,0.415525,0.736126,0.086231,0.124061,0.15092,0.184454,0.157407,0.127915,0.173792,0.206981,0.192738,0.169251,0.231384,0.259453,0.35469,0.332467,0.363269,0.427077,0.369957,0.364993,0.341797,0.421913,0.277038,0.338421,0.44662,0.54973,0.51321,0.490437,0.612725,0.432119,0.392322,1.051993,1.037675,1.090874,0.996184,1.12548,1.219319,1.239231,1.189685,1.30871,1.232782,1.151572,1.784163,1.363434,1.136361,1.747568,4.299259,3.620969,0.969771,1.09626,0.888715,0.772059,1.128869,1.025424,0.886145,0.793826,0.842444,0.894682
财务风险,速动比率,0.750656,0.658341,3.424682,2.991107,2.739995,2.663097,3.605403,3.63541,3.741408,3.672505,3.152312,3.18387,3.317488,3.210331,3.293481,2.78647,1.989372,2.057256,2.590945,2.542138,1.086644,1.149041,1.065064,1.036456,1.121404,1.108421,0.979272,0.720365,0.704427,0.633037,0.662544,0.527206,0.516354,0.427906,0.860736,0.928326,0.901988,0.671411,0.853598,0.86152,0.830327,0.744889,0.299104,0.292992,0.290459,0.223643,0.286271,0.387161,0.394822,0.674997,0.070729,0.11676,0.142905,0.119302,0.120258,0.105408,0.147561,0.106462,0.147719,0.152768,0.211032,0.163387,0.282611,0.287479,0.345347,0.361664,0.323478,0.349644,0.323519,0.323161,0.236042,0.301956,0.390839,0.513445,0.440093,0.418676,0.564897,0.364051,0.337612,0.693158,0.720303,0.704917,0.623617,0.776509,0.869782,0.82935,0.776715,0.972849,0.912238,0.829268,1.170236,1.223289,1.074507,1.662472,3.986887,3.450131,0.888787,1.01403,0.68405,0.533461,0.901244,0.825017,0.654793,0.531175,0.489863,0.542195
财务风险,保守速动比率,0.575859,0.549209,3.082906,2.736363,2.520246,2.423227,3.105949,3.140069,3.385807,3.323996,2.819856,2.923696,2.91778,2.860556,2.797745,2.415224,1.60734,1.636618,2.029603,1.878395,0.612481,0.599446,0.544372,0.524659,0.519256,0.564756,0.662326,0.494005,0.483262,0.438314,0.528229,0.409109,0.409381,0.309287,0.744738,0.833827,0.494962,0.494292,0.727343,0.751144,0.725125,0.671635,0.27777,0.272247,0.270016,0.206506,0.221735,0.314663,0.299737,0.646937,0.06322,0.109013,0.128596,0.095177,0.083947,0.081432,0.123624,0.082187,0.097223,0.124281,0.174621,0.114832,0.20238,0.216088,0.280315,0.278603,0.218543,0.249924,0.283801,0.237361,0.162719,0.192539,0.254103,0.358506,0.255596,0.254756,0.364889,0.240456,0.20027,0.265002,0.2631,0.359894,0.421858,0.48689,0.713015,0.693141,0.589242,0.737355,0.740973,0.670478,0.802612,1.139167,0.969774,1.563742,3.683397,3.329084,0.82192,0.926128,0.620057,0.487178,0.800416,0.701042,0.470184,0.360357,0.37834,0.352159
财务风险,资产负债率,60.105764,60.272208,40.828479,39.469938,37.437469,37.721058,37.682261,36.542107,36.668563,36.755835,38.722622,37.403007,38.649555,39.353419,42.288209,42.982914,45.512634,46.255581,44.405422,43.263229,64.181807,63.495814,58.940027,59.637554,58.320406,61.41606,72.420571,70.547728,69.133834,66.650924,75.585807,73.421223,71.562114,63.142355,58.864673,57.789004,50.140118,51.221397,48.589577,50.084839,50.015833,56.237298,55.29283,55.184736,56.824936,62.071992,63.196842,46.683521,47.816863,69.667327,146.204704,155.011256,155.723529,155.593894,158.128908,159.697215,152.110247,149.239945,144.075578,138.057333,130.268041,126.863806,131.465771,135.174762,130.937748,126.240964,123.034182,119.041259,70.726063,70.921562,65.755806,64.054917,62.162072,61.812827,62.919242,61.458027,62.25964,62.85706,63.85465,63.864118,64.200987,62.077182,61.548383,59.211425,55.01834,54.570696,46.922154,43.921241,45.35276,45.886085,46.073005,44.578915,42.595014,42.831847,32.275703,35.249815,56.180207,58.123557,56.086013,56.89955,56.33749,54.440383,62.295165,64.320754,64.812105,61.901336
财务风险,权益乘数,3.14338,3.268029,3.114626,3.099801,3.073558,2.381222,2.377795,2.366999,2.363921,2.434361,2.485128,2.458008,2.485118,2.594837,2.588056,2.613986,2.674126,4.05908,4.050927,4.031426,5.561927,5.348687,5.022976,5.076095,4.992894,5.081479,4.487185,4.349476,4.278178,3.54741,3.67816,3.505185,3.365455,2.453243,2.289591,2.257179,2.080763,2.154728,2.106424,2.138562,2.133666,2.752184,2.358817,2.358641,2.406279,2.927852,2.965597,2.567629,2.594381,,,,,,,,,,,,,,,,,13.436557,10.180738,9.335425,3.564279,3.073675,2.854625,2.791506,2.728175,2.756442,2.795419,2.741555,2.771971,2.752845,2.789393,2.822644,2.825825,2.515362,2.460683,2.388777,2.275665,2.057176,1.898767,1.848552,1.872842,1.803335,1.822965,1.762785,1.731308,1.993898,1.81302,1.859233,2.432816,2.455833,2.392306,2.358316,2.342347,2.43962,2.722604,2.820743,2.734163,2.624764
财务风险,权益乘数(含少数股权的净资产),2.506627,2.517129,1.690002,1.652071,1.5984,1.605679,1.604679,1.575848,1.578994,1.581173,1.631923,1.59752,1.62998,1.648897,1.732748,1.75386,1.835287,1.860658,1.798736,1.762525,2.791877,2.739411,2.435461,2.47755,2.399255,2.591751,3.62589,3.395323,3.239793,2.998583,4.095978,3.7624,3.516435,2.713141,2.431,2.36905,2.00562,2.050079,1.94513,2.003399,2.000633,2.28505,2.236777,2.231382,2.316151,2.636574,2.717158,1.875592,1.916327,3.296775,,,,,,,,,,,,,,,,,,,3.416007,3.438974,2.920203,2.782021,2.64285,2.61868,2.696816,2.594573,2.649683,2.692301,2.766607,2.767332,2.793373,2.636934,2.60067,2.451666,2.223128,2.201222,1.884025,1.783206,1.829918,1.847953,1.854358,1.804367,1.742008,1.749225,1.476574,1.544397,2.282073,2.387977,2.277178,2.320161,2.290294,2.194926,2.652179,2.802749,2.841886,2.624764
财务风险,产权比率,188.273054,190.139708,102.666724,97.098706,88.999867,90.259768,89.91662,86.414187,86.49019,87.083209,95.568527,90.320767,95.383503,98.455332,105.254064,109.094289,120.87779,124.597077,119.036712,113.763507,360.71798,349.373701,287.25603,296.626293,280.333843,318.284197,351.218071,323.776244,307.932338,273.216571,331.41111,295.737373,267.585864,180.927185,149.133539,142.694507,106.008492,104.623121,94.838593,100.698988,99.902234,128.217159,121.100762,120.49855,128.694581,159.499823,166.495057,84.969748,88.714397,221.583837,,,,,,,,,,,,,,,,,,,251.252299,253.623034,199.258457,184.456669,170.405093,167.868523,175.749725,165.002043,171.021746,175.476595,183.481057,186.941705,188.286009,169.205462,161.338741,146.362949,123.54401,121.792105,89.848879,79.71103,84.499279,86.386107,88.59926,80.436744,74.200898,74.922567,47.657495,54.439713,133.667269,144.638072,132.773332,137.664273,134.698751,124.795684,165.217975,180.274986,184.188645,162.476402
财务风险,现金比率,0.244284,0.235949,2.600596,2.258149,2.077343,2.021038,2.557805,2.560362,2.790303,2.80537,2.340124,2.460741,2.466155,2.495497,2.367075,2.084337,1.360615,1.415744,1.750655,1.639969,0.5626,0.551037,0.483919,0.468323,0.496087,0.525213,0.342951,0.224678,0.195815,0.185349,0.306558,0.169236,0.19666,0.13967,0.452528,0.54008,0.209711,0.211562,0.301938,0.345812,0.31927,0.391514,0.082177,0.041721,0.056946,0.049354,0.08638,0.037818,0.031362,0.605757,0.026998,0.035675,0.021388,0.004471,0.02278,0.025878,0.023788,0.013664,0.004902,0.010537,0.043945,0.020814,0.035088,0.035258,0.077577,0.109641,0.064072,0.105845,0.057466,0.061946,0.030692,0.033808,0.063304,0.098964,0.071648,0.049704,0.130125,0.056589,0.06629,0.151415,0.125824,0.211643,0.303364,0.333717,0.485795,0.479018,0.329381,0.260597,0.248239,0.404569,0.359099,0.464195,0.332127,1.039352,2.072148,2.556826,0.270759,0.475084,0.253936,0.226277,0.551037,0.438344,0.335155,0.101198,0.176981,0.124421
营运能力,应收账款周转率,0.515394,2.276231,0.679603,0.479223,0.284505,1.227113,0.881888,0.632324,0.331478,1.606965,1.06283,0.777532,0.424635,1.832616,1.263867,0.92792,0.524108,2.628541,2.404132,1.655935,0.886691,5.180117,3.400962,2.047524,1.591171,6.374136,2.731624,1.998922,1.265238,4.733535,3.343339,2.26382,1.463716,6.351114,4.847736,3.540756,2.049661,6.973266,4.653165,3.361841,2.010028,8.071887,3.718072,2.843644,2.025527,7.660531,6.308863,4.383863,2.908435,7.158048,5.457976,4.377222,2.928311,6.588875,5.76853,4.577332,2.531711,8.241336,5.310167,3.439435,2.34123,8.689907,4.835287,3.387988,2.234859,6.014099,4.45648,3.490242,2.047795,5.374677,4.652648,3.250325,2.064184,5.623756,4.561746,3.406211,2.015985,6.783615,6.064115,4.313344,2.340839,7.86135,4.179887,3.012991,1.848955,5.385605,4.307516,2.664942,1.530856,4.265192,2.442201,1.770592,1.167062,3.472206,2.356816,1.797045,1.073447,4.586359,2.864113,3.509984,1.807094,3.404403,3.467103,4.546481,4.988445,4.909501
营运能力,应收账款周转天数,174.62363,158.156131,397.290232,375.607807,316.338245,293.371398,306.161088,284.663896,271.511093,224.024748,254.038522,231.501445,211.946333,196.440469,213.630008,193.982131,171.720117,136.958092,112.306636,108.699896,101.500898,69.496498,79.38928,87.911045,56.562099,56.478239,98.842284,90.048532,71.132837,76.053093,80.757589,79.51161,61.487311,56.682962,55.696099,50.836599,43.909685,51.625731,58.025019,53.542091,44.775494,44.599232,72.618274,63.299051,44.432869,46.994129,42.796929,41.059674,30.944474,50.293039,49.468879,41.121965,30.734434,54.637551,46.805683,39.324209,35.549075,43.682237,50.845854,52.334169,38.441316,41.427369,55.839495,53.128876,40.270989,59.859334,60.58593,51.572349,43.94969,66.980768,58.031465,55.379067,43.600756,64.014147,59.187859,52.844638,44.643181,53.069048,44.524216,41.730953,38.447751,45.79366,64.595044,59.741284,48.67613,66.844848,62.681136,67.54368,58.790602,84.404162,110.555998,101.660893,77.116682,103.680456,114.561317,100.164392,83.841978,78.493635,62.846663,102.564569,99.607415,105.745386,51.91654,79.182105,72.166764,73.327199
营运能力,存货周转率,0.720004,3.218689,1.854429,1.325894,0.777346,24.962531,11.913425,8.753403,5.083583,27.289584,11.7807,10.149875,7.092395,16.946751,10.809982,8.96451,5.839749,22.173839,14.616048,7.365414,5.353765,26.775219,9.776933,6.028998,3.047264,21.285159,23.38687,17.206494,10.852913,28.991351,16.31508,12.957284,7.296765,17.747068,13.621663,11.156553,6.18356,17.276939,15.436024,14.484894,8.291762,16.244796,11.605787,10.182673,6.572179,10.043207,8.172114,7.019539,4.37253,7.095748,7.159359,6.440466,5.038055,6.044095,4.836085,4.017289,3.104818,6.697548,6.46687,6.275859,4.280513,10.586191,9.566787,9.081794,8.165901,12.200876,9.891781,9.880247,6.687038,15.472576,20.710388,17.1133,8.655976,15.115854,8.582836,6.543271,4.553083,3.36152,2.587371,1.094939,0.630038,2.316621,1.411014,1.130477,0.78552,2.656582,2.284102,2.01122,1.199587,4.304641,2.224186,6.629795,6.209944,13.781789,8.357736,6.444936,4.499211,5.776503,2.376019,2.531948,1.4444,2.466639,1.459842,2.185211,2.185214,2.278561
营运能力,存货周转天数,124.99917,111.846772,145.597328,135.757386,115.778543,14.421614,22.663507,20.563429,17.704045,13.191846,22.91884,17.734207,12.689647,21.243009,24.976912,20.079177,15.411621,16.235347,18.472845,24.438544,16.810597,13.445267,27.616019,29.855705,29.534688,16.913192,11.544939,10.461166,8.292703,12.417496,16.549105,13.891799,12.334233,20.285039,19.821367,16.134014,14.55472,20.837023,17.49155,12.426738,10.854145,22.160941,23.264254,17.677086,13.694086,35.845122,33.039184,25.642706,20.583047,50.734603,37.712871,27.948285,17.864034,59.562263,55.830273,44.806334,28.987197,53.751012,41.751261,28.681329,21.025514,34.006564,28.22264,19.819871,11.02144,29.506077,27.295387,18.218166,13.458871,23.266971,13.036935,10.518134,10.39744,23.816052,31.458131,27.509176,19.766822,107.094378,104.353009,164.392654,142.848435,155.398714,191.351669,159.22469,114.573676,135.51243,118.208366,89.497874,75.025805,83.630662,121.392718,27.150159,14.492883,26.121426,32.305399,27.9289,20.003504,62.321439,75.756938,142.182985,124.619184,145.94754,123.300945,164.743775,164.743521,157.994431
营运能力,总资产周转率,0.019394,0.083951,0.034998,0.025745,0.014529,0.122668,0.085047,0.060223,0.03358,0.13208,0.092333,0.063254,0.034254,0.130766,0.09419,0.066276,0.038306,0.127676,0.100448,0.076914,0.030184,0.156326,0.113069,0.068375,0.033944,0.148764,0.178254,0.134248,0.081744,0.307575,0.217188,0.154677,0.098001,0.391762,0.291766,0.217936,0.142292,0.449087,0.324794,0.232642,0.144174,0.480897,0.222645,0.180487,0.132817,0.306826,0.225165,0.18578,0.120906,0.399414,0.372701,0.335558,0.254665,0.613248,0.422626,0.316651,0.255159,0.654874,0.429922,0.335709,0.242405,0.820193,0.529823,0.364349,0.251704,0.480696,0.345824,0.267707,0.15629,0.329078,0.222531,0.169829,0.113851,0.318927,0.219166,0.163212,0.104345,0.313983,0.225812,0.157416,0.084347,0.329621,0.169422,0.130495,0.090992,0.255509,0.201193,0.148763,0.095977,0.233875,0.143919,0.109986,0.077235,0.243752,0.17777,0.133083,0.094719,0.338728,0.197276,0.255524,0.130913,0.2717,0.189055,0.332872,0.331274,0.344964
营运能力,总资产周转天数,4640.409508,4288.190689,7714.706863,6991.584769,6194.365488,2934.727151,3174.713981,2988.85052,2680.090671,2725.609448,2924.171453,2845.637527,2627.399294,2752.999812,2866.539814,2715.907534,2349.468605,2819.632436,2687.935812,2340.269217,2981.699237,2302.866617,2387.908214,2632.510742,2651.408605,2419.925641,1514.686085,1340.799587,1100.993338,1170.443711,1243.158037,1163.714821,918.348929,918.923541,925.397128,825.928123,632.499386,801.62523,831.295749,773.717701,624.245636,748.600844,1212.689822,997.296631,677.622832,1173.302278,1199.11985,968.887008,744.376681,901.319901,724.440459,536.418487,353.404086,587.037621,638.862165,568.448114,352.720871,549.723375,628.019734,536.177178,371.278104,438.920798,509.603856,494.030823,357.562779,748.912899,780.743412,672.375182,575.850512,1093.962704,1213.310638,1059.885079,790.504718,1128.78224,1231.942001,1102.853496,862.521736,1146.557622,1195.681085,1143.464926,1067.010819,1092.161085,1593.64446,1379.355514,989.093756,1408.952107,1341.991087,1209.977871,937.717267,1539.282518,1876.053226,1636.563482,1165.263235,1476.910536,1518.811527,1352.538902,950.173774,1062.798765,912.42483,1408.864948,1374.958306,1324.990397,952.101814,1081.496024,1086.713682,1043.586424
营运能力,流动资产周转率,0.19215,0.508957,0.110492,0.082866,0.047861,0.220113,0.152461,0.109684,0.061486,0.241677,0.166287,0.116215,0.062301,0.240753,0.175948,0.123386,0.071539,0.217555,0.167978,0.128957,0.051065,0.258613,0.197818,0.11978,0.058759,0.266791,0.916634,0.721378,0.470542,1.822638,1.121241,0.899801,0.540455,2.202318,1.55745,1.073969,0.641137,2.218973,1.668643,1.18743,0.732,2.206727,2.151807,1.838568,1.268642,1.220344,0.869012,0.656676,0.426918,1.116307,2.146433,1.642724,1.149321,2.486552,1.825763,1.487169,1.084547,2.607262,1.820856,1.545202,1.0056,2.92669,1.842329,1.326919,0.885361,2.261002,1.747586,1.36772,1.063188,2.018244,1.681333,1.212676,0.741125,1.992708,1.503053,1.191647,0.668936,1.203064,0.90162,0.454098,0.241985,0.95283,0.50944,0.384286,0.27623,0.964792,0.899924,0.720434,0.4599,1.072328,0.608708,0.609198,0.422263,1.121947,0.800255,0.480691,0.489404,1.569259,0.870733,0.928521,0.402783,0.884232,0.647204,1.238756,1.247675,1.27206
营运能力,流动资产周转天数,468.381879,707.328106,2443.60823,2172.177126,1880.416641,1635.520508,1770.933122,1641.070851,1463.746725,1489.590255,1623.69462,1548.850108,1444.58725,1495.304503,1534.536662,1458.82978,1258.053749,1654.74734,1607.34772,1395.812335,1762.430658,1392.03699,1364.886195,1502.746674,1531.674765,1349.368554,294.555743,249.522202,191.268613,197.515811,240.804594,200.044144,166.526151,163.464123,173.360209,167.602531,140.375491,162.23719,161.808045,151.587856,122.950687,163.137492,125.475902,97.902232,70.941976,294.998582,310.697591,274.107532,210.813298,322.49181,125.790082,109.574096,78.307051,144.778762,147.883365,121.035262,82.983883,138.075843,148.281842,116.489575,89.498739,123.005845,146.553598,135.652563,101.653419,159.221413,154.498803,131.60586,84.650992,178.372868,160.58686,148.43198,121.43692,180.658601,179.634353,151.051318,134.541876,299.235914,299.460775,396.38934,371.923246,377.82155,529.993692,468.400195,325.815069,373.137169,300.025223,249.849358,195.694484,335.717924,443.562413,295.470223,213.137305,320.870641,337.392237,374.460762,183.897092,229.407578,206.722286,387.713008,446.890367,407.132704,278.119004,290.614013,288.536474,283.005449
营运能力,应付账款周转率,0.78311,4.374677,0.078721,-0.370656,-0.832342,2.437379,1.77666,1.193617,0.643566,2.43566,1.667585,1.132974,0.610052,2.156123,1.348952,0.931959,0.536477,3.295836,2.483144,2.113285,1.13348,5.405026,3.605617,2.245454,1.064257,5.81571,1.452421,0.922296,,2.317489,,1.025124,0.690437,3.187917,2.813451,1.977181,1.076386,3.777873,2.801734,1.632712,1.021906,3.1266,1.704181,1.222544,0.707759,2.284726,1.759354,1.326917,0.636113,3.934698,2.823584,1.873066,1.173117,4.656352,4.567842,2.556652,1.526244,9.552509,8.006122,4.897503,2.527233,12.601801,8.548599,6.304078,3.98591,10.939419,11.012726,5.653913,4.956003,13.741282,10.763247,6.899154,5.042186,10.858972,6.56594,5.767741,2.74375,8.939947,5.567356,8.165184,3.534985,20.744163,10.999571,5.861807,3.445852,15.608343,11.553478,7.044801,3.875607,14.629773,14.044859,5.563899,3.405827,10.342522,6.589747,4.089016,2.569836,5.676202,2.90925,4.703936,3.250091,5.699458,3.495082,5.486499,6.54555,10.327458
