选项,指标,20251231,20250930,20250630,20250331,20241231,20240930,20240630,20240331,20231231,20230930,20230630,20230331,20221231,20220930,20220630,20220331,20211231,20210930,20210630,20210331,20201231,20200930,20200630,20200331,20191231,20190930,20190630,20190331,20181231,20180930,20180630,20180331,20171231,20170930,20170630,20170331,20161231,20160930,20160630,20160331,20151231,20150930,20150630,20150331,20141231,20140930,20140630,20140331,20131231,20130930,20130630,20130331,20121231,20111231,20101231,20091231
常用指标,归母净利润,129347677.86,149377689.27,-2051330.71,4394691.37,144252973.71,147830135.62,21032959.06,10701671.6,138062085.45,151646410.8,12250045.69,-4136309.72,-57385619.31,-25561444.03,-71673542.04,-34573947.98,-51617378.1,-26709715.48,-68754434.28,-39197227.81,-55785352.56,-39701220.7,-57758538.59,-29454440.24,75259381.62,82139151.69,-23485347.89,-25115737.2,67629928.01,77060557.74,-41861417.34,-31916954.7,70792421.35,72908639.49,-37814916.29,-28090382.77,71112221.5,90137345.93,-4364979.07,-11940195.59,100555891.58,115882076.7,-3518088.09,-7516674.64,79694861.31,93774391.6,-6855857.26,-7612772.24,62256781.63,76755690.47,-13052722.59,-11619900.0,73895683.74,64973186.97,26319400.0,55633200.0
常用指标,营业总收入,787783942.81,636249664.15,235476588.15,128827088.45,743324928.33,594689079.59,254413152.62,127892929.08,620428998.32,497437781.46,167669665.34,69609047.88,194654641.18,160789204.61,27587129.63,20748304.5,192538900.15,158307299.38,48851598.21,10306054.43,147596718.85,98500324.08,24630476.2,13860851.84,467196177.44,385484119.28,128969644.34,49277171.74,464141015.84,383953314.97,109383060.84,43010769.16,388577954.49,316803935.79,76256523.11,25794557.26,306887768.22,270794115.77,64648143.36,21057643.16,318529754.87,289612772.94,63540317.24,22930203.07,292899915.4,262606438.91,51084935.05,14504220.6,233153568.93,205973326.89,43241727.13,,250018249.93,215031717.21,115779700.0,135684300.0
常用指标,营业成本,612610911.56,436284854.79,235750265.65,120934227.96,530911655.07,387664356.98,218618124.74,110864258.63,440177587.76,300012711.79,155155015.36,73905534.94,271049818.14,188061708.8,100115762.12,54978264.95,267763228.61,190498187.2,118885805.64,50140838.43,222025174.49,143998628.27,85165743.6,45339517.85,366123452.04,277817034.05,152376074.51,74351340.81,371559283.34,281228017.85,151425340.41,75012639.3,295033025.24,219036941.56,115393947.52,54328071.49,202844006.48,152012038.46,70009575.65,32998990.9,183243728.7,134771053.35,67938597.99,30546907.93,187041747.57,138916543.15,61413768.8,22675792.84,152574024.96,106661684.98,58053625.83,,153462587.8,130385357.0,86534400.0,74580400.0
常用指标,净利润,125007108.81,146863795.24,-2658874.0,4402863.31,144252973.71,147829462.34,21032959.06,10701671.6,138062085.45,151646410.8,12250045.69,-4136309.72,-57385619.31,-25561444.03,-71673542.04,-34573947.98,-51617378.1,-26709715.48,-68754434.28,-39197227.81,-55785352.56,-39701220.7,-57758538.59,-29454440.24,75259381.62,82139151.69,-23485347.89,-25115737.2,67629928.01,77060557.74,-41861417.34,-31916954.7,70792421.35,72908639.49,-37814916.29,-28090382.77,71112221.5,90137345.93,-4364979.07,-11940195.59,100555891.58,115882076.7,-3518088.09,-7516674.64,79694861.31,93774391.6,-6855857.26,-7612772.24,62256781.63,76755690.47,-13052722.59,-11619900.0,73895683.74,64973186.97,26319400.0,55633200.0
常用指标,扣非净利润,128372878.08,149721071.8,-2226231.33,4397421.87,152159915.41,155520248.79,27091369.09,11610805.4,138010984.9,150072967.2,11368206.19,-4442329.76,-59895176.9,-27801317.87,-72332898.45,-34254816.96,-62060818.29,-31053264.47,-69944801.23,-39854320.13,-60894076.14,-43913335.29,-59774792.2,-30462712.46,73466786.57,81270052.91,-23475569.08,-25080537.0,66774224.9,76859849.69,-42079114.93,-31929442.72,68115523.73,71956490.81,-38736675.61,-28422731.36,70524964.65,88527811.19,-5112318.98,-11941059.7,99377781.0,115807054.02,-3593110.75,-6205567.17,78079498.92,92687498.33,,-8171572.24,59777876.39,76279890.07,,,71750310.65,59074276.33,25774800.0,52146600.0
常用指标,股东权益合计(净资产),1510630724.31,1302443410.33,1148147547.24,1170381156.93,1162029741.61,1167506142.11,1041332673.88,1050930413.28,1039143682.13,1056486776.42,917726158.8,901782442.75,906203602.32,941396410.38,894966713.06,931502936.58,965630437.19,990933422.73,948787334.38,978203680.92,1017030992.89,1034245468.89,1026824271.9,1053919409.32,1082042962.83,1088841021.67,982562057.98,986600760.29,1011067018.83,1020591711.21,903221888.5,919505897.86,950247082.54,953221320.28,864447969.12,873841119.83,901191537.83,922558252.32,827089635.75,849064704.19,859888478.49,883461007.03,762985181.76,780860971.82,786569464.46,799919016.19,423560311.19,419002300.0,437974198.78,,,,383377453.35,306954799.15,274550200.0,231373900.0
常用指标,商誉,,,,,,,,,,,,,,,,,,,,,,,,,,,,,,,,,,,,,,,,,,,,,,0.0,,,,,,,,,,
常用指标,经营现金流量净额,173143435.95,216303944.5,8169577.43,281198.65,205475201.06,228008400.98,10009461.65,-10452328.61,250549186.39,257879375.13,36860096.62,5935375.5,3584819.69,21717486.99,-44344498.23,-21996473.09,-5836247.92,18118212.59,-41210787.17,-27404715.02,-8572988.38,-2837840.32,-43399643.79,-26173757.44,123503823.29,164804289.66,-6321753.85,-11326245.81,100092274.69,170469908.59,-29645774.79,-39266649.06,112891509.37,113324973.55,-25590552.55,-41125396.38,129489950.31,177187633.63,6425160.09,-6722554.33,109974574.27,157757239.25,-7984685.17,-2982605.38,123376001.47,139705042.53,-7696503.31,-1929059.78,89545738.26,87489627.29,-12515421.31,-10612500.0,103424348.33,110534848.05,57299500.0,90464400.0
常用指标,基本每股收益,0.48,0.55,-0.01,0.02,0.54,0.55,0.08,0.04,0.52,0.57,0.05,-0.02,-0.22,-0.1,-0.27,-0.13,-0.19,-0.1,-0.26,-0.15,-0.21,-0.15,-0.22,-0.11,0.28,0.31,-0.09,-0.09,0.25,0.29,-0.16,-0.12,0.27,0.27,-0.14,-0.11,0.27,0.34,-0.02,-0.04,0.38,0.43,-0.01,-0.03,0.36,0.45,-0.03,-0.04,0.31,0.38,-0.065,,0.37,0.32,0.13,
常用指标,每股净资产,5.494727,4.839341,4.270278,4.370094,4.357557,4.378095,3.904948,3.940939,3.89674,3.961775,3.44143,3.381641,3.398221,3.530192,3.356083,3.493092,3.621068,3.715953,3.557908,3.668217,3.813818,3.878372,3.850542,3.952148,4.05761,4.083102,3.684561,3.699706,3.791453,3.827171,3.387039,3.448104,3.563382,3.574535,3.241639,3.276863,3.379426,3.45955,3.101547,3.183952,3.224541,3.312937,2.861158,2.928192,2.949598,2.999658,2.117801,,2.18987,,,,1.916887,1.534773,1.372751,23.13739
常用指标,每股现金流,0.635725,0.811129,0.030635,0.001054,0.770522,0.85502,0.037535,-0.039195,0.939547,0.967035,0.138223,0.022257,0.013442,0.081439,-0.166289,-0.082485,-0.021885,0.067942,-0.154538,-0.102766,-0.032148,-0.010641,-0.162746,-0.09815,0.463133,0.618008,-0.023706,-0.042472,0.375341,0.639254,-0.11117,-0.147248,0.423337,0.424963,-0.095963,-0.154218,0.485581,0.664445,0.024094,-0.025209,0.412399,0.591582,-0.029942,-0.011184,0.462654,0.523887,-0.038482,,0.447728,,,,0.517121,0.552674,0.286497,9.04644
常用指标,净资产收益率(ROE),10.33,11.92,-0.18,0.38,13.13,13.4,2.02,1.02,14.19,15.45,1.34,-0.46,-6.13,-2.68,-7.7,-3.64,-5.21,-2.66,-6.99,-3.93,-5.32,-3.75,-5.48,-2.76,7.2,7.82,-2.36,-2.51,6.9,7.82,-4.52,-3.14,7.69,7.76,-4.28,-3.17,8.15,9.94,-0.52,-1.4,12.32,13.7,-0.45,-0.96,14.13,18.35,-0.87,-1.24,15.26,18.45,-3.51,,21.41,22.5,12.81,25.03
常用指标,总资产报酬率(ROA),10.912952,12.958787,0.165854,0.62251,15.074852,15.27235,2.421088,1.367051,16.067284,17.294349,1.386607,-0.299375,-6.440278,-1.934892,-6.492586,-2.98978,-5.119901,-1.947879,-5.715066,-3.197595,-4.953831,-2.708537,-4.257559,-2.171743,8.278918,8.494231,-1.750943,-1.955947,7.835224,8.619486,-3.624245,-2.837255,8.672922,8.606409,-3.525164,-2.733663,10.376603,12.32669,-0.490091,-1.343827,15.726507,16.395969,-0.523707,-1.009553,16.437822,18.344271,-2.095042,,18.197256,,,,24.865143,26.157038,10.691903,23.652298
常用指标,毛利率,37.469648,43.265382,19.039362,22.856257,41.665881,45.719433,29.42498,28.218489,42.975319,50.440219,25.216698,13.142776,-9.781755,7.034649,-178.700289,-107.024091,-8.300222,5.344919,-90.746963,-278.211443,-18.754608,-16.148449,-174.877396,-171.910355,35.106449,41.023266,4.57601,-24.069016,34.418121,40.702064,-10.196258,-39.536057,38.471518,45.280541,-11.49936,-60.683797,51.406205,54.774571,16.950292,-16.729194,56.995163,65.782199,20.369096,1.405349,56.024073,64.388782,12.983058,,55.214902,64.6079,8.727657,,61.238086,60.284541,42.31588,55.979357
常用指标,销售净利率,15.868197,23.08273,-1.129145,3.417653,19.406449,24.858277,8.267245,8.36768,22.25268,30.485503,7.306059,-5.942201,-29.480735,-15.897487,-259.807899,-166.635051,-26.808804,-16.872068,-140.741422,-380.332047,-37.795794,-40.305675,-234.500291,-212.500938,16.108732,21.30805,-18.209981,-50.9683,14.570987,20.070293,-38.270475,-74.206891,18.218331,23.013804,-49.58909,-108.900426,23.172061,33.286301,-6.751901,-56.702431,31.568759,40.012764,-5.53678,-32.780671,27.208905,35.709098,-13.420506,-79.00892,26.702049,37.264869,-30.185479,-147.105962,29.556115,30.215629,22.732309,41.001943
常用指标,期间费用率,14.330846,10.968414,17.781959,15.729833,12.298537,10.184313,14.334664,13.902879,12.966234,9.824403,16.476851,17.851693,27.221702,21.903938,76.892375,53.71624,28.469164,23.312601,48.253192,100.129655,30.557392,29.224415,71.233054,67.839351,11.557643,11.181962,18.878577,23.652387,12.530013,12.135125,24.050434,30.567033,12.15821,12.376195,33.899973,43.710202,15.6144,10.222168,22.860438,34.455778,8.90186,6.767751,21.486921,29.102097,14.447966,11.842353,27.434544,,15.145219,10.842188,37.258392,,17.069485,15.616316,11.570594,5.395392
常用指标,资产负债率,18.044747,22.768746,18.813589,17.444143,19.675642,15.456901,14.045617,13.279513,15.649613,16.17394,15.519082,15.593245,15.331154,14.281419,13.062941,16.689614,12.772577,12.827167,13.705849,15.949968,15.820614,15.946329,16.158135,16.757712,17.758802,20.291024,19.845763,20.043292,20.132322,22.917765,20.842168,18.249797,15.492567,16.641488,16.535431,15.998065,19.177451,12.004076,5.569719,5.135621,5.028755,8.349009,5.387234,5.797047,5.804671,8.109514,6.805152,9.478832,8.593056,,,,11.250425,18.826522,6.253122,5.682553
每股指标,基本每股收益,0.48,0.55,-0.01,0.02,0.54,0.55,0.08,0.04,0.52,0.57,0.05,-0.02,-0.22,-0.1,-0.27,-0.13,-0.19,-0.1,-0.26,-0.15,-0.21,-0.15,-0.22,-0.11,0.28,0.31,-0.09,-0.09,0.25,0.29,-0.16,-0.12,0.27,0.27,-0.14,-0.11,0.27,0.34,-0.02,-0.04,0.38,0.43,-0.01,-0.03,0.36,0.45,-0.03,-0.04,0.31,0.38,-0.065,,0.37,0.32,0.13,
每股指标,稀释每股收益,0.48,0.55,-0.01,0.02,0.54,0.55,0.08,0.04,0.52,0.57,0.05,-0.02,-0.22,-0.1,-0.27,-0.13,-0.19,-0.1,-0.26,-0.15,-0.21,-0.15,-0.22,-0.11,0.28,0.31,-0.09,-0.09,0.25,0.29,-0.16,-0.12,0.27,0.27,-0.14,-0.11,0.27,0.34,-0.02,-0.04,0.38,0.43,-0.01,-0.02,0.36,0.45,-0.03,-0.04,0.31,0.38,,,0.37,0.32,0.13,
每股指标,摊薄每股收益_最新股数,0.474921,0.548465,-0.007531,0.016135,0.529648,0.542783,0.077226,0.039292,0.506917,0.556795,0.044978,-0.015187,-0.2107,-0.093853,-0.263161,-0.126944,-0.189521,-0.098069,-0.252443,-0.143919,-0.204825,-0.145769,-0.21207,-0.108146,0.276327,0.301587,-0.08623,-0.092216,0.248314,0.28294,-0.153701,-0.117188,0.259926,0.267696,-0.138843,-0.103138,0.2611,0.330954,-0.016026,-0.04384,0.369207,0.42548,-0.012917,-0.027598,0.292612,0.344308,-0.025172,-0.038894,0.228586,0.281821,-0.047925,-0.042664,0.27132,0.238559,0.096636,0.204266
每股指标,摊薄每股净资产_期末股数,5.494727,4.839341,4.270278,4.370094,4.357557,4.378095,3.904948,3.940939,3.89674,3.961775,3.44143,3.381641,3.398221,3.530192,3.356083,3.493092,3.621068,3.715953,3.557908,3.668217,3.813818,3.878372,3.850542,3.952148,4.05761,4.083102,3.684561,3.699706,3.791453,3.827171,3.387039,3.448104,3.563382,3.574535,3.241639,3.276863,3.379426,3.45955,3.101547,3.183952,3.224541,3.312937,2.861158,2.928192,2.949598,2.999658,2.117801,,2.18987,,,,1.916887,1.534773,1.372751,23.13739
每股指标,调整每股净资产_期末股数,4.32469,3.961684,3.579201,3.683288,3.66347,3.681031,3.175328,3.199312,3.148393,3.234093,2.578393,2.511717,2.536768,2.727553,2.554055,2.68362,2.822742,2.955249,2.791976,2.895824,3.033729,3.145242,3.110559,3.205503,3.302361,3.31747,2.914626,2.921291,3.005948,3.036612,2.609169,2.664694,3.168926,3.187715,2.858633,2.8924,2.992153,3.105947,2.745374,2.825547,2.863569,2.978256,2.524087,2.604896,2.623937,2.670456,1.664358,,1.757374,,,,1.480979,1.099952,1.354817,22.82289
每股指标,每股净资产_最新股数,5.494727,4.738312,4.181129,4.278861,4.266586,4.286696,3.823426,3.858666,3.815389,3.879067,3.369584,3.311044,3.327277,3.456494,3.286019,3.420168,3.545473,3.638377,3.483631,3.591638,3.734199,3.797404,3.770156,3.869641,3.972901,3.997861,3.60764,3.622469,3.712301,3.747272,3.316329,3.376119,3.48899,3.499911,3.173965,3.208453,3.308875,3.387326,3.036797,3.117482,3.157224,3.243774,2.801427,2.867061,2.888021,2.937036,1.555172,1.538436,1.608095,,,,1.407634,1.127035,1.008056,0.849527
每股指标,每股经营现金流,0.635725,0.811129,0.030635,0.001054,0.770522,0.85502,0.037535,-0.039195,0.939547,0.967035,0.138223,0.022257,0.013442,0.081439,-0.166289,-0.082485,-0.021885,0.067942,-0.154538,-0.102766,-0.032148,-0.010641,-0.162746,-0.09815,0.463133,0.618008,-0.023706,-0.042472,0.375341,0.639254,-0.11117,-0.147248,0.423337,0.424963,-0.095963,-0.154218,0.485581,0.664445,0.024094,-0.025209,0.412399,0.591582,-0.029942,-0.011184,0.462654,0.523887,-0.038482,,0.447728,,,,0.517121,0.552674,0.286497,9.04644
每股指标,每股现金流量净额,0.515047,0.296483,-0.362799,-0.049655,0.281612,0.311791,-0.256848,-0.071998,0.540695,0.708051,-0.078982,0.007977,-0.188278,-0.083013,-0.228147,0.078841,-0.168874,-0.064257,-0.310883,-0.109595,-0.258357,-0.189036,-0.277608,-0.172527,0.228086,0.464165,-0.141713,-0.106214,0.221634,0.4276,-0.12287,-0.1773,-0.3769,0.070534,-0.259879,-0.258152,-0.811273,-0.337414,-0.54722,-0.099534,-0.13419,0.215084,-0.199096,-0.043292,1.158218,1.334514,-0.145061,,0.177155,,,,0.199004,-0.216359,0.254703,7.10834
每股指标,每股企业自由现金流量,-0.492909,,0.021911,,0.136497,,0.154969,,-0.040898,,0.029983,,0.092447,,-0.019663,,0.042907,,0.027973,,0.073,,-0.045626,,-0.158027,,-0.11172,,4.7e-05,,0.033585,,-0.500898,,-0.147073,,0.572507,,-0.058879,,0.087925,,0.119889,,-1.030254,,,,0.009348,,,,0.017711,0.169455,,
每股指标,每股股东自由现金流量,-0.847776,,-0.009306,,0.374244,,0.123938,,-0.100522,,0.000452,,0.103772,,-0.019982,,-0.088896,,-0.107939,,0.109204,,0.013992,,-0.083024,,-0.046688,,0.349804,,0.339919,,-0.500898,,-0.147073,,0.572507,,-0.058879,,0.087925,,0.119889,,-1.030254,,,,0.009348,,,,-0.132288,0.319455,,
每股指标,每股未分配利润,2.25175,2.411746,1.843894,1.949566,1.933087,1.986833,1.51135,1.550608,1.510477,1.596629,1.073899,1.012451,1.027962,1.147301,0.974383,1.113504,1.243155,1.336558,1.178892,1.28973,1.436718,1.497033,1.472319,1.578458,1.68891,1.742733,1.346646,1.366533,1.460715,1.521417,1.075465,1.139757,1.259444,1.29515,0.959942,0.996408,1.101746,1.204979,0.8506,0.937193,0.981968,1.078564,0.630819,0.705824,0.727183,0.809951,0.576797,,0.657077,,,,0.432469,0.100746,-0.013044,14.69264
每股指标,每股资本公积金,1.869233,1.07083,1.07083,1.07083,1.07083,1.07083,1.07083,1.07083,1.07083,1.07083,1.07083,1.07083,1.07083,1.07083,1.07083,1.07083,1.07083,1.07083,1.07083,1.07083,1.07083,1.07083,1.07083,1.07083,1.07083,1.07083,1.07083,1.07083,1.07083,1.07083,1.07083,1.07083,1.07083,1.07083,1.07083,1.07083,1.07083,1.07083,1.07083,1.07083,1.07083,1.07083,1.07083,1.07083,1.07083,1.071011,0.38692,,0.38692,,,,0.38692,0.38692,0.371111,5.40137
每股指标,每股盈余公积金,0.361488,0.332322,0.332322,0.332322,0.332322,0.29199,0.29199,0.29199,0.29199,0.256779,0.256779,0.256779,0.256779,0.256779,0.256779,0.256779,0.256779,0.256779,0.256779,0.256779,0.256779,0.256779,0.256779,0.256779,0.256779,0.228754,0.228754,0.228754,0.228754,0.203417,0.203417,0.203417,0.203417,0.175647,0.175647,0.175647,0.175647,0.143757,0.143757,0.143757,0.143757,0.104634,0.104634,0.104634,0.104634,0.074664,0.099553,,0.099553,,,,0.068876,0.031122,0.00375,1.87873
每股指标,每股留存收益,2.613238,2.744069,2.176217,2.281889,2.265409,2.278823,1.80334,1.842598,1.802467,1.853408,1.330678,1.26923,1.284741,1.40408,1.231162,1.370284,1.499934,1.593337,1.435671,1.546509,1.693497,1.753812,1.729098,1.835237,1.94569,1.971488,1.575401,1.595288,1.68947,1.724835,1.278883,1.343174,1.462861,1.470797,1.135589,1.172056,1.277393,1.348736,0.994357,1.08095,1.125726,1.183198,0.735453,0.810459,0.831818,0.884615,0.676351,,0.75663,,,,0.501346,0.131868,-0.009294,16.57137
每股指标,每股营业收入,2.89248,2.385906,0.883026,0.483095,2.787433,2.230056,0.954037,0.479592,2.326579,1.865368,0.628753,0.26103,0.729945,0.602951,0.10345,0.077805,0.722011,0.593644,0.183191,0.038647,0.55348,0.369371,0.092363,0.051977,1.751963,1.445547,0.48363,0.184787,1.740507,1.439806,0.410181,0.161288,1.457149,1.187999,0.285958,0.096728,1.150814,1.015465,0.242427,0.078965,1.194471,1.086034,0.238273,0.085987,1.09836,0.984761,0.255424,,1.165767,,,,1.250091,1.075158,0.578898,13.56843
每股指标,每股营业总收入,2.89248,2.385906,0.883026,0.483095,2.787433,2.230056,0.954037,0.479592,2.326579,1.865368,0.628753,0.26103,0.729945,0.602951,0.10345,0.077805,0.722011,0.593644,0.183191,0.038647,0.55348,0.369371,0.092363,0.051977,1.751963,1.445547,0.48363,0.184787,1.740507,1.439806,0.410181,0.161288,1.457149,1.187999,0.285958,0.096728,1.150814,1.015465,0.242427,0.078965,1.194471,1.086034,0.238273,0.085987,1.09836,0.984761,0.255424,,1.165767,,,,1.250091,1.075158,0.578898,13.56843
每股指标,每股息税前利润,0.659112,0.76126,0.008896,0.033432,0.757108,0.74821,0.110919,0.062639,0.693564,0.755739,0.056068,-0.012004,-0.262919,-0.080004,-0.260081,-0.124736,-0.222251,-0.085641,-0.247279,-0.142211,-0.234424,-0.129304,-0.202796,-0.105129,0.400739,0.419176,-0.081804,-0.091678,0.351167,0.395707,-0.153948,-0.119654,0.364173,0.364457,-0.142154,-0.11047,0.393095,0.451574,-0.016368,-0.045364,0.513206,0.553043,-0.016118,-0.031496,0.405039,0.464216,-0.0489,,0.414499,,,,0.503595,0.43879,0.143853,5.80224
盈利能力,净资产收益率(ROE),10.33,11.92,-0.18,0.38,13.13,13.4,2.02,1.02,14.19,15.45,1.34,-0.46,-6.13,-2.68,-7.7,-3.64,-5.21,-2.66,-6.99,-3.93,-5.32,-3.75,-5.48,-2.76,7.2,7.82,-2.36,-2.51,6.9,7.82,-4.52,-3.14,7.69,7.76,-4.28,-3.17,8.15,9.94,-0.52,-1.4,12.32,13.7,-0.45,-0.96,14.13,18.35,-0.87,-1.24,15.26,18.45,-3.51,,21.41,22.5,12.81,25.03
盈利能力,摊薄净资产收益率,8.643223,11.575113,-0.180138,0.377105,12.413879,12.662036,2.019811,1.018304,13.28614,14.353838,1.334825,-0.458681,-6.33253,-2.715268,-8.008514,-3.71163,-5.345458,-2.695409,-7.246559,-4.007061,-5.485118,-3.838665,-5.624968,-2.794752,6.955304,7.543723,-2.390215,-2.545683,6.688965,7.550576,-4.634677,-3.471098,7.449896,7.648658,-4.374458,-3.214586,7.89091,9.770369,-0.527751,-1.406276,11.694061,13.116829,-0.461095,-0.962613,10.131954,11.722985,-1.618625,-2.528196,14.214714,,,,19.274916,21.167021,9.58637,24.044717
盈利能力,净资产收益率_平均,9.730689,12.181482,-0.178315,0.377647,13.106915,13.398599,2.021936,1.024047,14.194081,15.452912,1.343258,-0.457559,-6.131485,-2.680763,-7.704359,-3.644862,-5.206877,-2.660377,-6.994993,-3.929084,-5.315234,-3.751966,-5.477683,-2.757954,7.191154,7.823118,-2.356039,-2.514505,6.896389,7.820077,-4.517088,-3.414029,7.647287,7.863258,-4.283424,-3.165055,8.075978,10.113889,-0.51749,-1.397369,12.214814,13.877839,-0.454077,-0.959107,13.016254,15.150643,-1.591545,-2.472226,15.159592,,,,21.408729,22.346561,10.404485,24.044717
盈利能力,净资产收益率_平均_扣除非经常损益,9.657356,12.209485,-0.193519,0.377882,13.825345,14.095594,2.604342,1.111042,14.188827,15.292576,1.246561,-0.491411,-6.399624,-2.915671,-7.775234,-3.611218,-6.260354,-3.093009,-7.1161,-3.99495,-5.801994,-4.150033,-5.6689,-2.852364,7.019868,7.740343,-2.355058,-2.510981,6.809131,7.799709,-4.540579,-3.415364,7.358118,7.760568,-4.387835,-3.202502,8.009285,9.933291,-0.606091,-1.39747,12.071705,13.868855,-0.46376,-0.791814,12.752423,14.975039,,-1.90707,14.555976,,,,20.787181,20.317719,10.189196,22.537805
盈利能力,摊薄净资产收益率_扣除非经常损益,8.578085,11.601722,-0.195496,0.37734,13.094321,13.320714,2.601605,1.104812,13.281222,14.204907,1.238736,-0.492616,-6.609461,-2.953199,-8.082188,-3.67737,-6.426974,-3.133738,-7.37202,-4.074235,-5.987435,-4.245929,-5.821326,-2.890421,6.789636,7.463904,-2.389219,-2.542116,6.604332,7.53091,-4.658779,-3.472456,7.16819,7.54877,-4.481088,-3.25262,7.825746,9.595904,-0.618109,-1.406378,11.557054,13.108337,-0.470927,-0.972221,9.926586,11.58711,,-2.639293,13.64872,,,,18.715318,19.245268,,
盈利能力,息税前利润率,22.787107,31.906555,1.00751,6.920487,27.161494,33.551209,11.626292,13.060903,29.810473,40.514234,8.917424,-4.599001,-36.019007,-13.268785,-251.407196,-160.318458,-30.782304,-14.426419,-134.984143,-367.97385,-42.354613,-35.006737,-219.564288,-202.259041,22.873732,28.997795,-16.914613,-49.612917,20.176169,27.483381,-37.53188,-74.186505,24.992186,30.678222,-49.711697,-114.206894,34.158015,44.469685,-6.751901,-57.449289,42.965166,50.923243,-6.764603,-36.629653,36.876755,47.140027,-19.144669,,35.555883,47.90054,-36.264137,,40.284725,40.811732,24.84952,42.762795
盈利能力,总资产报酬率,10.912952,12.958787,0.165854,0.62251,15.074852,15.27235,2.421088,1.367051,16.067284,17.294349,1.386607,-0.299375,-6.440278,-1.934892,-6.492586,-2.98978,-5.119901,-1.947879,-5.715066,-3.197595,-4.953831,-2.708537,-4.257559,-2.171743,8.278918,8.494231,-1.750943,-1.955947,7.835224,8.619486,-3.624245,-2.837255,8.672922,8.606409,-3.525164,-2.733663,10.376603,12.32669,-0.490091,-1.343827,15.726507,16.395969,-0.523707,-1.009553,16.437822,18.344271,-2.095042,,18.197256,,,,24.865143,26.157038,10.691903,23.652298
盈利能力,总资本回报率,12.386815,14.825151,0.183368,0.682736,16.683865,16.951204,2.655442,1.48917,17.502297,18.849185,1.495485,-0.321494,-6.832568,-2.040238,-6.803237,-3.128861,-5.400846,-2.059629,-6.062099,-3.384394,-5.3539,-2.923757,-4.599971,-2.356388,9.294039,9.681065,-1.985403,-2.229842,9.115801,10.223227,-4.242909,-3.321273,10.490666,10.482004,-4.294014,-3.319281,11.904827,13.511909,-0.51749,-1.415775,16.622372,17.65774,-0.554628,-1.071448,17.61651,19.972884,-2.265867,,20.104997,,,,27.828769,28.622111,11.373524,25.077331
盈利能力,投入资本回报率,9.178994,11.124948,-0.002077,0.414273,12.151747,12.753876,2.024092,1.02515,13.411368,14.451554,1.417625,-0.315149,-5.1748,-2.126203,-6.80605,-3.131364,-4.251511,-2.076992,-6.077736,-3.392276,-4.231123,-2.958971,-4.639795,-2.382744,6.908457,7.375601,-1.990535,-2.23017,6.793488,7.665559,-4.240737,-3.314167,7.647287,7.664089,-4.283424,-3.319281,8.075978,10.05702,-0.51749,-1.415775,12.213327,12.981143,-0.453959,-1.071448,12.998051,14.912463,-1.741449,-2.467865,15.098616,,,,20.784462,21.190845,10.297987,22.673084
盈利能力,息前税后总资产报酬率_平均,7.824597,9.563935,-0.044351,0.3783,10.981109,11.490676,1.845457,0.941083,12.31177,13.259471,1.314417,-0.293466,-4.87769,-2.016418,-6.495271,-2.992172,-4.030353,-1.964299,-5.729808,-3.304985,-3.914952,-2.741158,-4.294418,-2.281714,6.153896,6.471401,-1.75547,-1.956235,5.839147,6.463044,-3.62239,-2.838035,6.322223,6.456248,-3.51647,-2.606647,7.039264,9.226733,-0.490091,-1.326356,11.555089,12.883077,-0.42865,-0.903471,12.128376,13.895991,-1.468635,-2.249026,13.665925,,,,18.57102,19.365788,9.78094,22.678363
盈利能力,毛利率,37.469648,43.265382,19.039362,22.856257,41.665881,45.719433,29.42498,28.218489,42.975319,50.440219,25.216698,13.142776,-9.781755,7.034649,-178.700289,-107.024091,-8.300222,5.344919,-90.746963,-278.211443,-18.754608,-16.148449,-174.877396,-171.910355,35.106449,41.023266,4.57601,-24.069016,34.418121,40.702064,-10.196258,-39.536057,38.471518,45.280541,-11.49936,-60.683797,51.406205,54.774571,16.950292,-16.729194,56.995163,65.782199,20.369096,1.405349,56.024073,64.388782,12.983058,,55.214902,64.6079,8.727657,,61.238086,60.284541,42.31588,55.979357
盈利能力,销售净利率,15.868197,23.08273,-1.129145,3.417653,19.406449,24.858277,8.267245,8.36768,22.25268,30.485503,7.306059,-5.942201,-29.480735,-15.897487,-259.807899,-166.635051,-26.808804,-16.872068,-140.741422,-380.332047,-37.795794,-40.305675,-234.500291,-212.500938,16.108732,21.30805,-18.209981,-50.9683,14.570987,20.070293,-38.270475,-74.206891,18.218331,23.013804,-49.58909,-108.900426,23.172061,33.286301,-6.751901,-56.702431,31.568759,40.012764,-5.53678,-32.780671,27.208905,35.709098,-13.420506,-79.00892,26.702049,37.264869,-30.185479,-147.105962,29.556115,30.215629,22.732309,41.001943
盈利能力,成本费用利润率,29.039843,46.440142,0.149668,6.603119,37.921243,51.4483,12.992013,14.515371,41.748964,67.253129,8.514477,-5.761652,-27.897058,-13.352926,-73.034111,-63.85924,-24.39104,-14.19919,-58.741898,-79.331493,-31.262101,-27.435692,-67.203819,-61.880446,28.750281,40.21402,-15.893129,-34.498052,25.23432,37.72223,-28.521886,-43.717963,33.916824,46.591901,-34.189769,-53.279659,53.19884,80.538838,-6.375122,-37.505335,82.773839,130.532889,-6.689822,-25.670717,63.119304,100.41965,-15.597348,,59.328708,104.95598,-26.40146,,71.202592,73.758219,36.217323,91.269474
盈利能力,营业利润率,22.644467,31.649812,0.513982,6.162758,28.261557,34.814389,14.283102,13.299936,29.36044,39.971468,7.857044,-6.017747,-37.580551,-14.930453,-257.339124,-163.932461,-33.273378,-16.647865,-140.238528,-379.289874,-46.399791,-42.100391,-239.881757,-219.346056,21.795164,28.128711,-18.101937,-50.865763,19.613981,26.865006,-38.595204,-74.404319,24.391418,30.86041,-51.323379,-110.618352,33.90287,43.864349,-8.29325,-56.707902,42.472021,53.465086,-6.922031,-33.216909,36.141412,47.100861,-20.218942,-108.549628,34.560716,48.215777,-34.253716,-193.348525,38.619445,39.364592,25.259436,45.033802
盈利能力,总资产净利率_平均,7.863295,9.535481,-0.143405,0.306853,10.770738,11.31542,1.721591,0.875823,11.993776,13.013375,1.136049,-0.386811,-5.271221,-2.318217,-6.709534,-3.107578,-4.459004,-2.278094,-5.958822,-3.304985,-4.420627,-3.118525,-4.547182,-2.281714,5.830394,6.241699,-1.885035,-2.009382,5.658504,6.294553,-3.695567,-2.838035,6.322223,6.456248,-3.51647,-2.606647,7.039264,9.226733,-0.490091,-1.326356,11.555089,12.883077,-0.42865,-0.903471,12.128376,13.895991,-1.468635,-2.249026,13.665925,,,,18.24307,19.365788,9.78094,22.678363
盈利能力,总资产净利率_平均(含少数股东损益),7.599423,9.375007,-0.185877,0.307424,10.770738,11.315369,1.721591,0.875823,11.993776,13.013375,1.136049,-0.386811,-5.271221,-2.318217,-6.709534,-3.107578,-4.459004,-2.278094,-5.958822,-3.304985,-4.420627,-3.118525,-4.547182,-2.281714,5.830394,6.241699,-1.885035,-2.009382,5.658504,6.294553,-3.695567,-2.838035,6.322223,6.456248,-3.51647,-2.606647,7.039264,9.226733,-0.490091,-1.326356,11.555089,12.883077,-0.42865,-0.903471,12.128376,13.895991,-1.468635,-2.249026,13.665925,,,,18.24307,19.365788,9.78094,22.678363
成长能力,归母净利润,129347677.86,149377689.27,-2051330.71,4394691.37,144252973.71,147830135.62,21032959.06,10701671.6,138062085.45,151646410.8,12250045.69,-4136309.72,-57385619.31,-25561444.03,-71673542.04,-34573947.98,-51617378.1,-26709715.48,-68754434.28,-39197227.81,-55785352.56,-39701220.7,-57758538.59,-29454440.24,75259381.62,82139151.69,-23485347.89,-25115737.2,67629928.01,77060557.74,-41861417.34,-31916954.7,70792421.35,72908639.49,-37814916.29,-28090382.77,71112221.5,90137345.93,-4364979.07,-11940195.59,100555891.58,115882076.7,-3518088.09,-7516674.64,79694861.31,93774391.6,-6855857.26,-7612772.24,62256781.63,76755690.47,-13052722.59,-11619900.0,73895683.74,64973186.97,26319400.0,55633200.0
成长能力,营业总收入,787783942.81,636249664.15,235476588.15,128827088.45,743324928.33,594689079.59,254413152.62,127892929.08,620428998.32,497437781.46,167669665.34,69609047.88,194654641.18,160789204.61,27587129.63,20748304.5,192538900.15,158307299.38,48851598.21,10306054.43,147596718.85,98500324.08,24630476.2,13860851.84,467196177.44,385484119.28,128969644.34,49277171.74,464141015.84,383953314.97,109383060.84,43010769.16,388577954.49,316803935.79,76256523.11,25794557.26,306887768.22,270794115.77,64648143.36,21057643.16,318529754.87,289612772.94,63540317.24,22930203.07,292899915.4,262606438.91,51084935.05,14504220.6,233153568.93,205973326.89,43241727.13,,250018249.93,215031717.21,115779700.0,135684300.0
成长能力,净利润,125007108.81,146863795.24,-2658874.0,4402863.31,144252973.71,147829462.34,21032959.06,10701671.6,138062085.45,151646410.8,12250045.69,-4136309.72,-57385619.31,-25561444.03,-71673542.04,-34573947.98,-51617378.1,-26709715.48,-68754434.28,-39197227.81,-55785352.56,-39701220.7,-57758538.59,-29454440.24,75259381.62,82139151.69,-23485347.89,-25115737.2,67629928.01,77060557.74,-41861417.34,-31916954.7,70792421.35,72908639.49,-37814916.29,-28090382.77,71112221.5,90137345.93,-4364979.07,-11940195.59,100555891.58,115882076.7,-3518088.09,-7516674.64,79694861.31,93774391.6,-6855857.26,-7612772.24,62256781.63,76755690.47,-13052722.59,-11619900.0,73895683.74,64973186.97,26319400.0,55633200.0
成长能力,扣非净利润,128372878.08,149721071.8,-2226231.33,4397421.87,152159915.41,155520248.79,27091369.09,11610805.4,138010984.9,150072967.2,11368206.19,-4442329.76,-59895176.9,-27801317.87,-72332898.45,-34254816.96,-62060818.29,-31053264.47,-69944801.23,-39854320.13,-60894076.14,-43913335.29,-59774792.2,-30462712.46,73466786.57,81270052.91,-23475569.08,-25080537.0,66774224.9,76859849.69,-42079114.93,-31929442.72,68115523.73,71956490.81,-38736675.61,-28422731.36,70524964.65,88527811.19,-5112318.98,-11941059.7,99377781.0,115807054.02,-3593110.75,-6205567.17,78079498.92,92687498.33,,-8171572.24,59777876.39,76279890.07,,,71750310.65,59074276.33,25774800.0,52146600.0
成长能力,营业总收入增长率,5.9811,6.988624,-7.443233,0.730423,19.808218,19.550444,51.734753,83.730323,218.733216,209.372624,507.782207,235.492704,1.098864,1.567776,-43.528706,101.32151,30.449309,60.717541,98.338017,-25.646312,-68.407978,-74.447631,-80.902113,-71.871657,0.658239,0.398695,17.906413,14.56938,19.446049,21.195879,43.440923,66.743583,26.618912,16.990701,17.956246,22.494987,-3.654913,-6.497868,1.743501,-8.166346,8.750374,10.283957,24.381712,58.093314,25.625319,27.495362,18.138054,69.737941,-6.745379,,,,16.270405,85.724887,-14.669788,
成长能力,归属母公司净利润增长率,-10.332747,1.046845,-109.752934,-58.934533,4.484133,-2.516561,71.696984,358.725103,340.586556,693.2623,117.091447,88.036339,-11.174998,4.299077,-4.245701,11.794915,7.471449,32.723188,-19.037697,-33.077483,-174.124117,-148.334101,-145.934353,-17.274838,11.281179,6.590393,43.897389,21.309105,-4.467276,5.694686,-10.700806,-13.622355,-0.449711,-19.113838,-766.32526,-135.258983,-29.2809,-22.216318,-24.072477,-58.84944,26.176129,23.575396,48.684927,1.26232,28.009927,22.172559,47.475653,8.835704,-15.750449,,,,13.732582,146.86424,-52.691198,
收益质量,经营活动净现金/销售收入,0.219785,0.339967,0.034693,0.002182,0.276427,0.383407,0.039343,-0.081727,0.403832,0.518415,0.219837,0.085267,0.018416,0.135068,-1.607434,-1.060157,-0.030312,0.114449,-0.843591,-2.659088,-0.058083,-0.02881,-1.76203,-1.888322,0.264351,0.427525,-0.049017,-0.229847,0.21565,0.443986,-0.271027,-0.912949,0.290524,0.357713,-0.335585,-1.594343,0.421945,0.654326,0.099386,-0.319245,0.345256,0.544717,-0.125663,-0.130073,0.421222,0.531993,-0.15066,-0.10808,0.384063,0.424761,-0.289429,-1.343524,0.413667,0.514039,0.494901,0.666727
收益质量,经营性现金净流量/营业总收入,0.219785,0.339967,0.034693,0.002182,0.276427,0.383407,0.039343,-0.081727,0.403832,0.518415,0.219837,0.085267,0.018416,0.135068,-1.607434,-1.060157,-0.030312,0.114449,-0.843591,-2.659088,-0.058083,-0.02881,-1.76203,-1.888322,0.264351,0.427525,-0.049017,-0.229847,0.21565,0.443986,-0.271027,-0.912949,0.290524,0.357713,-0.335585,-1.594343,0.421945,0.654326,0.099386,-0.319245,0.345256,0.544717,-0.125663,-0.130073,0.421222,0.531993,-0.15066,-0.10808,0.384063,0.424761,-0.289429,-1.343524,0.413667,0.514039,0.494901,0.666727
收益质量,成本费用率,76.861198,67.703032,98.742597,92.873576,70.632655,64.46488,84.909684,85.68439,69.990914,59.384183,91.260153,104.708917,137.003457,114.869289,355.592665,260.740332,136.769387,117.967681,239.000156,478.341098,149.312,145.372864,346.110451,339.749706,76.451193,70.158695,114.302567,147.721403,78.111892,71.433061,134.246693,170.10309,73.686691,67.095654,145.399333,204.393999,64.208195,55.447597,105.910146,151.184972,51.906697,40.985552,101.117824,127.696747,58.423893,47.453571,114.451486,,59.930317,46.234288,128.530734,,55.831399,55.331774,69.254713,49.416034
收益质量,期间费用率,14.330846,10.968414,17.781959,15.729833,12.298537,10.184313,14.334664,13.902879,12.966234,9.824403,16.476851,17.851693,27.221702,21.903938,76.892375,53.71624,28.469164,23.312601,48.253192,100.129655,30.557392,29.224415,71.233054,67.839351,11.557643,11.181962,18.878577,23.652387,12.530013,12.135125,24.050434,30.567033,12.15821,12.376195,33.899973,43.710202,15.6144,10.222168,22.860438,34.455778,8.90186,6.767751,21.486921,29.102097,14.447966,11.842353,27.434544,,15.145219,10.842188,37.258392,,17.069485,15.616316,11.570594,5.395392
收益质量,销售成本率,62.530351,56.734617,80.960637,77.143742,58.334118,54.280566,70.575019,71.78151,57.02468,49.55978,74.783301,86.857223,109.781755,92.96535,278.700289,207.024091,108.300222,94.65508,190.746963,378.211443,118.754608,116.148449,274.877396,271.910355,64.89355,58.976733,95.423989,124.069016,65.581878,59.297935,110.196258,139.536057,61.528481,54.719458,111.49936,160.683797,48.593794,45.225428,83.049707,116.729194,43.004836,34.2178,79.630903,98.59465,43.975926,35.611217,87.016941,,44.785097,35.392099,91.272342,,38.761913,39.715458,57.684119,44.020642
收益质量,经营活动净现金/归属母公司的净利润,1.338589,1.448033,,0.063985,1.424408,1.542367,0.475894,-0.9767,1.814757,1.70053,3.008976,,,,,,,,,,,,,,1.641042,2.006403,,,1.479999,2.212155,,,1.594683,1.554342,,,1.820923,1.965751,,,1.093666,1.36136,,,1.548104,1.489799,,,1.438329,1.139845,,,1.399599,1.701237,2.177082,1.626086
收益质量,所得税/利润总额,28.90711,26.584879,864.037095,44.270299,27.546732,25.049106,25.057679,32.721668,23.845606,23.667395,5.974857,,,,,,,,,,,,,,26.711642,24.476046,,,26.076895,25.51701,,,27.103888,26.38207,,,32.162155,25.462048,,,26.52476,25.209262,,,26.216649,25.063867,,,24.901178,23.205833,,,25.651358,25.963373,9.368425,9.090136
财务风险,流动比率,2.754888,1.800811,1.798682,2.259533,1.924943,2.706555,2.45085,3.243519,2.520323,2.844565,1.601521,1.907759,1.845976,2.813069,2.767273,3.976767,3.333014,3.477,2.566127,2.350471,2.506101,2.77793,2.550855,3.317883,2.654991,2.424058,1.800654,1.598948,1.607957,1.606523,1.049787,0.990061,1.632113,1.575059,1.153957,1.158805,1.208158,3.101806,8.30441,10.784167,11.406518,7.355025,11.444074,11.236848,11.201223,8.065495,5.717694,,4.898584,,,,3.192694,1.353491,8.40133,6.40991
财务风险,速动比率,2.671741,1.738067,1.705006,2.174234,1.853757,2.593921,2.308771,3.097644,2.419688,2.740511,1.469404,1.780402,1.721769,2.648631,2.56168,3.78312,3.157386,3.30376,2.400561,2.242684,2.403061,2.648341,2.409916,3.163076,2.54925,2.320873,1.659751,1.493565,1.512998,1.527104,0.942588,0.894196,1.554473,1.512883,1.077235,1.095027,1.157737,3.029382,8.072239,10.595417,11.214747,7.250267,11.209066,11.104898,11.072925,7.971563,5.396408,,4.725433,,,,3.082064,1.300023,8.201855,6.214725
财务风险,保守速动比率,2.323887,1.436173,1.285728,1.809076,1.532324,2.218409,1.685565,2.418362,1.974303,2.32077,1.158575,1.494895,1.417654,2.299537,2.359352,3.586905,2.93626,3.161893,2.252637,2.126101,2.297119,2.484548,2.250896,2.997769,2.345549,2.178798,1.436391,1.310612,1.250519,1.314944,0.576571,0.501956,0.706322,1.303029,0.864548,0.898517,1.015547,2.81479,6.506474,9.909208,10.666813,7.000007,10.940667,10.791413,10.882901,7.863509,4.959257,,4.535647,,,,2.885537,1.25437,6.72334,5.134934
财务风险,资产负债率,18.044747,22.768746,18.813589,17.444143,19.675642,15.456901,14.045617,13.279513,15.649613,16.17394,15.519082,15.593245,15.331154,14.281419,13.062941,16.689614,12.772577,12.827167,13.705849,15.949968,15.820614,15.946329,16.158135,16.757712,17.758802,20.291024,19.845763,20.043292,20.132322,22.917765,20.842168,18.249797,15.492567,16.641488,16.535431,15.998065,19.177451,12.004076,5.569719,5.135621,5.028755,8.349009,5.387234,5.797047,5.804671,8.109514,6.805152,9.478832,8.593056,,,,11.250425,18.826522,6.253122,5.682553
财务风险,权益乘数,1.237482,1.27749,1.243437,1.230709,1.2169,1.1841,1.174457,1.169239,1.183453,1.187463,1.182393,1.182901,1.1632,1.15639,1.14827,1.172894,1.167721,1.167807,1.173888,1.188835,1.20237,1.203121,1.204632,1.20872,1.23339,1.253363,1.249864,1.251382,1.218765,1.242356,1.222298,1.202955,1.209588,1.217929,1.218103,1.214224,1.147275,1.09615,1.055907,1.053539,1.057093,1.077214,1.059317,1.06158,1.073206,1.090288,1.08369,1.099242,1.109298,,,,1.173526,1.153919,1.063751,1.060249
财务风险,权益乘数(含少数股权的净资产),1.220178,1.294812,1.231733,1.211301,1.244952,1.182828,1.163407,1.15313,1.185531,1.192946,1.183699,1.184739,1.181071,1.166608,1.150257,1.20033,1.146428,1.147146,1.158827,1.189767,1.187939,1.189716,1.192721,1.201312,1.215935,1.254563,1.247594,1.250676,1.25207,1.297315,1.263298,1.223238,1.183327,1.199637,1.198113,1.190448,1.237278,1.136416,1.058982,1.054136,1.05295,1.091095,1.056939,1.061537,1.061623,1.088251,1.07302,1.104713,1.094008,,,,1.126765,1.231929,1.066702,1.060249
财务风险,产权比率,22.225392,29.753936,23.364457,21.220916,24.495237,18.282854,16.34078,15.313006,18.553102,19.294645,18.369926,18.47393,18.107196,16.660821,15.025745,20.033053,14.642846,14.714639,15.88271,18.976754,18.793929,18.971603,19.272157,20.131248,21.59356,25.456385,24.759468,25.06768,25.207096,29.731578,26.329888,22.323856,18.332786,19.963753,19.811317,19.044877,23.727847,13.641628,5.898235,5.413645,5.295029,9.109568,5.693982,6.153785,6.162377,8.825194,7.302069,10.471398,9.400879,,,,12.676596,23.192948,6.670219,6.024923
财务风险,现金比率,1.911012,1.175911,0.93934,1.451495,1.239601,1.865179,1.245986,1.948392,1.614445,1.916941,0.468338,0.791239,0.7818,1.371774,1.074129,2.449733,1.89403,2.282601,1.373959,1.509337,1.702959,1.901152,1.654726,2.28899,1.836236,1.883743,1.116773,1.082322,1.087607,1.253318,0.525309,0.434186,0.659639,1.240668,0.853481,0.881867,1.011086,2.804435,6.496054,9.889603,10.657813,6.979357,10.915977,10.77168,10.873982,7.831953,4.936075,,4.513951,,,,2.883908,1.199307,6.701334,5.134934
营运能力,应收账款周转率,9.700023,8.426817,3.421706,1.908822,12.962307,11.568301,5.221455,2.738821,12.179771,9.152957,2.736328,1.192855,3.25537,2.48956,0.416672,0.321149,2.996449,2.559858,0.763742,0.162858,2.306466,1.565099,0.384186,0.216775,10.390091,10.709082,3.85457,1.697256,27.586814,37.25926,13.914454,4.763802,87.632376,50.658842,54.934279,14.228418,474.224545,336.690088,158.955958,36.410482,859.157194,301.43855,97.104861,37.953797,521.258745,187.521738,76.595187,,575.010128,,,,134.586804,106.163006,287.29454,
营运能力,应收账款周转天数,37.113312,32.040566,52.605324,47.149483,27.772833,23.339641,34.473143,32.860852,29.557204,29.49866,65.781575,75.449216,110.5865,108.452856,431.993521,280.243312,120.142202,105.474597,235.681556,552.627548,156.082879,172.513007,468.522783,415.176062,34.648394,25.212242,46.697811,53.026763,13.049712,7.24652,12.936188,18.892471,4.10807,5.32977,3.276642,6.325369,0.759134,0.801924,1.132389,2.471815,0.419015,0.895704,1.853666,2.371304,0.690635,1.439833,2.350017,4.991374,0.626075,,,,2.674853,3.391011,1.253069,
营运能力,存货周转率,27.721832,19.753954,10.777408,6.1134,29.291984,20.86655,12.194448,6.66629,29.648358,20.05242,10.593476,5.51887,19.764965,13.388555,7.074664,3.924824,18.98331,13.107826,8.051083,3.538187,14.372252,8.465915,4.757218,2.767421,21.410448,14.586358,7.424265,4.08632,21.598915,15.419189,8.177057,4.362294,20.139971,15.698705,7.290809,3.973993,16.349664,14.915488,6.042225,3.201493,20.807122,14.914949,7.07326,4.108009,22.590116,15.511434,6.298332,,19.871652,,,,23.877671,23.737904,20.956243,21.951964
营运能力,存货周转天数,12.986154,13.668149,16.701603,14.721756,12.290051,12.939369,14.760814,13.500762,12.142324,13.464708,16.991589,16.307685,18.214046,20.166477,25.442901,22.93096,18.964026,20.598381,22.357239,25.436756,25.048266,31.892592,37.837232,32.521242,16.81422,18.510446,24.244822,22.024703,16.667503,17.510647,22.012809,20.631346,17.874901,17.19887,24.688617,22.647243,22.0188,18.101987,29.790347,28.111877,17.301767,18.102642,25.447953,21.908418,15.936172,17.406513,28.578993,,18.116259,,,,15.076846,15.165618,17.178651,16.399443
营运能力,总资产周转率,0.478909,0.406148,0.164618,0.089951,0.555008,0.455195,0.208242,0.104667,0.538981,0.42687,0.155494,0.065095,0.178802,0.145822,0.025824,0.018649,0.166326,0.135021,0.042338,0.008689,0.11696,0.077371,0.01939,0.010737,0.36194,0.292926,0.103516,0.039424,0.38834,0.313625,0.096564,0.038244,0.347025,0.280538,0.070912,0.023936,0.303782,0.277193,0.072585,0.023391,0.366029,0.321974,0.077418,0.027561,0.44575,0.389144,0.109432,0.028465,0.511793,,,,0.617235,0.640919,0.430266,0.553104
营运能力,总资产周转天数,751.708424,664.782113,1093.439855,1000.534958,648.639052,593.152083,864.376879,859.866486,667.926829,632.509689,1157.599439,1382.580255,2013.397772,1851.561161,6969.994879,4825.994035,2164.42243,1999.678895,4251.419559,10357.045354,3077.953352,3489.63981,9282.682976,8381.891046,994.639985,921.73191,1738.851173,2282.864081,927.021435,860.899675,1864.039762,2353.254861,1037.38817,962.436184,2538.351052,3760.016434,1185.058797,974.050177,2479.829669,3847.54573,983.527962,838.57655,2325.017101,3265.472363,807.627149,693.830062,1644.854672,3161.72466,703.409228,,,,583.246222,561.692924,836.691699,650.871471
营运能力,流动资产周转率,1.462551,1.245567,0.582648,0.296043,1.919952,1.571564,0.833466,0.393906,2.539497,1.84739,1.060132,0.425806,1.06289,0.799156,0.156408,0.095945,0.808963,0.62585,0.214102,0.040552,0.488955,0.313529,0.080939,0.043809,1.587597,1.216031,0.530812,0.20515,1.747405,1.263323,0.500722,0.202258,1.46604,1.162563,0.342818,0.117226,0.863843,0.651349,0.158028,0.047035,0.68108,0.564275,0.139977,0.048321,0.907648,0.757127,0.325918,,1.554796,,,,2.255446,1.765999,0.952099,1.518489
营运能力,流动资产周转天数,246.145206,216.768688,308.933871,304.009554,187.504617,171.803366,215.965585,228.480631,141.760346,146.152124,169.790029,211.363801,338.699188,337.856242,1150.830141,938.030332,445.013867,431.412949,840.719448,2219.348807,736.264025,861.162139,2223.884381,2054.355453,226.757678,222.033751,339.103022,438.703344,206.019756,213.72205,359.480389,444.975558,245.559406,232.24531,525.058513,767.747124,416.742208,414.524316,1139.035304,1913.440339,528.571727,478.489637,1285.919317,1862.535434,396.629245,356.610927,552.284681,1126.933322,231.541514,,,,159.613639,203.850518,378.111672,237.077745
营运能力,应付账款周转率,5.777701,4.77388,3.753819,2.204108,9.704291,7.691363,4.192189,2.758341,12.071191,7.432547,4.778746,2.586504,14.692207,14.127185,7.611703,4.472852,15.166234,8.878182,4.548496,2.177093,5.571199,3.56229,2.086672,1.080237,5.130199,3.555517,1.778489,,3.864243,,1.648644,0.800779,2.275659,1.632523,0.768402,0.350248,2.345828,9.066338,8.845003,13.29589,71.277784,21.555703,9.009921,8.331244,34.176966,19.453669,8.238607,,14.46103,,,,16.158155,25.607433,28.443632,150.120192
