选项,指标,20260331,20251231,20250930,20250630,20250331,20241231,20240930,20240630,20240331,20231231,20230930,20230630,20230331,20221231,20220930,20220630,20220331,20211231,20210930,20210630,20210331,20201231,20200930,20200630,20200331,20191231,20190930,20190630,20190331,20181231,20180930,20180630,20180331,20171231,20170930,20170630,20170331,20161231,20160930,20160630,20160331,20151231,20150930,20150630,20150331,20141231,20140930,20140630,20140331,20131231,20130930,20130630,20130331,20121231,20120930,20120630,20120331,20111231,20110930,20110630,20110331,20101231,20100930,20100630,20100331,20091231,20090930,20090630,20090331,20081231,20080930,20080630,20080331,20071231,20070930,20070630,20070331,20061231,20060930,20060630,20060331,20051231,20041231,20031231
常用指标,归母净利润,231285868.64,1143868383.15,821839262.84,558073697.97,250388280.27,847550824.17,655095590.28,419422923.43,184297192.07,700483065.29,480103352.5,293210680.84,103962144.24,614623269.07,444845867.93,291474739.78,106849435.89,552709917.98,444241802.1,309782948.05,156304329.27,395754073.94,296873330.75,133156497.09,42820181.78,209590265.96,196667441.02,90658293.2,31792523.65,20514160.31,143149274.5,96582827.43,29169751.22,167960249.27,108787766.62,54499974.39,13627452.34,107276424.96,91257808.54,56106441.4,20526791.19,569873295.24,385060868.01,363160390.58,13834708.38,136665286.84,68825696.45,39431527.49,19058941.8,83091298.2,47652444.77,25947692.05,9004268.03,92015954.2,39708361.51,24582305.1,10520731.29,83158450.35,55306713.38,36900434.49,12862570.4,76334927.94,54039100.72,35858243.93,12855758.35,53447808.78,38053812.44,20912942.0,7347936.24,26432836.32,23297551.67,16349950.87,6759288.03,48588366.2,32754652.59,21642269.71,8624733.59,37162728.27,24953039.53,15117062.72,6360389.82,25438305.93,15373662.49,7284999.54
常用指标,营业总收入,2032119346.79,8450660581.14,6082168099.66,3945268729.71,1759107046.52,6926531873.4,4820498413.48,3095395798.14,1389476212.65,5723221818.17,4012615118.26,2533867144.33,1142479673.44,5340853994.66,3884306362.8,2538680501.84,1154568092.21,5406550857.81,3919950721.68,2535504901.34,1176524689.08,4094777696.64,2760024695.55,1687413397.4,686367105.55,3978083207.29,2845769793.13,1830565768.15,824481970.87,3525024216.47,2374643480.6,1310193744.4,563403631.85,2579676465.95,1757947716.41,1086975326.12,480450801.88,1863354683.19,1277402674.63,793979456.88,340276213.41,1621422081.98,1115431795.59,710645234.2,333410137.62,1629187118.27,1126147879.28,702778894.97,320920543.77,1332470353.08,932789013.27,601461147.97,279659101.23,667005118.95,469670829.31,285404846.37,123009149.95,648029298.95,461353059.63,298627038.53,133145742.27,520948609.6,373455332.81,242784261.21,97447760.86,404892585.4,289199422.69,172155173.2,71854138.13,368209786.5,299747539.35,195583097.64,89182032.98,292407829.44,205806842.68,126566096.42,55914449.44,239208305.17,165505826.53,101450446.78,44352037.03,170114871.16,112279428.85,62298904.32
常用指标,营业成本,1762579013.94,7030582336.26,5049113155.09,3252164589.14,1465525271.49,5830948870.06,4049224070.8,2595321295.05,1177171072.52,4865908316.9,3454543429.01,2200921539.4,1027311747.49,4646346445.42,3403340189.18,2226738173.8,1049083469.8,4749525763.85,3402049303.08,2172409953.01,1008957977.87,3621722071.95,2417467901.51,1533922983.13,647130343.09,3673995419.49,2630687862.04,1736179775.37,802646498.72,3302314752.45,2275234690.72,1259827010.93,547595616.6,2495797958.89,1700823077.43,1054043468.47,468725973.7,1821122500.1,1231530728.61,770772326.67,335639966.94,1540455545.96,1077296593.56,675924706.53,319477672.18,1480879830.24,1049637270.66,659653768.41,299992733.89,1239024068.39,880988531.39,572902626.65,270023027.6,595993131.57,428129616.96,262081576.88,111498158.07,563826795.6,408283248.22,258266637.06,118647953.71,443453800.4,316364823.0,204296334.76,84906829.52,346702042.48,244618568.31,147987275.88,64134979.06,344313417.61,273064970.16,175992009.69,80474553.5,247401196.89,173254447.08,105987109.59,47687320.51,202209850.78,139704433.28,86414880.66,37757732.27,143505459.15,97752507.75,55366486.15
常用指标,净利润,243207408.13,1220654011.24,883303509.4,604489692.49,270284346.01,920504073.61,709242581.34,449717652.11,198062781.68,757727196.83,523158269.63,317615987.96,112536770.31,660247343.93,477283113.88,310689204.97,113064538.49,584561022.57,472143050.9,328368173.55,164192663.97,428138321.67,321632962.3,144949472.34,44559050.35,225540560.66,212186651.16,96189258.44,32036608.47,34024331.45,145569238.29,91049241.51,27377088.57,167180997.36,108017302.99,52716222.5,13643442.85,106046885.21,91126123.53,55920310.61,20261304.37,567007854.98,384789281.58,362559012.02,13519500.97,136133144.72,68066977.48,38454707.97,18376401.98,82851863.37,47697709.14,25700338.43,8607485.1,91278413.72,39513451.95,24375714.74,10450697.02,83644657.16,55681469.92,37265987.64,12892580.52,76517541.63,54169771.54,36104598.64,12941140.89,54511794.9,39086233.52,20957838.2,7425898.07,26871504.71,25526033.52,18616982.89,8084664.29,48351774.66,32729732.5,21694740.25,8694527.33,38309878.56,25182796.34,15372428.54,6377291.24,25808726.64,15176631.37,7256554.0
常用指标,扣非净利润,221475754.12,1093317711.57,795917982.51,537797585.73,241257851.95,798503377.93,619630955.45,392704376.3,172967296.27,647369845.88,455609735.5,275713308.26,96713726.36,563343880.09,407894086.53,265685802.77,95134691.41,527685535.77,424310013.93,291824396.72,147645499.38,346722720.64,275552703.54,119248152.48,35000956.91,181135805.54,169111892.77,69355680.31,14989899.14,94208897.72,88378607.8,48508680.76,15789955.92,112562464.07,92191702.94,44525908.02,10093272.26,84775755.01,67518968.93,35914347.94,8910628.71,87963882.66,42706072.67,31965897.16,11413363.27,129466154.59,63140772.37,35544608.07,17391763.73,76452049.38,43242293.63,24131210.75,8224559.48,67911142.27,35531379.65,20876156.67,9863311.07,78558713.7,51391513.39,34199148.94,12251786.67,73471478.44,51242242.36,33461124.39,11380167.53,50692703.43,36347044.98,19718653.6,6648765.76,21653416.84,19050374.63,13200400.02,5580913.34,37146392.69,29204586.56,18995020.43,6861202.36,31257233.33,22710460.17,,,21794710.21,11803286.03,5831928.92
常用指标,股东权益合计(净资产),9469689079.61,6804488888.56,6465693915.9,6202215884.5,6378255953.25,6128326533.41,5913692355.51,5671859494.21,5644259249.87,5462501146.57,5291539818.2,5114986266.93,4949613560.79,4799393534.87,4536818615.64,4384948224.57,4218990457.0,4137065747.98,4045689769.37,3851712455.74,3650788704.52,3547637926.54,3448039148.32,3218010073.28,3137131091.77,3109821046.85,3076365606.43,2965895930.24,2906556942.85,2802967627.78,3073441513.92,3043135380.82,2812866793.46,2785837542.39,2779496365.81,2724072727.79,2660858845.54,2648455971.14,1730082102.23,1693660029.15,1712018812.03,1706149156.13,1723823386.24,1747411839.0,1515921690.81,1198755285.47,1174864805.2,1064388460.51,1069214724.71,1049322152.79,1011854999.83,996714262.87,1005136209.61,996528724.51,934882823.45,919845086.24,920477230.77,890579203.75,850086816.52,831671334.24,502331356.61,490531776.09,468184006.0,450093834.1,443235376.37,448209235.46,432349618.23,415221222.89,412459282.67,405033384.69,428893730.89,424834197.89,424666920.36,374914236.42,358107241.13,346626382.68,125390519.76,117010945.56,103525364.87,,,78342568.53,51094741.89,27339240.24
常用指标,商誉,694827814.9,694827814.9,694827814.9,694827814.9,694827814.9,694827814.9,731307170.73,731307170.73,731307170.73,731307170.73,759972215.28,759972215.28,759972215.28,759972215.28,759972215.28,759972215.28,759972215.28,759972215.28,759972215.28,759972215.28,759972215.28,759972215.28,759972215.28,759972215.28,759972215.28,759972215.28,752808290.89,752808290.89,773792980.25,773792980.25,764994839.59,764994839.59,65144400.38,65144400.38,65144400.38,65144400.38,65144400.38,65144400.38,65633097.43,65633097.43,24303558.1,,9061095.42,9061095.42,9061095.42,9061095.42,9061095.42,9061095.42,9061095.42,9061095.42,8228615.07,8228615.07,8228615.07,8228615.07,8228615.07,8228615.07,8228615.07,8228615.07,1654592.38,1654592.38,1654592.38,1654592.38,1654592.38,1654592.38,1654592.38,1654592.38,1654592.38,1654592.38,1654592.38,1654592.38,7229532.58,9956550.21,5797545.53,,,,,,,,,,,
常用指标,经营现金流量净额,45643449.74,1160052322.62,624581072.51,346246410.02,124177560.2,897543291.87,548818875.02,223921397.7,52470598.9,828072426.36,589860416.17,262922659.93,104508621.22,869893694.31,556880366.49,240335992.17,71368172.98,610587673.88,503871855.8,224825323.55,18912448.56,767684200.94,593880326.89,319452696.47,169761786.72,628215609.47,433775918.21,228061687.57,88364906.19,565714119.82,78131943.67,47376494.53,48583605.31,149599122.23,115783704.06,33545617.34,-64804882.46,47531480.89,32129224.71,29180321.52,-17239494.2,50738084.88,5731585.76,-4512088.06,-9037813.53,26336886.04,-13888048.5,21180352.29,-18355947.67,115523588.94,88588521.76,19684201.15,8350411.8,33275658.94,-10081740.37,-37650886.48,-65298618.79,26774785.2,-21530593.31,-10261087.47,-30989977.03,45996270.25,17519652.36,-8288908.2,-18934908.59,85058037.99,37605022.76,21187271.41,-1781345.95,21133998.02,-26117893.95,-37398998.69,-38764744.02,13338181.05,-9715470.35,8409951.14,-6958443.33,33577770.2,10995781.31,5424083.71,2130079.34,28171451.39,12709888.64,6769683.66
常用指标,基本每股收益,0.1726,0.92,0.659,0.4474,0.2009,0.68,0.52,0.3329,0.1463,0.56,0.3811,0.2327,0.0825,0.49,0.3531,0.2314,0.0848,0.44,0.3529,0.2461,0.1242,0.31,0.2358,0.1058,0.034,0.17,0.1561,0.0719,0.0252,0.02,0.1134,0.0751,0.023,0.13,0.09,0.04,0.02,0.1854,0.16,0.1,0.04,1.0009,0.68,0.64,0.02,0.24,0.12,0.07,0.03,0.15,0.08,0.05,0.02,0.16,0.09,0.04,0.02,0.201,0.1141,0.08,0.05,0.28,0.2,0.15,0.05,0.22,0.23,0.13,0.07,0.11,0.21,0.15,0.12,0.22,0.68,0.48,0.21,0.92,0.62,,,0.63,0.38,0.44
常用指标,每股净资产,6.536662,5.156853,4.900013,4.688011,4.575565,4.393054,4.236634,4.039639,4.023067,3.895191,3.814466,3.689135,3.570441,3.459871,3.304658,3.194612,3.073206,3.013115,2.932645,2.815627,2.675674,2.600004,2.528108,2.355511,2.298848,2.278537,2.251539,2.171727,2.129172,2.047272,2.236197,2.217657,2.200229,2.177396,2.172627,2.129523,4.203905,4.184125,2.997433,2.938795,2.982204,2.971429,2.997913,3.039691,2.632659,2.075119,2.033436,1.839933,1.843857,1.807678,1.748724,1.718006,2.25288,2.232425,2.087548,2.053195,3.081481,3.005672,2.907588,2.844311,2.039113,1.98712,1.895959,1.821787,2.691605,2.638828,2.542852,2.438095,3.63235,3.564752,3.535908,3.471993,6.944859,6.843159,6.546036,6.333372,3.047475,2.841532,2.530053,,,1.911638,1.250178,1.589717
常用指标,每股现金流,0.032605,0.92075,0.495739,0.27482,0.098561,0.712393,0.435605,0.177729,0.041646,0.657253,0.46818,0.208685,0.08295,0.690447,0.442004,0.190758,0.056645,0.484632,0.39993,0.178447,0.015022,0.609792,0.471735,0.253738,0.13484,0.498986,0.344544,0.181147,0.070028,0.448321,0.061918,0.037531,0.038487,0.118511,0.091723,0.026574,-0.103484,0.075901,0.056427,0.051248,-0.030277,0.089109,0.010066,-0.007923,-0.015871,0.046251,-0.024389,0.037195,-0.032165,0.202432,0.155234,0.034398,0.01897,0.075595,-0.022903,-0.085534,-0.222516,0.092045,-0.074017,-0.035275,-0.126709,0.188066,0.071633,-0.033891,-0.116129,0.521668,0.230634,0.129943,-0.016387,0.194425,-0.240275,-0.344057,-0.713242,0.245412,-0.178757,0.154736,-0.172452,0.832162,0.27251,,,0.698177,0.314991,0.406343
常用指标,净资产收益率(ROE),2.6,19.05,13.97,9.61,4.44,16.29,12.76,8.27,3.7,15.0,10.44,6.44,2.35,15.08,11.16,7.43,2.8,15.67,12.82,9.09,4.7,12.83,9.8,4.55,1.49,7.7,7.23,3.39,1.2,0.75,5.09,3.46,1.06,6.26,4.06,2.06,0.52,5.71,5.37,3.3,1.21,34.69,24.88,24.86,1.16,12.31,6.52,3.77,1.83,8.32,4.81,2.62,0.91,9.75,4.38,2.74,1.2,12.26,9.03,7.37,2.61,16.74,12.07,8.05,2.94,13.07,,5.23,,6.98,,4.32,,17.47,,11.12,,38.83,,,,39.56,39.97,31.97
常用指标,总资产报酬率(ROA),2.20886,13.070177,9.792009,6.728246,3.029963,11.788015,9.061206,5.90461,2.657551,10.837382,7.364256,4.655863,1.728957,10.149241,7.61852,4.98202,1.887172,10.430945,8.376856,5.902795,2.984361,9.274943,6.950551,3.469207,1.2873,6.235166,5.387048,2.766026,1.208248,2.763002,3.851474,2.411009,1.033712,5.237857,3.659375,2.040916,0.769441,4.682331,4.025882,2.671786,1.172774,23.538336,14.708776,13.641145,1.153879,9.236331,5.182657,3.192039,1.780218,7.63115,4.411681,2.706613,0.833149,7.565388,4.216613,2.558266,1.233874,10.598037,7.655616,5.129044,2.303207,12.754104,9.710759,6.89484,2.565504,11.178485,8.995768,4.908929,1.828159,6.607077,6.180787,4.488305,2.088986,13.70585,9.980558,6.703005,3.836795,21.591203,14.417938,,,25.923027,22.977296,11.679171
常用指标,毛利率,30.461646,31.653106,32.076971,32.453684,32.534362,31.729726,32.843976,33.232587,33.16031,32.631819,32.314635,31.949888,31.094147,31.53112,31.10937,31.167168,30.821741,32.487889,35.308557,37.072184,38.027264,39.3165,40.800182,38.674042,33.94619,35.63461,34.791573,32.753856,31.981373,32.200598,30.950935,29.857782,29.443799,29.272144,28.90581,29.428078,27.332829,30.919654,30.561674,31.095254,31.060265,30.576767,28.271048,29.278694,27.484852,29.004437,26.751449,27.30853,27.195538,26.86282,25.817323,25.299539,22.096307,35.805249,32.414611,32.882171,35.759597,33.882055,32.927755,35.128834,33.176365,37.81575,36.66545,35.522816,35.379728,37.738136,35.848179,36.13401,35.818413,28.465306,,30.833865,31.270114,31.826345,33.188403,34.675705,33.450918,34.192763,34.299826,35.150113,34.668938,35.238148,36.920014,39.28144
常用指标,销售净利率,11.968165,14.44448,14.522839,15.321888,15.36486,13.289537,14.713054,14.528599,14.254492,13.239521,13.037838,12.534831,9.85022,12.35848,12.287473,12.238216,9.792799,10.812087,12.044616,12.9508,13.955734,10.455715,11.653263,8.590039,6.492014,5.669578,7.456212,5.254619,3.885665,0.965222,6.130151,6.949296,4.859231,6.480696,6.144511,4.849808,2.839716,5.69118,7.133703,7.043042,5.954369,34.969787,34.49689,51.018285,4.054915,8.355893,6.04423,5.471807,5.726153,6.217914,5.113451,4.272983,3.077849,13.684814,8.413009,8.54075,8.495869,12.907542,12.069166,12.479106,9.683058,14.688117,14.50502,14.871062,13.28008,13.463273,13.515322,12.173806,10.334683,7.297879,8.515844,9.518707,9.06535,16.535731,15.903131,17.141036,15.549696,16.015279,15.215655,15.152647,14.378801,15.221735,13.57726,11.647984
常用指标,期间费用率,16.65485,14.148405,14.436675,14.247916,15.219691,15.093932,16.042747,16.288245,17.098569,16.758489,17.428431,17.914985,20.142262,17.682094,17.993457,18.141461,20.96926,19.58357,21.382796,21.989189,23.02793,26.859653,27.527186,28.755764,27.445442,26.945121,26.185671,26.526397,28.279966,25.015731,25.944788,25.261365,25.801094,24.118828,23.936678,24.277665,24.231495,26.544176,25.669859,26.623712,28.78235,23.233553,23.899001,23.320198,22.934261,18.372875,18.939672,19.690974,20.358375,18.361481,19.592507,19.371079,18.05096,23.755144,22.518323,23.570818,26.274548,19.436346,20.384497,20.353005,21.777432,21.525495,20.220421,18.516471,22.278116,22.079301,19.250525,20.662134,24.789762,20.995374,19.227925,19.370072,20.819988,15.940262,16.840452,17.54884,18.442407,17.902616,17.602831,18.913951,19.53853,19.65406,24.1054,27.908605
常用指标,资产负债率,35.825846,44.764028,44.731286,44.669104,41.584736,40.300922,39.700151,40.989041,38.771143,39.315891,39.417607,39.933878,40.511366,42.373088,43.974178,45.192907,46.453535,46.688204,47.294779,48.349418,48.717853,48.51619,48.662531,51.876086,51.114094,51.718818,52.121123,54.961611,55.408098,56.390069,57.300273,62.224088,57.587177,55.285386,55.729382,54.604681,54.339721,50.592119,61.78652,60.073291,56.340274,53.547362,52.583519,48.94815,50.443428,54.910039,56.082312,52.475554,44.080519,44.128411,46.671284,44.790437,43.587338,45.337808,27.8733,25.654387,25.295888,27.689628,23.753585,27.566087,33.470095,34.103745,33.129148,33.296592,32.182851,31.12471,27.116128,31.814989,25.72946,26.713749,27.247032,26.940456,24.75976,28.054232,16.014226,14.859221,51.823815,54.17454,56.283508,,,42.945366,42.744334,58.79693
每股指标,基本每股收益,0.1726,0.92,0.659,0.4474,0.2009,0.68,0.52,0.3329,0.1463,0.56,0.3811,0.2327,0.0825,0.49,0.3531,0.2314,0.0848,0.44,0.3529,0.2461,0.1242,0.31,0.2358,0.1058,0.034,0.17,0.1561,0.0719,0.0252,0.02,0.1134,0.0751,0.023,0.13,0.09,0.04,0.02,0.1854,0.16,0.1,0.04,1.0009,0.68,0.64,0.02,0.24,0.12,0.07,0.03,0.15,0.08,0.05,0.02,0.16,0.09,0.04,0.02,0.201,0.1141,0.08,0.05,0.28,0.2,0.15,0.05,0.22,0.23,0.13,0.07,0.11,0.21,0.15,0.12,0.22,0.68,0.48,0.21,0.92,0.62,,,0.63,0.38,0.44
每股指标,稀释每股收益,0.1723,0.92,0.659,0.4474,0.2009,0.68,0.52,0.3329,0.1463,0.56,0.3811,0.2327,0.0825,0.49,0.3531,0.2314,0.0848,0.44,0.3529,0.2461,0.1242,0.31,0.2358,0.1058,0.034,0.17,0.1561,0.0719,0.0252,0.02,0.1134,0.0751,0.023,0.13,0.09,0.04,0.02,0.1854,0.16,0.1,0.04,1.0009,0.68,0.64,0.02,0.24,0.12,0.07,0.03,0.15,0.08,0.05,0.02,0.16,0.09,0.04,0.02,0.201,0.1141,0.08,0.05,0.28,0.2,0.15,0.05,0.22,0.23,0.13,0.07,0.11,0.21,0.15,0.12,0.22,0.68,0.48,0.21,0.92,0.62,,,,,
每股指标,摊薄每股收益_最新股数,0.165217,0.817114,0.587075,0.398656,0.178863,0.605442,0.467963,0.299611,0.131651,0.500385,0.342958,0.209453,0.074264,0.438948,0.317772,0.208212,0.076327,0.394824,0.317341,0.221291,0.111654,0.282704,0.212069,0.095119,0.030588,0.149719,0.140488,0.064761,0.02271,0.014654,0.102257,0.068993,0.020837,0.119981,0.077711,0.038931,0.009734,0.076632,0.065189,0.040079,0.014663,0.407085,0.275065,0.259421,0.009882,0.097625,0.049165,0.028167,0.013614,0.059355,0.03404,0.018535,0.006432,0.06573,0.028365,0.01756,0.007515,0.059403,0.039507,0.026359,0.009188,0.054529,0.038602,0.025615,0.009183,0.03818,0.027183,0.014939,0.005248,0.018882,0.016642,0.011679,0.004828,0.034708,0.023398,0.01546,0.006161,0.026546,0.017825,0.010798,0.004543,0.018171,0.010982,0.005203
每股指标,摊薄每股净资产_期末股数,6.536662,5.156853,4.900013,4.688011,4.575565,4.393054,4.236634,4.039639,4.023067,3.895191,3.814466,3.689135,3.570441,3.459871,3.304658,3.194612,3.073206,3.013115,2.932645,2.815627,2.675674,2.600004,2.528108,2.355511,2.298848,2.278537,2.251539,2.171727,2.129172,2.047272,2.236197,2.217657,2.200229,2.177396,2.172627,2.129523,4.203905,4.184125,2.997433,2.938795,2.982204,2.971429,2.997913,3.039691,2.632659,2.075119,2.033436,1.839933,1.843857,1.807678,1.748724,1.718006,2.25288,2.232425,2.087548,2.053195,3.081481,3.005672,2.907588,2.844311,2.039113,1.98712,1.895959,1.821787,2.691605,2.638828,2.542852,2.438095,3.63235,3.564752,3.535908,3.471993,6.944859,6.843159,6.546036,6.333372,3.047475,2.841532,2.530053,,,1.911638,1.250178,1.589717
每股指标,调整每股净资产_期末股数,5.484199,3.980287,3.727146,3.629737,3.531186,3.446755,3.279661,3.08481,3.065722,2.9385,2.835473,2.731656,2.611875,2.495211,2.433974,2.320002,2.198826,2.136675,2.051743,1.932551,1.786015,1.705044,1.617943,1.422858,1.368355,1.345001,1.336611,1.261813,1.200083,1.111116,1.339675,1.313581,1.927709,1.934096,1.940675,1.896113,3.731161,3.719562,2.470672,2.439507,2.574011,2.614271,2.639203,2.691872,2.306477,1.75354,1.730713,1.547114,1.565406,1.529591,1.489634,1.463585,1.96161,1.949814,1.890509,1.86129,2.807269,2.736505,2.666253,2.604885,1.760291,1.794392,1.708453,1.638249,2.418118,2.447449,2.315174,2.214024,3.307571,3.256417,3.157044,3.096308,6.42335,6.707779,6.41562,6.199261,2.871913,2.659036,2.518095,,,1.702257,1.189773,1.564428
每股指标,每股净资产_最新股数,6.536662,4.641168,4.410011,4.219209,4.118008,3.953748,3.812971,3.635675,3.62076,3.505671,3.433019,3.320221,3.213397,3.113884,2.974192,2.87515,2.765886,2.711803,2.63938,2.534065,2.406249,2.338199,2.273542,2.118419,2.06746,2.049193,2.024912,1.953134,1.919221,1.845397,2.015693,1.999726,1.98401,1.963421,1.959121,1.920253,1.880586,1.871738,1.219171,1.195321,1.212977,1.208594,1.219366,1.236452,1.070884,0.844094,0.827139,0.748428,0.751665,0.736916,0.712883,0.702276,0.708399,0.701967,0.656412,0.64561,0.645964,0.624556,0.604175,0.591027,0.356254,0.34717,0.331243,0.318285,0.313501,0.307354,0.296175,0.283973,0.282048,0.276799,0.27456,0.269597,0.269631,0.265682,0.254146,0.24589,0.087839,0.081903,0.072925,,,0.0551,0.036034,0.018919
每股指标,每股经营现金流,0.032605,0.92075,0.495739,0.27482,0.098561,0.712393,0.435605,0.177729,0.041646,0.657253,0.46818,0.208685,0.08295,0.690447,0.442004,0.190758,0.056645,0.484632,0.39993,0.178447,0.015022,0.609792,0.471735,0.253738,0.13484,0.498986,0.344544,0.181147,0.070028,0.448321,0.061918,0.037531,0.038487,0.118511,0.091723,0.026574,-0.103484,0.075901,0.056427,0.051248,-0.030277,0.089109,0.010066,-0.007923,-0.015871,0.046251,-0.024389,0.037195,-0.032165,0.202432,0.155234,0.034398,0.01897,0.075595,-0.022903,-0.085534,-0.222516,0.092045,-0.074017,-0.035275,-0.126709,0.188066,0.071633,-0.033891,-0.116129,0.521668,0.230634,0.129943,-0.016387,0.194425,-0.240275,-0.344057,-0.713242,0.245412,-0.178757,0.154736,-0.172452,0.832162,0.27251,,,0.698177,0.314991,0.406343
每股指标,每股现金流量净额,1.307099,0.262353,-0.020508,-0.154459,-0.016207,0.014616,-0.121771,-0.218959,-0.095153,0.110523,0.10763,0.017197,0.053645,0.113042,0.065324,0.037077,0.038321,0.051869,0.090684,-0.020005,-0.043698,0.067961,0.055536,0.132902,0.072707,0.063159,-0.010484,0.154654,0.022395,0.082948,0.036512,0.1054,0.214987,-0.13222,-0.003078,-0.063455,0.14333,0.505912,0.193421,0.16879,0.064631,0.155184,0.385702,0.203269,0.034766,-0.081677,0.340943,-0.006055,-0.077583,-0.180924,-0.00909,-0.157314,-0.164542,-0.307587,-0.497643,-0.416835,-0.380525,0.927075,0.791091,1.057818,-0.148988,-0.150779,-0.152387,-0.286343,-0.346302,0.364512,-0.030229,0.209896,-0.144194,-0.488235,-0.740848,-0.807396,-1.490521,1.057639,0.372074,1.222227,-0.811386,1.254072,1.327974,,,0.196441,-0.060942,0.64601
每股指标,每股企业自由现金流量,,0.668718,,0.957293,,0.091119,,-0.029234,,0.130009,,-0.018372,,0.269332,,0.160333,,0.346737,,0.364352,,-0.008654,,-0.043614,,-0.332501,,-0.443362,,0.19132,,0.363449,,0.636692,,0.08126,,-1.704233,,-0.052818,,0.437879,,0.04437,,1.093857,,0.558196,,0.680606,,0.094787,,-0.11772,,-0.037711,,-1.066881,,-1.018441,,0.0838,0.18618,,,0.078099,,,,0.676681,,,,-2.069926,,,,,,,,-0.13726,-0.075994,-0.530314
每股指标,每股股东自由现金流量,,1.168404,,1.099379,,0.048713,,0.218161,,-0.027767,,-0.010193,,0.065984,,0.158766,,0.247467,,0.351334,,-0.143965,,0.033077,,-0.171455,,-0.053174,,-0.177891,,0.239438,,1.086147,,0.494932,,-1.099994,,1.020316,,1.25034,,0.419852,,2.145966,,1.152814,,0.594765,,0.128038,,0.672251,,-0.05225,,-0.869553,,-0.801862,,0.239208,0.277536,,,0.305137,,,,0.742918,,,,-2.401113,,,,,,,,-0.107768,-0.125313,0.370045
每股指标,每股未分配利润,3.552427,3.774952,3.652187,3.440143,3.331454,3.132717,3.006816,2.81976,2.801307,2.655027,2.518006,2.369667,2.259458,2.176941,2.065625,1.949213,1.837673,1.752865,1.701846,1.595124,1.473794,1.380286,1.309782,1.179458,1.127157,1.093145,1.080376,0.996174,0.947261,0.922066,1.017921,0.981986,0.948579,0.925471,0.89749,0.854483,1.687149,1.665387,1.811449,1.749714,1.797214,1.761163,1.500888,1.462314,0.89885,0.874554,0.775406,0.723785,0.716314,0.682916,0.63601,0.596345,0.786701,0.766246,0.662291,0.627928,0.943582,0.915747,0.847843,0.784567,0.884844,0.832252,0.770356,0.696019,1.002952,0.946401,0.882922,0.778165,1.142455,1.074857,1.070056,1.00614,2.013154,1.911454,1.704067,1.499607,1.697302,1.494138,1.271855,,,0.65344,0.138496,0.542119
每股指标,每股资本公积金,1.84371,0.232972,0.228829,0.225214,0.214931,0.214907,0.213538,0.215768,0.209974,0.215352,0.226328,0.226134,0.226134,0.213023,0.199539,0.199539,0.199539,0.199539,0.196691,0.185124,0.181802,0.181802,0.180839,0.176646,0.1767,0.1767,0.153134,0.153134,0.158614,0.158614,0.151063,0.166843,0.173085,0.173085,0.151657,0.151657,1.266811,1.266811,0.049632,0.049632,0.049632,0.049632,0.045371,0.045574,0.045574,0.045574,0.042268,0.036381,0.048469,0.048469,0.045669,0.053287,0.369273,0.369273,0.342965,0.342975,1.014463,0.965398,0.963062,0.963062,0.03928,0.039878,0.039878,0.040043,0.560065,0.56384,0.562646,0.562646,1.343969,1.343969,1.343969,1.343969,3.687939,3.687939,3.687939,3.679735,0.1427,0.1427,0.1427,,,0.1427,0.111682,0.047597
每股指标,每股盈余公积金,0.229502,0.25606,0.22252,0.22252,0.22252,0.22252,0.195666,0.195666,0.195666,0.195666,0.170837,0.170837,0.170837,0.170837,0.147116,0.142192,0.142192,0.142192,0.110076,0.110076,0.110161,0.110161,0.102359,0.102354,0.102354,0.102354,0.100093,0.100093,0.099866,0.099866,0.099866,0.099829,0.099829,0.099829,0.080937,0.080937,0.163148,0.163148,0.171507,0.171507,0.171507,0.171507,0.107202,0.107194,0.107194,0.107194,0.087206,0.087206,0.087016,0.087016,0.074746,0.074542,0.096905,0.096905,0.08229,0.08229,0.123436,0.124526,0.096682,0.096682,0.114989,0.114989,0.085724,0.085724,0.128587,0.128587,0.097283,0.097283,0.145925,0.145925,0.121883,0.121883,0.243766,0.243766,0.154029,0.154029,0.207472,0.204693,0.115497,,,0.115497,,
每股指标,每股留存收益,3.78193,4.031013,3.874707,3.662663,3.553974,3.355237,3.202482,3.015426,2.996973,2.850693,2.688844,2.540504,2.430295,2.347779,2.212742,2.091406,1.979866,1.895058,1.811922,1.7052,1.583955,1.490447,1.412141,1.281813,1.229512,1.1955,1.18047,1.096268,1.047127,1.021932,1.117787,1.081815,1.048408,1.0253,0.978427,0.935421,1.850297,1.828536,1.982956,1.921221,1.968721,1.932671,1.60809,1.569508,1.006044,0.981748,0.862612,0.810992,0.80333,0.769933,0.710756,0.670888,0.883607,0.863151,0.744582,0.710219,1.067018,1.040273,0.944526,0.881249,0.999833,0.947242,0.85608,0.781744,1.131539,1.074988,0.980206,0.875449,1.288381,1.220782,1.191939,1.128023,2.25692,2.15522,1.858097,1.653637,1.904774,1.698832,1.387353,,,0.768938,0.138496,0.542119
每股指标,每股营业收入,1.45163,6.707413,4.827506,3.131417,1.396229,5.49769,3.8261,2.456861,1.102847,4.542605,3.184871,2.011167,0.906802,4.239114,3.083031,2.014988,0.916397,4.291258,3.111322,2.012467,0.934545,3.252593,2.192362,1.340298,0.545175,3.159759,2.260371,1.454003,0.653391,2.793538,1.881876,1.037925,0.446324,2.0436,1.392633,0.861093,0.767211,2.975513,2.243466,1.394443,0.597617,2.847657,1.959001,1.247992,0.585514,2.861079,1.977672,1.234177,0.56235,2.334894,1.63453,1.051068,0.635324,1.51529,1.066989,0.648377,0.419175,2.227774,1.586025,1.02661,0.544396,2.130015,1.526956,0.992678,0.597655,2.483241,1.773685,1.055842,0.661031,3.387394,2.757567,1.799292,1.640883,5.380088,3.786694,2.328723,1.385736,5.928334,4.101755,,,4.202027,2.770254,3.739423
每股指标,每股营业总收入,1.45163,6.707413,4.827506,3.131417,1.396229,5.49769,3.8261,2.456861,1.102847,4.542605,3.184871,2.011167,0.906802,4.239114,3.083031,2.014988,0.916397,4.291258,3.111322,2.012467,0.934545,3.252593,2.192362,1.340298,0.545175,3.159759,2.260371,1.454003,0.653391,2.793538,1.881876,1.037925,0.446324,2.0436,1.392633,0.861093,0.767211,2.975513,2.243466,1.394443,0.597617,2.847657,1.959001,1.247992,0.585514,2.861079,1.977672,1.234177,0.56235,2.334894,1.63453,1.051068,0.635324,1.51529,1.066989,0.648377,0.419175,2.227774,1.586025,1.02661,0.544396,2.130015,1.526956,0.992678,0.597655,2.483241,1.773685,1.055842,0.661031,3.387394,2.757567,1.799292,1.640883,5.380088,3.786694,2.328723,1.385736,5.928334,4.101755,,,4.215981,2.782637,3.73943
每股指标,每股息税前利润,0.213607,1.171447,0.853528,0.573407,0.254731,0.901336,0.676361,0.436157,0.192158,0.745332,0.498665,0.311224,0.114233,0.647993,0.479456,0.311615,0.117128,0.606488,0.484262,0.336112,0.166055,0.491101,0.363213,0.180875,0.065737,0.318657,0.274975,0.142945,0.061977,0.138578,0.204928,0.13643,0.052664,0.24047,0.1687,0.091843,0.068732,0.337709,0.289902,0.185696,0.078208,1.308704,0.812962,0.728422,0.057929,0.367931,0.207206,0.115413,0.059116,0.247461,0.143807,0.085809,0.034114,0.262502,0.12107,0.071742,0.051796,0.359965,0.24467,0.166854,0.070602,0.363772,0.268182,0.186839,0.102614,0.412526,0.3161,0.174866,0.093175,0.326336,0.315756,0.227635,0.208614,0.979012,0.625947,0.408508,0.245143,1.050536,0.66841,,,0.727743,0.443009,0.46515
盈利能力,净资产收益率(ROE),2.6,19.05,13.97,9.61,4.44,16.29,12.76,8.27,3.7,15.0,10.44,6.44,2.35,15.08,11.16,7.43,2.8,15.67,12.82,9.09,4.7,12.83,9.8,4.55,1.49,7.7,7.23,3.39,1.2,0.75,5.09,3.46,1.06,6.26,4.06,2.06,0.52,5.71,5.37,3.3,1.21,34.69,24.88,24.86,1.16,12.31,6.52,3.77,1.83,8.32,4.81,2.62,0.91,9.75,4.38,2.74,1.2,12.26,9.03,7.37,2.61,16.74,12.07,8.05,2.94,13.07,,5.23,,6.98,,4.32,,17.47,,11.12,,38.83,,,,39.56,39.97,31.97
盈利能力,摊薄净资产收益率,2.527551,17.605795,13.312329,9.448597,4.343438,15.313115,12.272924,8.240887,3.636016,14.273592,9.989997,6.308405,2.311094,14.096501,10.684331,7.24181,2.759591,14.559482,12.023316,8.732662,4.640205,12.090678,9.327708,4.490113,1.479511,7.306257,6.93798,3.315754,1.183332,0.794091,5.073078,3.450136,1.050257,6.110825,3.966666,2.027424,0.51764,4.094171,5.347024,3.353011,1.208858,33.682516,22.558074,20.981087,0.922856,11.565757,5.944001,3.763573,1.811261,8.054601,4.775001,2.639351,0.907981,9.363817,4.321277,2.72,1.16344,9.511332,6.539154,4.459959,2.579135,15.706772,11.653785,8.047837,2.929311,12.422181,9.18,5.26,1.87,6.82,6.06,4.33,1.79,13.06,9.21,6.29,7.01,32.41,24.442756,,,32.98,30.48,27.51
盈利能力,净资产收益率_平均,2.956163,19.013902,14.038548,9.755491,4.431826,16.232953,12.788246,8.390907,3.694736,15.145306,10.495826,6.522635,2.351814,15.069422,11.177376,7.453541,2.786837,15.636606,12.750817,9.083715,4.70676,12.887114,9.811814,4.564695,1.486076,7.688579,7.259782,3.409798,1.206537,0.769485,5.139721,3.481741,1.055735,6.25691,4.057146,2.053363,0.518861,4.975577,5.370319,3.334497,1.211045,39.66359,26.660606,24.937785,1.03215,12.349807,6.28688,3.792741,1.829207,8.250239,4.811841,2.639933,0.912122,9.910253,4.42874,2.765022,1.183044,12.226403,8.305696,5.619191,2.612441,16.662264,12.089753,8.188451,2.958314,13.071924,9.488538,5.328001,1.878486,6.961374,6.161099,4.363877,1.80397,19.971313,13.925323,9.432758,7.25922,38.753465,27.845911,,,39.878408,39.968234,27.50646
盈利能力,净资产收益率_平均_扣除非经常损益,2.830776,18.173625,13.595764,9.401051,4.270219,15.293558,12.095934,7.85638,3.467598,13.996932,9.960356,6.133396,2.187841,13.815393,10.248911,6.794071,2.481294,14.928646,12.178726,8.557119,4.446018,11.290485,9.107156,4.087908,1.214709,6.64476,6.242596,2.608574,0.568872,3.533771,3.1732,1.748703,0.571482,4.193213,3.43821,1.677576,0.384298,3.931976,3.973341,2.134448,0.525711,6.122349,2.956856,2.195059,0.851503,11.699255,5.767591,3.418876,1.669197,7.59102,4.366514,2.455123,0.833138,7.31413,3.962874,2.348154,1.109117,11.550125,7.71773,5.20784,2.488388,16.037235,11.464033,7.641054,2.618757,12.398098,9.062963,5.023732,1.699745,5.702662,5.037922,3.523247,1.489477,15.26831,12.416047,8.278957,5.7749,32.595188,25.343343,,,34.166518,30.686019,22.020004
盈利能力,摊薄净资产收益率_扣除非经常损益,2.420343,16.827747,12.892451,9.105307,4.185054,14.426951,11.608509,7.715916,3.412487,13.191316,9.480334,5.93195,2.14996,12.923435,9.796821,6.601074,2.457036,13.90029,11.483866,8.226417,4.38315,10.592722,8.657817,4.021116,1.209343,6.314343,5.965883,2.536628,0.557931,3.646774,3.132056,1.732829,0.568517,4.095311,3.361533,1.656384,0.383394,3.23544,3.956106,2.146299,0.524762,5.199129,2.501855,1.846785,0.761338,10.956506,5.453033,3.392583,1.652821,7.411014,4.333083,2.454582,0.829356,6.91084,3.866716,2.31,1.090739,8.985232,6.076243,4.133469,2.456664,15.117585,11.05063,7.50984,2.593083,11.781847,8.77,4.96,1.68,5.59,4.96,3.5,1.48,9.99,8.21,5.52,5.58,27.26,22.246037,,,28.26,23.4,22.02
盈利能力,息税前利润率,14.715008,17.46496,17.680522,18.311418,18.244282,16.394819,17.67756,17.752647,17.423885,16.407609,15.657322,15.474828,12.59736,15.286066,15.55148,15.464878,12.781387,14.133124,15.564537,16.701506,17.768571,15.098757,16.567196,13.495125,12.058057,10.084851,12.165066,9.831186,9.485576,4.96068,10.889602,13.144517,11.799713,11.767017,12.113783,10.665929,8.958715,11.349628,12.922084,13.31688,13.08677,45.957232,41.498823,58.367599,9.89378,12.859879,10.477276,9.351486,10.512425,10.598411,8.798069,8.164007,5.369674,17.323552,11.34693,11.064995,12.356733,16.158059,15.426628,16.252924,12.969002,17.078413,17.563188,18.821801,17.169519,16.612431,17.821681,16.561766,14.095484,9.633837,11.450554,12.651381,12.713545,18.196964,16.530195,17.542163,17.690515,17.720598,16.295716,15.643652,16.015371,17.261544,15.92048,12.439087
盈利能力,总资产报酬率,2.20886,13.070177,9.792009,6.728246,3.029963,11.788015,9.061206,5.90461,2.657551,10.837382,7.364256,4.655863,1.728957,10.149241,7.61852,4.98202,1.887172,10.430945,8.376856,5.902795,2.984361,9.274943,6.950551,3.469207,1.2873,6.235166,5.387048,2.766026,1.208248,2.763002,3.851474,2.411009,1.033712,5.237857,3.659375,2.040916,0.769441,4.682331,4.025882,2.671786,1.172774,23.538336,14.708776,13.641145,1.153879,9.236331,5.182657,3.192039,1.780218,7.63115,4.411681,2.706613,0.833149,7.565388,4.216613,2.558266,1.233874,10.598037,7.655616,5.129044,2.303207,12.754104,9.710759,6.89484,2.565504,11.178485,8.995768,4.908929,1.828159,6.607077,6.180787,4.488305,2.088986,13.70585,9.980558,6.703005,3.836795,21.591203,14.417938,,,25.923027,22.977296,11.679171
盈利能力,总资本回报率,2.66532,18.507845,13.843276,9.71639,4.332688,16.748415,12.62336,8.178319,3.691288,15.053293,10.062054,6.308015,2.343419,13.794883,10.219621,6.700701,2.538422,13.739962,10.919945,7.652181,3.832138,11.78578,8.783537,4.361653,1.609536,8.214842,7.090056,3.631892,1.636316,3.506342,4.987082,3.212394,1.196879,6.056662,4.201723,2.322641,0.872451,5.379769,4.585078,3.04307,1.34341,27.702234,17.238774,15.9068,1.366038,11.238197,6.161855,3.854952,2.186679,9.170105,5.163627,3.139543,0.969888,8.703199,4.719111,2.841859,1.36329,11.96189,8.448736,5.688752,2.606999,14.727017,11.209294,8.032359,2.979462,13.000842,10.474578,5.702273,2.104941,7.716375,7.410889,5.442232,2.535435,16.509732,12.184193,8.119751,4.782901,28.354844,18.695512,,,35.638778,31.104084,16.670898
盈利能力,投入资本回报率,2.773697,15.025504,11.085239,7.845039,3.522534,13.410613,10.293938,6.674731,3.016852,12.305974,8.266442,5.301873,1.992948,11.887585,8.770265,5.809261,2.267968,11.879849,9.431346,6.579168,3.381507,9.903894,7.528653,3.79526,1.446869,7.165677,6.298892,3.310543,1.56025,3.507651,4.769098,3.160964,1.2011,5.80895,4.015981,2.246795,0.820338,5.32932,4.353459,2.869286,1.24231,24.010009,16.522384,15.323132,1.27669,9.786687,5.348146,3.323202,1.918015,7.831748,4.551343,2.824554,0.864063,8.046108,4.059037,2.543819,1.211901,10.775238,7.718487,4.989812,2.304937,13.836568,10.157157,6.898047,2.557883,11.502229,8.631235,4.683124,1.795284,7.094493,6.090494,4.265328,1.929797,15.423918,11.839128,8.075121,4.38871,25.632065,17.875548,,,32.42706,28.608184,16.732092
盈利能力,息前税后总资产报酬率_平均,1.902993,11.29095,8.400799,5.864689,2.65124,10.196065,7.964884,5.144566,2.323095,9.508447,6.546769,4.197844,1.571419,9.312497,6.947154,4.563054,1.765585,9.453607,7.618008,5.334149,2.746034,8.27979,6.3339,3.198366,1.184246,5.686735,5.027413,2.606298,1.155853,2.977504,3.719171,2.294941,0.425692,5.010188,1.856156,1.942869,0.243896,4.6112,2.222509,2.514502,0.533602,20.310572,12.227022,13.120833,0.472911,8.01992,2.98982,2.704286,0.96969,6.570126,2.564075,2.421425,0.477553,6.945913,3.126343,1.974651,0.848349,9.595895,5.989443,4.537503,1.719645,12.009123,8.019885,5.447597,1.984336,9.05942,6.822067,4.039301,1.34039,6.156301,4.596687,3.928908,1.489544,12.7435,9.601951,6.682004,3.372485,20.102213,13.908408,,,23.913888,20.880251,11.679171
盈利能力,毛利率,30.461646,31.653106,32.076971,32.453684,32.534362,31.729726,32.843976,33.232587,33.16031,32.631819,32.314635,31.949888,31.094147,31.53112,31.10937,31.167168,30.821741,32.487889,35.308557,37.072184,38.027264,39.3165,40.800182,38.674042,33.94619,35.63461,34.791573,32.753856,31.981373,32.200598,30.950935,29.857782,29.443799,29.272144,28.90581,29.428078,27.332829,30.919654,30.561674,31.095254,31.060265,30.576767,28.271048,29.278694,27.484852,29.004437,26.751449,27.30853,27.195538,26.86282,25.817323,25.299539,22.096307,35.805249,32.414611,32.882171,35.759597,33.882055,32.927755,35.128834,33.176365,37.81575,36.66545,35.522816,35.379728,37.738136,35.848179,36.13401,35.818413,28.465306,,30.833865,31.270114,31.826345,33.188403,34.675705,33.450918,34.192763,34.299826,35.150113,34.668938,35.238148,36.920014,39.28144
盈利能力,销售净利率,11.968165,14.44448,14.522839,15.321888,15.36486,13.289537,14.713054,14.528599,14.254492,13.239521,13.037838,12.534831,9.85022,12.35848,12.287473,12.238216,9.792799,10.812087,12.044616,12.9508,13.955734,10.455715,11.653263,8.590039,6.492014,5.669578,7.456212,5.254619,3.885665,0.965222,6.130151,6.949296,4.859231,6.480696,6.144511,4.849808,2.839716,5.69118,7.133703,7.043042,5.954369,34.969787,34.49689,51.018285,4.054915,8.355893,6.04423,5.471807,5.726153,6.217914,5.113451,4.272983,3.077849,13.684814,8.413009,8.54075,8.495869,12.907542,12.069166,12.479106,9.683058,14.688117,14.50502,14.871062,13.28008,13.463273,13.515322,12.173806,10.334683,7.297879,8.515844,9.518707,9.06535,16.535731,15.903131,17.141036,15.549696,16.015279,15.215655,15.152647,14.378801,15.221735,13.57726,11.647984
盈利能力,成本费用利润率,16.249306,20.39142,20.683437,21.605584,21.340258,18.597464,20.254957,20.243928,19.594535,18.129215,17.360191,16.352175,12.350689,15.807976,15.719695,15.566377,11.776559,13.934452,15.631375,17.145847,18.087747,13.794034,15.131505,10.705393,7.975797,7.180573,9.046911,6.208999,4.46217,0.625012,6.846993,7.947379,5.329961,7.372069,7.075431,5.653378,3.479425,6.131897,8.197803,8.193357,7.180822,44.542672,37.902933,56.618181,5.025255,11.245044,8.13031,7.469753,7.761072,8.505806,6.5602,5.456698,3.966058,17.172637,11.144527,10.777065,10.965019,16.872837,15.23188,16.842152,12.599376,18.738184,19.290967,20.998672,17.977159,17.921749,19.537381,17.873056,13.824411,8.597377,51.032706,12.532165,11.854933,21.177736,19.585158,20.749787,19.864185,20.591772,18.956754,18.16033,18.235558,19.621913,17.246873,13.14268
盈利能力,营业利润率,14.159876,16.867544,17.051309,17.670513,17.630958,15.71775,16.844249,16.785159,16.335218,15.303548,14.783026,14.086949,11.06345,13.560917,13.535177,13.302953,10.344778,12.250739,13.551618,14.558439,15.382326,12.229808,13.22457,9.667905,7.426818,6.620952,8.208793,5.863998,4.226318,0.308304,6.353149,7.449185,4.851295,7.010298,6.715168,5.42889,2.480943,4.007231,6.361231,6.067816,5.934087,39.717833,34.389186,52.302269,3.891382,9.218461,6.87101,6.220874,6.604227,7.146408,5.549497,4.733731,3.416739,10.730134,8.892582,8.100831,9.290846,13.598359,12.323127,13.299137,10.628165,15.063255,15.231051,16.27195,13.822962,14.411477,15.588813,14.280792,11.148244,7.059578,8.90168,10.016759,9.763714,15.391733,15.816964,16.259478,14.713779,15.467044,15.589416,14.820601,14.868098,16.391636,13.340086,11.233533
盈利能力,总资产净利率_平均,1.708471,10.129762,7.483507,5.197504,2.363917,8.798,6.965886,4.506756,2.023039,8.084183,5.62754,3.481531,1.24891,7.638957,5.610414,3.698723,1.366426,7.545056,6.099351,4.318124,2.231355,5.936973,4.512616,2.028589,0.666031,3.257435,3.060336,1.393389,0.491175,0.324139,2.132091,1.35213,0.453567,2.898201,1.869396,0.959407,0.24361,2.37514,2.22572,1.417759,0.540594,18.001309,12.235652,11.943308,0.483937,6.0249,3.023147,1.915192,1.005707,4.490009,2.561642,1.430256,0.499567,6.0246,3.141765,1.991387,0.854034,8.416819,5.949131,3.899485,1.715642,10.94286,8.000539,5.410426,1.971244,8.882594,6.641869,3.600602,1.326318,4.923325,4.195385,2.965716,1.245353,12.515562,9.609262,6.53389,3.345413,18.929093,13.33951,,,22.457012,19.761499,10.979249
盈利能力,总资产净利率_平均(含少数股东损益),1.796533,10.809753,8.043188,5.62979,2.551756,9.555291,7.541652,4.832277,2.174144,8.74483,6.132209,3.771315,1.351918,8.205459,6.019514,3.942549,1.445907,7.979856,6.482429,4.577187,2.343967,6.422791,4.888974,2.208251,0.693077,3.505333,3.30183,1.478399,0.494946,0.53761,2.168134,1.274662,0.425692,2.884755,1.856156,0.928006,0.243896,2.347917,2.222509,1.413056,0.533602,17.910795,12.227022,11.92353,0.472911,6.001441,2.98982,1.867748,0.96969,4.47707,2.564075,1.416622,0.477553,5.976311,3.126343,1.974651,0.848349,8.46603,5.989443,3.938115,1.719645,10.969039,8.019885,5.447597,1.984336,9.05942,6.822067,3.608332,1.34039,5.00503,4.596687,3.376933,1.489544,12.45462,9.601951,6.549731,3.372485,19.513402,13.462334,,,22.78402,19.508233,10.936379
成长能力,归母净利润,231285868.64,1143868383.15,821839262.84,558073697.97,250388280.27,847550824.17,655095590.28,419422923.43,184297192.07,700483065.29,480103352.5,293210680.84,103962144.24,614623269.07,444845867.93,291474739.78,106849435.89,552709917.98,444241802.1,309782948.05,156304329.27,395754073.94,296873330.75,133156497.09,42820181.78,209590265.96,196667441.02,90658293.2,31792523.65,20514160.31,143149274.5,96582827.43,29169751.22,167960249.27,108787766.62,54499974.39,13627452.34,107276424.96,91257808.54,56106441.4,20526791.19,569873295.24,385060868.01,363160390.58,13834708.38,136665286.84,68825696.45,39431527.49,19058941.8,83091298.2,47652444.77,25947692.05,9004268.03,92015954.2,39708361.51,24582305.1,10520731.29,83158450.35,55306713.38,36900434.49,12862570.4,76334927.94,54039100.72,35858243.93,12855758.35,53447808.78,38053812.44,20912942.0,7347936.24,26432836.32,23297551.67,16349950.87,6759288.03,48588366.2,32754652.59,21642269.71,8624733.59,37162728.27,24953039.53,15117062.72,6360389.82,25438305.93,15373662.49,7284999.54
成长能力,营业总收入,2032119346.79,8450660581.14,6082168099.66,3945268729.71,1759107046.52,6926531873.4,4820498413.48,3095395798.14,1389476212.65,5723221818.17,4012615118.26,2533867144.33,1142479673.44,5340853994.66,3884306362.8,2538680501.84,1154568092.21,5406550857.81,3919950721.68,2535504901.34,1176524689.08,4094777696.64,2760024695.55,1687413397.4,686367105.55,3978083207.29,2845769793.13,1830565768.15,824481970.87,3525024216.47,2374643480.6,1310193744.4,563403631.85,2579676465.95,1757947716.41,1086975326.12,480450801.88,1863354683.19,1277402674.63,793979456.88,340276213.41,1621422081.98,1115431795.59,710645234.2,333410137.62,1629187118.27,1126147879.28,702778894.97,320920543.77,1332470353.08,932789013.27,601461147.97,279659101.23,667005118.95,469670829.31,285404846.37,123009149.95,648029298.95,461353059.63,298627038.53,133145742.27,520948609.6,373455332.81,242784261.21,97447760.86,404892585.4,289199422.69,172155173.2,71854138.13,368209786.5,299747539.35,195583097.64,89182032.98,292407829.44,205806842.68,126566096.42,55914449.44,239208305.17,165505826.53,101450446.78,44352037.03,170114871.16,112279428.85,62298904.32
成长能力,净利润,243207408.13,1220654011.24,883303509.4,604489692.49,270284346.01,920504073.61,709242581.34,449717652.11,198062781.68,757727196.83,523158269.63,317615987.96,112536770.31,660247343.93,477283113.88,310689204.97,113064538.49,584561022.57,472143050.9,328368173.55,164192663.97,428138321.67,321632962.3,144949472.34,44559050.35,225540560.66,212186651.16,96189258.44,32036608.47,34024331.45,145569238.29,91049241.51,27377088.57,167180997.36,108017302.99,52716222.5,13643442.85,106046885.21,91126123.53,55920310.61,20261304.37,567007854.98,384789281.58,362559012.02,13519500.97,136133144.72,68066977.48,38454707.97,18376401.98,82851863.37,47697709.14,25700338.43,8607485.1,91278413.72,39513451.95,24375714.74,10450697.02,83644657.16,55681469.92,37265987.64,12892580.52,76517541.63,54169771.54,36104598.64,12941140.89,54511794.9,39086233.52,20957838.2,7425898.07,26871504.71,25526033.52,18616982.89,8084664.29,48351774.66,32729732.5,21694740.25,8694527.33,38309878.56,25182796.34,15372428.54,6377291.24,25808726.64,15176631.37,7256554.0
成长能力,扣非净利润,221475754.12,1093317711.57,795917982.51,537797585.73,241257851.95,798503377.93,619630955.45,392704376.3,172967296.27,647369845.88,455609735.5,275713308.26,96713726.36,563343880.09,407894086.53,265685802.77,95134691.41,527685535.77,424310013.93,291824396.72,147645499.38,346722720.64,275552703.54,119248152.48,35000956.91,181135805.54,169111892.77,69355680.31,14989899.14,94208897.72,88378607.8,48508680.76,15789955.92,112562464.07,92191702.94,44525908.02,10093272.26,84775755.01,67518968.93,35914347.94,8910628.71,87963882.66,42706072.67,31965897.16,11413363.27,129466154.59,63140772.37,35544608.07,17391763.73,76452049.38,43242293.63,24131210.75,8224559.48,67911142.27,35531379.65,20876156.67,9863311.07,78558713.7,51391513.39,34199148.94,12251786.67,73471478.44,51242242.36,33461124.39,11380167.53,50692703.43,36347044.98,19718653.6,6648765.76,21653416.84,19050374.63,13200400.02,5580913.34,37146392.69,29204586.56,18995020.43,6861202.36,31257233.33,22710460.17,,,21794710.21,11803286.03,5831928.92
成长能力,营业总收入增长率,15.519936,22.004211,26.173013,27.456034,26.60217,21.025046,20.133585,22.160935,21.619337,7.159301,3.30326,-0.1896,-1.047007,-1.215134,-0.909306,0.125245,-1.866224,32.035271,42.025929,50.259853,71.413326,2.933435,-3.013072,-7.820116,-16.751714,12.852649,19.839875,39.717181,46.339484,36.645981,35.080438,20.535739,17.265624,38.442589,37.618916,36.902197,41.194354,14.921013,14.520912,11.726557,2.059348,-0.47662,-0.951569,1.119319,3.891802,22.26817,20.72911,16.845268,14.754192,99.769134,98.604843,110.73964,127.34821,2.928234,1.802907,-4.42766,-7.613155,24.394093,23.536342,23.000987,36.632941,28.66341,29.13419,41.02641,35.618857,9.962472,-3.519,-11.978501,-19.429804,25.923367,45.645079,54.530402,59.497292,22.239831,24.350209,24.756568,26.069631,40.615751,,,,51.510274,80.226972,
成长能力,归属母公司净利润增长率,-7.629115,34.961627,25.453334,33.057509,35.861147,20.995191,36.448868,43.044899,77.273365,13.969499,7.925775,0.595571,-2.702205,11.17565,0.135976,-5.910011,-31.64013,39.659943,49.640185,132.645762,265.024908,88.822735,50.951946,46.877348,34.686325,921.685815,37.386264,-6.134148,8.991411,-87.7863,31.585819,77.21628,114.05139,56.567716,19.209269,-2.863248,-33.611385,-81.17539,-76.300419,-84.550506,48.371694,316.984669,459.472534,820.989912,-27.410931,64.476052,44.432666,51.965451,111.665642,-9.699031,20.006071,5.554348,-14.414048,10.651357,-28.20336,-33.382071,-18.206618,8.938925,2.345732,2.906418,0.052988,42.821435,42.007061,71.464368,74.957402,102.202321,63.338246,27.908286,8.70873,-45.598425,-28.872542,-24.453622,-21.629022,30.744884,31.265181,43.164516,35.600707,46.089634,,,,65.46679,111.031756,
收益质量,经营活动净现金/销售收入,0.022461,0.137273,0.10269,0.087762,0.070591,0.12958,0.113851,0.07234,0.037762,0.144686,0.147001,0.103763,0.091475,0.162875,0.143366,0.094669,0.061813,0.112934,0.12854,0.08867,0.016074,0.187478,0.215172,0.189315,0.247333,0.157919,0.152428,0.124585,0.107176,0.160485,0.032902,0.036159,0.086232,0.057991,0.065862,0.030861,-0.134883,0.025508,0.025151,0.036751,-0.050663,0.031292,0.005138,-0.006349,-0.027107,0.016165,-0.012332,0.030138,-0.057197,0.086698,0.094971,0.032727,0.029859,0.049888,-0.021465,-0.13192,-0.530843,0.041317,-0.046668,-0.03436,-0.232752,0.088293,0.046912,-0.034141,-0.194308,0.210075,0.130031,0.12307,-0.024791,0.057396,-0.087132,-0.191217,-0.434669,0.045614,-0.047206,0.066447,-0.124448,0.14037,0.066437,0.053465,0.048026,0.166152,0.113704,0.108664
收益质量,经营性现金净流量/营业总收入,0.022461,0.137273,0.10269,0.087762,0.070591,0.12958,0.113851,0.07234,0.037762,0.144686,0.147001,0.103763,0.091475,0.162875,0.143366,0.094669,0.061813,0.112934,0.12854,0.08867,0.016074,0.187478,0.215172,0.189315,0.247333,0.157919,0.152428,0.124585,0.107176,0.160485,0.032902,0.036159,0.086232,0.057991,0.065862,0.030861,-0.134883,0.025508,0.025151,0.036751,-0.050663,0.031292,0.005138,-0.006349,-0.027107,0.016165,-0.012332,0.030138,-0.057197,0.086698,0.094971,0.032727,0.029859,0.049888,-0.021465,-0.13192,-0.530843,0.041317,-0.046668,-0.03436,-0.232752,0.088293,0.046912,-0.034141,-0.194308,0.210075,0.130031,0.12307,-0.024791,0.057396,-0.087132,-0.191217,-0.434669,0.045614,-0.047206,0.066447,-0.124448,0.14037,0.066437,0.053465,0.048026,0.165602,0.113198,0.108664
收益质量,成本费用率,86.193204,82.495298,82.359703,81.794232,82.685328,83.364205,83.198771,83.055658,83.938258,84.126669,85.113795,85.965096,89.048114,86.150973,86.884086,86.974292,90.147519,87.095681,86.074238,84.917005,85.000665,87.543152,86.727003,90.081721,93.499251,91.31051,91.394097,93.772541,96.298593,92.815133,94.993853,95.403583,96.357294,94.846684,95.030868,94.849586,96.898665,95.624521,95.108185,95.528458,97.722084,92.656786,95.627953,94.041504,95.449409,89.368438,92.188222,92.382444,93.162836,91.49866,93.775184,94.071539,95.954652,87.949894,90.103711,90.688647,90.51495,85.554291,87.456742,85.22417,88.601066,83.709744,83.554971,82.993655,86.898387,84.341165,83.402346,84.528123,88.971349,92.530067,19.227925,88.536206,89.549874,84.113916,83.652048,82.873135,84.991488,83.709852,83.303005,83.763837,84.869592,84.415911,87.185386,88.627164
收益质量,期间费用率,16.65485,14.148405,14.436675,14.247916,15.219691,15.093932,16.042747,16.288245,17.098569,16.758489,17.428431,17.914985,20.142262,17.682094,17.993457,18.141461,20.96926,19.58357,21.382796,21.989189,23.02793,26.859653,27.527186,28.755764,27.445442,26.945121,26.185671,26.526397,28.279966,25.015731,25.944788,25.261365,25.801094,24.118828,23.936678,24.277665,24.231495,26.544176,25.669859,26.623712,28.78235,23.233553,23.899001,23.320198,22.934261,18.372875,18.939672,19.690974,20.358375,18.361481,19.592507,19.371079,18.05096,23.755144,22.518323,23.570818,26.274548,19.436346,20.384497,20.353005,21.777432,21.525495,20.220421,18.516471,22.278116,22.079301,19.250525,20.662134,24.789762,20.995374,19.227925,19.370072,20.819988,15.940262,16.840452,17.54884,18.442407,17.902616,17.602831,18.913951,19.53853,19.65406,24.1054,27.908605
收益质量,销售成本率,69.538353,68.346893,67.923028,67.546315,67.465637,68.270273,67.156023,66.767412,66.839689,67.36818,67.685364,68.050111,68.905852,68.468879,68.890629,68.832831,69.178258,67.51211,64.691442,62.927815,61.972735,60.683499,59.199817,61.325957,66.053809,64.365389,65.208426,67.246143,68.018626,67.799401,69.049064,70.142217,70.5562,70.727855,71.094189,70.571921,72.66717,69.080345,69.438325,68.904745,68.939734,69.423232,71.728951,70.721305,72.515147,70.995562,73.24855,72.691469,72.804461,73.137179,74.182676,74.70046,77.903692,64.19475,67.585388,67.117828,64.240402,66.117944,67.072244,64.871165,66.823634,62.184249,63.334549,64.477183,64.620271,62.261863,64.15182,63.865989,64.181586,71.534693,,69.166134,68.729885,68.173654,66.811596,65.324294,66.549081,65.807236,65.700173,64.849886,65.331061,64.761851,63.079985,60.718559
收益质量,经营活动净现金/归属母公司的净利润,0.197346,1.014148,0.759979,0.620431,0.495939,1.058984,0.837769,0.533879,0.284706,1.182144,1.228611,0.896702,1.005256,1.41566,1.25185,0.824551,0.667932,1.104716,1.134228,0.725751,0.120997,1.939801,2.00045,2.399077,3.964527,2.997351,2.205631,2.515618,2.779424,27.576762,0.545807,0.490527,1.665547,0.890681,1.064308,0.615516,-4.755465,0.443074,0.35207,0.520088,-0.839853,0.089033,0.014884,-0.012424,-0.65327,0.19271,-0.201785,0.537142,-0.963114,1.390321,1.859055,0.75861,0.927383,0.361629,-0.253894,-1.531625,-6.206661,0.321973,-0.389294,-0.278074,-2.409314,0.602558,0.324203,-0.231157,-1.472873,1.591422,0.988206,1.013117,-0.242428,0.799535,-1.121057,-2.287407,-5.735033,0.274513,-0.296613,0.388589,-0.8068,0.903533,0.440658,0.358805,0.334897,1.107442,0.826731,0.929263
收益质量,所得税/利润总额,14.548492,14.133206,14.746142,13.299099,12.923595,14.281113,12.691886,13.59085,13.332385,13.192033,11.762923,10.829576,10.436711,9.253767,10.034037,9.605991,7.756739,10.911214,10.479476,11.050607,9.229257,13.415474,11.200378,10.924997,12.944295,13.528921,9.822164,9.750682,9.572755,-66.387159,5.751216,8.345843,5.385224,7.314861,8.616081,9.555731,15.773302,2.940454,8.504509,10.015928,15.146673,15.269554,4.825137,4.181278,15.462286,16.852816,19.358528,20.706952,20.804859,20.105938,16.879325,16.757893,19.123536,9.391988,16.218707,12.613859,14.399143,10.584326,9.399524,13.0593,13.258972,6.359742,10.010457,14.669307,14.990412,10.930164,17.05661,19.42017,15.976575,8.26231,13.214598,14.211129,14.607343,7.172635,2.93135,0.319628,7.896588,7.089623,3.646831,0.388792,7.092344,8.103601,9.706169,
财务风险,流动比率,2.285262,1.557035,1.514782,1.428331,1.783903,1.925876,1.981695,1.921785,1.832075,1.725597,1.723926,1.671993,1.545836,1.480932,1.466384,1.432174,1.433346,1.376305,1.405018,1.271836,1.422026,1.383347,1.385988,1.247317,1.179489,1.152528,1.19129,1.123711,0.947298,0.868015,0.813389,0.846239,0.877472,0.869127,1.197822,1.23472,1.352533,1.329408,1.037411,0.842294,0.88543,0.932827,0.932964,0.957934,0.724169,0.70324,0.82233,0.815175,1.098464,1.078555,1.534909,1.583524,1.699175,1.675869,1.889076,2.182158,2.393798,2.322622,2.761386,2.41268,1.464314,1.499298,1.503771,1.501487,1.542149,1.662795,1.793108,1.600918,1.753202,1.678727,2.130858,2.171262,2.488338,2.174084,4.410456,5.538283,2.726686,2.77746,3.093138,,,1.723286,1.463441,1.177475
财务风险,速动比率,1.906007,1.264245,1.231011,1.167698,1.495508,1.624944,1.677082,1.625282,1.544472,1.465758,1.460781,1.420181,1.290361,1.229711,1.213166,1.173044,1.189392,1.16208,1.158391,1.031289,1.172985,1.169715,1.168671,1.051788,0.968666,0.969325,0.979353,0.928206,0.762685,0.71063,0.651094,0.713154,0.70028,0.681943,0.955765,0.974296,1.088775,1.070272,0.817773,0.661787,0.679744,0.736673,0.725294,0.721687,0.523767,0.531195,0.638884,0.574124,0.759066,0.782374,1.158154,1.165771,1.284971,1.301656,1.399028,1.599121,1.818305,1.906626,2.206504,1.958588,0.949023,1.048983,1.042166,1.074916,1.11597,1.268478,1.311493,1.180725,1.112045,1.040998,1.495844,1.443929,1.700317,1.467972,2.93298,4.302787,1.73549,1.942663,2.169571,,,0.924316,0.775838,0.703814
财务风险,保守速动比率,1.717259,1.119577,1.070999,1.021992,1.296797,1.418138,1.457497,1.416409,1.361576,1.315783,1.307772,1.245025,1.155812,1.084897,1.099599,1.052704,1.06398,1.042159,1.04426,0.910921,1.039771,1.032342,0.997173,0.922233,0.842604,0.822061,0.886509,0.835838,0.682666,0.645945,0.57419,0.457268,0.612135,0.583147,0.830325,0.851541,0.962916,0.925162,0.751849,0.606443,0.618853,0.677277,0.663553,0.65999,0.469465,0.487264,0.565397,0.499347,0.65496,0.690734,1.032164,1.012822,1.1332,1.182615,1.090779,1.253172,1.551883,1.723537,1.914827,1.77245,0.785505,0.829878,0.942817,0.930869,0.956409,1.162719,1.099111,1.015593,0.895169,0.919248,1.201135,1.149703,1.301289,1.313446,2.444489,3.632486,1.395295,1.762213,1.943944,,,0.787699,0.656186,0.559987
财务风险,资产负债率,35.825846,44.764028,44.731286,44.669104,41.584736,40.300922,39.700151,40.989041,38.771143,39.315891,39.417607,39.933878,40.511366,42.373088,43.974178,45.192907,46.453535,46.688204,47.294779,48.349418,48.717853,48.51619,48.662531,51.876086,51.114094,51.718818,52.121123,54.961611,55.408098,56.390069,57.300273,62.224088,57.587177,55.285386,55.729382,54.604681,54.339721,50.592119,61.78652,60.073291,56.340274,53.547362,52.583519,48.94815,50.443428,54.910039,56.082312,52.475554,44.080519,44.128411,46.671284,44.790437,43.587338,45.337808,27.8733,25.654387,25.295888,27.689628,23.753585,27.566087,33.470095,34.103745,33.129148,33.296592,32.182851,31.12471,27.116128,31.814989,25.72946,26.713749,27.247032,26.940456,24.75976,28.054232,16.014226,14.859221,51.823815,54.17454,56.283508,,,42.945366,42.744334,58.79693
财务风险,权益乘数,1.730297,1.877033,1.875931,1.876956,1.87478,1.845073,1.835839,1.86185,1.826329,1.873449,1.865082,1.873496,1.883092,1.972706,1.992254,2.015165,2.039508,2.07243,2.09052,2.103625,2.109372,2.170653,2.174307,2.250182,2.231241,2.360317,2.372217,2.447124,2.456429,2.373934,2.410647,2.575003,2.327627,2.158894,2.170298,2.14024,2.12988,2.094856,2.412844,2.351947,2.240211,2.203372,2.178928,2.088013,2.132816,2.049794,2.079581,1.980344,1.818826,1.837466,1.87842,1.845775,1.825823,1.644964,1.409634,1.38849,1.38524,1.452615,1.396119,1.441008,1.522718,1.52266,1.511117,1.513457,1.500734,1.471633,1.428594,1.479752,1.416316,1.413957,1.468541,1.471441,1.448561,1.595718,1.449156,1.443666,2.169902,2.047296,2.087476,,,1.775766,2.02253,2.505313
财务风险,权益乘数(含少数股权的净资产),1.558259,1.810414,1.809341,1.807308,1.711881,1.675067,1.658378,1.6946,1.633216,1.647877,1.650644,1.664831,1.680993,1.7353,1.784891,1.824581,1.867536,1.875757,1.897345,1.936086,1.949996,1.942358,1.947895,2.077968,2.045579,2.0712,2.088603,2.220328,2.242559,2.293055,2.341935,2.647189,2.357777,2.236405,2.258834,2.20287,2.190087,2.023968,2.616877,2.504589,2.29044,2.15273,2.108971,1.958792,2.017895,2.217788,2.276986,2.10418,1.788285,1.789818,1.875162,1.81128,1.772651,1.829418,1.386449,1.345069,1.338614,1.382927,1.311537,1.380568,1.503083,1.517536,1.495419,1.499173,1.474553,1.451899,1.372045,1.466598,1.346428,1.364512,1.374514,1.368746,1.329076,1.389935,1.190677,1.174525,2.075714,2.182193,2.287466,,,1.752706,1.746552,2.427003
财务风险,产权比率,57.772727,84.875486,84.76457,84.773908,78.76426,74.745847,72.942063,77.407379,70.51257,72.114127,71.640161,73.163787,74.930158,80.95243,85.526106,89.834727,94.529884,95.438803,98.25553,101.638688,102.961491,102.136409,102.691903,116.973805,113.333782,116.126135,118.14311,132.37541,134.424335,140.298262,146.163516,179.061112,137.51205,125.317001,127.579351,121.89499,120.285749,103.500187,163.902673,152.288279,130.107017,116.2441,111.991671,96.794257,102.930569,123.543045,129.569456,112.175234,80.099686,80.338665,88.735061,82.250817,78.313599,84.111063,39.316941,35.12024,34.468062,39.005338,31.312428,38.254662,50.673019,52.23627,50.020601,50.424898,47.927773,47.075033,38.796217,48.73611,36.189108,38.101692,41.791464,41.508689,37.023859,39.306905,19.192669,17.574599,109.692755,120.647595,130.559767,,,76.449355,75.6172,147.304735
财务风险,现金比率,0.87627,0.326478,0.275659,0.244989,0.393534,0.408089,0.450599,0.447736,0.402264,0.389829,0.408069,0.368369,0.340544,0.309727,0.294258,0.272624,0.280618,0.265146,0.28746,0.219695,0.257362,0.28521,0.29611,0.313121,0.274523,0.229977,0.220343,0.266101,0.181976,0.16068,0.118614,0.116206,0.239003,0.159201,0.300477,0.296088,0.42613,0.392705,0.268394,0.223905,0.205916,0.200932,0.246975,0.221273,0.097017,0.086212,0.242291,0.13652,0.140467,0.197331,0.413342,0.314604,0.366824,0.463034,0.458495,0.64143,0.902505,1.170435,1.297878,1.334567,0.263142,0.413216,0.47212,0.362535,0.459146,0.778858,0.491532,0.615914,0.459986,0.559062,0.623068,0.591693,0.723139,1.038754,1.637926,2.861331,0.703186,1.221162,1.39208,,,0.40653,0.339383,0.394861
营运能力,应收账款周转率,0.72553,3.169075,2.318983,1.489259,0.696865,2.97934,2.158439,1.401959,0.640156,2.903336,2.127981,1.378362,0.644047,3.03173,2.174689,1.405151,0.660039,3.366153,2.446383,1.596943,0.760691,2.885052,1.984267,1.234062,0.51644,2.921781,2.064331,1.35677,0.606587,3.135413,1.999212,1.175634,0.613473,3.331226,2.300823,1.498909,0.689595,3.154925,2.212583,1.466493,0.640848,3.21258,2.244609,1.497565,0.682066,4.005576,2.960964,2.000162,0.933143,4.035026,2.84863,1.814479,0.834244,2.874752,2.969068,1.973696,0.870629,5.953925,4.327988,3.005691,1.323867,6.965388,4.727354,2.733914,1.23264,7.348247,4.526838,3.009629,1.410035,9.166246,5.180221,3.474328,1.661307,9.122651,5.690954,3.873572,1.697258,10.034888,7.034071,,,11.329435,12.319682,9.670531
营运能力,应收账款周转天数,124.04715,113.597781,116.430308,120.865447,129.149742,120.832118,125.090394,128.391698,140.590687,123.995291,126.880781,130.589735,139.741205,118.744068,124.155643,128.100083,136.35554,106.946999,110.366993,112.715336,118.313385,124.781097,136.070366,145.859739,174.270002,123.2125,130.792916,132.667976,148.371012,114.817379,135.053151,153.108764,146.705626,108.068317,117.349267,120.087341,130.511243,114.107297,122.02928,122.741774,140.438885,112.05944,120.288194,120.19508,131.951958,89.874698,91.186505,89.992699,96.448236,89.218739,94.782375,99.201997,107.882077,125.228173,90.937601,91.199431,103.373474,60.464309,62.384633,59.886378,67.982635,51.684122,57.114398,65.839657,73.014013,48.991274,59.644274,59.80803,63.828192,39.274526,52.121328,51.808566,54.174207,39.462212,47.443712,46.468734,53.026694,35.874839,38.384595,,,31.775634,29.221532,37.226494
营运能力,存货周转率,1.046811,5.505801,4.122201,2.747056,1.307614,6.00255,4.284549,2.760274,1.266574,5.463059,3.909393,2.562752,1.136335,5.636454,4.141462,2.625986,1.254306,6.790727,4.442864,2.763774,1.376344,5.414113,3.636687,2.318235,0.97128,5.481572,3.832403,2.495331,1.082224,5.142261,3.268848,1.819565,0.873952,4.588004,3.149133,2.001673,0.926306,4.205039,3.153744,2.003944,0.860296,4.586679,3.047928,1.909409,0.915469,4.878547,3.298694,2.024115,0.924186,4.36771,3.107623,2.044557,1.024642,2.486052,2.125797,1.251209,0.526315,3.54396,2.476228,1.565267,0.763475,3.538088,2.695542,1.903282,0.7969,3.111163,2.343189,1.343862,0.532536,2.878072,,1.343331,0.623198,2.766462,2.090122,1.52536,0.719325,3.502769,2.405215,,,3.265601,3.154305,2.047019
营运能力,存货周转天数,85.975332,65.385577,65.498981,65.524689,68.827624,59.974504,63.017122,65.2109,71.057789,65.897141,69.064418,70.236978,79.201946,63.869935,65.194365,68.545671,71.752797,53.013461,60.771603,65.128317,65.390594,66.492876,74.243392,77.645266,92.661156,65.674588,70.451874,72.134712,83.162052,70.008112,82.597884,98.924733,102.980437,78.465491,85.737875,89.924736,97.160048,85.611554,85.612519,89.822841,104.61505,78.488145,88.584754,94.270003,98.310237,73.792449,81.850572,88.927741,97.382918,82.423045,86.88312,88.038605,87.835539,144.807882,127.011181,143.860802,171.000136,101.581271,109.036788,114.996317,117.881901,101.749865,100.165362,94.573474,112.937496,115.712331,115.227569,133.942225,169.002487,125.083704,,133.995189,144.416217,130.130099,129.179054,118.004852,125.11729,102.775824,112.256044,,,110.240042,114.129729,175.86542
营运能力,总资产周转率,0.150109,0.748365,0.55383,0.367434,0.166077,0.719008,0.512582,0.332604,0.152523,0.660509,0.470339,0.300866,0.137247,0.663953,0.48989,0.32215,0.14765,0.738049,0.538201,0.353428,0.167957,0.614285,0.419536,0.257071,0.106758,0.61827,0.442829,0.281352,0.127377,0.55698,0.353683,0.183423,0.087604,0.44513,0.302083,0.191349,0.085887,0.412553,0.31155,0.200631,0.089615,0.512179,0.354438,0.23371,0.116626,0.718228,0.494656,0.34134,0.169344,0.720027,0.501437,0.331529,0.155158,0.436711,0.371608,0.231203,0.099854,0.655897,0.496259,0.315576,0.177593,0.746796,0.552904,0.366322,0.149422,0.672898,0.504765,0.296401,0.129698,0.685819,0.53978,0.354768,0.164311,0.753194,0.603777,0.382108,0.216884,1.218424,0.884768,,,1.501779,1.443253,0.938909
营运能力,总资产周转天数,599.562773,481.048226,487.513948,489.883282,541.9159,500.689453,526.744599,541.183256,590.0731,545.033772,574.053477,598.271223,655.749324,542.206411,551.143736,558.744761,609.549469,487.77213,501.670915,509.296169,535.850526,586.047022,643.566667,700.195268,843.024211,582.269417,609.715656,639.767274,706.561198,646.342256,763.393987,981.337039,1027.339705,808.751672,893.792176,940.688659,1047.881968,872.613645,866.633091,897.166947,1004.293004,702.879073,761.768484,770.182229,771.692508,501.233244,545.83282,527.333024,531.462026,499.980713,538.451995,542.937312,580.052931,824.343502,726.571591,778.534661,901.312417,548.865892,544.069793,570.384263,506.776042,482.058827,488.330605,491.370931,602.320694,534.99872,534.901927,607.284763,693.918397,524.919149,500.203237,507.37379,547.738819,477.964277,447.184655,471.070656,414.967731,295.463627,305.164524,,,239.715674,249.436352,383.423712
营运能力,流动资产周转率,0.263984,1.397561,1.047019,0.690442,0.308252,1.350901,0.971189,0.63048,0.291469,1.293265,0.928588,0.602396,0.276143,1.341099,0.988209,0.64344,0.295658,1.560139,1.140186,0.759875,0.366735,1.396847,0.969651,0.596639,0.248289,1.448365,1.055726,0.658974,0.299373,1.48495,0.975672,0.461526,0.25781,1.333612,0.880429,0.57599,0.248533,1.223217,0.958645,0.61781,0.276537,1.49149,0.986398,0.663418,0.329756,1.783178,1.105024,0.797816,0.372022,1.478863,0.981967,0.664066,0.306636,0.789561,0.680171,0.410441,0.171044,1.173206,0.866799,0.543334,0.372219,1.542169,1.161688,0.769795,0.316226,1.487797,1.171273,0.662067,0.309291,1.404415,0.977406,0.641076,0.29066,1.282913,1.005224,0.58939,0.357553,1.905733,1.303631,,,2.357792,2.206752,1.356178
营运能力,流动资产周转天数,340.929255,257.591555,257.87475,260.702385,291.968491,266.488695,278.009628,285.496596,308.780144,278.365009,290.763946,298.806652,325.917123,268.436372,273.221301,279.746132,304.405507,230.748635,236.80345,236.880757,245.408247,257.723118,278.450588,301.689915,362.480637,248.555991,255.747971,273.151877,300.627637,242.432266,276.732338,390.01051,349.093731,269.943394,306.668333,312.505005,362.124852,294.305753,281.647445,291.351644,325.453119,241.36928,273.722908,271.321785,272.92903,201.88669,244.338562,225.615698,241.920886,243.430122,274.958309,271.057213,293.507403,455.949475,396.958618,438.551712,526.179948,306.851236,311.490839,331.287451,241.792905,233.437314,232.420382,233.82838,284.606447,241.96842,230.518358,271.875422,290.988087,256.334354,276.241206,280.777509,309.639402,280.611242,268.596741,305.400265,251.710408,188.903606,207.113686,,,152.685176,163.135679,265.45175
营运能力,应付账款周转率,1.186571,4.777079,3.547286,2.246217,1.088171,4.901875,3.870956,2.473901,1.235669,5.001968,3.957528,2.57661,1.195931,6.013943,5.034159,3.183657,1.574142,6.584437,4.189396,2.689317,1.393003,4.896514,3.523073,2.383932,1.188883,5.839947,4.575322,3.058459,,5.601074,,2.274639,1.029953,4.764402,3.549226,2.439874,1.121389,5.2028,3.828175,2.763599,1.412903,5.721194,4.283414,2.887261,1.509794,5.752969,4.240742,2.750605,1.346622,5.630847,4.983538,3.459044,1.600515,5.187512,7.24679,5.505355,2.841342,11.259456,10.23582,6.412682,3.356325,12.183605,9.168783,5.510697,2.844009,10.075412,7.07024,4.651287,2.024666,9.204596,0.004915,4.990674,2.342503,10.077731,7.310106,4.813236,2.67384,11.940707,8.942653,,,13.505993,8.56035,5.157836
