选项,指标,20251231,20250930,20250630,20250331,20241231,20240930,20240630,20240331,20231231,20230930,20230630,20230331,20221231,20220930,20220630,20220331,20211231,20210930,20210630,20210331,20201231,20200930,20200630,20200331,20191231,20190930,20190630,20190331,20181231,20180930,20180630,20180331,20171231,20170930,20170630,20170331,20161231,20160930,20160630,20160331,20151231,20150930,20150630,20150331,20141231,20140930,20140630,20140331,20131231,20130930,20130630,20130331,20121231,20120930,20120630,20120331,20111231,20110930,20110630,20110331,20101231,20100930,20100630,20100331,20091231,20090930,20090630,20090331,20081231,20080930,20080630,20080331,20071231,20070930,20070630,20070331,20061231,20060930,20060630,20060331,20051231,20050930,20050630,20050331,20041231,20040930,20040630,20040331,20031231,20030930,20030630,20030331,20021231,20020930,20020630,20020331,20011231,20010630,20001231,20000630,19991231,19981231,19971231
常用指标,归母净利润,811136343.11,754695687.39,397140525.81,142704757.44,806313276.29,723184257.93,357532377.3,120562905.79,795072731.99,684657863.32,280432170.03,80468829.87,-576786957.69,-327877415.8,-384851228.29,-232376308.45,55676902.32,125085313.29,65212414.75,-181932006.97,-496005290.39,-555019012.61,-695070393.76,-526016477.39,884973463.27,719192679.75,367630342.68,73956790.71,857013089.72,801496122.0,339960164.83,75386633.08,630888146.25,550414460.24,240716579.63,34810628.54,210938549.2,156869356.61,13944134.52,7024639.58,100130266.47,67154345.42,41912592.65,29669767.89,112473056.88,90251030.6,62211562.49,30662877.12,117970148.44,96216197.26,66336464.79,32243425.08,112380442.95,97613514.63,67326203.1,33171951.12,106105028.28,91584754.93,62677863.71,28073168.6,187123849.96,153428139.68,112186529.59,61463244.84,159658603.14,125103448.77,87514871.9,50740123.19,185048859.99,133171409.91,86856055.29,46892579.01,122373518.62,97314973.88,62305688.48,34202466.06,79903272.42,67566878.03,43498507.7,24079068.44,57884383.15,47947256.91,28250045.43,12204941.81,60479724.65,49523689.56,26379526.11,10460098.76,53742181.08,23163074.0,6363503.59,10843813.25,66613870.61,50566066.19,33996313.15,458846.45,77328536.07,30657248.85,53858217.03,15729967.18,51133987.43,41116882.75,58201077.51
常用指标,营业总收入,7606797307.66,5782127333.27,3660929011.03,1765413982.68,7751223528.97,5888753416.13,3733022854.37,1845458817.94,7792924439.0,5910651968.98,3608134898.42,1655538473.32,5090223628.7,3838697762.71,2331429200.19,1212215051.02,6153086628.43,4725947336.91,3144068023.98,1271193020.88,5281880485.31,3576316111.9,1904463930.39,800737516.72,8311103504.52,6230669056.91,3990368888.38,1943576229.57,8538810024.72,6368514523.3,4002363242.59,1924460967.32,8416651931.85,6311591968.25,3988246684.23,1912579785.34,6522779197.52,4503479486.51,2327851829.36,355927075.2,1332799606.39,975824205.16,636816138.0,346391599.71,2790622394.51,2041444101.28,1283532274.01,670385117.72,2964530795.94,2292621388.96,1435687625.56,795454210.14,3040758122.32,2292217992.88,1419666216.54,741233698.34,2697680198.32,2009035062.57,1222430458.37,604747108.36,2304639269.56,1722998893.82,1075737687.97,572506898.07,1649372976.93,1144120643.25,726967662.22,406472383.04,1875651288.86,1309689522.99,890569219.35,466459308.85,1819551283.96,1265344696.84,785437688.6,382589837.26,1467435776.41,1043939714.99,633437203.08,275336383.02,1280547378.96,965843521.35,623482385.79,295539204.26,1353113728.47,1005428839.68,623382133.2,302177180.46,866805295.85,648463609.94,447225901.27,265458016.08,1060065001.95,857423584.01,524911078.0,224651153.56,1209063699.54,516670671.97,749706594.11,237769668.6,412259810.37,388788412.59,461237808.62
常用指标,营业成本,6489361033.18,4835493461.57,3163935673.46,1609164520.59,6671153824.67,4979009839.11,3284762521.18,1692503821.83,6703573908.45,4995424353.44,3223198232.81,1577264992.64,5774801053.69,4329994824.15,2848570076.32,1522094790.34,6191605317.87,4622844675.39,3077533176.99,1501052694.73,5761082011.49,4234719643.64,2748626568.45,1456525807.53,7139923790.18,5268470749.51,3478424408.22,1797078106.97,7370575835.01,5394439239.11,3504654390.75,1788116589.88,7459594032.21,5460701977.08,3567719020.94,1796905227.33,6226522720.04,4258883262.58,2242482886.74,320612694.44,1295052061.77,929650074.09,614071810.88,330560439.97,2657819932.22,1923074627.79,1192882537.42,613026673.45,2815699444.47,2168553868.6,1342600050.08,736354149.84,2878084325.79,2153062883.48,1315664270.24,680905675.69,2546725422.93,1886431946.7,1131919279.76,554861293.98,2028330834.69,1489708760.09,896527204.23,465551936.96,1410120865.62,963381697.34,591406284.43,319107487.88,1599257234.93,1106120382.18,755252849.15,387148073.65,1603769528.33,1116993230.72,682542473.96,325887660.88,1345342735.81,948420546.28,572375580.96,242091699.38,1195258930.32,898115505.67,577532303.52,276022981.55,1259144451.79,939534537.53,585212791.67,287673271.05,815355155.14,616799455.73,436496486.45,247368617.99,991815673.84,816604668.21,503981967.1,225357232.1,1150309065.52,480607289.46,680725228.53,214031285.92,341831426.31,336861962.03,370828500.1
常用指标,净利润,814285836.81,780592139.34,420992003.62,160121897.59,820085076.71,731110691.96,366665431.35,133784446.76,810874393.16,709120099.87,300295879.44,97771549.47,-669496512.18,-391141101.1,-426774777.87,-246175706.79,10113007.89,105070232.76,62021091.76,-192017502.43,-531105695.66,-585335376.62,-720903929.73,-540557097.12,919328702.61,746953313.57,396183048.13,98318095.57,892336780.89,832793021.2,367457822.32,95504886.83,659217413.04,575341668.87,259977369.19,47977481.56,333310816.14,275771713.26,69742452.05,17942965.81,112720093.86,64483226.7,38479444.82,28468811.96,133592116.81,107166727.46,75528036.59,39115657.26,136608907.11,112498439.97,79541909.91,41548754.64,138335468.43,119576153.93,84538562.49,43378109.61,128435616.06,111784460.23,77734698.02,36338233.86,237416176.33,197499391.04,145620906.7,82667563.73,202863852.09,157404989.47,111246357.54,66777711.28,234806790.18,170839035.73,110608982.5,61252476.14,163471302.06,127471411.23,84015814.47,45760941.66,87961059.76,75103721.48,47957915.46,27467279.74,71919047.72,61427485.33,38435442.3,16750565.42,74021322.59,57634055.45,31296969.75,11876585.14,60660382.44,27502654.26,8835187.51,15554789.31,74239433.21,54047408.58,34994380.25,-453975.55,79857969.03,32559316.66,59433494.5,17359185.99,53891252.95,43304518.12,67680803.22
常用指标,扣非净利润,741288523.8,675238696.06,335598759.36,109106043.96,733233784.31,661000077.12,323288909.72,97386085.14,719393462.54,624947695.02,233419431.89,48165709.41,-673781622.49,-396301066.8,-435156542.63,-258829359.21,10945808.96,93447458.89,49244862.67,-189693309.58,-527499599.01,-572777135.49,-705367742.65,-522031052.9,816484334.63,689321963.14,335667578.29,56236755.81,690207274.74,664408963.96,316002243.12,58002785.19,595075457.4,545065264.61,239227549.62,37793243.13,145275982.18,123966174.48,31355025.95,10838947.0,31404384.12,28858029.99,9080467.68,-296156.63,97847805.49,90808999.62,62299548.75,30869524.74,117123065.01,94703069.38,65109384.48,31648270.23,117019990.99,100364722.63,70225369.05,30446436.49,101647788.18,84377018.32,58980862.25,28026517.61,183641141.0,153844639.79,112607266.52,61609519.92,157860197.9,123108307.74,85897041.42,50325883.8,172513657.26,133207447.52,51997617.19,47057840.89,128380871.72,92380284.05,65788817.42,34388844.36,81520250.06,44222695.61,25502365.74,12574165.95,56992835.91,45104716.57,27856827.34,12238166.86,61527385.26,51372392.65,26380251.14,10560204.3,50132929.56,23349648.78,5694422.54,11159785.33,49497482.49,34441700.0,17715757.07,,46285827.22,27077675.53,47861492.84,15730000.0,,,
常用指标,股东权益合计(净资产),12150293898.26,12198369743.06,11838618522.77,11980349989.71,11820510543.14,11734013852.17,11409834889.37,11411109454.47,11272921105.4,11162897100.7,10754706647.19,10703896387.5,10669665305.81,10922999195.55,10878189141.59,11076715324.5,11321562717.73,8428576996.65,8376848862.54,8106961434.35,8635412267.36,8637177444.01,8497855583.88,8773971813.48,9296827987.99,9128044566.93,8701949959.18,8561407447.7,8452865894.07,8365835905.59,7937773078.93,7724751603.1,7627171539.12,7541301102.55,7240867265.14,7055476487.89,7003356529.77,3166540728.04,2990476320.72,1394218386.19,1406270990.43,1377363868.79,1382900300.99,1421863185.07,1343233359.02,1359783176.2,1302098939.03,1336572113.21,1293458178.04,1252476907.62,1214392840.28,1256862035.27,1235761318.47,1211710818.48,1181314532.33,1273297687.84,1333817344.13,1209073422.81,1191782092.72,1306502734.88,1265169572.48,1219981835.11,1197206777.41,1291773843.35,1203801930.72,1388695265.58,1351779234.16,1395843600.73,1445416648.15,1217250848.21,1175645602.89,1290440007.93,1254956363.01,1143202049.24,1099746452.49,1100829580.07,1089985302.5,1029161478.27,1009271436.28,1035706964.1,1023826697.85,1023772257.83,1000929675.34,1022945389.18,1003403271.53,991737849.17,961851174.29,977482241.35,965673788.05,930992960.87,889732740.63,897112968.91,925524179.6,798296539.14,779243510.78,748043933.67,748780817.09,753109614.26,727151161.88,721013728.6,288346180.58,274013804.81,
常用指标,商誉,4691866361.51,4691866361.51,4691866361.51,4691866361.51,4691866361.51,4691866361.51,4691866361.51,4691866361.51,4691866361.51,4701342795.11,4701342795.11,4701342795.11,4701342795.11,4701342795.11,4682789929.81,4682789929.81,4682789929.81,4682789929.81,4682789929.81,4682789929.81,4682789929.81,4687491944.33,4687491944.33,4687491944.33,4687491944.33,4687491944.33,4687491944.33,4690539498.75,4690539498.75,4772657033.1,4772435784.77,4772435784.77,4767733770.25,4767733770.25,4767733770.25,4767733770.25,4767733770.25,4686010054.42,4693897059.56,245757280.44,245757280.44,245757280.44,245757280.44,245757280.44,52195584.42,52197114.28,42719150.82,42719150.82,42719150.82,42719150.82,42719150.82,42719150.82,42719150.82,42719150.82,42719150.82,42719150.82,42719150.82,42719150.82,42719150.82,42719150.82,42719150.82,42719150.82,42719150.82,42719150.82,42719150.82,42719150.82,42719150.82,42719150.82,42719150.82,42719150.82,42719150.82,42719150.82,42719150.82,36785935.41,36785935.41,36785935.41,42719150.82,,,,,,,,,,,,,,,,,,,,,,,,,,
常用指标,经营现金流量净额,3313341174.11,2630802381.52,1546488494.37,673437789.17,3370866578.48,2699808693.36,1491785300.34,596236020.36,4013777901.35,3378064572.17,1993510044.77,900949261.48,1483175170.41,1111475654.87,463534984.74,105877831.91,2308314728.57,1803569568.91,1102117819.5,200199827.77,439835191.92,173561729.98,-252416347.95,-516424226.5,1804331547.1,1416135685.93,673647208.87,158059786.86,1923042021.86,1426090029.11,769108145.88,218010135.03,2068129257.63,1634900861.92,821393568.69,236093210.8,1482291286.43,1089748075.09,474947005.67,84350732.47,363772212.88,263377352.0,122662549.26,43895591.5,246441435.89,144434859.87,99124125.51,61627181.06,239472459.99,161694539.86,82788907.68,64456230.49,337082095.92,217390447.73,126633635.21,86031456.6,-6264386.35,-124591932.88,-191992867.2,88236998.64,319253973.15,221045655.83,149709455.21,98815329.85,273572080.67,183937272.84,103982860.26,75382914.36,254463954.56,175220347.24,146734118.44,69326065.92,250445001.43,174179530.84,110881014.03,51149008.85,223707853.49,149251894.42,115369708.98,38871332.68,139831649.38,88963570.73,61377663.47,25076814.04,145229909.34,128888757.83,85184438.94,34037309.03,121409084.1,63142724.27,27299845.49,23424641.28,119602807.88,,49235518.81,,85387163.15,20428613.62,53102840.67,20275666.43,,,
常用指标,基本每股收益,0.7264,0.6759,0.3557,0.1278,0.7221,0.6477,0.3202,0.108,0.712,0.6132,0.2511,0.0721,-0.5167,-0.2938,-0.3448,-0.2081,0.056,0.1276,0.0666,-0.1859,-0.5074,-0.5677,-0.7107,-0.5374,0.9031,0.7337,0.3746,0.0756,0.8755,0.8188,0.3473,0.077,0.6445,0.5623,0.2459,0.0427,0.5997,0.6779,0.0603,0.0304,0.4327,0.2902,0.1811,0.1282,0.4861,0.39,0.2688,0.1325,0.5098,0.4158,0.2867,0.1393,0.4857,0.4218,0.291,0.1434,0.4585,0.3958,0.2709,0.1213,0.8087,0.663,0.4848,0.2656,0.69,0.5327,0.3719,0.2181,0.7463,0.5755,0.3754,0.2026,0.5288,0.4205,0.2693,0.15,0.3453,0.292,0.188,0.1,0.2501,,0.1221,,0.2614,,0.114,,0.2322,,0.028,,0.288,,0.147,,0.33,0.132,0.27,,,,
常用指标,每股净资产,10.81267,10.791831,10.471479,10.604172,10.476623,10.401169,10.074196,10.080919,9.972942,9.86701,9.486012,9.442287,9.373899,9.611581,9.540204,9.693026,9.899427,8.292023,8.218106,7.937695,8.484227,8.443624,8.29589,8.543718,9.058352,8.884013,8.532252,8.414084,8.338446,8.259806,7.788413,9.091651,8.996693,8.895588,8.519815,9.942739,9.885437,5.305956,4.807841,5.026017,5.125287,4.902117,5.084652,5.164416,4.951409,4.873806,4.677313,4.769042,4.619253,4.480899,4.329615,4.44748,4.359138,4.267707,4.156877,4.535597,4.38357,4.30821,4.231941,4.580302,4.437397,4.269002,4.051616,4.495261,4.206723,4.923547,4.773218,4.996893,4.730864,4.379413,4.242501,4.606684,4.514831,4.015302,3.864008,3.91256,3.761479,3.61859,3.538033,3.648064,3.594004,3.549831,3.464709,3.555369,3.502626,3.452481,3.352463,3.433667,3.388463,3.249789,3.177127,3.196372,3.14951,3.236371,3.164765,3.019832,3.017849,3.062084,2.943846,2.931353,1.641369,1.0,
常用指标,每股现金流,2.96734,2.356076,1.384993,0.603112,3.018858,2.417876,1.336003,0.533973,3.594632,3.025304,1.781735,0.792199,1.333737,0.997055,0.408104,0.094417,2.058453,1.82726,1.115825,0.202689,0.445305,0.17563,-0.255424,-0.522843,1.826758,1.433737,0.68202,0.161468,1.96451,1.456842,0.785693,0.272327,2.530874,2.004186,1.006927,0.347305,2.180527,4.709369,2.052493,0.364523,1.572049,1.13819,0.530088,0.189695,1.065001,0.624178,0.428367,0.266323,1.034885,0.698766,0.357774,0.278548,1.456707,0.939457,0.547249,0.358546,-0.125933,-0.661831,-0.872305,0.381318,1.379662,0.955253,0.646972,0.427032,1.182247,0.807064,0.467263,0.344836,1.070697,0.757218,0.634114,0.299594,1.082303,0.75272,0.479174,0.221041,0.966758,0.644995,0.498572,0.167983,0.604285,0.384457,0.265244,0.108369,0.627614,0.556995,0.368126,0.147092,0.524671,0.272872,0.117976,0.10123,0.516866,,0.212772,,0.369002,0.088282,0.229485,0.087621,,,
常用指标,净资产收益率(ROE),6.82,6.32,3.34,1.21,7.06,6.34,3.16,1.08,7.35,6.34,2.63,0.76,-5.31,-2.98,-3.51,-2.12,0.67,1.54,0.81,-2.29,-5.72,-6.41,-8.08,-6.05,10.36,8.49,4.41,0.9,11.07,10.4,4.54,1.02,8.98,7.88,3.52,0.52,12.78,13.02,1.21,0.6,8.44,5.83,3.59,2.54,10.25,8.24,5.73,2.82,11.54,9.5,6.58,3.19,10.98,9.4,6.26,2.93,9.73,8.41,5.69,2.69,18.93,15.52,11.2,6.1,15.14,,7.72,,16.3,,8.29,,12.63,,7.01,,9.24,,5.2,,7.1,,3.48,,7.64,,3.36,,6.98,,0.869,,9.1,,4.75,,10.96,4.42,10.53,,,,
常用指标,总资产报酬率(ROA),5.850334,5.074278,2.871157,1.142548,7.522277,5.048568,2.723631,1.083775,6.028675,5.031425,2.369636,0.891928,-1.018173,-0.423008,-0.967792,-0.585446,2.434524,2.65978,1.727796,-0.422097,-2.847671,-3.54569,-4.827782,-3.682506,8.284809,6.721411,3.714895,1.145693,8.627364,7.611466,3.673813,1.193905,7.087907,5.978383,3.013368,0.924821,7.860489,7.027986,2.557966,1.698744,8.279655,5.966596,4.012179,2.524066,9.030215,7.174463,5.165121,2.889524,9.332909,7.735899,5.528842,2.998343,9.793517,8.417527,6.036212,2.862206,8.963604,7.61314,5.21628,2.762436,16.897097,14.05415,10.435318,5.777128,14.013984,10.314758,7.436272,4.501565,15.727894,12.208544,7.897709,4.32031,12.776062,9.480517,6.15901,3.378931,8.043167,4.350629,2.51914,1.216732,6.321674,5.50286,3.380539,1.471747,7.06117,5.423764,3.021153,1.229722,5.496376,2.814711,1.168158,1.526484,6.097739,4.661416,2.474412,0.068389,9.593046,3.965433,9.640527,2.567223,11.698188,10.076527,
常用指标,毛利率,39.880965,40.701758,38.332332,35.358915,38.355737,39.592922,37.575727,36.58834,38.117266,39.740115,36.117961,30.659874,15.67732,16.494127,9.24597,5.762826,26.149481,28.16467,28.032696,12.269128,12.622153,3.45421,-18.008541,-43.530029,93.684292,93.772862,94.142762,93.92321,94.474213,94.562785,94.861823,94.528434,94.639009,94.604347,95.015049,94.897323,94.492949,94.495193,94.249014,86.592748,86.394409,86.0473,86.746447,85.808166,33.436753,33.879956,36.099643,37.824017,32.254267,31.189228,33.475022,33.729059,32.840346,32.463145,35.600984,32.833045,30.956897,30.221593,33.252954,32.986262,37.586861,37.235566,41.79681,43.079594,46.66853,46.080842,48.711238,49.317825,41.070234,40.584364,39.466479,40.383637,35.259509,35.462542,38.941942,42.437164,33.3429,28.831633,29.940465,37.675922,36.555842,35.454264,37.624803,38.809649,35.622113,34.909555,36.233419,37.742075,43.244342,40.219215,36.35214,41.767321,33.455888,27.802502,28.781928,27.378769,29.486266,34.496894,41.472747,56.289402,66.972577,74.938512,71.767579
常用指标,销售净利率,10.704713,13.500085,11.499594,9.069934,10.580072,12.415372,9.822212,7.249386,10.405264,11.997324,8.322745,5.707726,-13.260549,-10.274156,-18.273215,-20.307923,0.164356,2.223262,1.972638,-15.105298,-10.055238,-16.366992,-37.853377,-67.507402,11.061451,11.988332,9.928481,5.058617,10.450364,13.076723,9.181021,4.962682,7.832299,9.115634,6.518587,2.508521,5.10995,6.123525,2.996,5.041191,8.457392,6.608078,6.042473,8.218678,4.787179,5.249554,5.884389,5.834803,4.608112,4.906978,5.540335,5.223274,4.549374,5.216613,5.954819,5.727276,4.655472,5.463411,6.359031,6.008831,10.301663,11.462537,13.536841,14.439575,12.299452,14.192519,15.761722,16.975024,12.412761,13.044239,12.420032,13.131365,8.984154,10.074046,10.696687,11.960835,5.945186,4.383926,4.014685,4.687476,5.625511,6.366929,6.17278,5.677596,5.476236,5.737964,5.026095,3.93438,7.001945,4.243153,1.97664,5.864541,7.003893,6.303466,6.666725,-0.20208,6.604943,6.301754,7.927567,7.300841,13.072157,11.138325,14.673732
常用指标,期间费用率,24.456016,23.603567,24.016826,25.763834,23.659991,23.401017,24.810316,27.568222,23.47804,23.658188,24.879788,25.245938,28.406205,28.545407,30.654098,30.373503,26.102832,25.256476,25.193602,29.557528,21.055358,21.247117,25.562556,37.299724,78.921842,77.670457,80.659625,85.704668,80.100375,78.443883,81.595337,86.463961,81.858322,80.26366,83.601933,88.046645,87.317235,86.573789,87.054815,71.515514,78.28856,76.274314,78.069018,76.505197,26.773659,26.131398,26.932389,27.116781,25.409256,23.950906,25.076225,24.386761,25.613976,24.466137,26.185942,22.999429,23.832702,22.58186,23.984904,22.837264,23.587526,21.74648,22.947352,22.218349,29.781911,27.449429,27.086241,24.723879,24.242412,22.881804,22.240451,21.276821,21.588334,21.841889,23.704097,25.435503,23.365656,21.407215,22.868698,29.864211,27.929906,26.520887,28.218006,30.075357,26.709571,26.436835,28.244475,31.037173,35.589147,33.883895,32.192335,32.896858,25.08175,21.386177,23.091721,26.033345,22.84732,25.500011,29.848415,43.011324,45.977093,57.187696,48.040607
常用指标,资产负债率,50.18144,51.109964,51.612877,51.682378,52.499798,53.944935,54.763574,55.561295,55.337336,55.953923,57.774381,58.021811,58.307136,58.346727,59.180368,57.918042,58.077382,66.669473,66.515609,67.616475,48.081325,47.913666,48.024255,46.33567,45.664352,46.535945,48.386722,48.774714,49.75763,50.592457,52.171727,53.275926,54.727352,56.122722,57.61989,58.738141,59.502446,81.698135,82.773023,63.815165,64.496759,66.00267,65.488428,65.67485,39.742167,40.047979,39.295572,37.330887,40.441443,41.605542,41.622729,43.595983,45.212314,45.493765,46.108346,43.645096,44.368487,44.065528,44.81123,34.547939,33.825459,34.98527,35.011005,34.209727,36.205983,30.570175,30.381641,28.726273,28.926986,32.799275,35.258204,30.945558,33.370481,35.49748,36.766654,36.516448,39.397564,41.623618,41.447293,38.348772,42.878611,37.81187,41.016398,38.473027,40.117098,37.122444,39.728913,36.563779,37.590976,39.523602,41.366847,42.927051,45.426216,31.516446,31.783357,31.676147,32.440112,32.035341,34.627779,38.556056,59.129611,54.988608,
每股指标,基本每股收益,0.7264,0.6759,0.3557,0.1278,0.7221,0.6477,0.3202,0.108,0.712,0.6132,0.2511,0.0721,-0.5167,-0.2938,-0.3448,-0.2081,0.056,0.1276,0.0666,-0.1859,-0.5074,-0.5677,-0.7107,-0.5374,0.9031,0.7337,0.3746,0.0756,0.8755,0.8188,0.3473,0.077,0.6445,0.5623,0.2459,0.0427,0.5997,0.6779,0.0603,0.0304,0.4327,0.2902,0.1811,0.1282,0.4861,0.39,0.2688,0.1325,0.5098,0.4158,0.2867,0.1393,0.4857,0.4218,0.291,0.1434,0.4585,0.3958,0.2709,0.1213,0.8087,0.663,0.4848,0.2656,0.69,0.5327,0.3719,0.2181,0.7463,0.5755,0.3754,0.2026,0.5288,0.4205,0.2693,0.15,0.3453,0.292,0.188,0.1,0.2501,,0.1221,,0.2614,,0.114,,0.2322,,0.028,,0.288,,0.147,,0.33,0.132,0.27,,,,
每股指标,稀释每股收益,0.7264,0.6759,0.3557,0.1278,0.7221,0.6477,0.3202,0.108,0.712,0.6132,0.2511,0.0721,-0.5167,-0.2938,-0.3448,-0.2081,0.056,0.1276,0.0666,-0.1859,-0.5074,-0.5677,-0.7107,-0.5374,0.9031,0.7337,0.3746,0.0756,0.8755,0.8188,0.3473,0.077,0.6445,0.5623,0.2459,0.0427,0.5997,,,,,,,,,,,,,,,,,,,,,,,,,,,,,,0.3719,,0.7463,,,,0.5288,,0.2693,0.15,,,0.188,0.1,,,,,,,,,,,,,,,,,,,,,,,
每股指标,摊薄每股收益_最新股数,0.726432,0.675885,0.355668,0.127802,0.722112,0.647664,0.320196,0.107972,0.712045,0.613161,0.251147,0.06913,-0.521375,-0.296469,-0.343847,-0.20811,0.049862,0.112023,0.058402,-0.162933,-0.444209,-0.49706,-0.622486,-0.471086,0.792558,0.644089,0.329239,0.066233,0.767518,0.717798,0.304459,0.067514,0.565006,0.492936,0.215579,0.031175,0.18891,0.140488,0.012487,0.006291,0.089673,0.060141,0.037535,0.026571,0.100727,0.080826,0.055715,0.02746,0.10565,0.086168,0.059409,0.028876,0.100644,0.08742,0.060295,0.027111,0.087386,0.075747,0.052934,0.025141,0.167583,0.137406,0.100471,0.055044,0.142985,0.110392,0.077062,0.045194,0.154669,0.119264,0.077785,0.041995,0.109594,0.087152,0.055799,0.03063,0.070752,0.040325,0.02363,0.011203,0.051839,0.04294,0.025299,0.01093,0.054164,0.044352,0.023624,0.009367,0.04813,0.020744,0.005698,0.009711,0.059657,0.045285,0.030446,0.00041,0.069253,0.027455,0.048233,0.014087,0.045794,0.036823,0.052123
每股指标,摊薄每股净资产_期末股数,10.81267,10.791831,10.471479,10.604172,10.476623,10.401169,10.074196,10.080919,9.972942,9.86701,9.486012,9.442287,9.373899,9.611581,9.540204,9.693026,9.899427,8.292023,8.218106,7.937695,8.484227,8.443624,8.29589,8.543718,9.058352,8.884013,8.532252,8.414084,8.338446,8.259806,7.788413,9.091651,8.996693,8.895588,8.519815,9.942739,9.885437,5.305956,4.807841,5.026017,5.125287,4.902117,5.084652,5.164416,4.951409,4.873806,4.677313,4.769042,4.619253,4.480899,4.329615,4.44748,4.359138,4.267707,4.156877,4.535597,4.38357,4.30821,4.231941,4.580302,4.437397,4.269002,4.051616,4.495261,4.206723,4.923547,4.773218,4.996893,4.730864,4.379413,4.242501,4.606684,4.514831,4.015302,3.864008,3.91256,3.761479,3.61859,3.538033,3.648064,3.594004,3.549831,3.464709,3.555369,3.502626,3.452481,3.352463,3.433667,3.388463,3.249789,3.177127,3.196372,3.14951,3.236371,3.164765,3.019832,3.017849,3.062084,2.943846,2.931353,1.641369,1.0,
每股指标,调整每股净资产_期末股数,1.586323,1.491718,1.065855,1.155303,0.949797,0.821704,0.45441,0.310415,0.158417,-0.008636,-0.51278,-0.55745,-0.603832,-0.418374,-0.387961,-0.270603,-0.037858,-2.918909,-3.008439,-3.382079,-2.84583,-2.92445,-3.149369,-3.023814,-2.516314,-2.689128,-3.062862,-3.31337,-3.320345,-3.483134,-4.014129,-5.033132,-5.205166,-5.32607,-5.887411,-7.648541,-7.902061,-46.604006,-47.298464,0.568228,0.632755,0.315003,0.42474,0.486699,3.102302,2.980254,2.823071,2.895301,2.725139,2.591253,2.428287,2.526161,2.418206,2.269759,2.126099,2.687889,2.522405,2.431618,2.341632,2.675458,2.520453,2.338747,2.107601,2.538017,2.236254,3.1769,3.014749,3.226349,2.94741,2.582397,2.43417,2.786211,2.682062,2.193073,2.0285,2.059112,2.057867,1.924493,1.83194,1.928943,1.862866,1.801912,1.702979,1.784545,2.142852,2.0794,1.969985,2.044945,1.986465,1.838963,1.761111,1.781277,1.724896,3.140734,3.069214,2.927559,2.922907,2.986051,2.86729,2.852388,1.631811,0.999921,
每股指标,每股净资产_最新股数,10.81267,10.791831,10.471479,10.604172,10.476623,10.401169,10.074196,10.080919,9.972942,9.86701,9.505176,9.461362,9.392836,9.630999,9.581044,9.73452,9.941805,7.329833,7.269503,7.02146,7.504906,7.472828,7.34208,7.557588,8.012822,7.858606,7.547446,7.376367,7.310057,7.241115,6.82786,6.641973,6.572601,6.498738,6.224214,6.053118,6.018233,1.099583,0.996356,1.04157,1.062142,1.015893,1.053721,1.070251,1.026108,1.010026,0.969306,0.988315,0.957274,0.928602,0.89725,0.921676,0.903369,0.884421,0.861453,0.939937,0.908432,0.892814,0.877009,0.949202,0.919587,0.884689,0.839639,0.931578,0.871783,1.020334,0.989181,1.035534,0.980403,0.90757,0.879197,0.954669,0.935634,0.832113,0.80076,0.810822,0.779512,0.7499,0.733206,0.756009,0.744805,0.735651,0.718011,0.736799,0.725869,0.715477,0.69475,0.711578,0.70221,0.673472,0.658414,0.662402,0.65269,0.670691,0.655852,0.625816,0.625406,0.634573,0.61007,0.607481,0.237252,0.226215,
每股指标,每股经营现金流,2.96734,2.356076,1.384993,0.603112,3.018858,2.417876,1.336003,0.533973,3.594632,3.025304,1.781735,0.792199,1.333737,0.997055,0.408104,0.094417,2.058453,1.82726,1.115825,0.202689,0.445305,0.17563,-0.255424,-0.522843,1.826758,1.433737,0.68202,0.161468,1.96451,1.456842,0.785693,0.272327,2.530874,2.004186,1.006927,0.347305,2.180527,4.709369,2.052493,0.364523,1.572049,1.13819,0.530088,0.189695,1.065001,0.624178,0.428367,0.266323,1.034885,0.698766,0.357774,0.278548,1.456707,0.939457,0.547249,0.358546,-0.125933,-0.661831,-0.872305,0.381318,1.379662,0.955253,0.646972,0.427032,1.182247,0.807064,0.467263,0.344836,1.070697,0.757218,0.634114,0.299594,1.082303,0.75272,0.479174,0.221041,0.966758,0.644995,0.498572,0.167983,0.604285,0.384457,0.265244,0.108369,0.627614,0.556995,0.368126,0.147092,0.524671,0.272872,0.117976,0.10123,0.516866,,0.212772,,0.369002,0.088282,0.229485,0.087621,,,
每股指标,每股现金流量净额,0.110529,-0.012497,-0.018732,0.086687,0.102009,0.172539,0.57747,0.368638,0.160447,0.498379,0.324289,0.398533,-1.922062,-1.734604,-1.588085,-0.51503,1.607074,-0.046708,-0.092239,-0.036093,-0.426465,-0.7663,-0.781806,-0.734667,0.75211,0.534545,0.530555,0.483231,-0.427637,-0.225426,-0.21682,-0.303539,0.424298,0.57021,0.343711,0.012011,1.378778,4.367401,4.063986,-0.036576,-0.352158,-0.136039,-0.581108,-0.127985,-0.218529,-0.3972,-0.369588,-0.078022,-0.476318,-0.66274,-0.967733,-0.436701,0.366288,0.082638,-0.057539,0.244192,0.086248,-0.245662,-0.260204,0.302184,0.086799,-0.082844,-0.170656,0.309183,-0.378962,-0.294488,-0.50003,-0.37709,0.401999,0.021498,0.059541,0.12423,0.181987,0.040499,-0.038009,-0.021746,-0.314555,-0.358798,-0.396437,-0.445972,0.082754,-0.389962,-0.201812,-0.24879,0.152526,0.249126,0.25639,-0.049576,-0.179533,-0.154376,-0.245975,-0.152329,0.124597,,0.422137,,-0.477247,-0.671285,0.587085,0.78755,,,
每股指标,每股企业自由现金流量,0.54686,,0.384245,,1.269812,,0.181408,,0.817112,,0.322533,,0.551792,,0.357951,,-0.693117,,1.978592,,1.066162,,0.372035,,1.27088,,0.546628,,0.767569,,0.293948,,-3.329807,,-4.063449,,8.349062,,38.158236,,7.213354,,6.479084,,0.862704,,0.525442,,1.225222,,1.155257,,0.76703,,0.471007,,-0.111323,,-0.208278,,1.800138,,0.645404,,0.780831,,0.307664,,0.637053,,0.374146,,0.198531,,0.142638,0.020583,0.131932,0.274483,0.15536,-0.021183,1.136636,0.848468,0.943613,0.634848,-0.251993,0.303968,0.311941,0.076638,0.7728,0.356849,0.356955,0.335015,1.740558,,0.031699,,-0.10425,-0.048175,-0.650838,-1.621527,,,
每股指标,每股股东自由现金流量,0.443541,,0.221281,,1.187161,,0.454211,,-0.007351,,0.081323,,0.508604,,0.551328,,-1.743902,,1.713536,,1.121846,,0.297153,,0.596601,,0.344142,,-0.431746,,-0.220919,,-4.449033,,-4.225264,,12.369918,,68.893122,,7.126924,,6.880986,,2.003585,,0.443333,,0.732568,,0.718783,,0.57984,,0.465146,,1.169211,,1.17319,,1.579741,,0.554652,,1.351271,,0.653385,,0.4858,,0.218571,,-0.112618,,-0.008615,-0.152277,-0.38665,-0.114453,-0.289756,-0.492229,1.339748,0.705858,0.887434,0.513845,0.115335,0.118143,0.428622,-0.001149,0.552402,0.166702,0.205702,0.195043,2.475217,,0.182952,,-0.147465,0.146292,-1.200567,-1.642848,,,
每股指标,每股未分配利润,2.74923,2.865551,2.545334,2.677468,2.550337,2.51642,2.188952,2.196721,2.088748,2.013755,1.648411,1.435002,1.366011,1.590442,1.539708,1.700867,1.90809,2.238126,2.175966,1.925748,2.477539,2.4143,2.27258,2.514921,3.037621,2.878792,2.522859,2.355621,2.235048,2.17949,1.708001,1.805267,1.712852,1.614901,1.235249,1.189401,1.138192,3.126424,2.508769,2.628867,2.59851,2.49521,2.386128,2.48322,2.355002,2.302875,2.181701,2.295363,2.162853,2.113803,1.984677,2.087343,1.948002,1.914375,1.783488,1.787734,1.656911,1.675487,1.565406,1.881293,1.759975,1.684937,1.50671,1.887509,1.621894,1.526786,1.365951,1.582176,1.364094,1.051306,0.90236,1.150783,0.948135,0.652951,0.501658,0.550209,0.399507,0.308883,0.228327,0.338357,0.284298,0.323463,0.238341,0.333721,0.280977,0.310446,0.210428,0.291632,0.246428,0.187882,0.115282,0.134644,0.087782,0.278093,0.206486,0.061553,0.05957,0.133768,0.006381,0.102634,0.048449,,
每股指标,每股资本公积金,6.665235,6.667911,6.66795,6.668353,6.667771,6.66734,6.66734,6.66734,6.66734,6.66734,6.668826,6.846391,6.846391,6.861004,6.861289,6.860207,6.859234,4.905182,4.899364,4.896364,4.891179,4.916484,4.909167,4.901474,4.894084,4.880864,4.885736,4.856218,4.856131,4.835774,4.835634,6.002515,6.002271,5.997416,5.996954,7.410428,7.409885,0.1923,0.306693,0.370668,0.370668,0.371835,0.52715,0.50511,0.50511,0.825561,0.751061,0.732,0.713661,0.667441,0.645282,0.659609,0.712383,0.69288,0.712938,1.103814,1.082611,1.065783,1.099595,1.132069,1.110483,1.089873,1.050713,1.11356,1.090637,1.964287,1.974794,1.982244,1.934297,1.956022,1.968056,2.083817,2.194611,1.828999,1.828999,1.828999,1.828999,1.832935,1.832935,1.832935,1.832935,1.831705,1.831705,1.831705,1.831705,1.828907,1.828907,1.828907,1.828907,1.822381,1.822319,1.822202,1.822202,1.788414,1.788414,1.788414,1.788414,1.834719,1.834719,1.788769,0.529892,,
每股指标,每股盈余公积金,0.410186,0.243319,0.243319,0.243319,0.243319,0.202788,0.202788,0.202788,0.202788,0.185613,0.185239,0.178723,0.178723,0.178723,0.178321,0.178321,0.178321,0.202592,0.202453,0.202453,0.202491,0.202387,0.202387,0.20249,0.20249,0.199872,0.199872,0.201675,0.196673,0.195518,0.195518,0.234621,0.234621,0.233922,0.233922,0.280707,0.280707,0.808229,0.808229,0.808229,0.808229,0.769022,0.769022,0.769022,0.769022,0.725116,0.725116,0.725116,0.725116,0.680156,0.680156,0.680156,0.680156,0.649968,0.649968,0.633565,0.633565,0.558825,0.558825,0.558825,0.558825,0.488246,0.488246,0.488246,0.488246,0.432472,0.432472,0.432472,0.432472,0.372084,0.372084,0.372084,0.372084,0.533351,0.533351,0.533351,0.532972,0.47677,0.47677,0.47677,0.47677,0.394661,0.394661,0.389943,0.389943,0.313127,0.313127,0.313127,0.313127,0.239525,0.239525,0.239525,0.239525,0.169863,0.169863,0.169863,0.169863,0.093597,0.102745,0.03995,0.063027,,
每股指标,每股留存收益,3.159417,3.10887,2.788653,2.920787,2.793656,2.719208,2.39174,2.399509,2.291536,2.199368,1.83365,1.613725,1.544735,1.769165,1.718029,1.879188,2.086411,2.440719,2.378419,2.128201,2.680031,2.616688,2.474968,2.717411,3.240111,3.078664,2.722732,2.557297,2.431722,2.375008,1.903519,2.039889,1.947474,1.848823,1.469172,1.470108,1.4189,3.934653,3.316999,3.437096,3.406739,3.264233,3.15515,3.252242,3.124024,3.027991,2.906818,3.02048,2.887969,2.793959,2.664833,2.767499,2.628159,2.564343,2.433456,2.421299,2.290476,2.234313,2.124232,2.440119,2.3188,2.173184,1.994957,2.375755,2.110141,1.959259,1.798424,2.014649,1.796567,1.423391,1.274444,1.522867,1.32022,1.186302,1.035009,1.08356,0.93248,0.785654,0.705098,0.815128,0.761068,0.718125,0.633003,0.723664,0.67092,0.623573,0.523555,0.604759,0.559555,0.427407,0.354808,0.374169,0.327308,0.447957,0.37635,0.231417,0.229434,0.227365,0.109127,0.142584,0.111476,,
每股指标,每股营业收入,6.812444,5.178319,3.27863,1.581057,6.941789,5.27381,3.343195,1.652743,6.979135,5.293422,3.224834,1.479666,4.548721,3.430107,2.078271,1.080999,5.487051,4.788025,3.183171,1.287003,5.347572,3.618936,1.92716,0.81069,8.414407,6.308114,4.039967,1.985487,8.722939,6.505844,4.088669,2.359151,10.317777,7.737233,4.889098,2.813504,9.595347,19.461881,10.05986,1.538146,5.759721,4.217044,2.752014,1.496938,12.059733,8.822143,5.546811,2.897083,12.811282,9.907611,6.204354,3.437572,13.1407,9.905868,6.135117,3.016663,10.978301,8.176545,4.974268,2.613427,9.959547,7.445976,4.648823,2.4741,7.1278,4.736889,3.009909,1.693009,7.745068,5.659851,3.848613,2.015813,7.863229,5.468213,3.394285,1.65337,6.32867,4.416689,2.681884,1.107438,5.524825,4.169359,2.690838,1.274974,5.841323,4.340682,2.690965,1.304523,3.74389,2.80106,1.931633,1.146216,4.580699,3.705374,2.268414,0.970834,5.224994,2.232803,3.239872,1.027526,2.554273,1.539187,
每股指标,每股营业总收入,6.812444,5.178319,3.27863,1.581057,6.941789,5.27381,3.343195,1.652743,6.979135,5.293422,3.224834,1.479666,4.548721,3.430107,2.078271,1.080999,5.487051,4.788025,3.183171,1.287003,5.347572,3.618936,1.92716,0.81069,8.414407,6.308114,4.039967,1.985487,8.722939,6.505844,4.088669,2.359151,10.317777,7.737233,4.889098,2.813504,9.595347,19.461881,10.05986,1.538146,5.759721,4.217044,2.752014,1.496938,12.059733,8.822143,5.546811,2.897083,12.811282,9.907611,6.204354,3.437572,13.1407,9.905868,6.135117,3.016663,10.978301,8.176545,4.974268,2.613427,9.959547,7.445976,4.648823,2.4741,7.1278,4.736889,3.009909,1.693009,7.745068,5.659851,3.848613,2.015813,7.863229,5.468213,3.394285,1.65337,6.340597,4.425088,2.688144,1.111054,5.533912,4.173913,2.694392,1.277178,5.847509,4.344982,2.693959,1.305865,3.745917,2.802349,1.932696,1.147182,4.581093,3.705374,2.268414,0.970834,5.224994,2.232803,3.239872,1.027526,2.554273,1.539187,
每股指标,每股息税前利润,1.290838,1.132366,0.634497,0.254172,1.688409,1.14658,0.615447,0.247107,1.369971,1.145686,0.539826,0.203306,-0.238668,-0.100622,-0.231531,-0.139205,0.473695,0.564818,0.364286,-0.08903,-0.486414,-0.604432,-0.817305,-0.623735,1.423163,1.153352,0.633441,0.19626,1.483797,1.313279,0.627575,0.24427,1.483216,1.263498,0.634979,0.233948,1.228834,3.22891,1.178401,0.286819,1.107432,0.80971,0.540639,0.347494,0.858706,0.68828,0.481771,0.268753,0.892814,0.735545,0.517975,0.290496,0.976165,0.833106,0.593371,0.285529,0.797967,0.67009,0.458885,0.233266,1.386993,1.142881,0.840864,0.480655,1.175134,0.890151,0.63235,0.384422,1.271451,0.974691,0.631301,0.350274,1.013931,0.729622,0.469587,0.257247,0.613731,0.334226,0.191388,0.091289,0.473712,0.394981,0.24635,0.106158,0.491739,0.366184,0.205188,0.082058,0.375611,0.191871,0.079075,0.105126,0.358864,0.229041,0.120332,0.003255,0.460301,0.190252,0.378671,0.104229,0.476291,0.24285,
盈利能力,净资产收益率(ROE),6.82,6.32,3.34,1.21,7.06,6.34,3.16,1.08,7.35,6.34,2.63,0.76,-5.31,-2.98,-3.51,-2.12,0.67,1.54,0.81,-2.29,-5.72,-6.41,-8.08,-6.05,10.36,8.49,4.41,0.9,11.07,10.4,4.54,1.02,8.98,7.88,3.52,0.52,12.78,13.02,1.21,0.6,8.44,5.83,3.59,2.54,10.25,8.24,5.73,2.82,11.54,9.5,6.58,3.19,10.98,9.4,6.26,2.93,9.73,8.41,5.69,2.69,18.93,15.52,11.2,6.1,15.14,,7.72,,16.3,,8.29,,12.63,,7.01,,9.24,,5.2,,7.1,,3.48,,7.64,,3.36,,6.98,,0.869,,9.1,,4.75,,10.96,4.42,10.53,,,,
盈利能力,摊薄净资产收益率,6.718341,6.262934,3.396544,1.20521,6.892609,6.226843,3.178382,1.071062,7.139777,6.214256,2.642218,0.730656,-5.550781,-3.078282,-3.588826,-2.137855,0.501546,1.528316,0.80339,-2.320506,-5.918915,-6.651567,-8.478339,-6.233289,9.891129,8.19598,4.362269,0.897918,10.499481,9.912817,4.459072,1.016478,8.596392,7.58511,3.463559,0.515031,3.138976,12.776475,1.253366,0.603999,8.442747,5.920072,3.562213,2.48273,9.816492,8.002404,5.747927,2.778551,11.036643,9.279393,6.621245,3.133024,11.141063,9.884437,6.999282,2.884351,9.619465,8.484085,6.035803,2.648707,18.223736,15.531566,11.966001,5.908771,16.401553,10.82,7.79,4.36,15.78,12.56,8.54,4.4,11.71,10.47,6.97,3.78,9.08,7.88,5.23,2.81,6.96,5.84,3.52,1.48,7.46,6.199,3.4,1.32,6.85,3.08,0.866,1.47,9.14,6.75,4.64,0.065663,11.07,4.33,8.11,2.32,19.761536,16.28,21.0
盈利能力,净资产收益率_平均,6.824388,6.355754,3.39571,1.212502,7.062376,6.35772,3.194435,1.076829,7.333443,6.349656,2.650441,0.731242,-5.393177,-3.0294,-3.522508,-2.115334,0.5716,1.51028,0.790589,-2.243278,-5.725182,-6.419623,-8.107983,-6.051045,10.344774,8.492373,4.431968,0.901972,11.05722,10.392547,4.544011,1.021815,8.974887,7.87629,3.521833,0.516519,5.336183,12.997764,1.213311,0.598093,8.588431,5.890457,3.609506,2.535008,10.157179,8.216986,5.783825,2.822882,11.356387,9.407206,6.598746,3.164452,10.591321,9.292251,6.488272,2.799164,9.560765,8.358761,5.892759,2.690681,18.710049,15.64569,11.741257,6.104692,14.559628,10.450427,7.404334,4.247801,16.144742,12.941021,8.572251,4.44328,12.546023,10.605365,6.92211,3.776298,9.283186,5.395721,3.197671,1.492934,7.049784,5.87611,3.504443,1.494586,7.585575,6.256961,3.382314,1.325202,6.903949,3.03825,0.843993,1.433984,9.33538,6.987994,4.752545,0.065684,11.210799,4.411836,11.385033,3.335332,19.761536,16.277905,
盈利能力,净资产收益率_平均_扣除非经常损益,6.236733,5.686598,2.869503,0.927028,6.422284,5.811041,2.888481,0.869821,6.635406,5.795892,2.206111,0.456282,-6.241862,-3.62663,-3.992394,-2.356137,0.112373,1.128284,0.59701,-2.338978,-6.088707,-6.625022,-8.228102,-6.005199,9.54418,8.139654,4.046641,0.685859,8.905084,8.615015,4.223782,0.786188,8.465423,7.799744,3.500048,0.560775,3.675095,10.271496,2.728272,0.922851,2.693634,2.531288,0.782008,-0.025303,8.836407,8.267787,5.792005,2.841906,11.274842,9.259265,6.476684,3.106042,11.028577,9.554151,6.767667,2.815262,9.959746,8.338747,5.880195,2.68621,18.361821,15.688163,11.785291,6.119221,14.395628,10.437146,7.391359,4.23616,16.126886,12.944523,5.1319,4.458939,13.161911,10.067583,7.309083,3.796876,9.579015,5.299322,3.090533,1.500663,6.941202,5.527746,3.455664,1.498654,7.716976,6.490532,3.382407,1.337885,6.440289,3.062723,0.755253,1.475768,6.93666,4.759682,2.47659,,6.710344,3.896706,10.117392,3.335339,,,
盈利能力,摊薄净资产收益率_扣除非经常损益,6.139817,5.60355,2.870208,0.921452,6.267903,5.691417,2.873965,0.865162,6.460175,5.6723,2.199267,0.455916,-6.424266,-3.685149,-4.067558,-2.381223,0.098601,1.141759,0.606676,-2.4195,-6.294742,-6.864388,-8.603944,-6.186061,9.125643,7.855571,3.983002,0.682777,8.455901,8.217338,4.144829,0.782082,8.108413,7.511394,3.442134,0.55916,2.161851,10.096623,2.818341,0.931965,2.647943,2.544014,0.771762,-0.024782,8.54002,8.051878,5.756056,2.797276,10.957394,9.133462,6.498766,3.075194,11.601015,10.163027,7.300682,2.900939,10.020895,8.463771,6.022934,2.644305,17.88456,15.573728,12.010878,5.922833,16.216805,10.81,7.78,4.36,15.76,12.56,8.55,4.41,12.29,10.84,7.36,3.8,9.37,5.281319,5.12,1.489544,6.85,5.490993,3.47,1.487538,7.59,6.430356,3.4,1.329078,6.39,3.105001,0.775,1.508811,6.79,,2.42,,6.63,3.82,7.03,,,,
盈利能力,息税前利润率,18.948247,21.867448,19.352515,16.076118,24.322391,21.741033,18.408958,14.951337,19.629534,21.643595,16.739669,13.739999,-5.246939,-2.933511,-11.140596,-12.877457,8.632971,11.796485,11.444135,-6.917687,-9.095979,-16.701948,-42.409814,-76.938864,16.913409,18.283627,15.67936,9.884771,17.010286,20.186147,15.349125,10.354184,14.375345,16.330103,12.987665,8.315198,12.806564,16.590948,11.713898,18.647089,19.227182,19.200896,19.645212,23.213669,7.120443,7.801736,8.685563,9.276697,6.968974,7.424048,8.348587,8.450623,7.428561,8.410233,9.671718,9.46507,7.268591,8.195279,9.22518,8.92569,13.926272,15.348984,18.087683,19.427499,16.48663,18.791899,21.008966,22.706435,16.416272,17.221157,16.403358,17.376354,12.894594,13.342976,13.834635,15.558954,9.679392,7.552984,7.119731,8.216478,8.560181,9.463089,9.143089,8.311918,8.40939,8.427747,7.616599,6.283819,10.027216,6.846801,4.091462,9.163871,7.833597,6.181338,5.304692,0.335352,8.80961,8.520811,11.68785,10.14368,18.646839,15.777841,21.406522
盈利能力,总资产报酬率,5.850334,5.074278,2.871157,1.142548,7.522277,5.048568,2.723631,1.083775,6.028675,5.031425,2.369636,0.891928,-1.018173,-0.423008,-0.967792,-0.585446,2.434524,2.65978,1.727796,-0.422097,-2.847671,-3.54569,-4.827782,-3.682506,8.284809,6.721411,3.714895,1.145693,8.627364,7.611466,3.673813,1.193905,7.087907,5.978383,3.013368,0.924821,7.860489,7.027986,2.557966,1.698744,8.279655,5.966596,4.012179,2.524066,9.030215,7.174463,5.165121,2.889524,9.332909,7.735899,5.528842,2.998343,9.793517,8.417527,6.036212,2.862206,8.963604,7.61314,5.21628,2.762436,16.897097,14.05415,10.435318,5.777128,14.013984,10.314758,7.436272,4.501565,15.727894,12.208544,7.897709,4.32031,12.776062,9.480517,6.15901,3.378931,8.043167,4.350629,2.51914,1.216732,6.321674,5.50286,3.380539,1.471747,7.06117,5.423764,3.021153,1.229722,5.496376,2.814711,1.168158,1.526484,6.097739,4.661416,2.474412,0.068389,9.593046,3.965433,9.640527,2.567223,11.698188,10.076527,
盈利能力,总资本回报率,6.88071,6.046403,3.380741,1.370556,8.961669,6.076234,3.24495,1.306553,7.184135,6.096036,2.827164,1.069599,-1.213927,-0.515379,-1.163604,-0.705892,3.144939,3.526637,2.268915,-0.558211,-4.129048,-5.254595,-7.048182,-5.362172,11.808219,9.72076,5.275783,1.637712,12.121264,10.587524,5.095779,1.644917,9.894883,8.325618,4.166952,1.289511,10.81408,10.655577,3.819028,2.132028,10.295223,7.420358,4.903805,3.134427,11.743368,9.865913,7.138994,4.019478,12.981084,10.758741,7.661135,4.196322,13.744878,11.734678,8.36603,3.919665,12.096626,10.215856,6.983207,3.852169,23.201267,19.179988,14.373685,7.875518,19.968448,14.621911,10.441998,6.320326,22.298731,17.818879,11.710868,6.272049,18.830027,14.102304,9.137375,4.992509,11.515712,6.290373,3.649022,1.726685,8.85738,7.664653,4.779856,2.054597,9.913635,7.634552,4.310825,1.744731,7.647144,3.837196,1.570612,2.077582,8.307447,6.120833,3.265827,0.092342,13.076331,5.196645,13.236598,3.382494,18.661897,19.732377,
盈利能力,投入资本回报率,5.314029,4.727871,2.657439,1.084029,7.470334,4.815782,2.661194,1.055666,5.709118,4.77486,2.314044,0.872491,-0.550823,0.063174,-0.681392,-0.530105,3.438826,3.272028,2.06185,-0.332783,-3.360459,-4.183052,-5.597753,-4.350798,8.515662,7.007122,3.678376,0.922021,8.544472,7.667727,3.551502,0.984753,6.864971,5.852117,2.78983,0.741405,6.706221,6.735933,1.814894,1.299184,8.422283,6.188244,4.003249,2.398556,8.342858,7.008347,4.814743,2.441106,9.353869,7.733353,5.274521,2.592284,9.079246,7.789348,5.276814,2.420079,8.620321,7.253293,4.698468,2.377258,14.922675,12.303791,9.014714,4.73277,12.382167,9.246471,6.421027,3.711306,14.337755,11.516306,7.641245,3.975025,11.033656,9.042395,5.794228,3.188396,7.782471,4.781376,2.874255,1.425745,6.20391,5.267265,3.149924,1.427732,6.519955,5.435551,3.076355,1.30053,6.094286,3.028153,1.238954,1.29753,7.151337,5.926109,4.075167,0.095196,10.231142,3.947313,8.391569,2.047815,12.05436,13.276637,
盈利能力,息前税后总资产报酬率_平均,4.531044,4.071663,2.353539,0.973805,6.325424,4.032552,2.269856,0.927598,4.859871,4.042785,2.020192,0.796427,-0.815488,-0.185849,-0.722996,-0.491407,2.4532,2.372263,1.554789,-0.300047,-2.525648,-3.002594,-3.988699,-3.074853,6.177187,5.008861,2.759628,0.790296,6.29138,5.697699,2.724905,0.572229,5.083477,3.337196,2.12954,0.278999,6.026096,2.593947,1.739038,0.459251,7.180166,2.053432,3.16526,0.893632,7.375113,4.827481,4.100477,1.817436,7.567073,5.113098,4.415621,1.853255,7.78944,5.221137,4.678881,1.731909,7.392072,5.075326,4.20172,1.859689,13.51568,10.495562,8.337818,4.293876,11.315374,7.790187,5.982733,3.365309,12.77273,9.247414,5.979861,3.264872,8.901568,7.157861,5.194659,2.597529,5.892265,2.520412,1.900553,0.691883,5.23723,3.698379,2.831788,1.003567,5.484284,3.689071,2.468894,0.769154,4.902471,1.743552,1.096665,0.976071,5.809091,4.753514,3.176315,-0.041211,7.733571,3.183424,6.53892,1.84774,8.200883,7.113497,
盈利能力,毛利率,39.880965,40.701758,38.332332,35.358915,38.355737,39.592922,37.575727,36.58834,38.117266,39.740115,36.117961,30.659874,15.67732,16.494127,9.24597,5.762826,26.149481,28.16467,28.032696,12.269128,12.622153,3.45421,-18.008541,-43.530029,93.684292,93.772862,94.142762,93.92321,94.474213,94.562785,94.861823,94.528434,94.639009,94.604347,95.015049,94.897323,94.492949,94.495193,94.249014,86.592748,86.394409,86.0473,86.746447,85.808166,33.436753,33.879956,36.099643,37.824017,32.254267,31.189228,33.475022,33.729059,32.840346,32.463145,35.600984,32.833045,30.956897,30.221593,33.252954,32.986262,37.586861,37.235566,41.79681,43.079594,46.66853,46.080842,48.711238,49.317825,41.070234,40.584364,39.466479,40.383637,35.259509,35.462542,38.941942,42.437164,33.3429,28.831633,29.940465,37.675922,36.555842,35.454264,37.624803,38.809649,35.622113,34.909555,36.233419,37.742075,43.244342,40.219215,36.35214,41.767321,33.455888,27.802502,28.781928,27.378769,29.486266,34.496894,41.472747,56.289402,66.972577,74.938512,71.767579
盈利能力,销售净利率,10.704713,13.500085,11.499594,9.069934,10.580072,12.415372,9.822212,7.249386,10.405264,11.997324,8.322745,5.707726,-13.260549,-10.274156,-18.273215,-20.307923,0.164356,2.223262,1.972638,-15.105298,-10.055238,-16.366992,-37.853377,-67.507402,11.061451,11.988332,9.928481,5.058617,10.450364,13.076723,9.181021,4.962682,7.832299,9.115634,6.518587,2.508521,5.10995,6.123525,2.996,5.041191,8.457392,6.608078,6.042473,8.218678,4.787179,5.249554,5.884389,5.834803,4.608112,4.906978,5.540335,5.223274,4.549374,5.216613,5.954819,5.727276,4.655472,5.463411,6.359031,6.008831,10.301663,11.462537,13.536841,14.439575,12.299452,14.192519,15.761722,16.975024,12.412761,13.044239,12.420032,13.131365,8.984154,10.074046,10.696687,11.960835,5.945186,4.383926,4.014685,4.687476,5.625511,6.366929,6.17278,5.677596,5.476236,5.737964,5.026095,3.93438,7.001945,4.243153,1.97664,5.864541,7.003893,6.303466,6.666725,-0.20208,6.604943,6.301754,7.927567,7.300841,13.072157,11.138325,14.673732
盈利能力,成本费用利润率,17.709325,21.496301,17.492672,12.658849,16.939311,20.034724,14.775409,10.336283,16.648073,19.364294,12.157591,7.589823,-12.689776,-10.636933,-17.372101,-17.957052,0.098176,3.603226,3.20968,-14.584178,-10.22181,-16.066534,-31.499602,-44.352849,18.0251,19.841835,16.13599,8.852444,17.583579,21.640356,15.156243,8.780924,13.641,15.844494,11.658496,5.74825,8.72466,10.410949,7.269139,10.901458,11.981881,11.160761,11.157504,15.452839,6.52716,7.241771,8.449235,9.201977,6.36217,6.774822,7.883418,8.034286,6.542271,7.519078,8.97461,8.635255,6.384686,7.413204,8.986159,8.969944,15.219143,17.048049,21.161249,23.362014,18.618192,21.662888,25.350254,28.727618,18.632752,19.756779,18.669118,20.29423,13.84965,14.298382,15.175232,17.366125,9.484852,6.719937,6.205917,6.853594,7.766288,8.711045,8.454171,7.316263,8.075966,8.041734,6.977355,5.43074,8.756326,5.247649,2.323848,8.14711,8.048757,6.511917,5.473421,0.19653,8.903669,8.771252,12.969681,12.243927,24.056277,19.134049,28.015866
盈利能力,营业利润率,14.894888,17.819096,15.021191,11.448375,14.336178,16.722448,12.777809,9.167667,13.946791,16.097333,10.589042,6.968424,-14.63269,-12.034701,-21.20157,-22.766024,0.065565,3.442137,3.0535,-17.211515,-10.747579,-18.717064,-44.833785,-80.130115,15.332999,16.680416,13.970936,8.075485,14.99986,17.925232,13.116872,7.986924,12.30814,13.954329,10.673004,5.564132,7.16364,9.017264,6.372616,9.242816,10.002345,9.610542,9.637969,14.023158,6.056686,6.674064,7.655317,8.227754,5.94049,6.326433,7.278705,7.230388,6.098122,6.942756,8.189536,7.824214,6.213019,6.822734,8.122225,8.051451,12.861373,14.430755,17.211871,18.485195,15.445269,17.610748,19.841236,21.673798,15.556742,16.411812,15.691611,16.457234,12.549159,12.756013,13.524739,14.524866,8.808383,6.245396,5.794072,6.375799,7.430827,7.914668,7.631783,6.684319,7.396607,7.407941,6.457617,5.125123,8.118285,5.001929,2.326361,7.537202,7.543551,6.12666,5.170764,0.237227,8.292196,7.925907,10.716358,10.629159,18.381458,14.942541,21.30004
盈利能力,总资产净利率_平均,3.292332,3.028728,1.609431,0.574493,3.217189,2.851764,1.417013,0.473552,3.133417,2.692773,1.10022,0.30267,-2.219732,-1.243816,-1.431139,-0.871504,0.255173,0.596774,0.313146,-0.873271,-2.939937,-3.294622,-4.154677,-3.144176,5.215824,4.243348,2.182813,0.44104,5.090455,4.745458,2.033035,0.451688,3.695836,3.192609,1.400377,0.202431,1.984907,1.475535,0.130806,0.179795,3.23517,2.138492,1.344169,0.93133,5.111383,4.065489,2.88235,1.424693,5.329228,4.373064,3.059944,1.438197,4.872398,4.262167,2.959775,1.311393,4.736703,4.152715,2.903564,1.436706,9.851523,8.153516,6.016682,3.192492,8.228168,6.172647,4.372941,2.55373,9.232334,7.208488,4.695704,2.499462,6.663654,5.464496,3.531499,1.941435,4.474321,2.532926,1.500906,0.720522,3.338219,2.886772,1.675282,0.731227,3.753078,3.169939,1.678511,0.677419,3.39852,1.468441,0.406249,0.680455,4.891474,4.447327,3.02105,0.041653,6.964508,2.761398,5.925524,1.674324,7.781297,6.754141,
盈利能力,总资产净利率_平均(含少数股东损益),3.305115,3.132655,1.706091,0.64461,3.272138,2.883021,1.45321,0.525485,3.195692,2.788984,1.178152,0.370515,-2.573221,-1.481518,-1.587409,-0.923257,0.046349,0.501284,0.297822,-0.921681,-3.147985,-3.474581,-4.309093,-3.231091,5.418305,4.40714,2.352345,0.586318,5.300269,4.930759,2.197477,0.572229,3.861793,3.337196,1.512427,0.278999,3.136415,2.593947,0.654237,0.459251,3.641942,2.053432,1.234065,0.893632,6.071147,4.827481,3.499322,1.817436,6.171223,5.113098,3.66908,1.853255,5.997712,5.221137,3.71646,1.731909,5.741114,5.075326,3.595646,1.859689,12.499267,10.495562,7.809803,4.293876,10.454795,7.790187,5.578973,3.365309,11.892261,9.247414,5.979861,3.264872,8.901568,7.157861,4.762034,2.597529,4.930907,2.520412,1.417188,0.691883,4.147605,3.698379,2.279295,1.003567,4.593404,3.689071,1.991404,0.769154,3.836009,1.743552,0.564042,0.976071,5.451421,4.753514,3.109742,-0.041211,7.192318,2.932724,6.53892,1.84774,8.200883,7.113497,
成长能力,归母净利润,811136343.11,754695687.39,397140525.81,142704757.44,806313276.29,723184257.93,357532377.3,120562905.79,795072731.99,684657863.32,280432170.03,80468829.87,-576786957.69,-327877415.8,-384851228.29,-232376308.45,55676902.32,125085313.29,65212414.75,-181932006.97,-496005290.39,-555019012.61,-695070393.76,-526016477.39,884973463.27,719192679.75,367630342.68,73956790.71,857013089.72,801496122.0,339960164.83,75386633.08,630888146.25,550414460.24,240716579.63,34810628.54,210938549.2,156869356.61,13944134.52,7024639.58,100130266.47,67154345.42,41912592.65,29669767.89,112473056.88,90251030.6,62211562.49,30662877.12,117970148.44,96216197.26,66336464.79,32243425.08,112380442.95,97613514.63,67326203.1,33171951.12,106105028.28,91584754.93,62677863.71,28073168.6,187123849.96,153428139.68,112186529.59,61463244.84,159658603.14,125103448.77,87514871.9,50740123.19,185048859.99,133171409.91,86856055.29,46892579.01,122373518.62,97314973.88,62305688.48,34202466.06,79903272.42,67566878.03,43498507.7,24079068.44,57884383.15,47947256.91,28250045.43,12204941.81,60479724.65,49523689.56,26379526.11,10460098.76,53742181.08,23163074.0,6363503.59,10843813.25,66613870.61,50566066.19,33996313.15,458846.45,77328536.07,30657248.85,53858217.03,15729967.18,51133987.43,41116882.75,58201077.51
成长能力,营业总收入,7606797307.66,5782127333.27,3660929011.03,1765413982.68,7751223528.97,5888753416.13,3733022854.37,1845458817.94,7792924439.0,5910651968.98,3608134898.42,1655538473.32,5090223628.7,3838697762.71,2331429200.19,1212215051.02,6153086628.43,4725947336.91,3144068023.98,1271193020.88,5281880485.31,3576316111.9,1904463930.39,800737516.72,8311103504.52,6230669056.91,3990368888.38,1943576229.57,8538810024.72,6368514523.3,4002363242.59,1924460967.32,8416651931.85,6311591968.25,3988246684.23,1912579785.34,6522779197.52,4503479486.51,2327851829.36,355927075.2,1332799606.39,975824205.16,636816138.0,346391599.71,2790622394.51,2041444101.28,1283532274.01,670385117.72,2964530795.94,2292621388.96,1435687625.56,795454210.14,3040758122.32,2292217992.88,1419666216.54,741233698.34,2697680198.32,2009035062.57,1222430458.37,604747108.36,2304639269.56,1722998893.82,1075737687.97,572506898.07,1649372976.93,1144120643.25,726967662.22,406472383.04,1875651288.86,1309689522.99,890569219.35,466459308.85,1819551283.96,1265344696.84,785437688.6,382589837.26,1467435776.41,1043939714.99,633437203.08,275336383.02,1280547378.96,965843521.35,623482385.79,295539204.26,1353113728.47,1005428839.68,623382133.2,302177180.46,866805295.85,648463609.94,447225901.27,265458016.08,1060065001.95,857423584.01,524911078.0,224651153.56,1209063699.54,516670671.97,749706594.11,237769668.6,412259810.37,388788412.59,461237808.62
成长能力,净利润,814285836.81,780592139.34,420992003.62,160121897.59,820085076.71,731110691.96,366665431.35,133784446.76,810874393.16,709120099.87,300295879.44,97771549.47,-669496512.18,-391141101.1,-426774777.87,-246175706.79,10113007.89,105070232.76,62021091.76,-192017502.43,-531105695.66,-585335376.62,-720903929.73,-540557097.12,919328702.61,746953313.57,396183048.13,98318095.57,892336780.89,832793021.2,367457822.32,95504886.83,659217413.04,575341668.87,259977369.19,47977481.56,333310816.14,275771713.26,69742452.05,17942965.81,112720093.86,64483226.7,38479444.82,28468811.96,133592116.81,107166727.46,75528036.59,39115657.26,136608907.11,112498439.97,79541909.91,41548754.64,138335468.43,119576153.93,84538562.49,43378109.61,128435616.06,111784460.23,77734698.02,36338233.86,237416176.33,197499391.04,145620906.7,82667563.73,202863852.09,157404989.47,111246357.54,66777711.28,234806790.18,170839035.73,110608982.5,61252476.14,163471302.06,127471411.23,84015814.47,45760941.66,87961059.76,75103721.48,47957915.46,27467279.74,71919047.72,61427485.33,38435442.3,16750565.42,74021322.59,57634055.45,31296969.75,11876585.14,60660382.44,27502654.26,8835187.51,15554789.31,74239433.21,54047408.58,34994380.25,-453975.55,79857969.03,32559316.66,59433494.5,17359185.99,53891252.95,43304518.12,67680803.22
成长能力,扣非净利润,741288523.8,675238696.06,335598759.36,109106043.96,733233784.31,661000077.12,323288909.72,97386085.14,719393462.54,624947695.02,233419431.89,48165709.41,-673781622.49,-396301066.8,-435156542.63,-258829359.21,10945808.96,93447458.89,49244862.67,-189693309.58,-527499599.01,-572777135.49,-705367742.65,-522031052.9,816484334.63,689321963.14,335667578.29,56236755.81,690207274.74,664408963.96,316002243.12,58002785.19,595075457.4,545065264.61,239227549.62,37793243.13,145275982.18,123966174.48,31355025.95,10838947.0,31404384.12,28858029.99,9080467.68,-296156.63,97847805.49,90808999.62,62299548.75,30869524.74,117123065.01,94703069.38,65109384.48,31648270.23,117019990.99,100364722.63,70225369.05,30446436.49,101647788.18,84377018.32,58980862.25,28026517.61,183641141.0,153844639.79,112607266.52,61609519.92,157860197.9,123108307.74,85897041.42,50325883.8,172513657.26,133207447.52,51997617.19,47057840.89,128380871.72,92380284.05,65788817.42,34388844.36,81520250.06,44222695.61,25502365.74,12574165.95,56992835.91,45104716.57,27856827.34,12238166.86,61527385.26,51372392.65,26380251.14,10560204.3,50132929.56,23349648.78,5694422.54,11159785.33,49497482.49,34441700.0,17715757.07,,46285827.22,27077675.53,47861492.84,15730000.0,,,
成长能力,营业总收入增长率,-1.863269,-1.810673,-1.931245,-4.337394,-0.535112,-0.370493,3.461288,11.471817,53.095914,53.975445,54.760646,36.571351,-17.287408,-18.792859,-25.875073,-4.639576,16.494241,32.145682,65.089397,58.752774,-36.447903,-42.601411,-52.273486,-58.800817,-2.666724,-2.164483,-0.299681,0.993278,1.451385,0.901873,0.353953,0.621212,29.034751,40.149233,71.327342,437.351586,389.404346,361.505203,265.545357,2.752802,-52.240059,-52.199317,-50.385654,-48.329461,-5.866304,-10.955899,-10.598081,-15.722978,-2.506852,0.017598,1.128533,7.314901,12.717516,14.095469,16.134722,15.429382,10.228922,9.811592,7.000605,5.631409,39.728205,50.595909,47.976002,40.847674,-12.063986,-16.307172,-21.792362,-16.013585,-1.502704,3.504564,13.385088,21.92151,23.995292,21.208598,23.996141,38.953607,14.577117,6.017747,-0.231888,-13.007167,-5.362915,-3.937157,0.016082,-2.196716,56.103537,55.047842,39.388647,13.832381,-18.230929,-24.370681,-14.799683,18.164546,-12.323477,,1.594904,,61.271583,117.298814,81.852942,,6.037062,-15.707601,
成长能力,归属母公司净利润增长率,0.598162,4.357316,11.078199,18.365393,1.413775,5.627101,27.493353,49.825598,237.84513,308.815194,172.867682,133.218054,-1145.621879,-364.650246,-688.754016,-27.727007,111.225062,122.537122,109.38213,65.413249,-156.047476,-177.172505,-289.067743,-811.248382,3.262537,-10.268726,8.139241,-1.896678,35.842319,45.616836,41.228396,116.562114,199.086226,250.874429,1626.292723,395.550385,110.664124,133.595243,-66.730441,-76.323914,-10.973997,-25.591602,-32.628934,-3.238799,-4.65973,-6.199753,-6.218152,-4.901923,4.973913,-1.431479,-1.470064,-2.79913,5.914342,6.58271,7.416237,7.833726,-47.854939,-44.873517,-47.313741,-54.325274,17.202484,22.641015,28.191388,21.133416,-13.720839,-7.438865,-0.930532,7.616563,41.129117,36.845754,39.40309,37.102918,53.152073,44.027631,43.236381,42.042314,36.48355,-6.090263,-6.596798,2.494611,-4.291258,-3.183189,7.090799,16.680942,12.536788,113.804478,314.544059,-3.538556,-19.322836,-54.192454,-81.281783,2263.277137,-13.85603,,10.891597,,43.577972,94.897093,5.327629,,24.36251,-29.353743,
收益质量,经营活动净现金/销售收入,0.435576,0.454988,0.42243,0.381461,0.434881,0.458468,0.399618,0.323082,0.515054,0.571521,0.552504,0.53539,0.293211,0.290677,0.196367,0.087342,0.375147,0.381631,0.350538,0.157489,0.083272,0.04853,-0.132539,-0.644935,0.217098,0.227284,0.168818,0.081324,0.225211,0.223928,0.192163,0.115434,0.245292,0.259031,0.205953,0.123442,0.227248,0.241979,0.204028,0.236988,0.272938,0.269902,0.192618,0.126722,0.08831,0.070751,0.077227,0.091928,0.080779,0.070528,0.057664,0.08103,0.110854,0.094838,0.089199,0.118855,-0.011471,-0.080942,-0.175363,0.145907,0.138526,0.128291,0.139169,0.172601,0.165864,0.170378,0.155241,0.203682,0.138242,0.133787,0.164764,0.148621,0.137641,0.137653,0.14117,0.133691,0.152758,0.146035,0.185903,0.151686,0.109376,0.09221,0.098573,0.084997,0.107443,0.128319,0.1368,0.112756,0.14014,0.097417,0.061076,0.088316,0.112835,,0.093797,,0.070622,0.039538,0.070831,0.085274,,,
收益质量,经营性现金净流量/营业总收入,0.435576,0.454988,0.42243,0.381461,0.434881,0.458468,0.399618,0.323082,0.515054,0.571521,0.552504,0.53539,0.293211,0.290677,0.196367,0.087342,0.375147,0.381631,0.350538,0.157489,0.083272,0.04853,-0.132539,-0.644935,0.217098,0.227284,0.168818,0.081324,0.225211,0.223928,0.192163,0.115434,0.245292,0.259031,0.205953,0.123442,0.227248,0.241979,0.204028,0.236988,0.272938,0.269902,0.192618,0.126722,0.08831,0.070751,0.077227,0.091928,0.080779,0.070528,0.057664,0.08103,0.110854,0.094838,0.089199,0.118855,-0.011471,-0.080942,-0.175363,0.145907,0.138526,0.128291,0.139169,0.172601,0.165864,0.170378,0.155241,0.203682,0.138242,0.133787,0.164764,0.148621,0.137641,0.137653,0.14117,0.133691,0.152471,0.145758,0.18547,0.151192,0.109196,0.092109,0.098443,0.084851,0.10733,0.128192,0.136648,0.11264,0.140065,0.097372,0.061042,0.088242,0.112825,,0.093797,,0.070622,0.039538,0.070831,0.085274,,,
收益质量,成本费用率,84.575051,82.901809,85.684494,90.404919,85.304253,83.808094,87.234589,90.979881,85.360774,83.918072,88.761827,94.586063,112.728884,112.05128,121.408127,124.610676,99.953351,97.091806,97.160905,117.288399,108.433205,117.792907,143.571097,180.829753,85.23755,83.897594,86.516863,91.781457,85.626162,83.881098,86.733514,91.935526,87.219313,85.659313,88.586883,93.149322,92.824286,92.078596,92.8058,84.922765,91.894151,90.227013,91.322571,90.697031,93.336906,92.251441,90.832746,89.292764,93.154989,92.761677,91.601203,90.657702,92.77363,92.002992,90.584958,90.166384,92.875805,92.360267,90.73195,89.851002,86.000665,84.510914,81.150542,79.138755,83.11338,81.368587,78.375003,75.406053,83.172177,82.29744,82.773971,80.893184,86.328825,86.379347,84.762155,82.998338,90.022756,92.575582,92.928232,92.188288,91.374063,91.066623,90.593202,91.265708,91.087457,91.527279,92.011055,93.295098,92.344804,93.664679,95.840194,91.129536,91.625862,93.583675,94.309793,98.654576,93.361053,91.003116,88.375667,86.721922,79.004516,82.249183,76.273027
收益质量,期间费用率,24.456016,23.603567,24.016826,25.763834,23.659991,23.401017,24.810316,27.568222,23.47804,23.658188,24.879788,25.245938,28.406205,28.545407,30.654098,30.373503,26.102832,25.256476,25.193602,29.557528,21.055358,21.247117,25.562556,37.299724,78.921842,77.670457,80.659625,85.704668,80.100375,78.443883,81.595337,86.463961,81.858322,80.26366,83.601933,88.046645,87.317235,86.573789,87.054815,71.515514,78.28856,76.274314,78.069018,76.505197,26.773659,26.131398,26.932389,27.116781,25.409256,23.950906,25.076225,24.386761,25.613976,24.466137,26.185942,22.999429,23.832702,22.58186,23.984904,22.837264,23.587526,21.74648,22.947352,22.218349,29.781911,27.449429,27.086241,24.723879,24.242412,22.881804,22.240451,21.276821,21.588334,21.841889,23.704097,25.435503,23.365656,21.407215,22.868698,29.864211,27.929906,26.520887,28.218006,30.075357,26.709571,26.436835,28.244475,31.037173,35.589147,33.883895,32.192335,32.896858,25.08175,21.386177,23.091721,26.033345,22.84732,25.500011,29.848415,43.011324,45.977093,57.187696,48.040607
收益质量,销售成本率,60.119034,59.298241,61.667667,64.641084,61.644262,60.407077,62.424272,63.411659,61.882733,60.259884,63.882038,69.340125,84.322679,83.505872,90.754029,94.237173,73.850518,71.835329,71.967303,87.730871,87.377846,96.545789,118.008541,143.530029,6.315707,6.227137,5.857237,6.076789,5.525786,5.437214,5.138176,5.471565,5.36099,5.395652,4.98495,5.102676,5.50705,5.504806,5.750985,13.407251,13.60559,13.952699,13.253552,14.191833,66.563246,66.120043,63.900356,62.175982,67.745732,68.810771,66.524977,66.27094,67.159653,67.536854,64.399015,67.166954,69.043102,69.778406,66.747045,67.013737,62.413138,62.764433,58.203189,56.920405,53.331469,53.919157,51.288761,50.682174,58.929765,59.415635,60.53352,59.616362,64.74049,64.537457,61.058057,57.562835,66.657099,71.168366,70.059534,62.324077,63.444157,64.545735,62.375196,61.19035,64.377886,65.090444,63.76658,62.257924,56.755657,59.780784,63.647859,58.232678,66.544111,72.197497,71.218071,72.62123,70.513733,65.503105,58.527252,43.710597,33.027422,25.061487,28.23242
收益质量,经营活动净现金/归属母公司的净利润,4.084814,3.485911,3.894058,4.719098,4.180591,3.733223,4.172448,4.945435,5.048315,4.933945,7.108706,11.482695,,,,,41.459108,14.418715,16.900429,,,,,,2.038853,1.969062,1.832403,2.13719,2.243888,1.779285,2.262347,2.946798,3.272437,2.970308,3.412284,6.782216,7.027123,6.946851,34.060701,12.007837,3.632989,3.92197,2.926627,1.479472,2.191115,1.600367,1.593339,2.00983,2.029941,1.680533,1.248015,1.99905,2.999472,2.227052,1.880896,2.740708,-0.298649,-1.810694,-3.415023,3.143107,1.70611,1.440711,1.334469,1.607714,1.713481,1.515067,1.256566,1.581222,1.434584,1.31575,1.689394,1.478401,2.046562,1.789853,1.779629,1.495477,2.831649,3.314709,4.372309,3.107367,2.415705,1.855446,2.172657,2.054644,2.401299,2.602567,3.229187,3.254014,2.259102,2.726007,4.290065,2.160184,1.795464,,1.44826,,1.104212,0.666355,0.985974,1.288983,,,
收益质量,所得税/利润总额,28.528854,24.245442,23.277254,20.746605,26.781265,26.058131,23.795422,22.911167,26.779818,26.170957,22.87542,20.49319,,,,,-67.487812,36.449832,36.745106,,,,,,28.00481,27.984261,28.880866,37.739339,30.590699,27.960546,30.158673,38.525803,34.169007,32.836404,36.883694,53.150764,36.903309,36.121826,55.589692,45.546668,23.188966,34.378709,40.69797,41.359101,21.421803,21.421357,23.327158,28.988477,22.247991,21.918595,23.277936,28.288166,25.04536,24.591191,26.751811,26.442275,21.490609,20.205547,22.006824,25.444903,21.292643,20.440277,21.171253,21.899301,20.516436,19.483223,20.668845,21.638169,19.903543,19.773789,19.627939,20.011904,24.858031,18.434385,16.840481,17.016987,30.372212,29.530438,30.385797,25.810079,20.726951,19.739744,19.403876,14.970902,25.5561,22.04256,21.711158,22.346951,13.406702,13.672711,11.249209,21.010152,5.028652,-3.435708,-29.150723,204.226298,20.542611,21.051554,30.836347,31.241994,31.219245,29.224752,31.330235
财务风险,流动比率,0.883291,0.977664,0.767353,0.778231,0.724219,0.829733,0.784608,0.722407,0.674291,0.760694,0.669197,0.671447,0.631945,0.674645,0.688077,0.655546,0.763034,0.342814,0.315014,0.309577,0.481594,0.536329,0.477912,0.504867,0.657094,0.72947,0.657087,0.706213,0.660021,0.689004,0.564046,0.550441,0.515195,0.565037,0.48926,0.241123,0.238625,0.160035,0.152073,0.21361,0.22035,0.270161,0.202098,0.284755,0.961514,0.87907,0.946415,0.972366,0.948216,0.916468,0.83938,0.973595,1.056398,1.060204,1.031407,1.035117,0.969807,0.954,0.912081,0.714509,0.604764,0.582817,0.860659,1.080841,0.823016,1.38786,0.860995,0.834871,0.723348,0.62916,0.585614,0.629293,0.513238,0.488207,0.450984,0.440758,0.411127,0.370961,0.347434,0.367898,0.481265,0.417698,0.441966,0.492419,0.769337,0.676531,0.644,0.639911,0.643281,0.751569,0.669798,0.681607,0.703942,1.338148,1.711538,1.655338,1.612694,1.500529,1.41812,2.07252,0.932153,0.658709,
财务风险,速动比率,0.875411,0.968625,0.759087,0.769599,0.714732,0.820069,0.776313,0.713857,0.664581,0.750484,0.661562,0.664563,0.625128,0.667491,0.682053,0.647618,0.754323,0.335302,0.308503,0.303813,0.473271,0.526885,0.469862,0.493402,0.644632,0.715434,0.644783,0.691909,0.64571,0.673928,0.550841,0.538042,0.503273,0.552721,0.478504,0.235403,0.23168,0.155803,0.147892,0.200184,0.207047,0.254326,0.188373,0.270266,0.931604,0.855459,0.92077,0.943205,0.919957,0.886781,0.807871,0.942287,1.026724,1.027677,0.997114,0.997595,0.930654,0.910875,0.871909,0.686831,0.574893,0.551543,0.820831,1.038846,0.77923,1.356249,0.839779,0.814576,0.70069,0.604523,0.563521,0.607407,0.491643,0.465698,0.430054,0.419048,0.388431,0.349772,0.326199,0.345239,0.462061,0.393191,0.416734,0.462487,0.741706,0.642117,0.613418,0.60478,0.608804,0.717181,0.634545,0.649132,0.669731,1.279332,1.651525,1.588579,1.548035,1.436084,1.359824,2.021974,0.871212,0.593859,
财务风险,保守速动比率,0.682817,0.785599,0.639666,0.605019,0.561096,0.546655,0.629534,0.616672,0.594575,0.685582,0.604079,0.604628,0.558796,0.609812,0.626763,0.575876,0.683489,0.279577,0.252912,0.247173,0.394221,0.421721,0.374285,0.382407,0.54373,0.610182,0.547612,0.553768,0.357721,0.437279,0.425119,0.414058,0.432324,0.480415,0.403087,0.172796,0.163527,0.118066,0.110296,0.122654,0.118086,0.152575,0.090295,0.161586,0.489101,0.390413,0.430836,0.559382,0.53382,0.483776,0.383662,0.545973,0.626139,0.592114,0.551083,0.539722,0.433997,0.37513,0.357865,0.618604,0.509771,0.497276,0.710183,0.970708,0.701472,0.70589,0.396536,0.42146,0.65919,0.548216,0.507022,0.551582,0.448801,0.391001,0.358731,0.348342,0.321838,0.298581,0.277454,0.263266,0.381859,0.290677,0.332162,0.336365,0.434803,0.564925,0.568903,0.541785,0.56595,0.610413,0.580608,0.572895,0.627119,1.199619,1.5682,1.221191,1.28504,1.356423,1.276849,1.733672,0.574104,0.54472,
财务风险,资产负债率,50.18144,51.109964,51.612877,51.682378,52.499798,53.944935,54.763574,55.561295,55.337336,55.953923,57.774381,58.021811,58.307136,58.346727,59.180368,57.918042,58.077382,66.669473,66.515609,67.616475,48.081325,47.913666,48.024255,46.33567,45.664352,46.535945,48.386722,48.774714,49.75763,50.592457,52.171727,53.275926,54.727352,56.122722,57.61989,58.738141,59.502446,81.698135,82.773023,63.815165,64.496759,66.00267,65.488428,65.67485,39.742167,40.047979,39.295572,37.330887,40.441443,41.605542,41.622729,43.595983,45.212314,45.493765,46.108346,43.645096,44.368487,44.065528,44.81123,34.547939,33.825459,34.98527,35.011005,34.209727,36.205983,30.570175,30.381641,28.726273,28.926986,32.799275,35.258204,30.945558,33.370481,35.49748,36.766654,36.516448,39.397564,41.623618,41.447293,38.348772,42.878611,37.81187,41.016398,38.473027,40.117098,37.122444,39.728913,36.563779,37.590976,39.523602,41.366847,42.927051,45.426216,31.516446,31.783357,31.676147,32.440112,32.035341,34.627779,38.556056,59.129611,54.988608,
财务风险,权益乘数,2.072812,2.098489,2.109881,2.110557,2.1952,2.229398,2.254344,2.273936,2.340397,2.358035,2.409008,2.415968,2.429651,2.435568,2.461332,2.427221,2.240044,2.530736,2.524662,2.568823,1.947382,1.948515,1.951531,1.924524,1.983344,2.001337,2.030392,2.045101,2.172147,2.189998,2.235086,2.26221,2.428377,2.467038,2.514917,2.551582,2.688379,8.808846,9.275609,3.326509,2.654707,2.75449,2.685305,2.721921,1.987168,2.021155,2.006634,1.981395,2.130962,2.15117,2.156492,2.20029,2.173738,2.18017,2.19215,2.134496,2.018442,2.012842,2.029491,1.872812,1.899203,1.918888,1.95145,1.912202,1.769485,1.693022,1.693215,1.663371,1.748717,1.795247,1.825551,1.777694,1.882754,1.940776,1.960105,1.945106,2.074769,2.130232,2.130493,2.072016,2.111839,2.035529,2.091852,2.04394,2.02116,1.973842,2.015068,1.956252,2.031457,2.06903,2.077527,2.107388,1.9085,1.571279,1.573143,1.576938,1.609704,1.597681,1.921354,1.992047,2.539619,2.410062,
财务风险,权益乘数(含少数股权的净资产),2.007284,2.045406,2.066665,2.069638,2.105254,2.171313,2.210607,2.25029,2.239006,2.270349,2.36823,2.382189,2.398492,2.400771,2.449801,2.376315,2.385347,3.000252,2.986466,3.087989,1.926089,1.919889,1.923974,1.863435,1.840412,1.870415,1.937485,1.95216,1.990352,2.023982,2.090813,2.140224,2.208839,2.279083,2.359597,2.423545,2.469284,5.463924,5.804849,2.763588,2.816644,2.941407,2.897578,2.913315,1.659535,1.668,1.647326,1.595682,1.679019,1.712491,1.712995,1.772923,1.825227,1.834652,1.855574,1.774468,1.797542,1.787806,1.811962,1.527835,1.511155,1.538112,1.538722,1.519981,1.567545,1.440303,1.436402,1.403041,1.407003,1.488079,1.544597,1.448132,1.500836,1.550327,1.581444,1.575211,1.650098,1.713021,1.707862,1.622027,1.750657,1.608023,1.695386,1.625303,1.669925,1.590392,1.65917,1.576386,1.602332,1.653537,1.705519,1.752143,1.832381,1.460204,1.465917,1.463617,1.480168,1.471352,1.529701,1.627499,2.446759,2.221659,
财务风险,产权比率,101.369413,105.826154,107.999666,108.225804,111.680733,118.341987,122.793,126.747635,125.426103,128.711045,138.643284,140.041566,141.476062,142.27844,147.419009,140.254085,141.286584,205.990013,205.002072,215.903768,95.431506,95.218999,95.774809,89.772622,87.325867,90.544077,96.801591,98.972412,102.559042,105.949165,113.570549,118.762364,125.630746,132.928287,141.65031,148.600311,153.124396,1151.263781,1291.536363,211.417399,215.405782,235.731866,223.031445,227.645899,77.320976,80.540586,77.876675,72.146064,82.167437,86.063838,86.423792,94.39449,101.098407,102.41102,105.07345,93.958455,96.584239,95.545855,98.816634,65.065633,62.981036,66.456441,68.79269,64.573769,70.185613,53.668239,53.409501,48.654515,49.091021,58.626107,65.217854,54.249118,60.161624,67.711474,71.515319,69.939584,78.713546,87.636179,87.263339,76.316918,92.411593,75.779718,86.815978,77.749054,82.93638,73.289722,81.729362,70.908953,74.182325,80.909308,85.38288,91.227789,100.685526,49.056147,49.576718,49.629616,51.485771,50.098396,56.542835,66.699949,157.471003,132.525994,
财务风险,现金比率,0.630755,0.720029,0.569899,0.537478,0.49821,0.479656,0.553681,0.538325,0.514606,0.593624,0.519119,0.507927,0.461511,0.518572,0.534011,0.506738,0.631892,0.238986,0.212016,0.211051,0.356083,0.367069,0.329906,0.331797,0.494795,0.545331,0.482888,0.477885,0.292123,0.357509,0.352574,0.347977,0.379849,0.413787,0.351831,0.144169,0.140932,0.103053,0.095544,0.095466,0.097395,0.123444,0.067204,0.136136,0.452087,0.291749,0.323433,0.457195,0.454388,0.381515,0.286811,0.456718,0.573537,0.500388,0.470004,0.480763,0.39513,0.286432,0.275214,0.549041,0.455488,0.39575,0.561898,0.867225,0.623005,0.605718,0.339399,0.37186,0.587002,0.436909,0.424281,0.477784,0.383243,0.302639,0.269073,0.279189,0.263142,0.225468,0.219489,0.226652,0.337838,0.224275,0.269176,0.277063,0.360999,0.470101,0.48254,0.472716,0.480434,0.531885,0.492782,0.486902,0.520603,0.92984,1.273535,0.994275,1.026768,1.038123,1.017565,1.465336,0.497465,0.493189,
营运能力,应收账款周转率,32.0228,21.704939,13.402238,6.402333,24.66503,17.661574,10.332592,5.09773,17.702841,12.402643,7.498257,3.212649,12.981586,10.058653,5.784439,3.898121,27.110668,21.315926,14.390506,6.081398,28.096271,17.053062,10.091918,4.286019,39.487326,27.048736,16.974901,8.046612,39.537455,26.836586,17.592795,8.979321,44.614254,29.378339,21.063373,9.614303,61.405422,43.522064,22.555212,8.840691,47.805079,27.304197,21.426257,11.323565,76.969288,33.427794,20.871266,11.664589,66.119549,43.270095,28.754823,16.291316,97.159112,52.11455,36.124742,22.287657,98.306386,46.797619,29.566063,18.592072,86.069526,45.907351,30.372905,19.190689,52.247961,29.892707,21.017065,12.296329,51.88697,30.863463,23.981417,13.644909,53.408728,30.713252,19.03188,10.688078,46.213168,26.952134,19.134353,10.456556,35.872527,25.100876,15.769409,7.951051,33.207207,23.548006,14.632722,8.567783,18.437171,14.344305,9.505166,5.456272,17.346749,12.486482,7.31116,3.613564,17.001132,6.619055,15.244089,4.02371,20.261009,22.538142,
营运能力,应收账款周转天数,11.24199,12.439564,13.430592,14.057374,14.595562,15.287424,17.420603,17.654914,20.335718,21.769552,24.005576,28.014259,27.731586,26.842559,31.117967,23.088045,13.278905,12.666585,12.508245,14.799226,12.813088,15.832933,17.836053,20.998504,9.116849,9.981982,10.60389,11.18483,9.10529,10.060892,10.23146,10.023029,8.069169,9.190444,8.545639,9.361052,5.862674,6.203749,7.980416,10.180198,7.53058,9.888589,8.400907,7.948026,4.67719,8.07711,8.624296,7.715659,5.444683,6.239875,6.259819,5.524415,3.705262,5.180894,4.982734,4.038109,3.66202,5.769524,6.088061,4.840772,4.182665,5.88141,5.926334,4.689774,6.890221,9.032303,8.564468,7.319257,6.938157,8.748208,7.505811,6.595866,6.740471,8.790993,9.457814,8.420596,7.789987,10.017759,9.407164,8.607039,10.035534,10.756596,11.414505,11.319257,10.841019,11.465938,12.301196,10.504467,19.525771,18.8228,18.937069,16.494778,20.753167,21.623384,24.619894,24.906155,21.17506,27.194211,23.615709,44.73483,17.768117,15.972922,
营运能力,存货周转率,127.429359,89.121361,61.479492,29.761384,113.445552,80.857792,55.915611,28.053263,120.770561,84.600437,60.747262,31.667471,105.521905,76.308668,52.810618,26.63056,105.852319,76.936562,56.152675,28.720851,103.768632,78.492768,54.590486,25.54763,10.631,7.75098,4.875407,2.411979,9.825063,7.113321,4.476783,2.383389,9.031106,6.735672,4.110118,1.980581,9.305459,6.969586,3.758111,2.117583,9.248476,6.154821,4.25391,2.477334,106.135432,76.426076,46.2193,22.847704,101.066707,76.853496,46.036168,24.941734,87.451657,64.689577,37.913252,18.965887,88.109017,64.240413,38.590217,26.85943,96.520478,72.599324,46.724766,22.985194,63.252158,47.911989,29.779436,16.437584,94.625523,69.102155,48.770842,25.904137,96.161948,63.745493,38.723582,17.577197,74.116201,54.73161,33.269475,12.560462,56.053075,43.037666,24.914224,11.170886,54.487908,39.767224,24.450209,11.771856,28.977259,22.990959,16.801289,9.047913,40.10713,37.182732,22.408154,9.569124,49.868729,20.001389,23.911673,5.506842,6.575827,4.488336,
营运能力,存货周转天数,2.825094,3.029576,2.927805,3.024052,3.173328,3.339195,3.219136,3.208182,2.980858,3.191472,2.963096,2.842033,3.411613,3.538261,3.408405,3.379575,3.400964,3.509384,3.205546,3.133611,3.469256,3.439807,3.297277,3.522831,33.863229,34.834301,36.919989,37.313752,36.640982,37.956954,40.207442,37.761345,39.862227,40.085085,43.794354,45.441197,38.686968,38.739745,47.896397,42.501281,38.925328,43.868046,42.314011,36.329362,3.391892,3.532825,3.894476,3.939126,3.562003,3.513177,3.909969,3.608409,4.11656,4.173779,4.74768,4.745361,4.085847,4.202961,4.664394,3.350778,3.729778,3.719042,3.852346,3.915564,5.691505,5.635332,6.044439,5.475257,3.80447,3.907258,3.690729,3.474348,3.743684,4.235593,4.64833,5.12027,4.857237,4.933163,5.410364,7.165341,6.422484,6.273574,7.224788,8.056657,6.60697,6.78951,7.3619,7.645353,12.423535,11.743746,10.713463,9.947045,8.975959,7.261435,8.032789,9.405249,7.218952,8.999374,15.055407,32.686605,54.745959,80.207891,
营运能力,总资产周转率,0.308753,0.232047,0.14836,0.071071,0.309273,0.232213,0.147951,0.072486,0.307122,0.232467,0.141558,0.064914,0.19405,0.144198,0.08687,0.045462,0.282003,0.225472,0.150976,0.061017,0.313069,0.212292,0.113836,0.047862,0.489836,0.367619,0.236929,0.115904,0.507185,0.377063,0.23935,0.115306,0.493059,0.366095,0.232017,0.11122,0.613785,0.423603,0.21837,0.091099,0.430622,0.310745,0.204231,0.108731,1.268209,0.919598,0.594678,0.311482,1.339208,1.042005,0.662248,0.354807,1.318359,1.000867,0.624109,0.302396,1.233196,0.928966,0.565439,0.309492,1.213325,0.91564,0.576929,0.297368,0.850021,0.548893,0.353957,0.19825,0.958067,0.708927,0.481469,0.248631,0.990807,0.710524,0.445187,0.217169,0.830957,0.576014,0.353825,0.148084,0.738497,0.581507,0.369737,0.177064,0.839676,0.64356,0.396653,0.195696,0.548145,0.411098,0.285511,0.166576,0.778408,0.754111,0.466457,0.203934,1.088929,0.465382,0.824833,0.253086,0.627355,0.63865,
营运能力,总资产周转天数,1165.979377,1163.556823,1213.25708,1266.336237,1164.017325,1162.721509,1216.615495,1241.604835,1172.169979,1161.454175,1271.562559,1386.433156,1855.18336,1872.418612,2072.042377,1979.634874,1276.581719,1197.486625,1192.238043,1474.996742,1149.905419,1271.833074,1581.216009,1880.376047,734.938713,734.455805,759.721141,776.498519,709.800004,716.059079,752.036668,780.527852,730.134287,737.511721,775.802904,809.202774,586.523709,637.388276,824.288123,987.928522,835.999273,868.877572,881.35098,827.723838,283.864749,293.606488,302.684358,288.941221,268.815488,259.115707,271.801164,253.658805,273.066563,269.766037,288.410857,297.622288,291.924191,290.645549,318.336515,290.798437,296.705287,294.875585,311.996516,302.654662,423.518875,491.898378,508.53622,453.97082,375.756457,380.857221,373.855806,361.981337,363.339959,380.000739,404.323806,414.422659,433.234959,468.738136,508.725805,607.761419,487.476099,464.310204,486.832432,508.288754,428.736384,419.541076,453.796259,459.895443,656.759551,656.776559,630.448062,540.292513,462.482085,358.037401,385.887411,441.318619,330.599851,386.778874,436.451884,711.220654,573.837762,563.688527,
营运能力,流动资产周转率,2.307184,1.644771,1.190909,0.555782,2.529105,1.722419,1.100062,0.577379,2.428065,1.697704,1.051145,0.477986,1.392534,1.007492,0.58649,0.331415,1.950461,2.088566,1.467444,0.585777,2.156183,1.490003,0.833849,0.365549,3.411251,2.539372,1.67943,0.832224,3.973947,2.937338,2.027973,0.994817,4.525615,3.240321,2.168651,1.058691,5.80556,4.082733,2.17562,0.972484,2.943936,1.94665,1.463241,0.703225,4.847325,3.274647,2.057722,1.098496,4.306287,3.353147,2.217343,1.128461,4.202386,3.225462,2.063261,1.031746,5.534633,4.295216,2.655268,1.740075,7.918814,6.180461,4.001391,1.824729,5.10363,2.49575,1.714903,0.949472,5.763283,4.715691,3.206247,1.660264,7.182824,4.982917,3.220504,1.595907,5.17375,3.636248,2.302252,0.975238,3.32721,2.901133,1.753379,0.828073,3.643466,3.189652,1.930947,1.026627,2.596449,1.817231,1.331461,0.748652,2.654169,2.156467,1.179513,0.529842,2.870731,1.28259,2.097521,0.456733,1.579897,1.763179,
营运能力,流动资产周转天数,156.034335,164.15655,151.144981,161.933722,142.342816,156.756273,163.627078,155.876711,148.266202,159.03831,171.241755,188.289775,258.521509,267.991958,306.910416,271.562206,184.571718,129.2753,122.662217,153.641866,166.961643,181.207662,215.86629,246.204893,105.533115,106.325494,107.179198,108.143891,90.590025,91.91994,88.758551,90.46887,79.547196,83.325076,83.000882,85.01058,62.00952,66.132168,82.735028,92.546458,122.285232,138.699761,123.014585,127.981754,74.267755,82.451633,87.475353,81.930184,83.598688,80.521362,81.17822,79.754598,85.665611,83.708915,87.240526,87.230739,65.044959,62.860624,67.789748,51.721879,45.461349,43.686058,44.984353,49.322378,70.538027,108.183901,104.962179,94.789452,62.464391,57.255647,56.140392,54.20824,50.119559,54.185123,55.891863,56.394247,69.582012,74.25235,78.184307,92.285115,108.198745,93.067066,102.658865,108.686056,98.806999,84.648719,93.218479,87.665657,138.650859,148.57767,135.18975,120.21597,135.635635,125.204747,152.605307,169.861828,125.403565,140.340947,171.631163,394.102649,227.862931,204.176647,
营运能力,应付账款周转率,35.904492,24.087329,16.991234,8.755205,37.682745,26.491326,19.250483,9.614865,40.704896,27.33603,20.065221,9.828149,40.369388,26.819613,19.497127,11.386094,41.681549,27.877302,19.553467,9.366215,36.774627,24.455599,17.181856,8.723848,4.114814,2.878215,1.875693,,3.693702,,1.545747,0.778718,3.417757,2.470572,1.58055,0.765397,4.059746,2.562345,1.688298,0.573029,2.8835,2.131973,1.269147,0.719437,22.765383,11.837253,7.59212,3.779991,15.008495,11.92764,7.286902,3.755741,14.942173,12.529076,8.054955,4.041946,16.097392,14.031828,8.008779,4.401083,15.557127,12.40661,7.603278,3.77607,10.545701,8.044748,5.419437,2.812317,12.51343,9.734664,6.956204,3.484082,12.501042,9.767983,5.52381,2.582013,9.527655,8.231149,5.174675,1.882533,9.804136,11.802888,7.416295,3.426631,13.192506,8.948962,5.343113,2.765097,6.771663,5.821752,4.487226,2.438583,8.573576,6.154006,3.638362,1.79577,8.385953,3.210234,5.329519,1.16498,2.274026,1.925325,
